Column1;Column2;Column3
SW[1.000000] HW[1.100000] Date[1970-01-01 00:00:00];;
Timestamp; FSR1; FSR2
5450;1679;3887
5450;1688;3887
5451;1688;3887
5451;1688;3887
5454;1692;3886
5457;1704;3887
5461;1704;3886
5464;1708;3885
5468;1709;3885
5471;1711;3885
5475;1719;3884
5478;1720;3884
5482;1720;3884
5486;1711;3883
5489;1720;3883
5493;1721;3882
5496;1718;3881
5500;1719;3881
5503;1712;3880
5507;1719;3881
5510;1711;3881
5514;1709;3880
5518;1709;3880
5521;1706;3881
5525;1707;3880
5528;1705;3880
5532;1705;3880
5535;1704;3879
5539;1695;3871
5543;1694;3870
5546;1693;3870
5550;1692;3870
5553;1693;3869
5557;1693;3869
5560;1693;3870
5564;1693;3869
5567;1695;3869
5571;1703;3870
5575;1696;3869
5578;1705;3869
5582;1706;3869
5585;1704;3868
5589;1706;3870
5592;1706;3869
5596;1707;3868
5599;1707;3867
5603;1709;3867
5607;1710;3867
5610;1721;3867
5614;1722;3867
5617;1722;3865
5621;1722;3865
5624;1725;3866
5628;1726;3865
5631;1737;3865
5635;1736;3866
5639;1737;3866
5642;1740;3863
5646;1740;3865
5649;1744;3864
5653;1754;3864
5656;1754;3855
5660;1757;3863
5664;1771;3855
5667;1771;3862
5671;1772;3863
5674;1784;3855
5678;1784;3856
5681;1785;3854
5685;1785;3856
5688;1785;3855
5692;1786;3854
5696;1787;3853
5699;1789;3854
5703;1789;3854
5706;1790;3854
5710;1791;3854
5713;1790;3854
5717;1791;3855
5720;1799;3854
5724;1799;3854
5728;1798;3854
5731;1800;3855
5735;1792;3853
5738;1790;3855
5742;1789;3862
5745;1790;3855
5749;1789;3854
5752;1788;3856
5756;1789;3855
5760;1790;3864
5763;1799;3865
5767;1791;3863
5770;1791;3865
5774;1789;3864
5777;1788;3864
5781;1787;3864
5785;1786;3865
5788;1787;3864
5792;1786;3864
5795;1785;3865
5799;1785;3864
5802;1784;3863
5806;1776;3865
5809;1773;3865
5813;1772;3865
5817;1771;3867
5820;1771;3866
5824;1772;3866
5827;1770;3865
5831;1772;3866
5834;1772;3867
5838;1775;3868
5841;1783;3865
5845;1784;3866
5849;1784;3866
5852;1785;3866
5856;1787;3866
5859;1788;3866
5863;1788;3866
5866;1789;3866
5870;1790;3867
5873;1792;3866
5877;1804;3866
5881;1808;3867
5884;1816;3866
5888;1807;3866
5891;1817;3866
5895;1803;3868
5898;1801;3866
5902;1801;3867
5905;1807;3867
5909;1806;3868
5913;1807;3867
5916;1815;3868
5920;1818;3869
5923;1819;3869
5927;1820;3868
5930;1822;3869
5934;1821;3869
5938;1822;3871
5941;1832;3870
5945;1822;3871
5948;1832;3881
5952;1831;3880
5955;1820;3872
5959;1819;3881
5962;1819;3880
5966;1820;3880
5970;1832;3881
5973;1834;3881
5977;1833;3883
5980;1832;3882
5984;1832;3881
5987;1832;3882
5991;1833;3882
5994;1835;3883
5998;1835;3882
6002;1838;3882
6005;1836;3882
6009;1838;3881
6012;1849;3881
6016;1851;3880
6019;1851;3880
6023;1852;3880
6026;1855;3880
6030;1856;3872
6034;1867;3871
6037;1870;3869
6041;1882;3868
6044;1886;3866
6048;1896;3866
6051;1899;3866
6055;1902;3864
6059;1912;3863
6062;1912;3855
6066;1915;3853
6069;1919;3854
6073;1928;3852
6076;1928;3852
6080;1928;3851
6083;1927;3850
6087;1931;3850
6091;1930;3850
6094;1930;3850
6098;1932;3850
6101;1933;3849
6105;1931;3848
6108;1931;3848
6112;1933;3849
6115;1933;3848
6119;1931;3840
6123;1930;3848
6126;1931;3848
6130;1932;3848
6133;1933;3838
6137;1933;3838
6140;1933;3836
6144;1936;3837
6147;1943;3835
6151;1946;3833
6155;1945;3833
6158;1947;3832
6162;1946;3830
6165;1949;3822
6169;1949;3820
6172;1949;3818
6176;1950;3817
6180;1950;3808
6183;1949;3806
6187;1950;3805
6190;1948;3802
6194;1950;3801
6197;1949;3799
6201;1949;3791
6204;1948;3788
6208;1948;3786
6212;1951;3786
6215;1948;3785
6219;1948;3784
6222;1948;3782
6226;1944;3775
6229;1946;3774
6233;1945;3774
6236;1948;3773
6240;1943;3773
6244;1943;3773
6247;1934;3772
6251;1931;3772
6254;1929;3772
6258;1929;3773
6261;1927;3772
6265;1917;3772
6268;1912;3772
6272;1903;3772
6276;1886;3773
6279;1870;3774
6283;1854;3775
6286;1850;3775
6290;1838;3775
6293;1833;3783
6297;1832;3776
6301;1821;3783
6304;1820;3774
6308;1818;3783
6311;1815;3783
6315;1817;3776
6318;1817;3784
6322;1816;3784
6325;1817;3784
6329;1817;3785
6333;1807;3785
6336;1802;3787
6340;1791;3787
6343;1791;3789
6347;1790;3788
6350;1786;3788
6354;1774;3789
6357;1772;3790
6361;1769;3788
6365;1756;3791
6368;1754;3789
6372;1743;3799
6375;1736;3799
6379;1721;3800
6382;1707;3800
6386;1706;3799
6389;1694;3801
6393;1692;3802
6397;1688;3800
6400;1676;3803
6404;1662;3801
6407;1656;3802
6411;1657;3802
6414;1646;3800
6418;1645;3801
6422;1641;3800
6425;1632;3800
6429;1626;3800
6432;1625;3792
6436;1613;3792
6439;1611;3800
6443;1611;3790
6446;1599;3790
6450;1608;3789
6454;1608;3789
6457;1599;3786
6461;1608;3786
6464;1610;3785
6468;1614;3784
6471;1613;3784
6475;1612;3773
6478;1614;3773
6482;1616;3771
6486;1623;3769
6489;1616;3759
6493;1614;3754
6496;1615;3754
6500;1611;3743
6503;1608;3739
6507;1596;3737
6510;1581;3727
6514;1580;3725
6518;1578;3722
6521;1567;3719
6525;1560;3707
6528;1547;3705
6532;1530;3694
6535;1517;3688
6539;1498;3688
6542;1480;3675
6546;1466;3672
6550;1449;3660
6553;1436;3656
6557;1422;3642
6560;1404;3630
6564;1373;3626
6567;1353;3611
6571;1326;3599
6575;1311;3595
6578;1306;3579
6582;1303;3575
6585;1292;3560
6589;1286;3547
6592;1277;3532
6596;1274;3520
6599;1272;3503
6603;1271;3486
6607;1264;3469
6610;1275;3451
6614;1273;3436
6617;1276;3420
6621;1278;3401
6624;1278;3374
6628;1289;3353
6631;1289;3325
6635;1289;3293
6639;1289;3263
6642;1288;3240
6646;1291;3208
6649;1286;3181
6653;1287;3160
6656;1278;3128
6660;1274;3088
6663;1273;3052
6667;1278;3018
6671;1286;2986
6674;1276;2940
6678;1271;2908
6681;1275;2872
6685;1276;2839
6688;1274;2797
6692;1259;2764
6696;1259;2716
6699;1260;2679
6703;1259;2631
6706;1247;2576
6710;1213;2525
6713;1179;2463
6717;1133;2399
6720;1114;2344
6724;1101;2283
6728;1097;2219
6731;1088;2152
6735;1086;2064
6738;1083;1980
6742;1080;1868
6745;1069;1785
6749;1066;1687
6752;1064;1579
6756;1052;1451
6760;1049;1323
6763;1040;1240
6767;1036;1119
6770;1024;1004
6774;1022;940
6777;1019;859
6781;1018;777
6784;1016;744
6788;1016;684
6792;1005;635
6795;1004;620
6799;1004;606
6802;1003;600
6806;1003;587
6809;1003;575
6813;1002;568
6817;1000;554
6820;1000;539
6824;1000;523
6827;992;504
6831;998;487
6834;991;462
6838;989;443
6841;989;415
6845;987;396
6849;986;379
6852;984;363
6856;984;349
6859;983;333
6863;984;319
6866;985;301
6870;985;287
6873;988;271
6877;986;255
6881;988;240
6884;988;233
6888;990;221
6891;989;218
6895;990;218
6898;989;207
6902;990;202
6905;998;187
6909;991;188
6913;989;189
6916;989;190
6920;990;189
6923;988;191
6927;988;186
6930;988;188
6934;988;189
6938;988;189
6941;989;188
6945;988;188
6948;988;187
6952;988;188
6955;988;188
6959;987;190
6962;987;187
6966;987;189
6970;987;188
6973;986;186
6977;987;187
6980;987;187
6984;987;187
6987;987;187
6991;987;185
6994;986;187
6998;985;186
7002;986;184
7005;985;184
7009;986;183
7012;986;183
7016;986;182
7019;986;183
7023;985;174
7026;986;175
7030;985;174
7034;986;174
7037;985;175
7041;984;174
7044;985;173
7048;984;173
7051;985;175
7055;984;174
7059;984;174
7062;986;172
7066;984;173
7069;984;173
7073;985;172
7076;983;173
7080;984;174
7083;975;181
7087;984;172
7091;985;174
7094;984;173
7098;984;174
7101;983;173
7105;983;171
7108;983;174
7112;976;172
7115;983;173
7119;983;173
7123;983;172
7126;984;172
7130;982;172
7133;975;172
7137;975;171
7140;983;172
7144;983;172
7147;976;172
7151;983;172
7155;976;172
7158;975;172
7162;983;171
7165;975;172
7169;974;172
7172;983;172
7176;976;173
7180;975;172
7183;982;171
7187;975;171
7190;976;172
7194;984;173
7197;976;172
7201;975;173
7204;975;172
7208;974;172
7212;974;173
7215;975;173
7219;975;174
7222;974;172
7226;974;173
7229;975;174
7233;981;175
7236;974;172
7240;974;174
7244;975;173
7247;975;181
7251;974;182
7254;974;175
7258;975;182
7261;973;182
7265;974;174
7268;974;176
7272;972;184
7276;974;176
7279;975;183
7283;974;176
7286;973;183
7290;974;184
7293;973;183
7297;973;185
7300;972;184
7304;972;186
7308;972;184
7311;973;184
7315;972;185
7318;973;184
7322;973;186
7325;972;186
7329;973;186
7333;972;185
7336;972;185
7340;971;186
7343;973;185
7347;972;186
7350;972;187
7354;973;186
7357;972;187
7361;973;186
7365;973;187
7368;972;186
7372;973;187
7375;972;186
7379;972;186
7382;970;188
7386;973;187
7389;973;188
7393;971;188
7397;972;188
7400;971;187
7404;973;189
7407;971;189
7411;972;189
7414;971;191
7418;971;191
7421;971;191
7425;971;190
7429;971;190
7432;970;199
7436;970;198
7439;970;192
7443;969;191
7446;970;191
7450;973;201
7454;970;199
7457;970;201
7461;971;200
7464;969;200
7468;971;200
7471;970;200
7475;969;200
7478;970;201
7482;971;201
7486;970;202
7489;970;201
7493;970;200
7496;970;201
7500;971;201
7503;970;202
7507;970;203
7510;970;202
7514;969;202
7518;968;205
7521;969;205
7525;968;204
7528;970;205
7532;969;207
7535;969;212
7539;969;216
7542;968;207
7546;968;206
7550;969;208
7553;967;208
7557;968;207
7560;968;208
7564;968;217
7567;969;217
7571;968;218
7575;968;217
7578;967;218
7582;968;218
7585;968;219
7589;967;218
7592;966;219
7596;967;219
7599;968;218
7603;969;219
7607;967;219
7610;966;218
7614;967;218
7617;968;219
7621;966;218
7624;967;218
7628;956;250
7631;955;280
7635;953;296
7639;957;472
7642;969;744
7646;975;1016
7649;987;1319
7653;1001;1608
7656;1007;1819
7660;1018;1981
7663;1019;2078
7667;1019;2200
7671;1023;2317
7674;1024;2400
7678;1024;2488
7681;1035;2558
7685;1036;2648
7688;1038;2728
7692;1038;2782
7696;1040;2840
7699;1040;2894
7703;1040;2936
7706;1039;2974
7710;1040;3017
7713;1040;3039
7717;1040;3069
7720;1049;3100
7724;1048;3116
7728;1040;3132
7731;1040;3148
7735;1040;3167
7738;1040;3179
7742;1040;3195
7745;1040;3212
7749;1048;3229
7752;1040;3243
7756;1039;3256
7760;1039;3272
7763;1040;3287
7767;1040;3296
7770;1040;3321
7774;1040;3336
7777;1040;3354
7781;1040;3371
7784;1040;3392
7788;1048;3419
7792;1040;3449
7795;1040;3472
7799;1051;3500
7802;1049;3530
7806;1051;3551
7809;1050;3581
7813;1050;3610
7817;1051;3628
7820;1052;3648
7824;1051;3673
7827;1052;3689
7831;1051;3705
7834;1052;3722
7838;1049;3738
7841;1049;3755
7845;1050;3770
7849;1040;3784
7852;1049;3791
7856;1040;3815
7859;1040;3824
7863;1040;3838
7866;1039;3852
7870;1040;3866
7873;1040;3879
7877;1039;3887
7881;1039;3903
7884;1047;3917
7888;1040;3931
7891;1040;3944
7895;1040;3951
7898;1038;3965
7902;1040;3977
7905;1040;3983
7909;1048;3995
7913;1049;4008
7916;1040;4013
7920;1050;4025
7923;1050;4032
7927;1050;4040
7930;1050;4043
7934;1050;4047
7937;1050;4059
7941;1052;4062
7945;1052;4072
7948;1052;4076
7952;1054;4078
7955;1055;4090
7959;1055;4093
7962;1064;4095
7966;1063;4095
7970;1064;4095
7973;1066;4095
7977;1066;4095
7980;1067;4095
7984;1069;4095
7987;1069;4095
7991;1070;4095
7994;1080;4095
7998;1080;4095
8002;1081;4095
8005;1082;4095
8009;1081;4095
8012;1083;4095
8016;1083;4095
8019;1084;4095
8023;1086;4095
8026;1086;4095
8030;1095;4095
8034;1097;4095
8037;1098;4095
8041;1099;4095
8044;1100;4095
8048;1102;4095
8051;1111;4095
8055;1112;4095
8058;1112;4095
8062;1114;4095
8066;1113;4095
8069;1117;4095
8073;1119;4095
8076;1120;4095
8080;1128;4095
8083;1146;4095
8087;1226;4095
8091;1308;4091
8094;1390;4089
8098;1487;4077
8101;1596;4075
8105;1694;4072
8108;1786;4060
8112;1853;4055
8115;1945;4042
8119;1977;4031
8123;2015;4026
8126;2076;4023
8130;2125;4011
8133;2203;4000
8137;2267;3992
8140;2329;3979
8144;2376;3968
8147;2430;3962
8151;2475;3959
8155;2510;3947
8158;2555;3935
8162;2587;3930
8165;2620;3928
8169;2669;3918
8172;2696;3914
8176;2715;3912
8179;2732;3901
8183;2760;3896
8187;2776;3897
8190;2798;3886
8194;2827;3882
8197;2843;3882
8201;2873;3871
8204;2891;3870
8208;2907;3868
8212;2920;3865
8215;2935;3865
8219;2942;3855
8222;2957;3853
8226;2975;3854
8229;3000;3853
8233;3006;3850
8236;3016;3848
8240;3032;3837
8244;3039;3835
8247;3064;3831
8251;3071;3822
8254;3088;3816
8258;3102;3816
8261;3112;3805
8265;3127;3802
8268;3133;3792
8272;3162;3789
8276;3176;3789
8279;3180;3786
8283;3195;3776
8286;3208;3773
8290;3214;3769
8293;3228;3768
8297;3240;3758
8300;3246;3753
8304;3261;3742
8308;3272;3739
8311;3288;3727
8315;3304;3726
8318;3320;3723
8322;3326;3711
8325;3340;3709
8329;3353;3703
8333;3355;3691
8336;3368;3678
8340;3376;3660
8343;3390;3655
8347;3407;3642
8350;3423;3630
8354;3436;3622
8357;3451;3610
8361;3464;3595
8365;3470;3578
8368;3484;3575
8372;3496;3559
8375;3502;3544
8379;3514;3516
8382;3528;3499
8386;3543;3485
8389;3548;3467
8393;3563;3449
8397;3577;3432
8400;3593;3415
8404;3597;3401
8407;3611;3375
8411;3624;3359
8414;3630;3340
8418;3640;3320
8421;3648;3292
8425;3661;3277
8429;3674;3260
8432;3678;3241
8436;3690;3224
8439;3694;3200
8443;3704;3180
8446;3708;3150
8450;3721;3131
8454;3725;3102
8457;3736;3069
8461;3739;3048
8464;3752;3018
8468;3757;2986
8471;3767;2955
8475;3772;2923
8478;3783;2878
8482;3786;2843
8486;3789;2797
8489;3800;2766
8493;3803;2720
8496;3807;2679
8500;3818;2634
8503;3821;2575
8507;3832;2505
8510;3835;2411
8514;3847;2335
8518;3849;2250
8521;3850;2158
8525;3854;2031
8528;3864;1895
8532;3866;1744
8535;3869;1581
8539;3879;1420
8542;3883;1262
8546;3885;1115
8550;3896;1040
8553;3900;1034
8557;3914;1020
8560;3918;1016
8564;3930;1003
8567;3933;999
8571;3945;988
8575;3949;975
8578;3959;970
8582;3963;959
8585;3965;954
8589;3976;943
8592;3979;938
8596;3992;924
8599;3995;918
8603;3999;895
8607;4008;877
8610;4012;856
8614;4015;824
8617;4024;791
8621;4027;759
8624;4029;717
8628;4040;683
8631;4043;638
8635;4045;601
8639;4056;554
8642;4059;503
8646;4063;427
8649;4073;360
8653;4077;303
8656;4088;264
8660;4092;232
8663;4095;189
8667;4095;168
8671;4095;125
8674;4095;108
8678;4095;62
8681;4095;56
8685;4095;42
8688;4095;29
8692;4095;38
8695;4095;25
8699;4095;23
8703;4095;19
8706;4095;22
8710;4095;21
8713;4095;20
8717;4095;19
8720;4095;10
8724;4095;7
8728;4095;8
8731;4095;6
8735;4095;5
8738;4095;6
8742;4095;6
8745;4095;4
8749;4095;4
8752;4095;7
8756;4091;5
8760;4075;6
8763;4059;5
8767;4029;5
8770;3994;4
8774;3958;4
8777;3929;5
8781;3886;4
8784;3853;5
8788;3816;4
8792;3742;3
8795;3689;2
8799;3645;3
8802;3599;2
8806;3562;4
8809;3518;3
8813;3486;3
8816;3468;3
8820;3405;4
8824;3357;2
8827;3295;3
8831;3257;3
8834;3208;3
8838;3148;3
8841;3088;3
8845;3050;1
8849;2986;4
8852;2937;2
8856;2870;3
8859;2792;5
8863;2712;2
8866;2633;3
8870;2541;4
8873;2429;1
8877;2315;3
8881;2183;2
8884;2025;2
8888;1900;2
8891;1756;2
8895;1646;4
8898;1519;3
8902;1431;3
8905;1291;2
8909;1193;2
8913;1082;3
8916;1037;2
8920;1032;2
8923;1021;2
8927;1020;2
8930;1007;2
8934;1005;2
8937;1003;3
8941;1002;3
8945;1000;3
8948;991;3
8952;999;3
8955;991;2
8959;989;3
8962;988;4
8966;987;2
8970;987;2
8973;986;4
8977;985;1
8980;984;3
8984;984;2
8987;984;2
8991;982;3
8994;975;3
8998;975;3
9002;974;4
9005;973;1
9009;973;3
9012;972;3
9016;972;2
9019;970;2
9023;971;4
9026;972;2
9030;970;4
9034;969;2
9037;969;4
9041;971;4
9044;969;3
9048;969;3
9051;968;2
9055;968;3
9058;967;4
9062;960;3
9066;967;2
9069;959;3
9073;958;3
9076;958;4
9080;959;4
9083;959;2
9087;959;3
9091;957;3
9094;957;3
9098;958;4
9101;957;3
9105;957;4
9108;955;4
9112;956;3
9115;955;3
9119;954;3
9123;955;4
9126;955;2
9130;955;2
9133;955;3
9137;953;3
9140;952;2
9144;954;3
9147;954;2
9151;953;2
9155;952;2
9158;952;2
9162;952;4
9165;952;3
9169;950;4
9172;944;1
9176;952;3
9179;944;3
9183;951;3
9187;952;2
9190;943;4
9194;951;2
9197;951;3
9201;943;4
9204;942;3
9208;941;4
9212;942;3
9215;942;3
9219;942;1
9222;941;2
9226;942;2
9229;941;3
9233;941;4
9236;940;2
9240;940;3
9244;941;4
9247;942;4
9251;940;2
9254;941;3
9258;940;2
9261;939;2
9265;940;3
9268;939;2
9272;940;4
9276;940;4
9279;939;3
9283;939;3
9286;938;3
9290;938;2
9293;938;3
9297;938;2
9300;937;3
9304;938;3
9308;938;4
9311;937;3
9315;936;2
9318;936;3
9322;937;3
9325;937;2
9329;937;3
9332;936;2
9336;935;1
9340;937;2
9343;927;4
9347;936;4
9350;936;3
9354;935;2
9357;928;3
9361;936;3
9365;935;3
9368;936;4
9372;937;2
9375;935;2
9379;926;2
9382;935;4
9386;927;3
9389;926;4
9393;927;5
9397;927;3
9400;927;3
9404;926;3
9407;927;2
9411;927;2
9414;927;3
9418;926;3
9421;926;4
9425;925;5
9429;926;2
9432;926;2
9436;927;2
9439;925;3
9443;926;2
9446;926;3
9450;925;4
9453;926;2
9457;926;1
9461;925;3
9464;925;4
9468;924;3
9471;925;3
9475;925;3
9478;924;3
9482;926;2
9486;925;3
9489;925;3
9493;925;4
9496;925;2
9500;925;1
9503;926;3
9507;924;2
9510;924;3
9514;925;3
9518;924;3
9521;925;4
9525;924;2
9528;923;1
9532;924;2
9535;924;3
9539;923;2
9542;925;6
9546;922;8
9550;923;17
9553;911;24
9557;907;62
9560;861;222
9564;863;621
9567;892;1279
9571;920;1819
9574;936;2141
9578;943;2364
9582;954;2526
9585;956;2670
9589;960;2792
9592;968;2877
9596;969;2967
9599;970;3051
9603;971;3118
9607;973;3194
9610;975;3262
9614;975;3336
9617;986;3406
9621;987;3470
9624;990;3533
9628;989;3580
9631;990;3625
9635;990;3658
9639;991;3691
9642;992;3719
9646;992;3744
9649;990;3775
9653;999;3792
9656;1002;3808
9660;1004;3833
9663;1006;3848
9667;1015;3866
9671;1019;3882
9674;1020;3897
9678;1024;3904
9681;1034;3926
9685;1036;3932
9688;1038;3945
9692;1040;3950
9695;1050;3961
9699;1050;3966
9703;1053;3976
9706;1055;3978
9710;1066;3980
9713;1068;3983
9717;1080;3996
9720;1081;4008
9724;1084;4010
9728;1086;4014
9731;1087;4026
9735;1097;4030
9738;1100;4041
9742;1104;4043
9745;1104;4046
9749;1114;4054
9752;1115;4057
9756;1119;4061
9760;1128;4061
9763;1180;4072
9767;1272;4073
9771;1354;4075
9774;1423;4076
9778;1501;4079
9782;1610;4079
9785;1674;4087
9789;1738;4080
9793;1784;4077
9796;1821;4076
9800;1871;4075
9803;1918;4075
9807;1991;4075
9811;2047;4072
9814;2105;4063
9818;2139;4059
9822;2205;4056
9825;2237;4045
9829;2286;4043
9833;2315;4039
9836;2350;4026
9840;2393;4014
9844;2442;4008
9847;2492;3993
9851;2523;3982
9854;2570;3975
9858;2605;3963
9862;2647;3948
9865;2680;3932
9869;2715;3920
9873;2745;3911
9876;2776;3895
9880;2810;3880
9884;2856;3866
9887;2878;3848
9891;2908;3822
9895;2936;3804
9898;2952;3786
9902;2975;3759
9906;3000;3751
9909;3019;3726
9913;3048;3695
9916;3069;3678
9920;3088;3647
9924;3115;3625
9927;3134;3598
9931;3162;3578
9935;3191;3545
9938;3211;3517
9942;3229;3484
9946;3244;3464
9949;3262;3437
9953;3274;3407
9957;3291;3386
9960;3305;3359
9964;3324;3338
9968;3326;3305
9971;3350;3274
9975;3367;3242
9978;3375;3210
9982;3390;3182
9986;3404;3162
9989;3408;3133
9993;3432;3102
9997;3439;3072
10000;3452;3049
10004;3455;3019
10008;3468;2991
10011;3483;2959
10015;3487;2937
10019;3500;2904
10022;3512;2877
10026;3527;2857
10029;3531;2826
10033;3544;2794
10037;3548;2776
10040;3559;2744
10044;3561;2702
10048;3564;2681
10051;3567;2664
10055;3578;2621
10059;3582;2606
10062;3593;2588
10066;3599;2558
10070;3609;2526
10073;3610;2511
10077;3613;2464
10081;3624;2447
10084;3628;2412
10088;3631;2381
10091;3640;2332
10095;3642;2297
10099;3643;2264
10102;3655;2203
10106;3657;2156
10110;3660;2119
10113;3671;2063
10117;3674;2046
10121;3676;1982
10124;3688;1936
10128;3689;1887
10132;3693;1849
10135;3703;1784
10139;3706;1741
10142;3710;1689
10146;3722;1608
10150;3725;1488
10153;3735;1386
10157;3738;1295
10161;3741;1213
10164;3743;1147
10168;3752;1084
10172;3755;1000
10175;3758;971
10179;3769;968
10183;3772;960
10186;3775;957
10190;3784;954
10194;3787;953
10197;3789;952
10201;3791;943
10204;3802;941
10208;3803;939
10212;3807;940
10215;3815;938
10219;3818;936
10223;3821;928
10226;3821;927
10230;3831;924
10234;3833;924
10237;3847;922
10241;3848;919
10245;3852;911
10248;3853;909
10252;3864;909
10255;3867;907
10259;3870;904
10263;3872;894
10266;3881;891
10270;3884;888
10274;3887;877
10277;3896;874
10281;3899;860
10285;3903;845
10288;3912;832
10292;3914;823
10296;3915;799
10299;3926;780
10303;3928;759
10307;3932;732
10310;3934;701
10314;3943;667
10317;3944;631
10321;3946;587
10325;3949;543
10328;3950;504
10332;3960;460
10336;3962;413
10339;3968;366
10343;3977;315
10347;3982;252
10350;3993;218
10354;3996;202
10358;4008;124
10361;4014;79
10365;4015;72
10369;4025;57
10372;4027;44
10376;4027;42
10379;4030;39
10383;4038;33
10387;4040;25
10390;4040;23
10394;4043;23
10398;4043;21
10401;4043;21
10405;4043;19
10409;4044;18
10412;4044;17
10416;4044;17
10420;4042;9
10423;4044;7
10427;4041;8
10430;4039;8
10434;4030;6
10438;4028;7
10441;4026;7
10445;4014;3
10449;4010;5
10452;3996;5
10456;3981;4
10460;3963;2
10463;3945;3
10467;3912;4
10471;3884;3
10474;3854;3
10478;3836;5
10482;3802;2
10485;3787;3
10489;3744;1
10492;3692;1
10496;3625;4
10500;3550;2
10503;3486;4
10507;3435;2
10511;3387;5
10514;3372;2
10518;3367;3
10522;3307;4
10525;3240;3
10529;3192;4
10533;3117;2
10536;3063;3
10540;3003;2
10543;2953;4
10547;2873;3
10551;2815;1
10554;2764;4
10558;2730;2
10562;2655;4
10565;2624;2
10569;2601;3
10573;2554;2
10576;2475;3
10580;2393;2
10584;2255;3
10587;2158;3
10591;2078;2
10595;1997;2
10598;1981;4
10602;1882;3
10605;1803;2
10609;1694;1
10613;1579;2
10616;1434;3
10620;1326;2
10624;1209;4
10627;1080;3
10631;1018;2
10635;1007;3
10638;1003;3
10642;989;2
10646;987;3
10649;976;4
10653;971;2
10656;969;2
10660;967;3
10664;959;3
10667;958;3
10671;955;3
10675;958;1
10678;955;3
10682;955;1
10686;955;2
10689;953;1
10693;952;3
10697;952;3
10700;952;4
10704;952;4
10708;951;2
10711;950;1
10715;942;3
10718;943;3
10722;942;3
10726;942;2
10729;941;3
10733;940;3
10737;939;4
10740;938;3
10744;940;1
10748;939;3
10751;939;2
10755;937;1
10759;938;4
10762;937;5
10766;936;2
10770;936;2
10773;936;4
10777;928;3
10780;936;3
10784;935;5
10788;928;2
10791;927;3
10795;934;2
10799;926;3
10802;927;3
10806;926;4
10810;926;3
10813;925;2
10817;924;4
10821;923;2
10824;924;2
10828;924;3
10831;923;3
10835;923;1
10839;923;3
10842;923;3
10846;920;3
10850;922;1
10853;922;2
10857;921;2
10861;921;3
10864;922;2
10868;921;2
10872;921;2
10875;922;1
10879;920;2
10883;920;3
10886;921;3
10890;919;3
10893;920;4
10897;921;4
10901;921;2
10904;919;3
10908;921;2
10912;920;3
10915;921;4
10919;920;3
10923;920;3
10926;919;3
10930;920;2
10934;920;2
10937;919;2
10941;920;3
10944;920;2
10948;920;2
10952;911;2
10955;918;5
10959;918;4
10963;911;2
10966;910;2
10970;912;3
10974;911;3
10977;911;3
10981;909;4
10985;910;2
10988;910;3
10992;911;3
10996;911;2
10999;909;2
11003;909;3
11006;909;3
11010;909;4
11014;909;2
11017;910;2
11021;910;2
11025;909;2
11028;909;3
11032;909;3
11036;908;3
11039;908;3
11043;908;4
11047;908;4
11050;909;2
11054;909;2
11057;906;3
11061;906;3
11065;907;4
11068;907;2
11072;908;2
11076;908;3
11079;907;3
11083;908;4
11087;906;2
11090;907;3
11094;906;2
11098;907;2
11101;906;2
11105;907;3
11109;908;2
11112;908;3
11116;906;4
11119;907;1
11123;906;4
11127;906;3
11130;906;3
11134;905;1
11138;907;3
11141;905;2
11145;905;3
11149;906;1
11152;905;3
11156;906;3
11160;906;3
11163;905;3
11167;907;4
11171;905;2
11174;907;2
11178;905;3
11181;906;3
11185;905;4
11189;906;1
11192;906;3
11196;904;5
11200;905;2
11203;905;3
11207;905;3
11211;905;3
11214;905;2
11218;905;1
11222;905;3
11225;905;3
11229;906;2
11232;906;3
11236;907;3
11240;905;6
11243;903;8
11247;896;22
11251;889;56
11254;841;218
11258;840;445
11262;872;1102
11265;894;1756
11269;920;2136
11273;926;2376
11276;937;2551
11280;941;2702
11284;942;2815
11287;952;2910
11291;952;2990
11294;954;3068
11298;957;3150
11302;958;3229
11305;966;3308
11309;968;3382
11313;971;3454
11316;972;3529
11320;974;3579
11324;974;3626
11327;975;3674
11331;974;3708
11335;973;3741
11338;972;3768
11342;972;3791
11345;971;3817
11349;976;3834
11353;984;3853
11356;987;3880
11360;989;3886
11364;1000;3897
11367;1005;3914
11371;1017;3920
11375;1022;3931
11378;1023;3945
11382;1037;3962
11386;1039;3965
11389;1049;3977
11393;1053;3982
11397;1065;3990
11400;1067;3995
11404;1079;4007
11407;1082;4012
11411;1087;4024
11415;1096;4028
11418;1099;4030
11422;1101;4032
11426;1112;4041
11429;1115;4042
11433;1118;4044
11437;1129;4046
11440;1147;4056
11444;1247;4057
11448;1337;4059
11451;1436;4062
11455;1528;4062
11459;1608;4071
11462;1704;4071
11466;1791;4072
11469;1853;4072
11473;1946;4072
11477;2015;4063
11480;2060;4063
11484;2111;4063
11488;2185;4061
11491;2250;4059
11495;2314;4059
11499;2348;4056
11502;2392;4055
11506;2431;4055
11510;2473;4045
11513;2505;4044
11517;2551;4041
11520;2584;4038
11524;2619;4030
11528;2639;4028
11531;2680;4024
11535;2714;4014
11539;2743;4009
11542;2766;3997
11546;2793;3993
11550;2826;3979
11553;2845;3976
11557;2862;3964
11561;2888;3959
11564;2904;3947
11568;2922;3933
11572;2952;3928
11575;2959;3915
11579;2985;3912
11582;3003;3887
11586;3016;3881
11590;3021;3868
11593;3048;3850
11597;3069;3837
11601;3098;3832
11604;3113;3820
11608;3120;3804
11612;3136;3791
11615;3149;3785
11619;3167;3767
11623;3178;3758
11626;3194;3740
11630;3211;3735
11633;3225;3719
11637;3240;3706
11641;3257;3692
11644;3273;3673
11648;3294;3658
11652;3309;3642
11655;3324;3626
11659;3340;3614
11663;3353;3607
11666;3368;3583
11670;3374;3575
11674;3387;3561
11677;3401;3547
11681;3406;3544
11685;3421;3530
11688;3432;3516
11692;3439;3498
11695;3454;3485
11699;3465;3469
11703;3480;3456
11706;3485;3449
11710;3496;3432
11714;3500;3423
11717;3513;3406
11721;3518;3390
11725;3531;3384
11728;3535;3371
11732;3547;3368
11736;3560;3358
11739;3567;3352
11743;3578;3325
11746;3595;3312
11750;3596;3305
11754;3607;3293
11757;3609;3277
11761;3612;3262
11765;3625;3246
11768;3628;3230
11772;3640;3213
11776;3645;3208
11779;3655;3193
11783;3661;3179
11787;3672;3158
11790;3676;3146
11794;3687;3128
11798;3691;3113
11801;3694;3088
11805;3705;3069
11808;3709;3051
11812;3719;3032
11816;3722;3006
11819;3726;2990
11823;3738;2974
11827;3742;2968
11830;3752;2940
11834;3756;2919
11838;3767;2893
11841;3773;2872
11845;3775;2842
11849;3789;2814
11852;3800;2796
11856;3804;2762
11860;3806;2734
11863;3817;2712
11867;3822;2682
11870;3832;2650
11874;3835;2619
11878;3839;2584
11881;3849;2554
11885;3853;2523
11889;3864;2490
11892;3866;2459
11896;3868;2415
11900;3880;2367
11903;3883;2312
11907;3886;2270
11911;3897;2204
11914;3899;2126
11918;3900;2025
11921;3904;1934
11925;3914;1864
11929;3916;1771
11932;3919;1615
11936;3930;1512
11940;3931;1355
11943;3934;1240
11947;3935;1118
11951;3945;1022
11954;3948;1005
11958;3960;1001
11962;3963;989
11965;3967;984
11969;3976;972
11973;3981;970
11976;3992;967
11980;3995;955
11983;4008;952
11987;4012;940
11991;4015;938
11994;4026;927
11998;4031;922
12002;4040;908
12005;4043;896
12009;4054;889
12013;4057;875
12016;4060;859
12020;4072;841
12024;4074;824
12027;4078;795
12031;4088;768
12034;4093;732
12038;4094;688
12042;4095;649
12045;4095;589
12049;4095;553
12053;4095;509
12056;4095;461
12060;4095;424
12064;4095;392
12067;4095;331
12071;4095;269
12075;4095;221
12078;4095;188
12082;4095;110
12086;4095;87
12089;4095;72
12093;4095;63
12096;4095;44
12100;4095;30
12104;4095;26
12107;4095;25
12111;4095;18
12115;4095;18
12118;4095;6
12122;4095;5
12126;4095;5
12129;4095;5
12133;4095;5
12137;4095;3
12140;4095;4
12144;4095;2
12147;4095;3
12151;4095;3
12155;4095;1
12158;4095;3
12162;4095;4
12166;4095;5
12169;4095;2
12173;4095;2
12177;4095;3
12180;4095;4
12184;4095;3
12188;4095;3
12191;4093;3
12195;4059;3
12199;4026;1
12202;3992;2
12206;3948;3
12209;3900;3
12213;3863;1
12217;3817;2
12220;3773;4
12224;3736;2
12228;3688;3
12231;3644;4
12235;3592;3
12239;3534;3
12242;3488;3
12246;3463;3
12250;3389;1
12253;3335;3
12257;3275;3
12261;3223;2
12264;3166;3
12268;3113;3
12271;3054;3
12275;2989;2
12279;2921;2
12282;2824;2
12286;2747;3
12290;2667;3
12293;2538;3
12297;2413;4
12301;2267;1
12304;2143;3
12308;1996;2
12312;1853;2
12315;1760;3
12319;1640;3
12322;1502;2
12326;1376;2
12330;1262;3
12333;1184;3
12337;1147;2
12341;1098;2
12344;1096;4
12348;1084;2
12352;1083;4
12355;1080;2
12359;1069;2
12363;1067;4
12366;1066;4
12370;1065;1
12374;1065;3
12377;1056;3
12381;1054;3
12384;1053;2
12388;1053;3
12392;1051;2
12395;1050;3
12399;1049;1
12403;1040;4
12406;1040;2
12410;1040;2
12414;1039;3
12417;1038;3
12421;1037;2
12425;1036;3
12428;1036;3
12432;1036;4
12435;1035;1
12439;1034;3
12443;1024;2
12446;1032;2
12450;1024;3
12454;1024;2
12457;1024;2
12461;1031;2
12465;1022;2
12468;1022;3
12472;1021;2
12476;1019;1
12479;1020;2
12483;1019;2
12487;1019;2
12490;1017;3
12494;1018;3
12497;1018;3
12501;1018;3
12505;1008;2
12508;1007;2
12512;1016;4
12516;1015;3
12519;1005;3
12523;1005;2
12527;1006;2
12530;1006;3
12534;1005;2
12538;1005;2
12541;1006;3
12545;1004;3
12548;1004;3
12552;1003;2
12556;1003;3
12559;1003;3
12563;1002;4
12567;1002;3
12570;1003;2
12574;1003;3
12578;1001;3
12581;1001;3
12585;1001;2
12589;1001;3
12592;1000;3
12596;1001;2
12600;1001;4
12603;1000;3
12607;1000;2
12610;998;3
12614;991;2
12618;991;2
12621;999;3
12625;991;2
12629;991;4
12632;990;4
12636;988;3
12640;988;3
12643;990;3
12647;989;3
12651;990;3
12654;987;4
12658;988;3
12662;987;2
12665;987;5
12669;987;2
12672;988;3
12676;987;3
12680;986;3
12683;987;2
12687;986;3
12691;986;3
12694;985;2
12698;984;3
12702;986;3
12705;986;2
12709;985;2
12713;984;3
12716;984;3
12720;985;3
12723;984;3
12727;976;3
12731;984;4
12734;984;2
12738;984;4
12742;976;3
12745;984;2
12749;975;3
12753;975;4
12756;975;2
12760;974;3
12764;975;4
12767;974;2
12771;975;2
12775;974;4
12778;973;2
12782;975;3
12785;972;2
12789;974;2
12793;974;3
12796;974;3
12800;973;2
12804;974;2
12807;972;2
12811;974;3
12815;972;2
12818;971;3
12822;973;3
12826;973;3
12829;972;3
12833;972;3
12836;972;3
12840;970;2
12844;971;3
12847;970;2
12851;972;2
12855;971;2
12858;971;4
12862;970;2
12866;971;3
12869;970;2
12873;970;2
12877;970;2
12880;970;2
12884;972;4
12888;969;2
12891;970;3
12895;970;2
12898;969;1
12902;970;2
12906;970;3
12909;970;4
12913;969;3
12917;970;1
12920;970;2
12924;970;3
12928;970;1
12931;969;2
12935;970;1
12939;969;3
12942;971;2
12946;970;2
12949;970;2
12953;970;2
12957;971;4
12960;970;3
12964;971;4
12968;970;6
12971;969;17
12975;954;57
12979;903;314
12982;919;967
12986;944;1659
12990;968;2079
12993;984;2381
12997;990;2591
13001;1000;2751
13004;1002;2878
13008;1004;2973
13011;1008;3053
13015;1015;3129
13019;1016;3211
13022;1017;3287
13026;1020;3359
13030;1020;3435
13033;1022;3511
13037;1032;3575
13041;1034;3631
13044;1034;3689
13048;1036;3725
13052;1035;3768
13055;1037;3788
13059;1035;3818
13063;1033;3836
13066;1024;3850
13070;1024;3863
13073;1022;3871
13077;1022;3882
13081;1022;3884
13084;1024;3884
13088;1031;3886
13092;1024;3897
13095;1024;3902
13099;1033;3913
13103;1034;3916
13106;1035;3928
13110;1036;3932
13114;1037;3943
13117;1037;3944
13121;1039;3951
13124;1039;3962
13128;1048;3966
13132;1049;3978
13135;1051;3981
13139;1052;3996
13143;1054;4007
13146;1056;4012
13150;1065;4025
13154;1065;4039
13157;1070;4044
13161;1080;4058
13165;1082;4062
13168;1084;4075
13172;1087;4078
13176;1096;4088
13179;1098;4090
13183;1099;4093
13186;1111;4095
13190;1151;4095
13194;1259;4095
13197;1371;4095
13201;1432;4095
13205;1546;4095
13208;1647;4095
13212;1721;4095
13216;1773;4095
13219;1818;4095
13223;1897;4095
13227;1920;4095
13230;1967;4095
13234;2014;4095
13238;2059;4095
13241;2094;4095
13245;2158;4095
13248;2189;4095
13252;2215;4095
13256;2264;4095
13259;2296;4095
13263;2347;4095
13267;2367;4095
13270;2412;4095
13274;2456;4095
13278;2477;4095
13281;2511;4095
13285;2552;4095
13289;2589;4095
13292;2617;4091
13296;2647;4088
13299;2666;4080
13303;2697;4074
13307;2714;4071
13310;2718;4057
13314;2743;4046
13318;2750;4043
13321;2765;4031
13325;2780;4025
13329;2795;4013
13332;2808;4008
13336;2824;3991
13340;2840;3979
13343;2859;3968
13347;2875;3964
13350;2892;3962
13354;2908;3950
13358;2920;3945
13361;2936;3929
13365;2942;3919
13369;2967;3911
13372;2972;3911
13376;2987;3897
13380;3001;3887
13383;3008;3880
13387;3018;3870
13391;3034;3854
13394;3048;3850
13398;3053;3839
13402;3070;3834
13405;3084;3831
13409;3112;3821
13412;3127;3807
13416;3133;3802
13420;3145;3791
13423;3160;3786
13427;3175;3774
13431;3191;3772
13434;3196;3767
13438;3210;3759
13442;3223;3754
13445;3240;3743
13449;3244;3740
13453;3259;3726
13456;3274;3723
13460;3286;3722
13464;3293;3710
13467;3309;3710
13471;3320;3704
13474;3328;3694
13478;3339;3689
13482;3353;3675
13485;3369;3671
13489;3384;3657
13493;3388;3648
13496;3401;3642
13500;3414;3626
13504;3418;3624
13507;3422;3610
13511;3435;3594
13515;3439;3582
13518;3452;3567
13522;3467;3550
13525;3471;3544
13529;3479;3528
13533;3497;3512
13536;3502;3486
13540;3514;3470
13544;3517;3452
13547;3529;3436
13551;3544;3419
13555;3546;3402
13558;3551;3386
13562;3564;3369
13566;3578;3352
13569;3593;3326
13573;3599;3306
13577;3613;3286
13580;3626;3247
13584;3640;3228
13587;3655;3196
13591;3660;3176
13595;3673;3144
13598;3678;3103
13602;3690;3070
13606;3694;3039
13609;3710;3005
13613;3725;2968
13617;3736;2924
13620;3751;2877
13624;3756;2827
13628;3769;2765
13631;3784;2712
13635;3789;2665
13638;3805;2608
13642;3816;2555
13646;3821;2503
13649;3833;2428
13653;3840;2344
13657;3852;2263
13660;3864;2135
13664;3868;2014
13668;3879;1854
13671;3882;1693
13675;3887;1561
13679;3899;1402
13682;3902;1256
13686;3915;1133
13690;3928;1086
13693;3934;1069
13697;3947;1063
13700;3961;1049
13704;3965;1035
13708;3976;1022
13711;3980;1007
13715;3992;1003
13719;3997;990
13722;4000;985
13726;4011;971
13730;4015;959
13733;4028;951
13737;4029;939
13741;4041;925
13744;4042;910
13748;4045;896
13752;4059;887
13755;4059;861
13759;4063;841
13762;4073;798
13766;4073;762
13770;4079;729
13773;4079;697
13777;4090;666
13781;4094;635
13784;4095;602
13788;4095;571
13792;4095;527
13795;4095;491
13799;4095;458
13803;4095;428
13806;4095;378
13810;4095;316
13813;4095;253
13817;4095;191
13821;4095;138
13824;4095;95
13828;4095;78
13832;4095;74
13835;4095;59
13839;4095;41
13843;4095;39
13846;4095;29
13850;4095;25
13854;4095;21
13857;4095;19
13861;4095;8
13865;4095;9
13868;4095;8
13872;4095;5
13875;4095;5
13879;4095;6
13883;4095;3
13886;4095;2
13890;4095;3
13894;4095;1
13897;4095;4
13901;4095;2
13905;4095;5
13908;4095;4
13912;4095;2
13916;4095;3
13919;4095;4
13923;4095;3
13926;4095;3
13930;4095;5
13934;4077;3
13937;4030;3
13941;3982;3
13945;3943;3
13948;3894;0
13952;3836;3
13956;3775;3
13959;3720;2
13963;3663;3
13967;3610;3
13970;3549;3
13974;3515;4
13978;3452;2
13981;3417;2
13985;3357;2
13988;3307;4
13992;3263;4
13996;3198;1
13999;3150;2
14003;3100;3
14007;3049;2
14010;2999;2
14014;2926;5
14018;2855;3
14021;2776;3
14025;2685;3
14029;2591;1
14032;2477;2
14036;2361;2
14039;2222;2
14043;2107;2
14047;2012;3
14050;1914;3
14054;1768;3
14058;1627;2
14061;1527;3
14065;1400;2
14069;1277;3
14072;1213;3
14076;1113;3
14080;1102;2
14083;1097;3
14087;1085;2
14091;1081;2
14094;1070;2
14098;1067;3
14101;1064;4
14105;1054;1
14109;1051;3
14112;1050;3
14116;1040;1
14120;1040;2
14123;1040;2
14127;1039;1
14131;1036;2
14134;1035;3
14138;1034;3
14142;1033;3
14145;1034;3
14149;1033;3
14153;1024;2
14156;1022;3
14160;1022;2
14163;1022;3
14167;1020;1
14171;1020;2
14174;1019;3
14178;1020;1
14182;1019;1
14185;1017;4
14189;1018;4
14193;1015;3
14196;1016;2
14200;1016;1
14204;1014;3
14207;1006;3
14211;1007;4
14214;1007;2
14218;1005;2
14222;1005;2
14225;1004;4
14229;1004;2
14233;1003;3
14236;1004;3
14240;1003;2
14244;1002;2
14247;1003;3
14251;1003;3
14255;1001;2
14258;1002;3
14262;1002;3
14266;1001;3
14269;1000;3
14273;999;2
14276;999;2
14280;999;1
14284;998;3
14287;998;2
14291;991;2
14295;990;3
14298;990;1
14302;989;2
14306;990;2
14309;987;2
14313;990;2
14317;989;3
14320;988;2
14324;988;3
14327;989;3
14331;987;2
14335;987;2
14338;986;3
14342;985;2
14346;986;1
14349;986;2
14353;984;2
14357;986;3
14360;985;2
14364;986;3
14368;986;4
14371;985;3
14375;985;2
14379;984;3
14382;984;2
14386;984;2
14389;984;3
14393;976;1
14397;984;3
14400;976;3
14404;974;3
14408;975;3
14411;975;3
14415;975;2
14419;975;2
14422;974;4
14426;974;3
14430;974;2
14433;974;3
14437;972;3
14440;972;2
14444;972;2
14448;973;3
14451;971;3
14455;972;2
14459;973;3
14462;971;3
14466;972;3
14470;972;1
14473;971;2
14477;971;2
14481;972;2
14484;971;2
14488;971;3
14492;973;3
14495;970;1
14499;970;2
14502;970;2
14506;969;3
14510;970;4
14513;969;2
14517;969;3
14521;970;4
14524;968;3
14528;970;2
14532;968;4
14535;969;4
14539;970;0
14543;969;3
14546;969;2
14550;968;3
14554;968;2
14557;969;3
14561;968;3
14564;968;2
14568;969;2
14572;968;4
14575;968;4
14579;969;1
14583;968;3
14586;968;4
14590;968;3
14594;968;3
14597;968;3
14601;968;1
14605;968;1
14608;968;2
14612;967;3
14615;968;2
14619;967;3
14623;967;1
14626;968;3
14630;967;2
14634;968;3
14637;967;4
14641;968;2
14645;968;4
14648;968;3
14652;967;4
14656;967;3
14659;967;3
14663;965;3
14667;952;42
14670;892;200
14674;879;270
14677;876;303
14681;903;796
14685;935;1325
14688;956;1816
14692;971;2120
14696;985;2380
14699;989;2541
14703;999;2686
14707;1004;2813
14710;1005;2905
14714;1015;2985
14718;1016;3050
14721;1018;3133
14725;1021;3199
14728;1022;3273
14732;1022;3326
14736;1021;3392
14739;1020;3466
14743;1022;3531
14747;1021;3580
14750;1022;3623
14754;1023;3657
14758;1022;3687
14761;1022;3709
14765;1021;3735
14769;1023;3757
14772;1023;3775
14776;1024;3801
14780;1035;3816
14783;1036;3832
14787;1039;3837
14790;1040;3854
14794;1052;3881
14798;1054;3900
14801;1063;3919
14805;1065;3931
14809;1067;3945
14812;1072;3951
14816;1070;3966
14820;1081;3978
14823;1159;3983
14827;1259;3995
14831;1354;3999
14834;1452;4008
14838;1546;4010
14841;1626;4009
14845;1727;4012
14849;1789;4012
14852;1821;4011
14856;1872;4014
14860;1919;4024
14863;1967;4024
14867;2024;4026
14871;2040;4027
14874;2120;4030
14878;2156;4029
14882;2205;4029
14885;2238;4028
14889;2271;4028
14893;2335;4030
14896;2360;4030
14900;2412;4029
14903;2473;4029
14907;2510;4028
14911;2584;4029
14914;2620;4028
14918;2666;4026
14922;2698;4026
14925;2731;4023
14929;2764;4012
14933;2792;4013
14936;2814;4009
14940;2845;4008
14944;2877;4007
14947;2904;3995
14951;2922;3992
14955;2942;3982
14958;2958;3977
14962;2983;3966
14965;3003;3964
14969;3017;3950
14973;3033;3944
14976;3040;3932
14980;3053;3917
14984;3072;3912
14987;3085;3900
14991;3100;3885
14995;3113;3868
14998;3128;3854
15002;3144;3838
15006;3162;3822
15009;3167;3804
15013;3181;3790
15016;3199;3776
15020;3213;3756
15024;3231;3742
15027;3247;3720
15031;3260;3703
15035;3272;3678
15038;3279;3659
15042;3291;3641
15046;3305;3615
15049;3307;3595
15053;3323;3577
15057;3336;3562
15060;3339;3544
15064;3355;3518
15068;3360;3499
15071;3374;3480
15075;3385;3456
15078;3401;3437
15082;3407;3416
15086;3420;3388
15089;3424;3373
15093;3437;3356
15097;3449;3342
15100;3455;3326
15104;3465;3306
15108;3479;3289
15111;3484;3273
15115;3496;3246
15119;3500;3231
15122;3512;3210
15126;3517;3194
15129;3528;3179
15133;3532;3166
15137;3533;3148
15140;3547;3131
15144;3549;3114
15148;3561;3088
15151;3566;3066
15155;3578;3048
15159;3578;3031
15162;3581;3004
15166;3595;2989
15170;3608;2974
15173;3611;2956
15177;3623;2936
15181;3626;2911
15184;3630;2893
15188;3643;2862
15191;3645;2839
15195;3656;2811
15199;3661;2793
15202;3664;2765
15206;3675;2735
15210;3678;2711
15213;3688;2682
15217;3692;2648
15221;3705;2619
15224;3706;2584
15228;3710;2540
15232;3719;2478
15235;3722;2424
15239;3726;2359
15242;3738;2287
15246;3740;2206
15250;3752;2120
15253;3754;2047
15257;3760;1949
15261;3769;1821
15264;3775;1742
15268;3785;1640
15272;3790;1483
15275;3792;1353
15279;3803;1228
15283;3815;1132
15286;3818;1024
15290;3831;1015
15294;3836;1003
15297;3848;991
15301;3852;987
15304;3864;984
15308;3870;974
15312;3881;968
15315;3886;958
15319;3901;956
15323;3914;953
15326;3917;942
15330;3930;939
15334;3943;938
15337;3947;927
15341;3961;922
15345;3966;921
15348;3976;910
15352;3980;904
15356;3992;895
15359;3997;887
15363;3999;874
15366;4011;858
15370;4016;845
15374;4025;827
15377;4029;808
15381;4030;776
15385;4041;744
15388;4042;702
15392;4047;679
15396;4056;636
15399;4059;598
15403;4060;551
15407;4072;508
15410;4072;463
15414;4078;429
15417;4080;395
15421;4091;363
15425;4093;330
15428;4095;280
15432;4095;234
15436;4095;217
15439;4095;200
15443;4095;174
15447;4095;122
15450;4095;105
15454;4095;47
15458;4095;29
15461;4095;23
15465;4095;21
15469;4095;20
15472;4095;10
15476;4095;18
15479;4095;8
15483;4095;10
15487;4095;8
15490;4095;6
15494;4095;6
15498;4095;7
15501;4095;3
15505;4095;5
15509;4095;5
15512;4095;3
15516;4095;4
15520;4095;2
15523;4095;2
15527;4095;2
15530;4095;3
15534;4095;2
15538;4095;4
15541;4095;3
15545;4095;2
15549;4095;2
15552;4095;2
15556;4095;3
15560;4095;1
15563;4095;4
15567;4095;3
15571;4092;3
15574;4062;3
15578;4028;2
15582;3997;2
15585;3962;2
15589;3919;3
15592;3884;2
15596;3851;3
15600;3818;3
15603;3782;3
15607;3751;3
15611;3707;3
15614;3658;1
15618;3616;3
15622;3561;3
15625;3504;1
15629;3448;3
15633;3400;3
15636;3338;3
15640;3278;3
15643;3214;4
15647;3165;3
15651;3118;4
15654;3066;4
15658;3001;3
15662;2927;2
15665;2830;4
15669;2776;3
15673;2670;2
15676;2601;2
15680;2472;3
15684;2359;2
15687;2218;3
15691;2058;3
15695;1918;2
15698;1775;3
15702;1660;3
15705;1592;2
15709;1440;4
15713;1320;3
15716;1179;2
15720;1112;3
15724;1082;3
15727;1071;2
15731;1067;2
15735;1054;3
15738;1052;3
15742;1040;3
15746;1038;2
15749;1034;3
15753;1023;3
15757;1022;3
15760;1022;1
15764;1022;3
15767;1021;3
15771;1020;3
15775;1020;2
15778;1018;1
15782;1018;1
15786;1016;3
15789;1016;3
15793;1016;4
15797;1008;2
15800;1015;2
15804;1006;3
15808;1006;1
15811;1003;2
15815;1005;2
15818;1004;2
15822;1004;3
15826;1004;3
15829;1002;3
15833;1001;3
15837;1001;5
15840;1000;4
15844;1001;5
15848;992;4
15851;999;3
15855;999;3
15859;991;3
15862;990;3
15866;991;4
15870;989;4
15873;990;3
15877;989;3
15880;988;4
15884;987;5
15888;989;3
15891;988;5
15895;988;5
15899;987;6
15902;985;5
15906;985;4
15910;985;5
15913;985;4
15917;984;4
15921;984;3
15924;983;4
15928;988;4
15931;983;6
15935;976;4
15939;975;5
15942;976;3
15946;975;3
15950;974;4
15953;974;5
15957;974;5
15961;974;4
15964;973;5
15968;973;5
15972;973;5
15975;974;4
15979;972;5
15983;971;5
15986;971;5
15990;973;5
15993;971;4
15997;972;4
16001;972;7
16004;971;5
16008;971;5
16012;971;5
16015;971;4
16019;970;6
16023;969;6
16026;969;5
16030;969;6
16034;969;6
16037;968;7
16041;969;5
16045;969;6
16048;968;5
16052;968;6
16055;968;5
16059;967;6
16063;968;4
16066;969;5
16070;960;4
16074;959;7
16077;959;7
16081;967;5
16085;959;5
16088;958;7
16092;959;5
16096;958;5
16099;957;5
16103;958;6
16106;959;5
16110;959;5
16114;956;6
16117;957;5
16121;957;6
16125;956;6
16128;957;7
16132;959;7
16136;956;5
16139;956;4
16143;957;5
16147;957;5
16150;957;5
16154;954;5
16158;955;4
16161;955;5
16165;956;5
16168;956;5
16172;956;6
16176;954;4
16179;955;6
16183;954;4
16187;955;5
16190;955;5
16194;955;5
16198;954;5
16201;954;6
16205;953;6
16209;955;4
16212;953;5
16216;953;4
16219;954;6
16223;954;5
16227;953;7
16230;952;7
16234;953;6
16238;953;4
16241;953;4
16245;953;6
16249;952;6
16252;953;6
16256;954;5
16260;952;5
16263;952;7
16267;952;6
16271;952;5
16274;953;6
16278;943;24
16281;919;92
16285;893;166
16289;890;198
16292;879;252
16296;891;617
16300;917;1134
16303;936;1624
16307;952;1934
16311;956;2159
16314;968;2327
16318;971;2479
16322;974;2591
16325;984;2702
16329;986;2812
16332;989;2908
16336;990;2989
16340;1000;3082
16343;1000;3163
16347;1002;3272
16351;1006;3358
16354;1017;3453
16358;1018;3520
16362;1020;3592
16365;1019;3640
16369;1020;3676
16373;1023;3709
16376;1022;3738
16380;1023;3770
16384;1020;3790
16387;1022;3816
16391;1024;3833
16394;1035;3850
16398;1037;3864
16402;1037;3880
16405;1039;3884
16409;1049;3900
16413;1051;3915
16416;1053;3931
16420;1055;3943
16424;1064;3958
16427;1065;3963
16431;1068;3967
16435;1070;3980
16438;1080;3992
16442;1083;3999
16446;1083;4008
16449;1086;4010
16453;1088;4015
16456;1096;4028
16460;1097;4028
16464;1099;4031
16467;1101;4040
16471;1110;4043
16475;1102;4043
16478;1113;4045
16482;1115;4047
16486;1118;4057
16489;1199;4060
16493;1275;4064
16497;1386;4071
16500;1455;4074
16504;1562;4075
16507;1643;4078
16511;1727;4079
16515;1771;4090
16518;1821;4089
16522;1850;4090
16526;1885;4093
16529;1915;4095
16533;1977;4095
16537;1997;4095
16540;2042;4095
16544;2076;4095
16548;2110;4095
16551;2155;4095
16555;2200;4095
16559;2252;4095
16562;2302;4092
16566;2350;4091
16569;2381;4079
16573;2430;4077
16577;2475;4072
16580;2535;4061
16584;2573;4058
16588;2618;4046
16591;2649;4043
16595;2672;4039
16599;2711;4028
16602;2751;4025
16606;2782;4014
16610;2811;4008
16613;2844;3996
16617;2877;3992
16620;2904;3977
16624;2923;3963
16628;2953;3949
16631;2970;3932
16635;2992;3916
16639;3021;3901
16642;3034;3886
16646;3054;3867
16650;3072;3850
16653;3100;3834
16657;3130;3816
16661;3148;3790
16664;3176;3773
16668;3194;3753
16672;3210;3736
16675;3227;3706
16679;3243;3678
16682;3262;3660
16686;3278;3628
16690;3296;3596
16693;3320;3575
16697;3336;3544
16701;3352;3515
16704;3367;3497
16708;3376;3471
16712;3387;3448
16715;3408;3419
16719;3422;3389
16723;3448;3360
16726;3450;3327
16730;3467;3303
16733;3482;3276
16737;3487;3244
16741;3502;3227
16744;3517;3199
16748;3530;3176
16752;3533;3146
16755;3548;3114
16759;3562;3085
16763;3567;3064
16766;3581;3023
16770;3593;3001
16774;3599;2971
16777;3612;2942
16781;3624;2907
16785;3629;2872
16788;3640;2831
16792;3645;2797
16795;3657;2766
16799;3662;2744
16803;3673;2700
16806;3678;2652
16810;3690;2606
16814;3693;2536
16817;3705;2475
16821;3706;2395
16825;3711;2318
16828;3724;2254
16832;3726;2172
16836;3738;2091
16839;3743;2026
16843;3743;1944
16847;3752;1833
16850;3756;1703
16854;3757;1577
16857;3768;1451
16861;3770;1325
16865;3773;1179
16868;3775;1086
16872;3784;1018
16876;3789;1004
16879;3802;991
16883;3803;985
16887;3808;973
16890;3819;969
16894;3820;958
16898;3834;955
16901;3836;951
16905;3847;941
16908;3852;936
16912;3863;925
16916;3868;922
16919;3882;919
16923;3887;907
16927;3898;906
16930;3903;894
16934;3916;890
16938;3928;877
16941;3933;873
16945;3945;861
16949;3949;856
16952;3950;843
16956;3961;828
16960;3964;814
16963;3968;799
16967;3977;790
16970;3980;760
16974;3982;733
16978;3993;712
16981;3994;679
16985;3998;647
16989;4008;603
16992;4010;556
16996;4013;509
17000;4016;472
17003;4027;430
17007;4030;394
17011;4039;351
17014;4043;315
17018;4046;266
17021;4056;223
17025;4059;187
17029;4062;170
17032;4072;143
17036;4074;128
17040;4079;60
17043;4087;40
17047;4089;28
17051;4092;27
17054;4092;26
17058;4094;23
17062;4095;22
17065;4095;21
17069;4095;20
17073;4095;18
17076;4095;10
17080;4095;8
17083;4095;5
17087;4095;6
17091;4095;6
17094;4095;5
17098;4095;5
17102;4095;5
17105;4095;6
17109;4095;6
17113;4095;6
17116;4095;5
17120;4095;4
17124;4095;3
17127;4095;5
17131;4095;3
17134;4095;4
17138;4095;3
17142;4095;3
17145;4095;4
17149;4095;3
17153;4095;3
17156;4093;1
17160;4088;4
17164;4078;1
17167;4073;4
17171;4057;3
17175;4030;4
17178;4011;3
17182;3992;3
17186;3975;4
17189;3948;2
17193;3918;3
17196;3881;2
17200;3837;3
17204;3791;3
17207;3753;2
17211;3706;1
17215;3674;2
17218;3629;4
17222;3596;3
17226;3560;1
17229;3518;3
17233;3470;4
17237;3419;4
17240;3369;4
17244;3311;3
17248;3273;2
17251;3211;2
17255;3176;3
17258;3130;1
17262;3086;2
17266;3048;2
17269;2975;1
17273;2939;5
17277;2873;5
17280;2807;3
17284;2747;2
17288;2681;4
17291;2586;3
17295;2519;2
17299;2440;3
17302;2315;4
17306;2200;4
17309;2059;4
17313;1931;3
17317;1822;3
17320;1722;4
17324;1639;3
17328;1512;3
17331;1390;2
17335;1276;3
17339;1183;4
17342;1102;4
17346;1071;3
17350;1067;1
17353;1064;2
17357;1053;3
17361;1050;1
17364;1040;3
17368;1036;4
17371;1035;2
17375;1023;3
17379;1021;4
17382;1020;2
17386;1018;2
17390;1020;4
17393;1018;3
17397;1017;3
17401;1016;3
17404;1007;2
17408;1016;3
17412;1008;3
17415;1006;4
17419;1005;2
17422;1004;1
17426;1004;3
17430;1004;1
17433;1003;3
17437;1004;1
17441;1003;3
17444;1003;3
17448;1000;2
17452;1000;3
17455;1000;3
17459;1000;1
17463;992;3
17466;999;3
17470;992;2
17474;991;3
17477;991;2
17481;991;4
17484;989;2
17488;990;3
17492;988;3
17495;988;2
17499;988;2
17503;989;4
17506;987;4
17510;987;4
17514;987;4
17517;986;4
17521;986;3
17525;986;3
17528;985;4
17532;986;4
17535;984;3
17539;984;2
17543;984;3
17546;985;4
17550;976;4
17554;976;4
17557;983;3
17561;983;3
17565;975;3
17568;975;3
17572;974;4
17576;974;2
17579;974;4
17583;974;3
17587;973;4
17590;973;1
17594;973;5
17597;971;5
17601;971;2
17605;971;2
17608;972;3
17612;970;2
17616;970;5
17619;970;2
17623;970;4
17627;971;2
17630;971;3
17634;969;3
17638;970;4
17641;971;3
17645;970;4
17649;970;3
17652;968;3
17656;970;5
17659;968;3
17663;969;3
17667;969;2
17670;969;3
17674;969;3
17678;967;4
17681;968;3
17685;969;3
17689;968;4
17692;968;2
17696;968;3
17700;968;3
17703;960;3
17707;960;3
17710;967;2
17714;960;2
17718;960;2
17721;959;4
17725;966;3
17729;966;3
17732;959;5
17736;959;4
17740;959;3
17743;958;3
17747;958;4
17751;957;5
17754;958;4
17758;957;4
17762;958;4
17765;959;4
17769;957;3
17772;956;2
17776;957;3
17780;957;5
17783;956;4
17787;956;5
17791;957;4
17794;956;4
17798;956;4
17802;955;4
17805;955;4
17809;955;5
17813;956;3
17816;956;4
17820;955;3
17823;954;5
17827;954;2
17831;953;2
17834;954;3
17838;954;5
17842;956;4
17845;955;4
17849;954;5
17853;955;2
17856;954;4
17860;954;4
17864;953;4
17867;954;4
17871;954;2
17875;953;3
17878;952;4
17882;954;3
17885;952;3
17889;951;3
17893;953;3
17896;952;1
17900;951;5
17904;939;27
17907;922;61
17911;890;170
17915;878;220
17918;874;254
17922;874;282
17926;893;700
17929;919;1259
17933;937;1693
17936;953;2024
17940;958;2281
17944;968;2415
17947;971;2536
17951;975;2680
17955;985;2794
17958;986;2909
17962;989;3022
17966;999;3136
17969;1002;3273
17973;1007;3383
17977;1008;3464
17980;1017;3533
17984;1018;3600
17988;1020;3648
17991;1022;3693
17995;1033;3728
17998;1034;3760
18002;1037;3791
18006;1040;3817
18009;1048;3834
18013;1051;3848
18017;1054;3863
18020;1064;3869
18024;1068;3883
18028;1080;3900
18031;1082;3913
18035;1087;3919
18039;1095;3931
18042;1097;3944
18046;1099;3948
18050;1101;3960
18053;1104;3961
18057;1114;3965
18060;1116;3965
18064;1119;3963
18068;1128;3965
18071;1130;3967
18075;1132;3967
18079;1134;3975
18082;1144;3974
18086;1147;3964
18090;1149;3967
18093;1242;3964
18097;1339;3963
18101;1431;3961
18104;1533;3962
18108;1660;3963
18111;1710;3965
18115;1801;3965
18119;1864;3966
18122;1935;3967
18126;1994;3975
18130;2063;3976
18133;2121;3977
18137;2170;3976
18141;2222;3975
18144;2282;3966
18148;2318;3967
18152;2350;3966
18155;2396;3963
18159;2445;3961
18163;2490;3960
18166;2526;3950
18170;2599;3946
18173;2638;3934
18177;2688;3930
18181;2713;3926
18184;2746;3913
18188;2778;3901
18192;2800;3897
18195;2830;3895
18199;2873;3882
18203;2894;3871
18206;2924;3865
18210;2941;3852
18214;2970;3835
18217;3003;3823
18221;3020;3817
18224;3053;3801
18228;3069;3787
18232;3101;3774
18235;3117;3757
18239;3135;3740
18243;3151;3724
18246;3176;3707
18250;3192;3691
18254;3197;3674
18257;3211;3645
18261;3229;3627
18265;3245;3608
18268;3260;3578
18272;3272;3549
18276;3280;3519
18279;3291;3496
18283;3305;3464
18286;3319;3439
18290;3324;3416
18294;3337;3373
18297;3339;3355
18301;3357;3328
18305;3369;3306
18308;3374;3279
18312;3385;3258
18316;3399;3226
18319;3404;3198
18323;3415;3176
18327;3421;3148
18330;3433;3117
18334;3435;3084
18338;3440;3064
18341;3454;3035
18345;3463;3017
18348;3466;2984
18352;3469;2958
18356;3480;2938
18359;3483;2923
18363;3485;2891
18367;3496;2878
18370;3500;2863
18374;3504;2857
18378;3515;2842
18381;3516;2830
18385;3519;2814
18389;3528;2799
18392;3532;2783
18396;3533;2767
18399;3544;2762
18403;3545;2749
18407;3548;2733
18410;3550;2711
18414;3559;2696
18418;3562;2680
18421;3564;2666
18425;3566;2653
18429;3576;2649
18432;3578;2634
18436;3579;2622
18440;3581;2604
18443;3582;2600
18447;3593;2589
18451;3595;2552
18454;3595;2527
18458;3598;2511
18461;3607;2475
18465;3608;2464
18469;3608;2458
18472;3611;2430
18476;3613;2410
18480;3615;2393
18483;3616;2366
18487;3625;2349
18491;3628;2345
18494;3639;2328
18498;3640;2284
18502;3643;2248
18505;3646;2175
18509;3656;2142
18512;3659;2103
18516;3662;2064
18520;3672;2025
18523;3674;1964
18527;3675;1883
18531;3677;1834
18534;3689;1783
18538;3690;1712
18542;3692;1630
18545;3694;1527
18549;3704;1400
18553;3707;1308
18556;3707;1197
18560;3711;1104
18564;3720;1035
18567;3724;983
18571;3735;959
18574;3737;956
18578;3741;954
18582;3753;944
18585;3753;943
18589;3756;939
18593;3757;937
18596;3767;927
18600;3770;925
18604;3772;923
18607;3775;920
18611;3785;911
18615;3785;908
18618;3789;907
18622;3790;904
18625;3790;894
18629;3800;890
18633;3801;879
18636;3801;876
18640;3803;872
18644;3805;860
18647;3806;846
18651;3815;842
18655;3816;828
18658;3820;812
18662;3820;796
18666;3820;779
18669;3830;762
18673;3830;733
18677;3832;703
18680;3834;679
18684;3834;650
18687;3838;618
18691;3840;574
18695;3850;538
18698;3854;493
18702;3864;457
18706;3867;414
18709;3869;391
18713;3879;360
18717;3881;331
18720;3886;288
18724;3896;254
18728;3898;233
18731;3899;192
18735;3912;155
18739;3914;138
18742;3916;122
18746;3917;105
18749;3929;80
18753;3927;77
18757;3931;75
18760;3931;71
18764;3930;58
18768;3934;17
18771;3934;17
18775;3933;8
18779;3930;16
18782;3929;7
18786;3928;4
18790;3918;4
18793;3912;5
18797;3899;4
18800;3886;5
18804;3871;4
18808;3850;2
18811;3821;3
18815;3799;4
18819;3768;2
18822;3742;3
18826;3720;2
18830;3675;2
18833;3655;3
18837;3613;2
18841;3561;2
18844;3528;3
18848;3486;2
18852;3454;2
18855;3417;3
18859;3358;2
18862;3326;1
18866;3295;4
18870;3260;2
18873;3182;1
18877;3145;3
18881;3112;4
18884;3070;4
18888;3035;2
18892;2984;3
18895;2927;2
18899;2890;4
18903;2831;2
18906;2796;2
18910;2730;2
18913;2695;2
18917;2684;2
18921;2634;3
18924;2586;2
18928;2538;2
18932;2448;3
18935;2393;4
18939;2312;1
18943;2203;3
18946;2064;1
18950;2008;3
18954;1931;2
18957;1867;4
18961;1785;1
18965;1706;2
18968;1599;3
18972;1483;3
18975;1391;2
18979;1296;2
18983;1211;2
18986;1096;3
18990;1038;1
18994;1035;3
18997;1022;4
19001;1021;3
19005;1016;3
19008;1015;2
19012;1002;4
19016;1002;2
19019;998;4
19023;988;4
19026;987;4
19030;984;2
19034;973;2
19037;974;2
19041;973;3
19045;974;1
19048;974;2
19052;973;3
19056;971;3
19059;971;0
19063;970;3
19067;969;3
19070;970;2
19074;969;3
19078;968;1
19081;968;1
19085;967;2
19088;967;3
19092;966;2
19096;966;3
19099;959;2
19103;959;3
19107;957;2
19110;957;1
19114;957;2
19118;958;2
19121;956;3
19125;956;3
19129;955;3
19132;955;3
19136;954;4
19140;954;1
19143;953;3
19147;953;2
19150;954;3
19154;953;4
19158;952;1
19161;952;2
19165;953;3
19169;952;2
19172;943;4
19176;951;2
19180;951;3
19183;943;2
19187;943;3
19191;943;3
19194;941;2
19198;941;3
19201;942;3
19205;942;4
19209;941;3
19212;941;1
19216;942;5
19220;941;2
19223;940;2
19227;940;3
19231;942;1
19234;940;2
19238;940;2
19242;940;3
19245;939;2
19249;940;2
19253;940;4
19256;940;3
19260;941;4
19263;938;3
19267;938;1
19271;939;0
19274;939;2
19278;937;1
19282;937;3
19285;938;4
19289;938;4
19293;937;4
19296;939;1
19300;938;1
19304;938;2
19307;936;3
19311;939;1
19314;938;3
19318;938;3
19322;937;2
19325;937;2
19329;936;3
19333;936;3
19336;937;4
19340;936;3
19344;936;2
19347;936;2
19351;928;2
19355;936;1
19358;935;2
19362;927;2
19366;936;2
19369;927;3
19373;935;0
19376;935;3
19380;926;2
19384;925;2
19387;927;2
19391;926;3
19395;925;0
19398;926;3
19402;926;2
19406;926;1
19409;924;1
19413;925;2
19417;927;2
19420;925;0
19424;924;3
19427;925;2
19431;925;3
19435;924;3
19438;925;1
19442;925;2
19446;925;3
19449;924;4
19453;924;3
19457;924;3
19460;924;3
19464;924;3
19468;923;4
19471;923;5
19475;923;4
19479;923;3
19482;924;1
19486;921;4
19489;923;3
19493;922;2
19497;923;3
19500;921;4
19504;921;2
19508;923;4
19511;922;3
19515;922;3
19519;922;3
19522;922;4
19526;920;2
19530;922;3
19533;922;3
19537;922;4
19541;921;4
19544;921;2
19548;922;5
19551;921;8
19555;920;6
19559;908;24
19562;906;43
19566;874;127
19570;861;171
19573;845;231
19577;845;332
19581;874;878
19584;904;1500
19588;920;1915
19592;935;2172
19595;941;2412
19599;944;2543
19602;952;2684
19606;956;2806
19610;957;2911
19613;966;3001
19617;960;3067
19621;968;3150
19624;969;3240
19628;972;3326
19632;974;3419
19635;983;3511
19639;984;3595
19643;987;3660
19646;987;3709
19650;990;3760
19654;992;3800
19657;999;3824
19661;1001;3848
19664;1004;3868
19668;1003;3884
19672;1007;3899
19675;1006;3913
19679;1016;3916
19683;1017;3929
19686;1019;3931
19690;1020;3934
19694;1032;3944
19697;1033;3946
19701;1036;3948
19705;1036;3963
19708;1038;3968
19712;1040;3978
19715;1048;3981
19719;1051;3996
19723;1052;4011
19726;1063;4023
19730;1066;4031
19734;1068;4042
19737;1069;4054
19741;1079;4061
19745;1082;4072
19748;1083;4087
19752;1086;4095
19756;1095;4095
19759;1097;4095
19763;1100;4095
19767;1102;4095
19770;1112;4095
19774;1114;4095
19777;1116;4095
19781;1117;4095
19785;1120;4095
19788;1128;4095
19792;1128;4095
19796;1130;4095
19799;1132;4095
19803;1134;4095
19807;1134;4095
19810;1144;4095
19814;1145;4095
19818;1145;4095
19821;1208;4095
19825;1272;4095
19828;1327;4095
19832;1389;4095
19836;1436;4095
19839;1497;4095
19843;1560;4095
19847;1630;4095
19850;1688;4095
19854;1757;4095
19858;1801;4095
19861;1854;4095
19865;1885;4095
19869;1903;4095
19872;1944;4095
19876;1966;4095
19880;2010;4095
19883;2056;4095
19887;2076;4095
19890;2104;4095
19894;2153;4095
19898;2172;4088
19901;2205;4077
19905;2233;4072
19909;2265;4061
19912;2288;4055
19916;2334;4043
19920;2361;4029
19923;2397;4024
19927;2425;4012
19931;2460;4000
19934;2506;3993
19938;2538;3979
19942;2572;3965
19945;2589;3950
19949;2624;3945
19952;2650;3931
19956;2666;3917
19960;2688;3904
19963;2712;3895
19967;2733;3881
19971;2765;3869
19974;2794;3865
19978;2815;3853
19982;2827;3839
19985;2844;3833
19989;2872;3819
19993;2891;3804
19996;2905;3801
20000;2920;3789
20003;2926;3784
20007;2953;3773
20011;2967;3768
20014;2974;3758
20018;3000;3743
20022;3015;3739
20025;3020;3726
20029;3038;3719
20033;3064;3706
20036;3070;3695
20040;3083;3688
20044;3100;3676
20047;3130;3660
20051;3144;3657
20055;3160;3644
20058;3167;3642
20062;3192;3629
20065;3208;3626
20069;3215;3613
20073;3227;3609
20076;3239;3594
20080;3243;3579
20084;3256;3562
20087;3262;3546
20091;3272;3531
20095;3276;3519
20098;3289;3511
20102;3304;3486
20106;3308;3472
20109;3322;3466
20113;3327;3450
20116;3338;3433
20120;3356;3415
20124;3359;3390
20127;3370;3371
20131;3384;3355
20135;3390;3340
20138;3403;3322
20142;3407;3309
20146;3419;3294
20149;3422;3263
20153;3434;3244
20157;3446;3228
20160;3440;3209
20164;3452;3180
20168;3464;3162
20171;3468;3135
20175;3480;3104
20178;3485;3072
20182;3497;3048
20186;3498;3005
20189;3504;2971
20193;3514;2942
20197;3519;2923
20200;3528;2887
20204;3535;2846
20208;3545;2798
20211;3547;2766
20215;3559;2733
20219;3566;2697
20222;3577;2665
20226;3581;2640
20229;3595;2608
20233;3599;2586
20237;3610;2528
20240;3613;2478
20244;3624;2393
20248;3625;2301
20251;3628;2171
20255;3630;2105
20259;3642;1966
20262;3645;1835
20266;3646;1704
20270;3647;1544
20273;3656;1387
20277;3660;1244
20281;3662;1120
20284;3671;1033
20288;3673;1017
20291;3676;1006
20295;3688;999
20299;3689;987
20302;3692;975
20306;3694;972
20310;3707;959
20313;3709;956
20317;3719;953
20321;3722;941
20324;3726;936
20328;3737;923
20332;3739;911
20335;3752;907
20339;3753;893
20343;3757;888
20346;3767;875
20350;3770;861
20353;3774;856
20357;3785;842
20361;3792;827
20364;3801;812
20368;3807;796
20372;3818;778
20375;3821;749
20379;3831;716
20383;3834;684
20386;3838;656
20390;3851;632
20394;3864;602
20397;3866;574
20401;3879;551
20404;3882;523
20408;3887;495
20412;3900;475
20415;3911;454
20419;3915;425
20423;3919;396
20426;3929;378
20430;3934;361
20434;3944;335
20437;3948;315
20441;3960;299
20445;3961;271
20448;3965;253
20452;3974;233
20456;3978;205
20459;3980;200
20463;3981;187
20466;3993;120
20470;3995;103
20474;3999;75
20477;4006;58
20481;4008;42
20485;4010;29
20488;4011;27
20492;4011;20
20496;4011;18
20499;4010;6
20503;4012;5
20507;4010;5
20510;4009;3
20514;3999;4
20517;3997;3
20521;3993;4
20525;3982;4
20528;3976;6
20532;3963;4
20536;3948;2
20539;3929;3
20543;3898;3
20547;3868;3
20550;3836;2
20554;3806;1
20558;3784;2
20561;3742;3
20565;3691;2
20569;3647;3
20572;3629;2
20576;3597;2
20579;3566;1
20583;3544;3
20587;3531;4
20590;3501;3
20594;3465;3
20598;3423;2
20601;3375;2
20605;3342;3
20609;3308;3
20612;3262;3
20616;3242;2
20620;3199;1
20623;3159;3
20627;3113;1
20631;3069;2
20634;3022;2
20638;2972;2
20641;2905;2
20645;2863;2
20649;2799;3
20652;2746;2
20656;2699;2
20660;2648;3
20663;2558;2
20667;2492;2
20671;2399;1
20674;2295;3
20678;2201;2
20682;2095;3
20685;1967;1
20689;1900;2
20692;1849;2
20696;1742;2
20700;1658;3
20703;1567;2
20707;1481;2
20711;1354;3
20714;1271;3
20718;1176;3
20722;1070;3
20725;1040;2
20729;1038;2
20733;1035;3
20736;1032;2
20740;1021;2
20744;1017;2
20747;1006;3
20751;1003;3
20754;999;3
20758;990;2
20762;988;3
20765;987;4
20769;986;2
20773;985;2
20776;984;2
20780;984;3
20784;985;1
20787;983;2
20791;976;3
20795;975;2
20798;975;1
20802;973;2
20805;972;2
20809;972;3
20813;973;3
20816;972;1
20820;971;1
20824;971;1
20827;969;2
20831;970;3
20835;971;2
20838;969;1
20842;968;3
20846;967;2
20849;969;1
20853;967;2
20857;967;1
20860;966;3
20864;967;2
20867;960;3
20871;967;2
20875;959;0
20878;957;2
20882;957;1
20886;960;4
20889;957;1
20893;958;3
20897;956;2
20900;956;3
20904;955;2
20908;956;2
20911;955;2
20915;954;2
20918;955;3
20922;956;2
20926;954;2
20929;954;2
20933;953;2
20937;955;2
20940;953;2
20944;952;2
20948;953;3
20951;953;2
20955;952;3
20959;952;2
20962;950;3
20966;952;3
20970;944;3
20973;951;3
20977;943;2
20980;943;3
20984;942;1
20988;942;3
20991;942;3
20995;941;2
20999;942;2
21002;941;3
21006;941;2
21010;941;0
21013;943;3
21017;950;3
21021;940;3
21024;941;2
21028;940;2
21032;940;2
21035;940;2
21039;940;3
21042;941;1
21046;939;2
21050;939;3
21053;939;3
21057;939;2
21061;939;2
21064;939;3
21068;938;1
21072;939;3
21075;938;2
21079;938;3
21083;938;3
21086;938;4
21090;937;3
21093;936;3
21097;938;4
21101;936;2
21104;938;4
21108;937;3
21112;937;3
21115;936;2
21119;936;2
21123;928;1
21126;936;2
21130;935;3
21134;935;3
21137;935;3
21141;927;2
21145;936;3
21148;927;3
21152;936;3
21155;935;3
21159;926;4
21163;926;4
21166;925;4
21170;927;3
21174;926;3
21177;928;2
21181;927;4
21185;927;3
21188;925;3
21192;926;2
21196;925;3
21199;925;4
21203;925;2
21207;925;4
21210;926;4
21214;925;3
21217;925;2
21221;925;2
21225;925;4
21228;924;5
21232;923;3
21236;924;3
21239;924;2
21243;924;3
21247;924;2
21250;925;4
21254;923;3
21258;924;2
21261;923;4
21265;922;3
21268;924;2
21272;923;4
21276;925;3
21279;923;4
21283;925;5
21287;910;28
21290;896;75
21294;877;126
21298;864;170
21301;861;215
21305;858;240
21309;856;267
21312;861;541
21316;887;1002
21319;909;1567
21323;925;1902
21327;936;2141
21330;950;2409
21334;956;2567
21338;957;2714
21341;967;2842
21345;969;2954
21349;971;3065
21352;974;3168
21356;985;3293
21360;989;3399
21363;988;3496
21367;991;3576
21371;1002;3656
21374;1003;3710
21378;1003;3769
21381;1003;3804
21385;1001;3835
21389;1000;3863
21392;1001;3883
21396;1002;3899
21400;1004;3919
21403;1006;3935
21407;1008;3949
21411;1015;3951
21414;1019;3962
21418;1022;3974
21422;1032;3978
21425;1033;3994
21429;1037;3999
21433;1038;4012
21436;1050;4023
21440;1051;4025
21443;1053;4024
21447;1064;4030
21451;1066;4038
21454;1069;4040
21458;1081;4048
21462;1083;4060
21465;1086;4070
21469;1096;4075
21473;1098;4078
21476;1101;4079
21480;1111;4090
21484;1112;4091
21487;1116;4093
21491;1117;4095
21494;1193;4095
21498;1307;4095
21502;1384;4095
21505;1482;4095
21509;1597;4095
21513;1693;4095
21516;1771;4095
21520;1834;4095
21524;1901;4095
21527;1952;4095
21531;2009;4095
21535;2046;4095
21538;2104;4095
21542;2142;4095
21546;2190;4095
21549;2217;4095
21553;2270;4095
21556;2313;4095
21560;2344;4090
21564;2375;4087
21567;2411;4072
21571;2462;4061
21575;2508;4056
21578;2568;4044
21582;2615;4040
21586;2666;4040
21589;2701;4028
21593;2745;4024
21597;2781;4011
21600;2824;3997
21604;2846;3983
21607;2873;3977
21611;2906;3963
21615;2936;3946
21618;2958;3931
21622;2984;3919
21626;3002;3911
21629;3020;3885
21633;3035;3870
21637;3066;3854
21640;3085;3837
21644;3112;3820
21648;3132;3807
21651;3145;3787
21655;3161;3767
21659;3191;3742
21662;3199;3726
21666;3223;3705
21669;3242;3680
21673;3260;3672
21677;3276;3644
21680;3280;3614
21684;3295;3583
21688;3320;3566
21691;3326;3546
21695;3341;3518
21699;3358;3499
21702;3374;3482
21706;3386;3455
21710;3391;3447
21713;3403;3432
21717;3416;3417
21720;3422;3405
21724;3432;3386
21728;3436;3370
21731;3449;3353
21735;3456;3336
21739;3465;3325
21742;3481;3309
21746;3487;3305
21750;3498;3292
21753;3512;3280
21757;3513;3264
21761;3518;3245
21764;3528;3231
21768;3534;3214
21772;3545;3210
21775;3546;3198
21779;3551;3182
21782;3563;3176
21786;3567;3151
21790;3578;3145
21793;3581;3117
21797;3584;3102
21801;3594;3084
21804;3598;3056
21808;3609;3033
21812;3610;3007
21815;3614;2987
21819;3614;2970
21823;3625;2953
21826;3628;2924
21830;3631;2904
21834;3643;2876
21837;3647;2846
21841;3658;2825
21844;3660;2797
21848;3672;2764
21852;3677;2744
21855;3678;2712
21859;3691;2679
21863;3692;2633
21866;3695;2603
21870;3706;2538
21874;3708;2477
21877;3710;2423
21881;3722;2367
21885;3727;2270
21888;3736;2171
21892;3741;2075
21895;3750;1920
21899;3753;1819
21903;3758;1726
21906;3768;1595
21910;3771;1451
21914;3774;1293
21917;3785;1150
21921;3788;1052
21925;3800;1005
21928;3805;1002
21932;3816;988
21936;3820;985
21939;3823;973
21943;3835;969
21947;3838;958
21950;3850;955
21954;3853;952
21957;3865;941
21961;3866;938
21965;3879;926
21968;3884;922
21972;3887;910
21976;3897;904
21979;3901;891
21983;3912;876
21987;3916;872
21990;3920;859
21994;3930;841
21998;3934;825
22001;3935;808
22005;3946;781
22008;3948;748
22012;3959;713
22016;3961;669
22019;3963;634
22023;3966;586
22027;3976;539
22030;3981;480
22034;3982;445
22038;3993;394
22041;3997;349
22045;4008;283
22049;4011;248
22052;4013;223
22056;4025;187
22060;4028;144
22063;4029;122
22067;4039;105
22070;4042;71
22074;4043;58
22078;4044;42
22081;4056;27
22085;4056;20
22089;4058;18
22092;4059;6
22096;4060;5
22100;4061;3
22103;4060;5
22107;4061;6
22111;4062;4
22114;4062;5
22118;4060;4
22121;4058;4
22125;4058;4
22129;4059;4
22132;4055;3
22136;4045;3
22140;4042;5
22143;4030;3
22147;4025;3
22151;4013;4
22154;4007;2
22158;3992;2
22162;3965;2
22165;3946;4
22169;3928;2
22173;3899;4
22176;3867;2
22180;3835;4
22183;3800;2
22187;3738;2
22191;3690;3
22194;3645;1
22198;3613;3
22202;3592;1
22205;3576;2
22209;3543;2
22213;3500;3
22216;3465;2
22220;3420;1
22224;3384;2
22227;3352;2
22231;3307;2
22235;3272;2
22238;3231;2
22242;3183;4
22245;3134;2
22249;3072;3
22253;3033;4
22256;2984;2
22260;2926;1
22264;2873;4
22267;2765;3
22271;2685;2
22275;2588;2
22278;2478;4
22282;2349;2
22286;2221;3
22289;2120;3
22293;2027;4
22296;1913;2
22300;1787;3
22304;1672;2
22307;1564;2
22311;1431;2
22315;1323;3
22318;1165;1
22322;1085;1
22326;1080;1
22329;1069;1
22333;1064;0
22337;1055;2
22340;1051;3
22344;1040;2
22348;1036;3
22351;1032;2
22355;1021;3
22358;1017;3
22362;1015;2
22366;1016;1
22369;1006;2
22373;1006;2
22377;1006;1
22380;1004;2
22384;1005;2
22388;1004;2
22391;1004;4
22395;1002;2
22399;1002;2
22402;1002;2
22406;1000;3
22409;1001;2
22413;1001;3
22417;999;2
22420;1000;2
22424;991;2
22428;991;2
22431;990;4
22435;992;3
22439;989;2
22442;990;2
22446;989;3
22450;988;2
22453;988;3
22457;988;3
22461;987;3
22464;986;1
22468;987;2
22471;985;3
22475;986;3
22479;985;2
22482;984;2
22486;984;3
22490;985;2
22493;984;1
22497;984;3
22501;984;3
22504;984;3
22508;974;3
22512;982;3
22515;974;2
22519;975;3
22522;975;2
22526;974;3
22530;974;3
22533;973;2
22537;972;3
22541;972;2
22544;972;4
22548;973;3
22552;971;0
22555;971;2
22559;971;3
22563;972;2
22566;970;3
22570;969;2
22574;969;2
22577;969;2
22581;969;3
22584;969;2
22588;969;3
22592;968;3
22595;969;3
22599;968;2
22603;969;1
22606;968;3
22610;968;2
22614;968;3
22617;967;2
22621;968;3
22625;967;2
22628;967;2
22632;968;1
22636;959;2
22639;966;2
22643;966;1
22646;958;2
22650;958;2
22654;958;1
22657;958;3
22661;958;4
22665;957;2
22668;958;1
22672;958;4
22676;957;3
22679;957;3
22683;956;3
22687;955;3
22690;956;3
22694;956;3
22697;956;4
22701;956;3
22705;955;4
22708;954;3
22712;954;4
22716;955;2
22719;954;4
22723;955;4
22727;954;3
22730;954;2
22734;952;3
22738;955;3
22741;954;4
22745;953;1
22749;953;3
22752;952;3
22756;952;3
22759;952;2
22763;952;2
22767;952;3
22770;952;3
22774;952;2
22778;952;4
22781;952;3
22785;951;3
22789;952;3
22792;952;3
22796;952;2
22800;944;4
22803;952;3
22807;942;2
22810;943;3
22814;951;3
22818;950;2
22821;942;4
22825;951;4
22829;944;4
22832;942;4
22836;951;3
22840;940;4
22843;920;71
22847;878;185
22851;863;233
22854;864;272
22858;878;639
22862;908;1215
22865;937;1720
22869;953;2078
22872;959;2362
22876;973;2587
22880;984;2790
22883;987;2911
22887;989;3033
22891;990;3132
22894;999;3223
22898;991;3320
22902;991;3422
22905;991;3531
22909;999;3631
22913;1000;3721
22916;1000;3786
22920;1002;3834
22924;1002;3880
22927;1003;3920
22931;1003;3960
22934;1003;3992
22938;1003;4008
22942;1006;4024
22945;1015;4027
22949;1020;4027
22953;1023;4024
22956;1035;4023
22960;1039;4015
22964;1050;4025
22967;1054;4029
22971;1068;4042
22975;1070;4047
22978;1082;4057
22982;1088;4058
22985;1098;4058
22989;1111;4059
22993;1115;4061
22996;1119;4060
23000;1129;4059
23004;1133;4058
23007;1143;4057
23011;1146;4056
23015;1149;4045
23018;1323;4046
23022;1501;4044
23026;1679;4044
23029;1834;4042
23033;1944;4040
23037;2029;4030
23040;2152;4027
23044;2231;4023
23047;2314;4014
23051;2393;4008
23055;2460;3998
23058;2506;3991
23062;2555;3977
23066;2616;3961
23069;2648;3946
23073;2696;3932
23077;2729;3916
23080;2750;3901
23084;2780;3885
23088;2815;3866
23091;2844;3839
23095;2873;3824
23098;2892;3806
23102;2920;3789
23106;2936;3769
23109;2951;3743
23113;2957;3725
23117;2972;3706
23120;2990;3689
23124;3003;3658
23128;3022;3640
23131;3048;3612
23135;3066;3595
23139;3082;3567
23142;3101;3546
23146;3116;3527
23150;3127;3499
23153;3145;3478
23157;3168;3451
23160;3180;3417
23164;3193;3386
23168;3199;3359
23171;3211;3326
23175;3226;3305
23179;3243;3273
23182;3257;3243
23186;3271;3209
23190;3279;3192
23193;3289;3165
23197;3305;3144
23201;3308;3114
23204;3324;3083
23208;3342;3063
23211;3350;3034
23215;3354;3002
23219;3368;2984
23222;3370;2954
23226;3374;2925
23230;3384;2906
23233;3386;2890
23237;3392;2875
23241;3402;2862
23244;3408;2846
23248;3416;2840
23252;3423;2815
23255;3434;2800
23259;3439;2797
23263;3455;2790
23266;3467;2777
23270;3481;2765
23273;3486;2760
23277;3498;2749
23281;3512;2735
23284;3518;2728
23288;3529;2718
23292;3531;2702
23295;3544;2696
23299;3548;2666
23303;3550;2652
23306;3563;2635
23310;3568;2617
23314;3578;2587
23317;3581;2558
23321;3592;2527
23325;3594;2478
23328;3597;2440
23332;3599;2384
23335;3608;2351
23339;3608;2300
23343;3611;2264
23346;3623;2252
23350;3625;2216
23354;3628;2155
23357;3641;2093
23361;3641;2023
23365;3646;1960
23368;3657;1870
23372;3657;1773
23376;3660;1705
23379;3664;1628
23383;3675;1513
23386;3677;1392
23390;3679;1262
23394;3691;1134
23397;3691;1081
23401;3704;1002
23405;3709;983
23408;3721;973
23412;3735;969
23416;3740;959
23419;3742;955
23423;3753;952
23427;3758;944
23430;3760;940
23434;3773;938
23438;3785;936
23441;3790;925
23445;3801;923
23448;3803;921
23452;3817;910
23456;3820;907
23459;3832;904
23463;3836;893
23467;3847;889
23470;3850;878
23474;3854;874
23478;3864;862
23481;3870;856
23485;3880;841
23489;3883;829
23492;3887;813
23496;3899;797
23499;3904;779
23503;3915;747
23507;3917;716
23510;3928;685
23514;3931;652
23518;3934;632
23521;3944;590
23525;3947;543
23529;3959;506
23532;3963;456
23536;3966;427
23540;3974;397
23543;3979;366
23547;3983;317
23551;3996;281
23554;4008;237
23558;4012;200
23561;4013;189
23565;4016;188
23569;4026;170
23572;4030;152
23576;4039;119
23580;4045;63
23583;4055;59
23587;4057;45
23591;4059;31
23594;4062;30
23598;4063;29
23602;4063;24
23605;4073;22
23609;4074;19
23612;4075;18
23616;4077;8
23620;4080;5
23623;4088;5
23627;4089;4
23631;4088;4
23634;4090;2
23638;4090;4
23642;4092;3
23645;4091;4
23649;4092;3
23653;4091;4
23656;4091;4
23660;4091;2
23664;4090;3
23667;4088;3
23671;4088;3
23674;4076;3
23678;4075;3
23682;4063;2
23685;4059;4
23689;4048;2
23693;4044;3
23696;4029;3
23700;4013;4
23704;3994;1
23707;3979;2
23711;3960;2
23715;3943;3
23718;3916;3
23722;3888;4
23726;3853;1
23729;3820;2
23733;3802;3
23736;3775;2
23740;3769;3
23744;3727;3
23747;3690;3
23751;3632;5
23755;3583;2
23758;3544;3
23762;3487;2
23766;3451;4
23769;3400;3
23773;3351;2
23777;3289;3
23780;3240;1
23784;3192;3
23787;3132;3
23791;3063;3
23795;3003;3
23798;2922;1
23802;2840;3
23806;2735;1
23809;2636;3
23813;2491;3
23817;2394;3
23820;2311;3
23824;2186;3
23828;2077;2
23831;1980;2
23835;1851;2
23839;1706;3
23842;1608;1
23846;1483;1
23849;1325;2
23853;1160;3
23857;1096;2
23860;1078;2
23864;1068;2
23868;1066;2
23871;1052;3
23875;1050;1
23879;1039;3
23882;1036;2
23886;1031;1
23890;1019;3
23893;1017;3
23897;1017;3
23900;1016;3
23904;1008;2
23908;1017;2
23911;1015;2
23915;1007;1
23919;1007;3
23922;1006;3
23926;1005;2
23930;1003;1
23933;1004;2
23937;1002;3
23941;1002;3
23944;1002;3
23948;1001;1
23952;1002;1
23955;1000;3
23959;1000;2
23962;1000;1
23966;992;3
23970;991;2
23973;991;3
23977;999;1
23981;991;1
23984;990;2
23988;988;2
23992;989;3
23995;987;3
23999;986;3
24003;988;1
24006;986;3
24010;986;1
24013;986;2
24017;986;3
24021;985;2
24024;985;3
24028;984;1
24032;985;3
24035;983;2
24039;984;3
24043;976;1
24046;975;3
24050;976;3
24054;974;2
24057;974;3
24061;974;2
24065;974;2
24068;974;1
24072;972;3
24075;974;2
24079;972;2
24083;973;3
24086;972;3
24090;972;3
24094;972;4
24097;971;2
24101;971;3
24105;970;2
24108;969;3
24112;970;2
24116;970;1
24119;970;3
24123;969;2
24127;969;3
24130;970;3
24134;967;2
24137;969;1
24141;967;2
24145;968;2
24148;968;3
24152;966;2
24156;968;3
24159;967;2
24163;968;2
24167;967;2
24170;966;2
24174;959;1
24178;959;2
24181;958;2
24185;959;3
24188;958;1
24192;958;3
24196;957;3
24199;957;4
24203;958;2
24207;956;2
24210;956;3
24214;957;2
24218;956;2
24221;957;2
24225;957;3
24229;956;4
24232;956;3
24236;956;3
24240;955;2
24243;954;2
24247;955;3
24250;955;3
24254;955;2
24258;956;2
24261;954;0
24265;955;3
24269;954;1
24272;954;1
24276;954;2
24280;953;2
24283;952;1
24287;954;3
24291;953;1
24294;953;2
24298;952;3
24301;952;2
24305;951;3
24309;952;2
24312;952;2
24316;952;1
24320;952;2
24323;952;2
24327;950;2
24331;952;2
24334;951;3
24338;943;2
24342;943;2
24345;944;2
24349;944;1
24353;943;3
24356;943;2
24360;943;2
24363;942;3
24367;942;3
24371;943;2
24374;943;1
24378;943;2
24382;951;2
24385;951;0
24389;940;1
24393;942;2
24396;941;3
24400;942;1
24404;943;3
24407;942;1
24411;942;2
24414;941;1
24418;940;2
24422;942;2
24425;937;19
24429;896;110
24433;878;174
24436;863;237
24440;873;461
24444;890;905
24447;920;1472
24451;937;1879
24455;951;2139
24458;957;2365
24462;968;2554
24466;972;2713
24469;975;2828
24473;984;2939
24476;987;3022
24480;988;3113
24484;989;3195
24487;992;3288
24491;1001;3388
24495;1003;3468
24498;1004;3549
24502;1005;3616
24506;1007;3675
24509;1006;3720
24513;1005;3757
24517;1005;3789
24520;1003;3818
24524;1001;3839
24528;999;3865
24531;999;3884
24535;1001;3902
24538;1003;3920
24542;1004;3931
24546;1006;3943
24549;1016;3951
24553;1021;3964
24557;1021;3977
24560;1032;3982
24564;1035;3993
24568;1037;3998
24571;1040;4009
24575;1050;4012
24579;1052;4015
24582;1053;4024
24586;1064;4029
24589;1065;4041
24593;1070;4048
24597;1080;4058
24600;1081;4062
24604;1084;4071
24608;1085;4075
24611;1086;4078
24615;1097;4088
24619;1099;4090
24622;1100;4094
24626;1111;4095
24630;1182;4095
24633;1288;4095
24637;1407;4095
24641;1504;4095
24644;1595;4095
24648;1693;4095
24651;1787;4095
24655;1837;4095
24659;1899;4095
24662;1931;4095
24666;1979;4095
24670;2000;4095
24673;2044;4095
24677;2064;4095
24681;2104;4095
24684;2153;4095
24688;2184;4095
24692;2220;4095
24695;2254;4095
24699;2313;4095
24702;2350;4095
24706;2364;4095
24710;2409;4095
24713;2445;4095
24717;2479;4094
24721;2510;4090
24724;2538;4088
24728;2571;4077
24732;2586;4073
24735;2607;4058
24739;2650;4047
24743;2665;4040
24746;2682;4016
24750;2713;4012
24754;2733;4008
24757;2767;3996
24761;2793;3984
24764;2809;3979
24768;2825;3965
24772;2847;3960
24775;2860;3946
24779;2877;3932
24783;2904;3917
24786;2912;3902
24790;2935;3896
24794;2956;3884
24797;2968;3869
24801;2985;3853
24805;3003;3848
24808;3020;3834
24812;3048;3819
24815;3052;3805
24819;3068;3792
24823;3083;3784
24826;3096;3768
24830;3114;3743
24834;3131;3735
24837;3148;3723
24841;3163;3705
24845;3184;3690
24848;3211;3675
24852;3226;3660
24856;3240;3646
24859;3244;3630
24863;3260;3616
24867;3277;3598
24870;3279;3581
24874;3294;3576
24877;3307;3560
24881;3320;3535
24885;3336;3528
24888;3343;3515
24892;3354;3500
24896;3369;3486
24899;3373;3480
24903;3385;3468
24907;3387;3453
24910;3402;3449
24914;3406;3434
24918;3415;3418
24921;3419;3405
24925;3432;3391
24929;3436;3375
24932;3437;3356
24936;3440;3343
24939;3448;3324
24943;3453;3309
24947;3464;3290
24950;3467;3273
24954;3471;3256
24958;3481;3242
24961;3482;3213
24965;3496;3209
24969;3498;3183
24972;3500;3175
24976;3512;3149
24980;3514;3120
24983;3518;3100
24987;3530;3082
24990;3532;3054
24994;3544;3034
24998;3548;3006
25001;3564;2985
25005;3568;2958
25009;3581;2923
25012;3595;2877
25016;3599;2832
25020;3612;2799
25023;3624;2764
25027;3628;2719
25031;3641;2682
25034;3657;2617
25038;3661;2576
25042;3673;2520
25045;3679;2440
25049;3691;2336
25052;3704;2232
25056;3710;2120
25060;3721;1982
25063;3736;1818
25067;3741;1677
25071;3751;1549
25074;3758;1359
25078;3768;1192
25082;3773;1055
25085;3785;1033
25089;3802;1018
25093;3817;1004
25096;3832;992
25100;3837;986
25103;3851;973
25107;3867;959
25111;3879;954
25114;3886;942
25118;3900;927
25122;3916;910
25125;3928;896
25129;3935;878
25133;3948;861
25136;3961;839
25140;3975;811
25144;3978;764
25147;3991;718
25151;3995;665
25155;3999;606
25158;4011;551
25162;4014;492
25165;4027;446
25169;4031;396
25173;4043;347
25176;4047;282
25180;4058;237
25184;4062;206
25187;4076;159
25191;4078;142
25195;4090;106
25198;4093;78
25202;4095;71
25206;4095;45
25209;4095;31
25213;4095;29
25217;4095;28
25220;4095;23
25224;4095;21
25227;4095;21
25231;4095;20
25235;4095;19
25238;4095;18
25242;4095;9
25246;4095;8
25249;4095;6
25253;4095;6
25257;4095;5
25260;4095;5
25264;4095;5
25268;4095;4
25271;4095;2
25275;4095;2
25278;4095;1
25282;4092;3
25286;4077;3
25289;4064;4
25293;4042;3
25297;4013;1
25300;3979;3
25304;3959;1
25308;3928;2
25311;3897;3
25315;3864;2
25319;3831;3
25322;3806;4
25326;3760;3
25330;3722;3
25333;3687;2
25337;3626;2
25340;3582;1
25344;3515;2
25348;3466;2
25351;3402;2
25355;3343;3
25359;3289;1
25362;3226;2
25366;3165;4
25370;3113;2
25373;3048;4
25377;2968;2
25381;2877;3
25384;2796;3
25388;2699;2
25392;2617;4
25395;2490;2
25399;2364;2
25402;2248;2
25406;2108;3
25410;1951;3
25413;1838;4
25417;1752;2
25421;1609;1
25424;1499;3
25428;1339;2
25432;1195;5
25435;1086;3
25439;1081;2
25443;1069;3
25446;1066;3
25450;1063;2
25453;1052;2
25457;1040;2
25461;1039;2
25464;1035;4
25468;1035;2
25472;1033;2
25475;1034;4
25479;1032;2
25483;1024;3
25486;1022;2
25490;1023;3
25494;1022;2
25497;1022;2
25501;1020;3
25504;1019;2
25508;1020;2
25512;1018;2
25515;1016;2
25519;1017;2
25523;1017;2
25526;1016;2
25530;1007;2
25534;1006;2
25537;1008;1
25541;1007;2
25545;1005;0
25548;1005;1
25552;1005;2
25556;1005;1
25559;1004;1
25563;1004;3
25566;1002;3
25570;1003;2
25574;1001;3
25577;1000;2
25581;1001;3
25585;1000;2
25588;999;1
25592;992;2
25596;1000;3
25599;992;2
25603;992;1
25607;991;4
25610;990;2
25614;989;3
25618;988;2
25621;989;3
25625;988;0
25628;988;2
25632;988;2
25636;987;3
25639;987;1
25643;988;2
25647;985;3
25650;986;2
25654;985;2
25658;985;2
25661;985;3
25665;984;5
25669;982;5
25672;983;6
25676;976;5
25679;976;5
25683;974;8
25687;974;8
25690;974;7
25694;974;8
25698;974;8
25701;973;6
25705;972;7
25709;973;8
25712;971;9
25716;971;8
25720;973;16
25723;972;9
25727;971;9
25731;970;10
25734;971;17
25738;971;9
25741;971;17
25745;970;9
25749;971;18
25752;971;17
25756;970;17
25760;969;17
25763;970;18
25767;968;17
25771;969;17
25774;968;8
25778;968;9
25782;968;8
25785;968;9
25789;967;9
25792;968;9
25796;968;16
25800;968;8
25803;968;10
25807;959;16
25811;959;9
25814;966;10
25818;958;18
25822;960;17
25825;958;18
25829;959;7
25833;958;8
25836;958;16
25840;959;8
25844;958;7
25847;958;9
25851;959;9
25854;957;18
25858;957;9
25862;956;7
25865;957;16
25869;957;9
25873;956;17
25876;956;9
25880;956;17
25884;955;17
25887;955;9
25891;956;9
25895;955;16
25898;954;16
25902;955;9
25905;954;8
25909;955;17
25913;956;8
25916;954;17
25920;953;18
25924;954;8
25927;954;8
25931;953;9
25935;954;9
25938;952;10
25942;953;9
25946;953;10
25949;954;16
25953;953;17
25957;953;9
25960;953;9
25964;952;16
25967;952;8
25971;952;7
25975;954;8
25978;953;16
25982;953;9
25986;953;18
25989;952;10
25993;953;16
25997;952;17
26000;944;22
26004;922;90
26008;904;154
26011;888;200
26015;873;254
26019;877;551
26022;907;1148
26026;927;1672
26029;951;1999
26033;958;2268
26037;970;2505
26040;975;2684
26044;984;2808
26048;986;2908
26051;990;3007
26055;1000;3100
26059;1000;3182
26062;1004;3274
26066;1006;3370
26070;1007;3452
26073;1015;3534
26077;1016;3613
26080;1018;3678
26084;1017;3733
26088;1018;3772
26091;1016;3791
26095;1016;3822
26099;1005;3848
26102;1005;3867
26106;1003;3883
26110;1004;3899
26113;1004;3915
26117;1005;3928
26121;1007;3928
26124;1016;3932
26128;1017;3935
26132;1020;3949
26135;1022;3962
26139;1032;3977
26142;1024;3982
26146;1034;3991
26150;1036;3998
26153;1039;4000
26157;1048;4011
26161;1050;4022
26164;1062;4030
26168;1064;4041
26172;1067;4046
26175;1071;4056
26179;1080;4059
26183;1083;4073
26186;1086;4074
26190;1095;4075
26193;1097;4074
26197;1112;4079
26201;1246;4088
26204;1353;4090
26208;1478;4091
26212;1608;4094
26215;1707;4095
26219;1807;4095
26223;1881;4095
26226;1944;4095
26230;1977;4095
26234;2013;4095
26237;2063;4095
26241;2106;4095
26245;2185;4095
26248;2240;4095
26252;2284;4094
26255;2350;4093
26259;2411;4091
26263;2463;4090
26266;2507;4080
26270;2552;4076
26274;2615;4073
26277;2654;4062
26281;2685;4058
26285;2731;4048
26288;2776;4045
26292;2798;4042
26296;2826;4038
26299;2861;4030
26303;2887;4026
26306;2907;4014
26310;2938;4011
26314;2958;3997
26317;2974;3992
26321;3002;3981
26325;3031;3976
26328;3040;3963
26332;3066;3951
26336;3086;3945
26339;3101;3929
26343;3128;3914
26347;3145;3898
26350;3163;3885
26354;3178;3869
26358;3198;3854
26361;3213;3838
26365;3231;3823
26368;3258;3807
26372;3274;3802
26376;3292;3784
26379;3306;3769
26383;3321;3755
26387;3340;3735
26390;3356;3721
26394;3372;3692
26398;3387;3675
26401;3404;3659
26405;3421;3643
26409;3435;3625
26412;3448;3599
26416;3465;3579
26420;3471;3551
26423;3486;3533
26427;3500;3517
26430;3512;3486
26434;3518;3469
26438;3533;3439
26441;3544;3424
26445;3548;3406
26449;3564;3388
26452;3567;3370
26456;3580;3353
26460;3593;3338
26463;3599;3310
26467;3610;3290
26471;3614;3273
26474;3626;3258
26478;3630;3232
26481;3642;3208
26485;3656;3180
26489;3660;3166
26492;3663;3161
26496;3675;3134
26500;3688;3114
26503;3690;3099
26507;3694;3065
26511;3704;3047
26514;3707;3023
26518;3711;3000
26522;3721;2971
26525;3723;2954
26529;3726;2925
26533;3737;2895
26536;3740;2879
26540;3741;2873
26543;3744;2830
26547;3756;2808
26551;3758;2792
26554;3768;2767
26558;3772;2735
26562;3785;2717
26565;3788;2686
26569;3790;2664
26573;3800;2650
26576;3803;2603
26580;3808;2572
26584;3819;2526
26587;3822;2479
26591;3833;2414
26594;3834;2344
26598;3838;2268
26602;3848;2189
26605;3851;2092
26609;3851;1992
26613;3863;1820
26616;3867;1712
26620;3871;1613
26624;3881;1466
26627;3885;1308
26631;3887;1178
26635;3897;1063
26638;3900;1020
26642;3912;1003
26646;3915;1000
26649;3920;986
26653;3930;975
26656;3934;969
26660;3947;958
26664;3951;954
26667;3960;940
26671;3964;926
26675;3975;921
26678;3980;909
26682;3981;894
26686;3995;888
26689;3996;872
26693;4008;846
26697;4010;825
26700;4014;795
26704;4025;765
26707;4027;731
26711;4030;682
26715;4039;631
26718;4040;569
26722;4043;510
26726;4055;446
26729;4061;362
26733;4063;299
26737;4075;254
26740;4078;220
26744;4088;192
26748;4090;173
26751;4094;167
26755;4095;127
26759;4095;96
26762;4095;29
26766;4095;25
26769;4095;21
26773;4095;19
26777;4095;17
26780;4095;7
26784;4095;7
26788;4095;6
26791;4095;6
26795;4095;5
26799;4095;4
26802;4095;4
26806;4095;5
26810;4095;5
26813;4095;4
26817;4095;4
26821;4095;2
26824;4089;5
26828;4076;2
26831;4059;3
26835;4040;3
26839;4011;2
26842;3979;1
26846;3947;1
26850;3901;2
26853;3852;3
26857;3802;3
26861;3756;1
26864;3721;2
26868;3694;1
26872;3655;2
26875;3608;3
26879;3548;2
26882;3483;1
26886;3448;3
26890;3374;3
26893;3320;4
26897;3257;4
26901;3200;2
26904;3131;4
26908;3065;3
26912;3004;2
26915;2944;3
26919;2874;3
26923;2797;2
26926;2701;3
26930;2617;3
26934;2475;2
26937;2344;4
26941;2207;2
26944;2092;2
26948;1981;1
26952;1871;2
26955;1756;3
26959;1643;3
26963;1503;2
26966;1359;4
26970;1212;4
26974;1115;3
26977;1068;2
26981;1065;1
26985;1053;2
26988;1049;2
26992;1038;2
26995;1035;1
26999;1021;3
27003;1018;3
27006;1016;2
27010;1008;2
27014;1007;2
27017;1007;3
27021;1006;1
27025;1006;1
27028;1004;1
27032;1005;2
27036;1004;3
27039;1004;1
27043;1003;4
27047;1002;2
27050;1002;3
27054;1001;2
27057;1000;1
27061;1000;3
27065;992;3
27068;991;2
27072;991;2
27076;989;2
27079;989;3
27083;990;2
27087;990;1
27090;988;3
27094;988;1
27098;988;2
27101;987;1
27105;986;1
27108;986;1
27112;986;3
27116;985;4
27119;985;1
27123;985;1
27127;986;2
27130;984;2
27134;984;2
27138;983;2
27141;982;2
27145;983;2
27149;982;3
27152;975;2
27156;982;2
27160;974;2
27163;973;1
27167;974;3
27170;974;2
27174;974;2
27178;974;3
27181;973;2
27185;972;2
27189;973;2
27192;971;1
27196;973;2
27200;971;2
27203;971;2
27207;969;2
27211;971;3
27214;970;3
27218;969;2
27222;968;4
27225;969;2
27229;969;1
27232;969;1
27236;970;2
27240;970;2
27243;969;3
27247;969;3
27251;969;2
27254;969;1
27258;968;2
27262;969;2
27265;968;2
27269;968;1
27273;968;1
27276;969;2
27280;969;3
27283;968;1
27287;968;2
27291;969;2
27294;968;2
27298;967;2
27302;968;3
27305;968;1
27309;968;3
27313;967;3
27316;968;1
27320;968;3
27324;967;2
27327;966;2
27331;960;2
27335;967;2
27338;966;3
27342;966;2
27345;967;2
27349;967;3
27353;959;1
27356;959;2
27360;958;2
27364;959;3
27367;957;2
27371;959;1
27375;958;3
27378;956;2
27382;958;2
27386;957;1
27389;959;1
27393;956;3
27396;957;1
27400;956;2
27404;955;3
27407;956;2
27411;956;3
27415;954;2
27418;955;2
27422;955;2
27426;954;3
27429;954;2
27433;953;1
27437;956;3
27440;953;2
27444;954;2
27448;953;3
27451;952;3
27455;954;3
27458;953;3
27462;953;2
27466;953;3
27469;954;3
27473;953;2
27477;954;3
27480;952;2
27484;952;2
27488;953;2
27491;954;2
27495;952;2
27499;952;3
27502;951;2
27506;952;1
27510;942;3
27513;951;7
27517;942;7
27520;940;21
27524;920;90
27528;904;127
27531;890;187
27535;874;381
27539;895;1007
27542;925;1655
27546;941;2040
27550;957;2368
27553;971;2650
27557;974;2826
27561;984;2958
27564;988;3070
27568;991;3178
27571;1000;3262
27575;1002;3357
27579;1003;3453
27582;1003;3549
27586;1005;3646
27590;1006;3720
27593;1007;3775
27597;1007;3820
27601;1006;3854
27604;1004;3886
27608;1002;3914
27612;991;3945
27615;1000;3966
27619;1001;3992
27623;1002;3999
27626;1005;4014
27630;1015;4028
27633;1018;4042
27637;1022;4046
27641;1033;4063
27644;1033;4076
27648;1037;4088
27652;1038;4090
27655;1048;4092
27659;1051;4093
27663;1063;4092
27666;1066;4095
27670;1070;4095
27674;1070;4095
27677;1080;4095
27681;1083;4095
27684;1084;4095
27688;1086;4095
27692;1096;4094
27695;1099;4094
27699;1103;4095
27703;1210;4095
27706;1336;4095
27710;1434;4095
27714;1535;4094
27717;1641;4093
27721;1736;4093
27725;1815;4092
27728;1870;4090
27732;1948;4091
27736;1991;4090
27739;2042;4092
27743;2104;4088
27746;2128;4086
27750;2175;4078
27754;2232;4076
27757;2298;4076
27761;2347;4073
27765;2399;4063
27768;2442;4061
27772;2475;4055
27776;2510;4045
27779;2542;4039
27783;2584;4029
27787;2622;4024
27790;2654;4013
27794;2682;4009
27797;2704;3997
27801;2730;3993
27805;2761;3981
27808;2779;3976
27812;2797;3960
27816;2827;3948
27819;2840;3935
27823;2861;3931
27827;2888;3917
27830;2905;3903
27834;2921;3897
27838;2952;3885
27841;2969;3871
27845;2973;3854
27849;2989;3840
27852;3017;3833
27856;3033;3819
27859;3049;3804
27863;3067;3799
27867;3085;3774
27870;3102;3757
27874;3115;3741
27878;3133;3735
27881;3162;3709
27885;3176;3693
27889;3191;3679
27892;3209;3671
27896;3224;3648
27900;3239;3640
27903;3247;3625
27907;3261;3608
27911;3287;3592
27914;3293;3567
27918;3307;3549
27921;3323;3532
27925;3341;3516
27929;3357;3499
27932;3370;3483
27936;3375;3465
27940;3388;3447
27943;3404;3423
27947;3421;3416
27951;3434;3399
27954;3436;3374
27958;3450;3370
27962;3454;3354
27965;3466;3339
27969;3479;3322
27972;3484;3304
27976;3486;3289
27980;3499;3276
27983;3501;3261
27987;3515;3246
27991;3518;3230
27994;3528;3210
27998;3535;3194
28002;3545;3166
28005;3547;3152
28009;3560;3133
28013;3562;3118
28016;3576;3101
28020;3580;3082
28024;3593;3052
28027;3595;3022
28031;3608;2987
28034;3610;2955
28038;3614;2924
28042;3623;2895
28045;3625;2862
28049;3629;2827
28053;3631;2794
28056;3642;2765
28060;3644;2733
28064;3657;2714
28067;3661;2684
28071;3671;2655
28075;3676;2619
28078;3688;2582
28082;3695;2538
28085;3708;2494
28089;3710;2444
28093;3722;2395
28096;3726;2328
28100;3737;2250
28104;3740;2156
28107;3743;2047
28111;3755;1915
28115;3760;1757
28118;3772;1647
28122;3775;1545
28126;3784;1385
28129;3788;1231
28133;3800;1098
28137;3806;987
28140;3819;973
28144;3821;967
28147;3836;955
28151;3847;944
28155;3850;939
28158;3865;935
28162;3867;922
28166;3880;918
28169;3885;907
28173;3887;903
28177;3899;893
28180;3903;887
28184;3915;877
28188;3927;872
28191;3931;859
28195;3934;846
28198;3947;832
28202;3949;824
28206;3960;807
28209;3965;782
28213;3975;763
28217;3979;731
28220;3983;699
28224;3993;653
28228;3997;617
28231;4008;571
28235;4013;524
28239;4023;463
28242;4029;394
28246;4032;348
28250;4043;286
28253;4047;240
28257;4059;189
28260;4064;169
28264;4074;105
28268;4079;47
28271;4088;30
28275;4091;24
28279;4094;22
28282;4095;9
28286;4095;9
28290;4095;7
28293;4095;6
28297;4095;6
28301;4095;6
28304;4095;6
28308;4095;5
28312;4095;4
28315;4095;4
28319;4095;5
28322;4095;2
28326;4095;3
28330;4095;2
28333;4095;2
28337;4093;1
28341;4090;1
28344;4077;3
28348;4062;2
28352;4056;2
28355;4040;1
28359;4014;2
28363;3983;3
28366;3961;2
28370;3932;2
28373;3897;3
28377;3882;2
28381;3854;2
28384;3834;2
28388;3805;3
28392;3759;4
28395;3726;3
28399;3676;2
28403;3627;2
28406;3583;2
28410;3545;2
28414;3514;2
28417;3464;3
28421;3420;2
28425;3357;1
28428;3286;2
28432;3227;3
28435;3159;1
28439;3097;2
28443;3038;2
28446;2984;3
28450;2920;3
28454;2829;2
28457;2750;2
28461;2637;1
28465;2524;3
28468;2382;3
28472;2264;2
28476;2190;3
28479;2074;2
28483;1950;1
28486;1868;2
28490;1752;2
28494;1631;2
28497;1514;1
28501;1338;2
28505;1224;4
28508;1128;2
28512;1054;2
28516;1048;3
28519;1039;1
28523;1024;1
28527;1021;1
28530;1016;2
28534;1004;2
28538;1002;3
28541;990;1
28545;987;2
28548;987;3
28552;987;4
28556;986;2
28559;986;1
28563;985;2
28567;984;2
28570;983;2
28574;984;1
28578;984;2
28581;973;1
28585;974;1
28589;973;2
28592;974;1
28596;972;2
28599;972;3
28603;972;1
28607;972;3
28610;971;4
28614;970;1
28618;970;2
28621;971;3
28625;970;2
28629;969;2
28632;967;3
28636;969;1
28640;968;2
28643;967;2
28647;960;1
28651;958;2
28654;958;3
28658;967;3
28661;966;1
28665;959;2
28669;958;2
28672;958;2
28676;958;2
28680;956;3
28683;956;2
28687;955;3
28691;956;3
28694;956;2
28698;956;2
28702;954;2
28705;955;2
28709;955;2
28713;953;1
28716;954;2
28720;954;3
28723;952;3
28727;953;2
28731;952;1
28734;952;3
28738;951;2
28742;952;2
28745;952;2
28749;950;3
28753;950;3
28756;943;4
28760;952;2
28764;942;1
28767;942;2
28771;942;4
28774;951;4
28778;943;2
28782;940;2
28785;942;2
28789;942;3
28793;941;2
28796;942;2
28800;941;4
28804;942;1
28807;943;2
28811;941;3
28815;941;2
28818;941;3
28822;941;2
28826;942;2
28829;941;4
28833;941;2
28836;941;1
28840;942;2
28844;941;2
28847;942;3
28851;940;2
28855;940;1
28858;940;2
28862;941;3
28866;940;2
28869;940;2
28873;942;1
28877;939;2
28880;940;1
28884;940;3
28888;940;3
28891;938;3
28895;940;2
28898;941;3
28902;938;2
28906;938;2
28909;938;2
28913;938;0
28917;937;2
28920;936;3
28924;939;1
28928;937;3
28931;936;1
28935;938;2
28939;937;2
28942;937;3
28946;928;2
28949;937;2
28953;936;2
28957;937;2
28960;936;2
28964;935;3
28968;935;2
28971;934;2
28975;936;1
28979;935;2
28982;927;2
28986;935;2
28990;927;2
28993;926;3
28997;935;2
29000;927;2
29004;926;2
29008;935;2
29011;926;3
29015;925;3
29019;925;2
29022;926;2
29026;924;1
29030;927;2
29033;927;3
29037;925;1
29041;926;2
29044;926;3
29048;924;4
29052;926;6
29055;909;43
29059;878;136
29062;858;205
29066;847;236
29070;861;634
29073;893;1272
29077;920;1802
29081;934;2124
29084;942;2427
29088;953;2615
29092;958;2783
29095;959;2911
29099;968;3035
29103;970;3128
29106;972;3241
29110;984;3351
29114;986;3452
29117;987;3543
29121;990;3625
29124;990;3693
29128;990;3742
29132;989;3785
29135;989;3816
29139;988;3840
29143;986;3869
29146;988;3899
29150;989;3916
29154;991;3935
29157;992;3950
29161;1001;3963
29165;1004;3981
29168;1015;3994
29172;1017;4009
29175;1021;4024
29179;1032;4040
29183;1034;4043
29186;1037;4046
29190;1038;4056
29194;1050;4057
29197;1051;4059
29201;1054;4062
29205;1064;4061
29208;1065;4064
29212;1067;4073
29216;1070;4074
29219;1071;4074
29223;1080;4074
29227;1082;4074
29230;1084;4074
29234;1096;4073
29237;1097;4075
29241;1181;4076
29245;1276;4077
29248;1375;4078
29252;1454;4078
29256;1579;4088
29259;1663;4089
29263;1741;4089
29267;1805;4090
29270;1886;4090
29274;1951;4090
29278;1992;4092
29281;2042;4089
29285;2122;4091
29289;2154;4088
29292;2205;4088
29296;2250;4078
29299;2296;4075
29303;2327;4064
29307;2395;4059
29310;2424;4058
29314;2458;4047
29318;2509;4044
29321;2541;4042
29325;2585;4030
29329;2608;4026
29332;2637;4024
29336;2670;4013
29340;2711;4008
29343;2734;3999
29347;2767;3995
29350;2781;3982
29354;2811;3976
29358;2829;3963
29361;2856;3960
29365;2878;3946
29369;2904;3930
29372;2918;3917
29376;2935;3911
29380;2957;3898
29383;2974;3881
29387;3002;3866
29391;3021;3852
29394;3048;3835
29398;3067;3822
29401;3085;3807
29405;3104;3800
29409;3127;3773
29412;3148;3755
29416;3166;3740
29420;3193;3726
29423;3210;3708
29427;3224;3689
29431;3240;3673
29434;3257;3659
29438;3272;3645
29442;3290;3628
29445;3307;3612
29449;3323;3594
29453;3338;3580
29456;3351;3563
29460;3369;3545
29463;3385;3517
29467;3402;3499
29471;3407;3482
29474;3423;3465
29478;3435;3439
29482;3449;3424
29485;3451;3417
29489;3466;3400
29493;3484;3386
29496;3498;3360
29500;3503;3352
29504;3514;3335
29507;3516;3322
29511;3529;3305
29515;3533;3288
29518;3545;3264
29522;3551;3255
29525;3561;3231
29529;3566;3212
29533;3578;3195
29536;3580;3167
29540;3594;3145
29544;3606;3128
29547;3611;3103
29551;3611;3097
29555;3623;3070
29558;3629;3048
29562;3640;3019
29566;3641;3000
29569;3643;2967
29573;3647;2924
29576;3657;2893
29580;3661;2861
29584;3660;2828
29587;3672;2797
29591;3678;2764
29595;3688;2729
29598;3693;2695
29602;3705;2650
29606;3710;2590
29609;3719;2521
29613;3723;2474
29617;3725;2411
29620;3742;2348
29624;3752;2253
29628;3755;2138
29631;3767;2026
29635;3770;1881
29638;3773;1740
29642;3785;1597
29646;3789;1436
29649;3792;1273
29653;3803;1119
29657;3816;1022
29660;3823;1005
29664;3836;989
29668;3848;984
29671;3852;971
29675;3855;966
29679;3866;955
29682;3880;941
29686;3885;937
29689;3896;924
29693;3901;919
29697;3912;906
29700;3919;891
29704;3929;878
29708;3935;862
29711;3946;847
29715;3951;829
29719;3960;811
29722;3964;792
29726;3978;764
29730;3981;734
29733;3992;698
29737;3996;652
29741;3997;601
29744;4009;542
29748;4013;477
29751;4025;398
29755;4029;333
29759;4043;284
29762;4046;235
29766;4057;183
29770;4060;152
29773;4071;124
29777;4076;112
29781;4079;60
29784;4089;30
29788;4092;24
29792;4093;9
29795;4095;9
29799;4095;6
29802;4095;3
29806;4095;3
29810;4095;3
29813;4095;3
29817;4095;2
29821;4095;2
29824;4095;2
29828;4095;4
29832;4095;3
29835;4095;2
29839;4095;2
29843;4095;2
29846;4095;3
29850;4095;2
29854;4092;1
29857;4079;4
29861;4073;4
29864;4059;2
29868;4045;2
29872;4024;4
29875;3995;3
29879;3965;1
29883;3935;1
29886;3903;2
29890;3872;2
29894;3855;2
29897;3839;2
29901;3817;2
29905;3787;1
29908;3751;4
29912;3708;2
29916;3657;2
29919;3607;2
29923;3566;3
29926;3528;4
29930;3498;3
29934;3422;2
29937;3360;3
29941;3280;1
29945;3226;2
29948;3178;3
29952;3088;3
29956;3023;1
29959;2971;1
29963;2893;3
29967;2812;2
29970;2701;2
29974;2601;2
29977;2490;3
29981;2378;2
29985;2269;2
29988;2137;2
29992;2024;2
29996;1913;3
29999;1789;3
30003;1694;3
30007;1596;3
30010;1436;3
30014;1276;4
30018;1162;2
30021;1085;3
30025;1072;2
30029;1067;3
30032;1064;2
30036;1054;3
30039;1050;2
30043;1037;2
30047;1024;1
30050;1021;2
30054;1016;2
30058;1005;1
30061;1006;3
30065;1005;2
30069;1005;2
30072;1002;2
30076;1003;2
30080;1003;2
30083;1001;3
30087;1000;3
30090;1000;2
30094;1001;2
30098;999;3
30101;991;3
30105;991;3
30109;990;2
30112;991;1
30116;990;3
30120;989;3
30123;988;2
30127;988;2
30131;986;1
30134;988;4
30138;986;3
30142;986;3
30145;986;2
30149;985;1
30152;984;3
30156;984;2
30160;984;2
30163;985;1
30167;984;2
30171;984;2
30174;982;3
30178;976;1
30182;983;3
30185;974;2
30189;974;3
30193;974;3
30196;973;1
30200;971;2
30204;973;2
30207;974;3
30211;971;3
30214;972;1
30218;969;2
30222;972;3
30225;971;3
30229;971;2
30233;969;2
30236;969;2
30240;968;2
30244;970;2
30247;968;3
30251;968;3
30255;967;2
30258;968;3
30262;968;2
30265;967;1
30269;967;2
30273;967;2
30276;959;3
30280;960;2
30284;958;2
30287;967;3
30291;958;3
30295;958;2
30298;959;1
30302;958;2
30306;958;0
30309;958;4
30313;958;3
30317;957;1
30320;958;2
30324;959;2
30327;958;2
30331;957;1
30335;957;2
30338;956;2
30342;955;2
30346;957;2
30349;956;3
30353;957;2
30357;956;2
30360;956;1
30364;955;2
30368;956;3
30371;955;3
30375;955;3
30378;955;3
30382;956;2
30386;954;1
30389;955;3
30393;954;2
30397;954;3
30400;954;3
30404;954;2
30408;952;3
30411;953;3
30415;952;2
30419;953;1
30422;953;3
30426;952;3
30430;952;3
30433;952;4
30437;953;2
30440;951;2
30444;952;2
30448;944;3
30451;952;2
30455;951;1
30459;943;1
30462;952;2
30466;951;3
30470;952;2
30473;944;3
30477;943;2
30481;943;2
30484;942;2
30488;943;3
30491;943;2
30495;951;1
30499;942;2
30502;943;2
30506;941;2
30510;940;3
30513;942;2
30517;941;1
30521;941;1
30524;942;3
30528;940;3
30532;941;2
30535;942;1
30539;941;2
30543;941;2
30546;942;2
30550;941;1
30553;939;3
30557;940;5
30561;905;93
30564;874;187
30568;857;250
30572;879;846
30575;919;1500
30579;939;1947
30583;952;2299
30586;959;2508
30590;972;2730
30594;974;2875
30597;983;2971
30601;985;3070
30605;986;3166
30608;989;3264
30612;989;3357
30615;990;3451
30619;991;3545
30623;990;3624
30626;989;3678
30630;988;3737
30634;989;3784
30637;986;3817
30641;985;3837
30645;982;3865
30648;972;3885
30652;972;3903
30656;971;3919
30659;973;3932
30663;974;3945
30666;973;3950
30670;975;3952
30674;976;3963
30677;986;3975
30681;988;3982
30685;989;3998
30688;999;4012
30692;1002;4027
30696;1005;4029
30699;1006;4041
30703;1016;4044
30707;1018;4047
30710;1022;4061
30714;1022;4060
30718;1035;4072
30721;1037;4077
30725;1040;4079
30728;1049;4089
30732;1051;4093
30736;1052;4095
30739;1055;4095
30743;1065;4095
30747;1067;4095
30750;1070;4095
30754;1070;4095
30758;1080;4095
30761;1082;4095
30765;1083;4095
30769;1085;4095
30772;1086;4095
30776;1160;4095
30779;1225;4095
30783;1311;4095
30787;1385;4095
30790;1450;4095
30794;1518;4095
30798;1580;4095
30801;1646;4095
30805;1705;4095
30809;1740;4095
30812;1789;4095
30816;1819;4095
30820;1850;4095
30823;1867;4095
30827;1870;4095
30831;1901;4095
30834;1934;4095
30838;1949;4095
30841;1978;4095
30845;1991;4095
30849;2028;4095
30852;2073;4095
30856;2092;4095
30860;2122;4095
30863;2155;4095
30867;2186;4095
30871;2223;4095
30874;2254;4088
30878;2296;4074
30882;2331;4064
30885;2376;4057
30889;2413;4046
30892;2439;4041
30896;2464;4028
30900;2505;4023
30903;2539;4012
30907;2558;4006
30911;2590;3997
30914;2623;3982
30918;2663;3976
30922;2685;3961
30925;2712;3946
30929;2734;3934
30933;2780;3920
30936;2797;3912
30940;2829;3897
30944;2858;3883
30947;2888;3866
30951;2909;3852
30954;2938;3838
30958;2957;3823
30962;2973;3807
30965;3000;3798
30969;3016;3784
30973;3034;3772
30976;3049;3758
30980;3067;3752
30984;3088;3727
30987;3115;3721
30991;3130;3707
30995;3148;3694
30998;3164;3675
31002;3182;3662
31006;3198;3647
31009;3213;3641
31013;3226;3629
31016;3231;3614
31020;3256;3597
31024;3274;3578
31027;3288;3565
31031;3296;3546
31035;3321;3530
31038;3325;3512
31042;3342;3496
31046;3354;3469
31049;3358;3453
31053;3369;3435
31057;3372;3419
31060;3386;3400
31064;3391;3385
31067;3403;3367
31071;3417;3339
31075;3424;3306
31078;3435;3291
31082;3448;3271
31086;3450;3246
31089;3464;3239
31093;3468;3214
31097;3480;3196
31100;3486;3167
31104;3497;3149
31108;3502;3131
31111;3512;3103
31115;3517;3072
31119;3527;3053
31122;3534;3007
31126;3544;2969
31129;3550;2927
31133;3563;2877
31137;3566;2830
31140;3578;2777
31144;3584;2727
31148;3610;2652
31151;3615;2602
31155;3630;2537
31159;3641;2456
31162;3646;2344
31166;3657;2238
31170;3672;2122
31173;3678;1981
31177;3690;1887
31180;3693;1703
31184;3706;1582
31188;3719;1403
31191;3722;1209
31195;3736;1096
31199;3742;1024
31202;3754;1017
31206;3768;1003
31210;3783;988
31213;3789;974
31217;3806;968
31221;3819;954
31224;3822;940
31228;3835;926
31232;3851;919
31235;3863;893
31239;3869;877
31242;3883;858
31246;3896;838
31250;3911;811
31253;3915;778
31257;3928;728
31261;3932;680
31264;3947;630
31268;3950;555
31272;3965;490
31275;3977;439
31279;3983;383
31283;3995;333
31286;4009;271
31290;4015;233
31293;4029;169
31297;4042;108
31301;4047;75
31304;4054;57
31308;4059;28
31312;4063;23
31315;4063;20
31319;4073;19
31323;4074;9
31326;4076;6
31330;4076;7
31334;4077;5
31337;4077;7
31341;4077;3
31345;4076;3
31348;4076;3
31352;4073;2
31355;4063;1
31359;4058;2
31363;4046;1
31366;4038;2
31370;4025;1
31374;3997;2
31377;3975;2
31381;3944;3
31385;3904;2
31388;3881;3
31392;3838;2
31396;3807;3
31399;3772;3
31403;3752;2
31407;3708;3
31410;3657;3
31414;3613;2
31417;3546;2
31421;3500;3
31425;3450;2
31428;3407;3
31432;3356;3
31436;3291;2
31439;3214;3
31443;3149;2
31447;3112;3
31450;3020;2
31454;2968;3
31458;2924;3
31461;2846;1
31465;2748;2
31468;2649;1
31472;2542;1
31476;2440;1
31479;2297;0
31483;2206;3
31487;2138;3
31490;1997;2
31494;1899;1
31498;1783;3
31501;1677;3
31505;1576;3
31509;1423;2
31512;1308;2
31516;1191;1
31520;1086;3
31523;1068;3
31527;1064;2
31530;1053;1
31534;1049;3
31538;1039;3
31541;1034;1
31545;1022;3
31549;1018;1
31552;1017;0
31556;1014;3
31560;1008;2
31563;1008;1
31567;1006;2
31571;1004;2
31574;1005;2
31578;1002;1
31581;1002;2
31585;1001;3
31589;1000;3
31592;991;3
31596;1000;2
31600;999;1
31603;990;2
31607;990;3
31611;990;3
31614;990;3
31618;989;3
31622;988;1
31625;988;2
31629;986;3
31633;986;2
31636;986;2
31640;986;3
31643;984;3
31647;986;1
31651;986;3
31654;984;2
31658;984;2
31662;984;2
31665;975;2
31669;975;1
31673;983;4
31676;974;2
31680;975;2
31684;974;2
31687;974;2
31691;973;3
31694;973;2
31698;972;3
31702;971;2
31705;972;2
31709;971;2
31713;970;3
31716;970;1
31720;971;3
31724;969;2
31727;970;2
31731;969;0
31735;969;2
31738;969;2
31742;969;2
31746;960;2
31749;960;3
31753;967;2
31756;967;3
31760;967;2
31764;967;3
31767;959;3
31771;958;3
31775;958;2
31778;958;2
31782;958;2
31786;957;3
31789;957;3
31793;958;1
31797;956;1
31800;957;3
31804;957;3
31808;958;1
31811;955;2
31815;958;2
31818;956;3
31822;955;2
31826;956;2
31829;955;0
31833;955;2
31837;956;2
31840;955;2
31844;955;2
31848;955;2
31851;955;3
31855;955;4
31859;956;2
31862;954;2
31866;955;2
31869;956;2
31873;954;2
31877;954;2
31880;953;2
31884;954;3
31888;953;2
31891;954;2
31895;953;0
31899;952;2
31902;952;1
31906;953;3
31910;952;1
31913;952;2
31917;952;2
31921;952;3
31924;952;3
31928;952;2
31931;953;1
31935;951;3
31939;952;2
31942;944;1
31946;943;2
31950;953;2
31953;942;2
31957;951;2
31961;944;3
31964;950;3
31968;942;2
31972;944;2
31975;942;2
31979;942;2
31982;941;3
31986;942;3
31990;943;1
31993;941;3
31997;943;1
32001;941;3
32004;941;2
32008;941;5
32012;941;3
32015;941;2
32019;940;2
32023;941;1
32026;941;1
32030;941;2
32034;941;3
32037;940;2
32041;941;2
32044;940;1
32048;940;4
32052;920;57
32055;893;127
32059;873;188
32063;859;248
32066;858;316
32070;887;861
32074;910;1512
32077;937;1961
32081;953;2314
32085;956;2509
32088;968;2716
32092;973;2873
32096;976;3001
32099;985;3098
32103;989;3212
32106;991;3325
32110;1000;3437
32114;1000;3532
32117;1005;3612
32121;1005;3679
32125;1004;3741
32128;1004;3786
32132;1002;3818
32136;999;3848
32139;1000;3870
32143;1000;3899
32147;1002;3927
32150;1004;3947
32154;1005;3962
32157;1016;3980
32161;1020;3995
32165;1022;4011
32168;1036;4028
32172;1038;4042
32176;1048;4046
32179;1051;4059
32183;1054;4062
32187;1063;4073
32190;1066;4076
32194;1070;4076
32198;1079;4079
32201;1083;4079
32205;1083;4087
32209;1087;4087
32212;1097;4088
32216;1210;4089
32219;1327;4090
32223;1433;4089
32227;1545;4091
32230;1657;4091
32234;1743;4091
32238;1849;4091
32241;1912;4093
32245;1976;4090
32249;2010;4090
32252;2073;4089
32256;2123;4089
32260;2208;4090
32263;2280;4089
32267;2343;4088
32270;2398;4087
32274;2442;4079
32278;2493;4077
32281;2554;4075
32285;2583;4073
32289;2620;4063
32292;2647;4061
32296;2683;4057
32300;2715;4055
32303;2749;4045
32307;2766;4044
32311;2795;4032
32314;2814;4029
32318;2830;4024
32322;2863;4011
32325;2879;4008
32329;2921;3995
32332;2925;3982
32336;2944;3977
32340;2970;3964
32343;2984;3950
32347;3006;3933
32351;3022;3928
32354;3035;3913
32358;3049;3897
32362;3082;3882
32365;3102;3867
32369;3128;3851
32373;3147;3834
32376;3164;3820
32380;3183;3803
32383;3207;3787
32387;3225;3771
32391;3244;3755
32394;3258;3741
32398;3277;3725
32402;3292;3704
32405;3310;3689
32409;3326;3663
32413;3342;3656
32416;3353;3629
32420;3369;3594
32424;3385;3577
32427;3401;3550
32431;3406;3531
32435;3424;3515
32438;3438;3486
32442;3454;3464
32445;3471;3439
32449;3482;3419
32453;3498;3400
32456;3516;3385
32460;3528;3357
32464;3534;3336
32467;3546;3308
32471;3552;3290
32475;3567;3262
32478;3580;3246
32482;3594;3229
32486;3608;3212
32489;3614;3182
32493;3627;3164
32497;3641;3146
32500;3648;3127
32504;3659;3103
32507;3674;3083
32511;3677;3053
32515;3688;3035
32518;3696;3018
32522;3706;2988
32526;3720;2971
32529;3723;2937
32533;3735;2895
32537;3739;2872
32540;3744;2828
32544;3755;2798
32548;3758;2768
32551;3769;2734
32555;3774;2712
32558;3785;2670
32562;3790;2632
32566;3800;2601
32569;3804;2558
32573;3817;2526
32577;3817;2475
32580;3831;2423
32584;3835;2347
32588;3838;2283
32591;3849;2199
32595;3855;2106
32599;3863;1981
32602;3866;1819
32606;3869;1676
32610;3883;1531
32613;3887;1406
32617;3897;1261
32620;3901;1134
32624;3915;1020
32628;3928;987
32631;3936;975
32635;3947;968
32639;3960;957
32642;3965;953
32646;3976;941
32650;3983;938
32653;3995;925
32657;4007;920
32661;4012;908
32664;4015;894
32668;4026;890
32671;4029;877
32675;4040;872
32679;4045;857
32682;4055;846
32686;4058;829
32690;4063;814
32693;4074;794
32697;4078;776
32701;4088;751
32704;4090;719
32708;4095;684
32712;4095;640
32715;4095;590
32719;4095;552
32723;4095;505
32726;4095;456
32730;4095;415
32733;4095;363
32737;4095;304
32741;4095;266
32744;4095;222
32748;4095;202
32752;4095;152
32755;4095;126
32759;4095;103
32763;4095;64
32766;4095;56
32770;4095;46
32774;4095;25
32777;4095;20
32781;4095;6
32784;4095;7
32788;4095;5
32792;4095;5
32795;4095;3
32799;4095;4
32803;4095;2
32806;4095;3
32810;4095;2
32814;4095;2
32817;4095;4
32821;4095;3
32825;4095;3
32828;4095;2
32832;4095;1
32836;4095;4
32839;4095;2
32843;4095;2
32846;4095;2
32850;4095;2
32854;4095;2
32857;4095;3
32861;4095;1
32865;4094;3
32868;4060;3
32872;4029;3
32876;3983;4
32879;3935;3
32883;3887;4
32887;3838;1
32890;3802;3
32894;3785;2
32898;3740;2
32901;3704;3
32905;3644;3
32908;3596;1
32912;3515;2
32916;3465;2
32919;3388;2
32923;3336;2
32927;3258;3
32930;3211;2
32934;3143;3
32938;3082;3
32941;3005;3
32945;2941;3
32949;2877;2
32952;2778;4
32956;2682;3
32959;2601;3
32963;2493;2
32967;2377;4
32970;2253;2
32974;2105;2
32978;1963;3
32981;1911;3
32985;1774;3
32989;1624;3
32992;1534;2
32996;1448;4
33000;1291;3
33003;1194;2
33007;1100;3
33011;1085;4
33014;1083;2
33018;1071;2
33021;1066;2
33025;1055;1
33029;1052;2
33032;1040;2
33036;1024;2
33040;1031;2
33043;1022;2
33047;1020;2
33051;1020;2
33054;1019;2
33058;1020;1
33062;1019;3
33065;1019;3
33069;1017;2
33072;1018;1
33076;1016;3
33080;1016;3
33083;1016;3
33087;1016;2
33091;1006;2
33094;1006;4
33098;1006;1
33102;1006;3
33105;1006;2
33109;1004;2
33113;1003;2
33116;1004;3
33120;1004;2
33124;1003;2
33127;1003;3
33131;1002;2
33134;1002;2
33138;1000;2
33142;1001;2
33145;1000;1
33149;1000;2
33153;1000;3
33156;1000;2
33160;999;2
33164;999;1
33167;991;3
33171;989;3
33175;989;2
33178;990;3
33182;990;3
33185;989;3
33189;989;3
33193;989;2
33196;989;2
33200;988;3
33204;987;2
33207;987;3
33211;988;2
33215;987;3
33218;986;3
33222;985;1
33226;986;2
33229;985;2
33233;985;2
33237;986;3
33240;984;1
33244;985;4
33247;984;1
33251;984;2
33255;976;2
33258;983;2
33262;984;2
33266;975;2
33269;975;3
33273;975;2
33277;975;1
33280;975;4
33284;974;2
33288;974;0
33291;975;2
33295;974;3
33299;975;3
33302;973;4
33306;972;4
33309;974;3
33313;973;2
33317;973;2
33320;972;3
33324;973;4
33328;971;2
33331;973;2
33335;971;4
33339;972;3
33342;972;2
33346;970;2
33350;972;3
33353;972;3
33357;972;2
33360;970;3
33364;969;4
33368;970;4
33371;970;4
33375;968;4
33379;969;2
33382;969;3
33386;970;3
33390;969;5
33393;970;4
33397;968;3
33401;968;3
33404;969;3
33408;967;3
33412;969;3
33415;967;2
33419;968;3
33422;967;3
33426;968;2
33430;959;3
33433;968;4
33437;959;3
33441;966;2
33444;968;3
33448;959;2
33452;966;3
33455;959;3
33459;958;2
33463;958;3
33466;958;4
33470;957;2
33473;958;2
33477;956;4
33481;956;2
33484;956;4
33488;957;4
33492;955;3
33495;957;3
33499;957;2
33503;957;3
33506;957;4
33510;957;3
33514;955;5
33517;956;3
33521;956;5
33525;956;4
33528;956;3
33532;956;3
33535;955;3
33539;955;4
33543;954;4
33546;954;4
33550;954;3
33554;954;2
33557;955;3
33561;955;5
33565;940;28
33568;895;155
33572;878;232
33576;875;431
33579;903;1006
33583;936;1663
33586;952;2061
33590;959;2366
33594;972;2603
33597;984;2778
33601;986;2895
33605;990;3003
33608;1000;3102
33612;1001;3212
33616;1003;3310
33619;1003;3422
33623;1001;3531
33627;992;3627
33630;989;3706
33634;986;3769
33638;973;3819
33641;968;3854
33645;966;3886
33648;954;3916
33652;944;3945
33656;942;3962
33659;941;3981
33663;941;3993
33667;943;3997
33670;954;4010
33674;954;4014
33678;956;4024
33681;959;4027
33685;968;4031
33689;969;4040
33692;971;4043
33696;974;4043
33700;985;4045
33703;986;4046
33707;989;4042
33710;991;4045
33714;1001;4055
33718;1004;4057
33721;1006;4058
33725;1016;4070
33729;1020;4073
33732;1033;4077
33736;1035;4088
33740;1038;4091
33743;1050;4094
33747;1054;4095
33751;1065;4095
33754;1067;4095
33758;1070;4095
33761;1097;4095
33765;1193;4095
33769;1309;4095
33772;1466;4095
33776;1593;4095
33780;1705;4095
33783;1755;4095
33787;1817;4095
33791;1850;4095
33794;1902;4095
33798;1920;4095
33802;1965;4095
33805;2016;4095
33809;2057;4094
33813;2089;4091
33816;2137;4088
33820;2187;4078
33823;2248;4075
33827;2288;4062
33831;2348;4058
33834;2408;4045
33838;2444;4041
33842;2504;4029
33845;2559;4026
33849;2603;4016
33853;2637;4010
33856;2671;4000
33860;2699;3992
33864;2730;3977
33867;2762;3965
33871;2792;3950
33874;2827;3935
33878;2862;3929
33882;2878;3916
33885;2907;3899
33889;2926;3883
33893;2952;3868
33896;2986;3851
33900;3006;3833
33904;3037;3816
33907;3065;3800
33911;3087;3775
33915;3112;3757
33918;3132;3725
33922;3162;3704
33926;3181;3678
33929;3208;3655
33933;3228;3626
33936;3257;3596
33940;3274;3566
33944;3289;3542
33947;3306;3512
33951;3321;3466
33955;3342;3448
33958;3357;3415
33962;3371;3385
33966;3387;3356
33969;3401;3323
33973;3416;3276
33977;3421;3247
33980;3433;3228
33984;3448;3208
33987;3454;3179
33991;3469;3159
33995;3480;3130
33998;3485;3116
34002;3499;3086
34006;3501;3055
34009;3503;3032
34013;3513;3002
34017;3528;2966
34020;3534;2937
34024;3546;2907
34028;3560;2879
34031;3564;2858
34035;3577;2838
34039;3581;2793
34042;3595;2762
34046;3598;2720
34050;3609;2699
34053;3612;2664
34057;3626;2632
34060;3629;2586
34064;3641;2536
34068;3643;2488
34071;3647;2428
34075;3658;2362
34079;3662;2287
34082;3672;2205
34086;3673;2105
34090;3677;1967
34093;3678;1886
34097;3690;1787
34101;3693;1723
34104;3695;1656
34108;3704;1546
34111;3709;1435
34115;3711;1321
34119;3721;1209
34122;3726;1084
34126;3738;1017
34130;3744;957
34133;3756;944
34137;3767;939
34141;3774;928
34144;3786;923
34148;3800;920
34152;3806;911
34155;3816;908
34159;3831;906
34162;3836;902
34166;3850;891
34170;3853;887
34173;3866;876
34177;3870;872
34181;3882;870
34184;3885;860
34188;3899;848
34192;3903;843
34195;3914;830
34199;3927;825
34203;3933;810
34206;3944;799
34210;3949;792
34214;3951;777
34217;3962;762
34221;3966;743
34224;3977;716
34228;3982;695
34232;3993;667
34235;3996;637
34239;3998;604
34243;4010;570
34246;4013;528
34250;4024;488
34254;4029;441
34257;4039;410
34261;4044;376
34265;4046;348
34268;4057;315
34272;4060;288
34275;4072;264
34279;4073;250
34283;4076;236
34286;4080;218
34290;4092;140
34294;4094;125
34297;4095;43
34301;4095;40
34305;4095;37
34308;4095;26
34312;4095;23
34316;4095;5
34319;4095;3
34323;4095;4
34327;4095;2
34330;4095;2
34334;4095;3
34337;4095;2
34341;4095;3
34345;4095;2
34348;4095;2
34352;4095;3
34356;4095;4
34359;4095;2
34363;4095;1
34367;4095;2
34370;4095;3
34374;4095;3
34378;4092;3
34381;4088;3
34385;4076;3
34388;4059;3
34392;4044;3
34396;4024;3
34399;3996;3
34403;3965;2
34407;3936;1
34410;3917;4
34414;3896;3
34418;3871;3
34421;3848;1
34425;3807;1
34429;3757;2
34432;3719;3
34436;3675;3
34440;3624;1
34443;3579;3
34447;3530;3
34450;3470;3
34454;3416;3
34458;3368;3
34461;3305;2
34465;3225;3
34469;3160;2
34472;3084;3
34476;3008;2
34480;2959;2
34483;2888;2
34487;2794;2
34491;2680;2
34494;2589;1
34498;2494;3
34502;2376;2
34505;2266;2
34509;2152;3
34512;2030;1
34516;1948;3
34520;1832;2
34523;1725;2
34527;1624;2
34531;1471;1
34534;1386;2
34538;1223;3
34542;1098;2
34545;1052;2
34549;1040;1
34553;1037;2
34556;1032;2
34560;1019;1
34563;1007;2
34567;1003;2
34571;991;2
34574;988;3
34578;984;3
34582;984;3
34585;984;2
34589;984;2
34593;984;2
34596;974;3
34600;983;2
34604;974;1
34607;974;0
34611;973;3
34615;973;2
34618;973;2
34622;972;3
34625;971;2
34629;969;2
34633;970;2
34636;970;3
34640;969;2
34644;969;2
34647;968;0
34651;968;2
34655;960;2
34658;967;2
34662;968;2
34666;966;1
34669;966;1
34673;966;3
34676;958;0
34680;957;1
34684;966;3
34687;958;1
34691;957;3
34695;956;2
34698;958;2
34702;955;2
34706;956;2
34709;956;2
34713;956;3
34717;955;3
34720;954;3
34724;955;2
34728;954;2
34731;952;3
34735;953;2
34738;952;2
34742;951;2
34746;952;1
34749;952;1
34753;952;0
34757;950;2
34760;952;2
34764;951;2
34768;951;3
34771;942;3
34775;943;2
34779;943;2
34782;941;3
34786;942;1
34790;940;2
34793;942;1
34797;941;2
34800;941;3
34804;941;3
34808;939;2
34811;939;2
34815;940;2
34819;940;1
34822;938;1
34826;941;1
34830;940;2
34833;940;1
34837;939;2
34841;940;3
34844;939;3
34848;940;2
34851;939;3
34855;940;3
34859;938;2
34862;940;2
34866;938;1
34870;938;2
34873;939;2
34877;939;2
34881;938;2
34884;940;3
34888;938;3
34892;938;2
34895;937;2
34899;939;2
34903;937;2
34906;938;2
34910;937;3
34913;937;2
34917;937;1
34921;936;3
34924;937;2
34928;936;3
34932;937;1
34935;936;3
34939;935;2
34943;936;3
34946;928;4
34950;936;3
34954;936;1
34957;935;2
34961;928;2
34964;927;2
34968;927;3
34972;928;1
34975;927;0
34979;926;1
34983;926;2
34986;925;2
34990;926;2
34994;926;0
34997;926;2
35001;925;2
35005;924;2
35008;923;2
35012;924;3
35016;924;2
35019;924;2
35023;925;1
35026;926;3
35030;924;3
35034;924;3
35037;923;2
35041;923;2
35045;923;4
35048;924;1
35052;924;2
35056;923;2
35059;924;1
35063;923;1
35067;923;3
35070;923;2
35074;923;0
35077;923;1
35081;924;3
35085;924;2
35088;921;8
35092;902;60
35096;876;122
35099;858;187
35103;841;248
35107;857;638
35110;877;1183
35114;904;1690
35118;920;2012
35121;927;2272
35125;936;2441
35129;941;2588
35132;943;2733
35136;952;2841
35139;955;2936
35143;956;3033
35147;960;3130
35150;967;3229
35154;970;3324
35158;971;3422
35161;972;3515
35165;974;3582
35169;975;3663
35172;976;3735
35176;983;3783
35180;974;3821
35193;955;3919
35194;956;3919
35194;955;3928
35197;954;3943
35200;955;3964
35204;955;3980
35208;958;3993
35211;958;3997
35215;959;4013
35219;966;4025
35222;969;4031
35226;970;4044
35230;971;4056
35233;974;4061
35237;983;4072
35241;985;4075
35244;987;4086
35248;989;4089
35251;990;4090
35255;999;4094
35259;1002;4095
35262;1003;4095
35266;1005;4095
35270;1008;4095
35273;1016;4095
35277;1019;4095
35281;1021;4095
35284;1024;4095
35288;1033;4095
35292;1036;4095
35295;1038;4095
35299;1039;4095
35303;1048;4095
35308;1051;4095
35310;1053;4095
35313;1064;4095
35317;1066;4095
35321;1067;4095
35324;1070;4095
35328;1070;4095
35332;1080;4095
35335;1082;4095
35339;1084;4095
35343;1088;4095
35346;1095;4095
35350;1098;4095
35354;1099;4095
35357;1101;4095
35361;1101;4095
35364;1110;4095
35368;1112;4095
35372;1114;4095
35375;1192;4095
35379;1306;4095
35383;1386;4094
35386;1503;4089
35390;1616;4079
35394;1720;4063
35397;1817;4047
35401;1852;4039
35405;1916;4024
35408;1999;4009
35412;2091;3993
35416;2154;3980
35419;2222;3963
35423;2285;3945
35426;2366;3919
35430;2423;3902
35434;2490;3884
35437;2571;3867
35441;2649;3847
35445;2695;3820
35448;2746;3802
35452;2794;3774
35456;2840;3743
35459;2877;3723
35463;2924;3690
35467;2955;3659
35470;3003;3640
35474;3036;3599
35478;3068;3563
35481;3098;3536
35485;3130;3498
35488;3163;3464
35492;3193;3423
35496;3214;3391
35499;3248;3355
35503;3276;3336
35507;3294;3305
35510;3323;3273
35514;3341;3225
35518;3366;3180
35521;3386;3147
35525;3406;3114
35529;3422;3072
35532;3447;3038
35536;3467;2999
35539;3483;2952
35543;3498;2909
35547;3512;2863
35550;3528;2830
35554;3544;2792
35558;3560;2747
35561;3567;2712
35565;3581;2672
35569;3596;2637
35572;3612;2602
35576;3625;2559
35580;3631;2511
35583;3642;2476
35587;3646;2430
35591;3661;2382
35594;3671;2344
35598;3678;2282
35601;3688;2222
35605;3693;2139
35609;3706;2077
35612;3710;1979
35616;3720;1878
35620;3724;1784
35623;3737;1659
35627;3739;1583
35631;3752;1498
35634;3754;1390
35638;3768;1275
35642;3773;1194
35645;3785;1104
35649;3787;1049
35652;3800;983
35656;3802;972
35660;3817;968
35663;3822;958
35667;3833;951
35671;3838;941
35674;3849;937
35678;3855;935
35682;3864;924
35685;3869;922
35689;3880;919
35693;3884;910
35696;3897;907
35700;3901;905
35704;3914;896
35707;3918;894
35711;3930;892
35714;3934;889
35718;3945;888
35722;3949;878
35725;3952;876
35729;3964;873
35733;3976;861
35736;3981;859
35740;3993;855
35744;3998;843
35747;4010;839
35751;4015;825
35755;4024;811
35758;4027;795
35762;4039;777
35766;4042;759
35769;4046;730
35773;4057;698
35776;4059;667
35780;4064;619
35784;4074;585
35787;4079;553
35791;4088;494
35795;4091;443
35798;4095;406
35802;4095;332
35806;4095;281
35809;4095;251
35813;4095;218
35817;4095;171
35820;4095;78
35824;4095;72
35827;4095;56
35831;4095;43
35835;4095;55
35838;4095;61
35842;4095;48
35846;4095;5
35849;4095;5
35853;4095;4
35857;4095;3
35860;4095;1
35864;4095;4
35868;4095;2
35871;4095;0
35875;4095;2
35879;4095;1
35882;4095;2
35886;4095;2
35889;4095;3
35893;4095;2
35897;4095;2
35900;4095;1
35904;4095;2
35908;4095;2
35911;4095;4
35915;4095;2
35919;4095;4
35922;4095;0
35926;4095;2
35930;4078;1
35933;4045;2
35937;4015;3
35940;3982;2
35944;3960;1
35948;3929;2
35951;3899;3
35955;3852;3
35959;3806;3
35962;3756;2
35966;3708;2
35970;3659;2
35973;3595;2
35977;3528;0
35981;3467;4
35984;3403;1
35988;3342;2
35992;3277;3
35995;3209;3
35999;3127;2
36002;3020;2
36006;2943;3
36010;2809;1
36013;2682;1
36017;2553;3
36021;2430;2
36024;2279;2
36028;2170;2
36032;2043;3
36035;1880;2
36039;1756;1
36043;1661;3
36046;1498;2
36050;1390;2
36053;1247;2
36057;1099;3
36061;1080;2
36064;1069;2
36068;1056;2
36072;1050;1
36075;1039;2
36079;1024;3
36083;1019;2
36086;1016;2
36090;1015;3
36094;1015;2
36097;1006;2
36101;1006;2
36105;1008;2
36108;1006;1
36112;1005;2
36115;1002;1
36119;1004;2
36123;1003;2
36126;1004;3
36130;1002;1
36134;1002;2
36137;1002;2
36141;1001;1
36145;1000;2
36148;999;2
36152;1000;1
36156;999;2
36159;992;2
36163;991;2
36167;990;2
36170;990;1
36174;989;1
36177;989;1
36181;988;2
36185;990;1
36188;988;2
36192;988;1
36196;987;2
36199;987;2
36203;987;2
36207;986;2
36210;985;2
36214;985;2
36218;985;2
36221;984;1
36225;982;2
36228;983;2
36232;984;2
36236;976;2
36239;975;2
36243;976;2
36247;974;3
36250;974;3
36254;973;2
36258;973;2
36261;973;2
36265;973;2
36269;972;2
36272;972;2
36276;971;3
36280;971;1
36283;972;2
36287;971;3
36290;971;1
36294;970;2
36298;970;1
36301;970;2
36305;970;2
36309;970;1
36312;970;2
36316;970;2
36320;970;3
36323;970;3
36327;968;3
36331;970;1
36334;969;3
36338;968;2
36341;969;3
36345;969;3
36349;968;2
36352;969;3
36356;968;3
36360;968;2
36363;968;2
36367;967;2
36371;968;3
36374;959;2
36378;966;1
36382;967;1
36385;967;1
36389;958;4
36393;959;2
36396;958;4
36400;959;4
36403;957;3
36407;959;2
36411;958;3
36414;960;3
36418;957;3
36422;958;3
36425;958;5
36429;956;2
36433;958;4
36436;957;5
36440;956;4
36444;959;4
36447;957;3
36451;956;3
36454;955;3
36458;955;2
36462;955;3
36465;956;4
36469;954;3
36473;955;4
36476;954;3
36480;954;3
36484;953;2
36487;954;3
36491;954;3
36495;953;4
36498;953;3
36502;953;3
36506;953;2
36509;953;5
36513;952;2
36516;953;3
36520;952;3
36524;951;2
36527;952;3
36531;952;3
36535;952;3
36538;952;3
36542;952;2
36546;952;4
36549;953;3
36553;950;3
36557;942;18
36560;923;73
36564;879;186
36568;861;251
36571;878;703
36575;910;1341
36578;940;1895
36582;958;2280
36586;968;2527
36589;975;2728
36593;985;2888
36597;989;3002
36600;990;3100
36604;1001;3214
36608;1000;3304
36611;990;3389
36615;990;3496
36619;987;3593
36622;985;3679
36626;973;3754
36629;974;3803
36633;974;3848
36637;973;3871
36640;975;3899
36644;975;3931
36648;973;3960
36651;974;3979
36655;973;3994
36659;974;4009
36662;984;4023
36666;986;4026
36670;988;4028
36673;990;4039
36677;1001;4042
36681;1004;4056
36684;1007;4057
36688;1018;4056
36691;1022;4046
36695;1035;4043
36699;1040;4041
36702;1050;4032
36706;1055;4032
36710;1065;4025
36713;1070;4024
36717;1081;4014
36721;1085;4011
36724;1095;4010
36728;1231;3999
36732;1407;3994
36735;1593;3993
36739;1741;3980
36742;1848;3966
36746;1948;3962
36750;1980;3960
36753;2062;3948
36757;2154;3946
36761;2234;3932
36764;2314;3929
36768;2408;3928
36772;2464;3916
36775;2536;3903
36779;2616;3896
36783;2650;3881
36786;2698;3870
36790;2746;3863
36794;2784;3848
36797;2829;3835
36801;2863;3820
36804;2896;3804
36808;2935;3786
36812;2967;3771
36815;3001;3756
36819;3022;3738
36823;3052;3723
36826;3082;3708
36830;3100;3688
36834;3117;3673
36837;3132;3643
36841;3152;3616
36845;3176;3599
36848;3184;3568
36852;3209;3547
36855;3240;3520
36859;3255;3496
36863;3275;3464
36866;3290;3424
36870;3303;3401
36874;3309;3357
36877;3323;3324
36881;3341;3293
36885;3355;3263
36888;3371;3230
36892;3383;3195
36896;3387;3161
36899;3400;3118
36903;3416;3072
36907;3424;3048
36910;3434;2988
36914;3448;2941
36917;3463;2894
36921;3470;2855
36925;3482;2814
36928;3496;2763
36932;3503;2714
36936;3514;2667
36939;3517;2616
36943;3529;2557
36947;3533;2509
36950;3544;2460
36954;3549;2398
36958;3561;2316
36961;3566;2232
36965;3579;2154
36969;3583;2103
36972;3594;2025
36976;3595;1930
36979;3607;1856
36983;3610;1816
36987;3615;1783
36990;3627;1726
36994;3631;1640
36998;3642;1534
37001;3645;1432
37005;3647;1322
37009;3656;1241
37012;3661;1159
37016;3663;1070
37020;3673;1035
37023;3676;953
37027;3679;938
37030;3688;926
37034;3693;922
37038;3704;920
37041;3707;910
37045;3712;907
37049;3721;904
37052;3726;895
37056;3736;892
37060;3740;891
37063;3743;889
37067;3752;887
37071;3755;878
37074;3759;874
37078;3768;874
37082;3771;873
37085;3776;871
37089;3787;861
37092;3790;860
37096;3802;859
37100;3807;856
37103;3818;856
37107;3822;847
37111;3832;844
37114;3836;842
37118;3847;840
37122;3851;830
37125;3856;827
37129;3865;824
37133;3869;813
37136;3871;811
37140;3883;797
37143;3887;794
37147;3896;781
37151;3902;766
37154;3913;760
37158;3914;746
37162;3917;730
37165;3928;714
37169;3930;697
37173;3936;678
37176;3944;652
37180;3948;633
37184;3949;607
37187;3960;586
37191;3962;559
37195;3964;537
37198;3967;510
37202;3977;489
37205;3981;461
37209;3982;441
37213;3992;407
37216;3996;366
37220;4008;329
37224;4010;301
37227;4013;278
37231;4024;252
37235;4026;236
37238;4029;208
37242;4043;137
37246;4046;75
37249;4055;59
37253;4058;27
37256;4059;21
37260;4062;18
37264;4064;7
37267;4072;5
37271;4073;5
37275;4075;5
37278;4077;3
37282;4077;3
37286;4078;2
37289;4080;2
37293;4079;3
37297;4088;2
37300;4088;1
37304;4090;3
37308;4091;2
37311;4090;3
37315;4091;2
37318;4091;2
37322;4093;3
37326;4093;2
37329;4094;2
37333;4092;3
37337;4092;3
37340;4090;3
37344;4091;1
37348;4091;2
37351;4088;2
37355;4079;2
37359;4076;2
37362;4075;3
37366;4072;2
37370;4059;1
37373;4047;1
37377;4039;3
37380;4014;3
37384;3998;2
37388;3983;1
37391;3968;2
37395;3947;3
37399;3928;4
37402;3912;2
37406;3896;1
37410;3880;2
37413;3852;2
37417;3823;3
37421;3790;0
37424;3742;3
37428;3724;1
37431;3679;2
37435;3638;2
37439;3583;3
37442;3546;3
37446;3485;2
37450;3436;1
37453;3399;3
37457;3337;3
37461;3277;1
37464;3223;2
37468;3166;3
37472;3101;2
37475;3032;2
37479;2972;2
37483;2925;4
37486;2845;2
37490;2762;3
37493;2667;2
37497;2544;1
37501;2409;1
37504;2295;2
37508;2184;2
37512;2092;4
37515;1966;3
37519;1868;1
37523;1783;3
37526;1671;2
37530;1520;1
37534;1401;2
37537;1274;3
37541;1128;1
37544;1040;2
37548;1016;0
37552;1003;0
37555;991;1
37559;986;2
37563;984;2
37566;971;1
37570;967;2
37574;956;2
37577;944;1
37581;940;3
37585;940;2
37588;940;2
37592;940;0
37596;939;3
37599;940;3
37603;939;3
37606;938;1
37610;939;1
37614;938;3
37617;938;3
37621;938;1
37625;936;0
37628;938;2
37632;937;0
37636;936;2
37639;935;1
37643;936;2
37647;935;2
37650;926;2
37654;935;2
37657;928;2
37661;926;0
37665;926;3
37668;927;2
37672;925;2
37676;927;3
37679;923;1
37683;925;2
37687;924;1
37690;925;2
37694;923;2
37698;925;1
37701;924;3
37705;924;1
37709;922;2
37712;922;2
37716;923;2
37719;922;1
37723;922;1
37727;922;1
37730;922;1
37734;922;1
37738;922;2
37741;921;4
37745;920;2
37749;912;2
37752;920;1
37756;912;2
37760;912;2
37763;911;0
37767;911;2
37771;910;1
37774;911;3
37778;910;2
37781;911;2
37785;910;3
37789;910;1
37792;910;1
37796;909;1
37800;908;1
37803;908;0
37807;909;3
37811;908;2
37814;907;2
37818;909;2
37822;908;4
37825;909;2
37829;909;3
37832;909;3
37836;908;2
37840;909;3
37843;907;3
37847;907;3
37851;907;2
37854;907;2
37858;905;3
37862;908;3
37865;906;3
37869;906;2
37873;906;4
37876;907;3
37880;906;4
37884;906;3
37887;906;1
37891;906;1
37894;907;3
37898;906;3
37902;906;0
37905;906;3
37909;905;2
37913;906;3
37916;905;2
37920;904;1
37924;903;3
37927;905;3
37931;905;1
37935;906;3
37938;904;2
37942;904;3
37945;904;3
37949;904;1
37953;904;2
37956;895;2
37960;903;2
37964;903;1
37967;904;3
37971;903;2
37975;904;2
37978;896;3
37982;896;4
37986;895;2
37989;895;3
37993;896;3
37997;895;3
38000;894;1
38004;893;3
38007;894;2
38011;893;3
38015;893;3
38018;894;4
38022;894;4
38026;893;4
38029;893;3
38033;894;2
38037;893;3
38040;894;3
38044;892;3
38048;893;2
38051;891;2
38055;892;2
38059;891;3
38062;892;2
38066;893;2
38069;890;1
38073;891;2
38077;889;3
38080;892;3
38084;890;2
38088;892;2
38091;892;3
38095;875;40
38099;842;125
38102;824;185
38106;809;232
38110;808;248
38113;827;680
38117;858;1240
38120;877;1705
38124;894;2091
38128;908;2359
38131;920;2544
38135;924;2717
38139;928;2842
38142;940;2971
38146;942;3072
38150;952;3190
38153;954;3320
38157;959;3435
38161;969;3520
38164;970;3595
38168;973;3663
38172;974;3722
38175;974;3754
38179;975;3786
38182;975;3821
38186;975;3848
38190;976;3870
38193;985;3895
38197;987;3902
38201;990;3914
38204;1000;3931
38208;1004;3945
38212;1004;3960
38215;1016;3977
38219;1018;3994
38223;1020;4008
38226;1023;4014
38230;1033;4028
38233;1036;4039
38237;1040;4042
38241;1050;4046
38244;1052;4055
38248;1053;4058
38252;1056;4058
38255;1067;4060
38259;1068;4061
38263;1069;4072
38266;1072;4074
38270;1082;4073
38274;1085;4076
38277;1086;4076
38281;1096;4077
38285;1100;4079
38288;1129;4080
38292;1228;4087
38295;1310;4088
38299;1401;4088
38303;1483;4090
38306;1563;4091
38310;1613;4092
38314;1688;4094
38317;1756;4094
38321;1815;4094
38325;1880;4095
38328;1918;4093
38332;1964;4095
38336;1995;4094
38339;2042;4093
38343;2078;4092
38346;2108;4089
38350;2143;4088
38354;2184;4090
38357;2222;4086
38361;2240;4078
38365;2297;4076
38368;2332;4072
38372;2375;4062
38376;2408;4059
38379;2455;4056
38383;2493;4044
38387;2551;4041
38390;2574;4032
38394;2607;4028
38398;2638;4015
38401;2672;4012
38405;2703;3998
38408;2717;3996
38412;2748;3982
38416;2777;3977
38419;2799;3966
38423;2825;3960
38427;2841;3948
38430;2862;3935
38434;2878;3932
38438;2903;3917
38441;2923;3903
38445;2939;3897
38449;2955;3884
38452;2983;3879
38456;2999;3864
38460;3014;3851
38463;3022;3835
38467;3048;3822
38470;3065;3816
38474;3071;3799
38478;3088;3786
38481;3103;3771
38485;3116;3756
38489;3131;3742
38492;3147;3736
38496;3159;3725
38500;3176;3706
38503;3193;3693
38507;3209;3677
38511;3215;3672
38514;3230;3660
38518;3243;3646
38521;3256;3642
38525;3261;3629
38529;3273;3613
38532;3288;3608
38536;3291;3592
38540;3296;3577
38543;3310;3566
38547;3320;3560
38551;3326;3545
38554;3339;3533
38558;3344;3519
38562;3355;3513
38565;3359;3496
38569;3369;3481
38573;3372;3471
38576;3384;3453
38580;3389;3435
38583;3401;3421
38587;3405;3406
38591;3418;3391
38594;3420;3385
38598;3422;3372
38602;3423;3355
38605;3437;3341
38609;3449;3327
38613;3453;3308
38616;3454;3293
38620;3466;3276
38624;3468;3261
38627;3483;3244
38631;3496;3227
38634;3497;3211
38638;3502;3195
38642;3513;3178
38645;3518;3160
38649;3529;3131
38653;3532;3114
38656;3547;3087
38660;3550;3066
38664;3565;3038
38667;3567;3017
38671;3582;2985
38675;3595;2952
38678;3598;2911
38682;3611;2888
38686;3625;2846
38689;3632;2809
38693;3644;2764
38696;3658;2718
38700;3672;2682
38704;3689;2650
38707;3693;2604
38711;3705;2527
38715;3722;2461
38718;3736;2381
38722;3740;2318
38726;3754;2202
38729;3769;2118
38733;3774;1949
38737;3785;1774
38740;3790;1611
38744;3802;1480
38747;3815;1304
38751;3819;1150
38755;3832;1040
38758;3836;1023
38762;3852;1017
38766;3864;1002
38769;3871;988
38773;3884;982
38777;3895;968
38780;3902;955
38784;3915;941
38788;3927;925
38791;3931;910
38795;3944;894
38799;3949;874
38802;3962;857
38806;3965;830
38809;3978;808
38813;3983;776
38817;3994;734
38820;3999;687
38824;4010;632
38828;4014;585
38831;4025;523
38835;4030;461
38839;4041;416
38842;4047;364
38846;4058;299
38850;4062;252
38853;4073;221
38857;4088;120
38861;4092;75
38864;4095;59
38868;4095;41
38871;4095;20
38875;4095;16
38879;4095;6
38882;4095;5
38886;4095;3
38890;4095;0
38893;4095;3
38897;4095;2
38901;4095;2
38904;4095;2
38908;4095;2
38912;4095;2
38915;4095;2
38919;4095;2
38922;4095;2
38926;4095;4
38930;4095;2
38933;4095;2
38937;4091;2
38941;4077;1
38944;4063;2
38948;4045;4
38952;4026;1
38955;3997;2
38959;3977;2
38963;3946;2
38966;3913;2
38970;3880;1
38974;3853;5
38977;3831;2
38981;3800;3
38984;3756;2
38988;3708;3
38992;3671;2
38995;3609;1
38999;3550;2
39003;3500;2
39006;3450;2
39010;3388;2
39014;3339;4
39017;3278;3
39021;3226;4
39025;3182;2
39028;3134;2
39032;3070;2
39035;3008;1
39039;2943;2
39043;2863;1
39046;2792;1
39050;2697;3
39054;2604;3
39057;2477;2
39061;2377;2
39065;2253;2
39068;2111;1
39072;2026;1
39076;1904;2
39079;1785;2
39083;1663;3
39087;1580;3
39090;1467;2
39094;1354;3
39097;1229;2
39101;1145;3
39105;1079;1
39108;1067;3
39112;1064;2
39116;1053;3
39119;1050;0
39123;1039;2
39127;1035;3
39130;1031;2
39134;1018;2
39138;1017;0
39141;1016;3
39145;1015;2
39148;1007;1
39152;1006;2
39156;1005;1
39159;1005;1
39163;1004;2
39167;1004;2
39170;1004;2
39174;1003;2
39178;1002;2
39181;1001;2
39185;1001;2
39189;999;2
39192;992;1
39196;991;2
39200;999;2
39203;992;3
39207;991;1
39210;990;3
39214;991;1
39218;989;2
39221;990;4
39225;988;3
39229;988;1
39232;988;4
39236;988;2
39240;987;1
39243;987;2
39247;986;2
39251;986;2
39254;985;2
39258;986;3
39262;986;1
39265;985;3
39269;983;1
39272;976;2
39276;983;2
39280;976;2
39283;983;2
39287;974;1
39291;974;3
39294;975;3
39298;974;2
39302;972;3
39305;973;2
39309;973;2
39313;972;2
39316;973;2
39320;972;3
39323;971;2
39327;972;3
39331;971;1
39334;971;0
39338;969;1
39342;970;2
39345;970;2
39349;970;1
39353;970;3
39356;969;2
39360;969;2
39364;969;0
39367;968;3
39371;968;2
39375;968;2
39378;969;0
39382;968;1
39385;968;2
39389;967;1
39393;968;1
39396;968;2
39400;968;2
39404;968;2
39407;967;2
39411;967;2
39415;968;2
39418;966;2
39422;959;2
39426;960;2
39429;968;2
39433;960;2
39436;959;2
39440;967;1
39444;959;2
39447;959;1
39451;959;1
39455;967;2
39458;958;2
39462;959;1
39466;959;1
39469;966;2
39473;959;3
39477;957;0
39480;958;2
39484;957;2
39488;956;2
39491;956;2
39495;957;2
39498;957;1
39502;958;1
39506;956;2
39509;955;1
39513;956;2
39517;955;1
39520;954;2
39524;955;1
39528;955;1
39531;953;2
39535;954;2
39539;953;2
39542;954;2
39546;954;1
39549;952;1
39553;954;3
39557;953;1
39560;954;1
39564;953;2
39568;954;2
39571;953;3
39575;953;2
39579;953;3
39582;952;2
39586;952;3
39590;952;2
39593;951;2
39597;952;1
39601;952;2
39604;951;3
39608;951;2
39611;951;2
39615;952;2
39619;944;2
39622;951;2
39626;942;9
39630;924;56
39633;908;106
39637;889;160
39641;889;603
39644;909;1214
39648;927;1710
39652;941;2040
39655;954;2301
39659;967;2537
39663;970;2715
39666;973;2845
39670;972;2942
39673;975;3052
39677;984;3161
39681;985;3271
39684;985;3388
39688;986;3498
39692;987;3608
39695;987;3691
39699;988;3754
39703;986;3802
39706;985;3837
39710;975;3881
39714;974;3903
39717;983;3931
39721;974;3952
39724;974;3966
39728;984;3979
39732;985;3984
39735;987;3993
39739;988;3997
39743;988;3998
39746;988;3998
39750;990;4006
39754;991;4009
39757;1001;4013
39761;1003;4024
39765;1005;4027
39768;1007;4030
39772;1016;4041
39776;1019;4055
39779;1020;4071
39783;1023;4077
39786;1035;4090
39790;1037;4095
39794;1049;4095
39797;1052;4095
39801;1056;4095
39805;1064;4095
39808;1068;4095
39812;1070;4095
39816;1071;4095
39819;1082;4095
39823;1085;4095
39827;1095;4095
39830;1097;4095
39834;1099;4095
39837;1100;4095
39841;1103;4095
39845;1112;4095
39848;1112;4095
39852;1136;4095
39856;1210;4095
39859;1261;4095
39863;1354;4095
39867;1400;4095
39870;1480;4095
39874;1551;4095
39878;1610;4095
39881;1674;4095
39885;1738;4095
39889;1785;4095
39892;1816;4095
39896;1882;4095
39899;1950;4095
39903;2008;4095
39907;2039;4095
39910;2089;4095
39914;2158;4095
39918;2215;4095
39921;2265;4095
39925;2317;4091
39929;2365;4088
39932;2400;4078
39936;2463;4076
39940;2509;4063
39943;2553;4057
39947;2586;4045
39950;2618;4040
39954;2664;4025
39958;2698;4009
39961;2732;3997
39965;2774;3984
39969;2808;3967
39972;2824;3950
39976;2844;3943
39980;2872;3918
39983;2904;3902
39987;2924;3885
39991;2952;3866
39994;2976;3849
39998;3004;3831
40002;3034;3804
40005;3067;3790
40009;3086;3770
40012;3114;3753
40016;3131;3724
40020;3160;3705
40023;3181;3678
40027;3196;3658
40031;3215;3639
40034;3244;3615
40038;3262;3596
40042;3290;3577
40045;3307;3561
40049;3324;3533
40053;3338;3514
40056;3354;3494
40060;3360;3456
40064;3373;3423
40067;3386;3405
40071;3402;3372
40074;3416;3352
40078;3432;3321
40082;3436;3294
40085;3448;3272
40089;3466;3245
40093;3470;3214
40096;3484;3194
40100;3495;3163
40104;3501;3143
40107;3515;3113
40111;3518;3084
40115;3530;3051
40118;3534;3017
40122;3545;2972
40125;3548;2942
40129;3562;2907
40133;3566;2877
40136;3576;2844
40140;3583;2811
40144;3594;2777
40147;3606;2730
40151;3610;2686
40155;3623;2650
40158;3626;2620
40162;3630;2554
40166;3641;2488
40169;3643;2415
40173;3656;2360
40177;3661;2270
40180;3671;2173
40184;3674;2064
40187;3676;1947
40191;3687;1836
40195;3689;1737
40198;3694;1674
40202;3704;1582
40206;3705;1420
40209;3718;1289
40213;3721;1178
40217;3723;1069
40220;3726;999
40224;3739;975
40228;3752;968
40231;3756;958
40235;3769;953
40238;3775;941
40242;3786;936
40246;3788;925
40249;3800;920
40253;3802;910
40257;3808;906
40260;3821;894
40264;3821;890
40268;3834;878
40271;3839;873
40275;3849;860
40279;3852;857
40282;3864;844
40286;3864;831
40290;3868;824
40293;3870;809
40297;3883;794
40300;3885;778
40304;3896;760
40308;3900;735
40311;3901;716
40315;3912;685
40319;3914;656
40322;3919;632
40326;3927;599
40330;3930;568
40333;3933;523
40337;3935;476
40341;3946;443
40344;3950;394
40348;3961;350
40352;3965;318
40355;3977;296
40359;3980;267
40362;3983;239
40366;3992;199
40370;3995;173
40373;3998;167
40377;4009;122
40381;4015;54
40384;4024;41
40388;4028;40
40392;4039;24
40395;4040;17
40399;4042;7
40403;4042;8
40406;4044;7
40410;4045;4
40413;4056;2
40417;4055;3
40421;4056;2
40424;4057;0
40428;4058;1
40432;4058;2
40435;4060;2
40439;4060;2
40443;4056;3
40446;4057;1
40450;4057;1
40454;4047;3
40457;4045;3
40461;4042;3
40465;4039;3
40468;4027;2
40472;4013;1
40475;3998;2
40479;3979;2
40483;3962;1
40486;3945;4
40490;3927;2
40494;3902;1
40497;3882;3
40501;3866;2
40505;3835;2
40508;3806;3
40512;3784;3
40516;3752;2
40519;3709;3
40523;3680;2
40526;3631;2
40530;3593;3
40534;3518;2
40537;3482;2
40541;3435;2
40545;3389;3
40548;3341;3
40552;3279;1
40556;3226;2
40559;3193;4
40563;3130;1
40567;3071;1
40570;3014;3
40574;2953;2
40578;2892;3
40581;2794;2
40585;2702;1
40588;2620;3
40592;2506;1
40596;2362;3
40599;2238;1
40603;2126;2
40607;2025;2
40610;1927;3
40614;1831;1
40618;1726;2
40621;1563;3
40625;1451;2
40629;1343;3
40632;1215;3
40636;1099;2
40639;1036;3
40643;1022;3
40647;1017;2
40650;1006;3
40654;1003;2
40658;990;2
40661;985;2
40665;973;1
40669;968;1
40672;958;2
40676;954;1
40680;954;1
40683;953;1
40687;953;3
40691;952;2
40694;944;1
40698;943;0
40701;943;1
40705;950;2
40709;943;1
40712;943;1
40716;943;2
40720;942;1
40723;942;2
40727;941;1
40731;941;2
40734;940;2
40738;940;2
40742;938;3
40745;940;2
40749;938;2
40753;938;1
40756;938;2
40760;937;2
40763;937;2
40767;936;1
40771;937;2
40774;937;3
40778;936;2
40782;936;2
40785;927;1
40789;935;0
40793;927;3
40796;927;3
40800;935;3
40804;926;2
40807;926;3
40811;926;2
40814;926;2
40818;924;1
40822;925;2
40825;923;1
40829;925;1
40833;924;1
40836;924;1
40840;924;0
40844;923;2
40847;923;3
40851;922;1
40855;922;2
40858;922;2
40862;921;1
40866;921;2
40869;920;3
40873;922;2
40876;912;1
40880;921;0
40884;920;1
40887;919;1
40891;921;2
40895;919;1
40898;921;2
40902;920;3
40906;920;2
40909;912;0
40913;919;1
40917;920;2
40920;919;2
40924;920;1
40927;911;3
40931;912;4
40935;919;1
40938;918;3
40942;911;2
40946;912;1
40949;912;2
40953;919;3
40957;912;3
40960;911;1
40964;911;2
40968;919;3
40971;910;1
40975;918;2
40979;910;2
40982;910;1
40986;911;4
40989;911;2
40993;910;3
40997;909;2
41000;910;1
41004;910;2
41008;910;2
41011;909;2
41015;910;2
41019;909;2
41022;908;2
41026;908;3
41030;907;2
41033;909;2
41037;907;3
41040;908;3
41044;907;2
41048;907;3
41051;907;2
41055;906;2
41059;907;3
41062;907;1
41066;907;1
41070;905;2
41073;905;2
41077;905;3
41081;907;2
41084;906;2
41088;905;1
41092;906;2
41095;906;3
41099;905;1
41102;906;2
41106;905;3
41110;905;3
41113;904;2
41117;905;3
41121;905;1
41124;906;3
41128;904;3
41132;904;2
41135;904;2
41139;904;2
41143;905;0
41146;904;2
41150;905;2
41154;904;2
41157;904;2
41161;903;1
41164;903;2
41168;905;2
41172;903;1
41175;905;1
41179;904;2
41183;894;19
41186;879;45
41190;861;96
41194;842;158
41197;840;189
41201;847;668
41205;872;1258
41208;888;1695
41212;905;2061
41215;911;2330
41219;922;2524
41223;926;2688
41226;937;2824
41230;937;2920
41234;943;3031
41237;951;3130
41241;954;3243
41245;956;3384
41248;967;3484
41252;970;3575
41256;971;3644
41259;974;3708
41263;975;3757
41267;985;3791
41270;985;3832
41274;987;3854
41277;990;3895
41281;1002;3912
41285;1004;3920
41288;1007;3944
41292;1017;3950
41296;1024;3962
41299;1036;3975
41303;1039;3981
41307;1040;3984
41310;1051;3995
41314;1053;3997
41318;1062;3999
41321;1063;4007
41325;1067;4007
41328;1069;3997
41332;1080;3999
41336;1082;4009
41339;1083;4010
41343;1086;4011
41347;1096;4013
41350;1097;4024
41354;1099;4024
41358;1102;4025
41361;1113;4028
41365;1115;4038
41369;1162;4042
41372;1272;4045
41376;1384;4055
41380;1484;4060
41383;1592;4071
41387;1693;4072
41390;1768;4074
41394;1866;4075
41398;1944;4078
41401;2008;4087
41405;2075;4090
41409;2122;4090
41412;2185;4090
41416;2237;4091
41420;2281;4093
41423;2335;4094
41427;2393;4094
41431;2445;4095
41434;2494;4093
41438;2552;4092
41441;2591;4091
41445;2632;4091
41449;2664;4088
41452;2686;4086
41456;2712;4077
41460;2729;4075
41463;2759;4071
41467;2779;4060
41471;2810;4057
41474;2828;4046
41478;2858;4041
41482;2875;4029
41485;2903;4026
41489;2920;4014
41493;2928;4008
41496;2942;3995
41500;2971;3991
41503;2988;3981
41507;3004;3976
41511;3021;3962
41514;3033;3948
41518;3054;3933
41522;3083;3919
41525;3088;3903
41529;3103;3897
41533;3129;3870
41536;3136;3863
41540;3160;3847
41544;3167;3832
41547;3191;3807
41551;3210;3789
41555;3225;3774
41558;3247;3758
41562;3260;3740
41565;3275;3721
41569;3293;3692
41573;3306;3672
41576;3320;3645
41580;3325;3626
41584;3340;3609
41587;3355;3582
41591;3369;3564
41595;3374;3545
41598;3400;3528
41602;3406;3513
41606;3419;3485
41609;3433;3478
41613;3450;3448
41616;3453;3424
41620;3467;3405
41624;3483;3387
41627;3498;3374
41631;3513;3352
41635;3517;3335
41638;3528;3309
41642;3533;3291
41646;3547;3276
41649;3559;3258
41653;3564;3241
41657;3566;3224
41660;3581;3199
41664;3592;3181
41668;3599;3167
41671;3611;3148
41675;3625;3132
41678;3629;3114
41682;3632;3088
41686;3644;3080
41689;3655;3064
41693;3658;3038
41697;3662;3018
41700;3673;3004
41704;3677;2985
41708;3678;2952
41711;3691;2920
41715;3694;2903
41719;3704;2878
41722;3707;2857
41726;3710;2827
41729;3723;2797
41733;3725;2777
41737;3728;2732
41740;3738;2716
41744;3741;2683
41748;3752;2649
41751;3754;2618
41755;3756;2558
41759;3759;2536
41762;3769;2472
41766;3772;2411
41770;3785;2377
41773;3789;2335
41777;3792;2254
41781;3802;2173
41784;3804;2104
41788;3815;2009
