Column1;Column2;Column3
5430;1295;3741
5432;1294;3738
5432;1292;3739
5432;1296;3738
5435;1294;3737
5438;1293;3735
5442;1294;3727
5445;1295;3725
5449;1295;3723
5453;1293;3721
5456;1295;3721
5460;1292;3720
5463;1293;3712
5467;1295;3720
5470;1293;3720
5474;1294;3720
5477;1295;3720
5481;1293;3719
5485;1295;3720
5488;1294;3721
5492;1293;3722
5495;1294;3722
5499;1294;3724
5502;1294;3725
5506;1294;3736
5509;1295;3738
5513;1301;3741
5517;1295;3751
5520;1303;3753
5524;1303;3757
5527;1321;3768
5531;1324;3771
5534;1339;3785
5538;1369;3800
5542;1386;3804
5545;1392;3821
5549;1420;3835
5552;1431;3852
5556;1438;3869
5559;1449;3884
5563;1464;3900
5566;1498;3914
5570;1517;3930
5574;1532;3945
5577;1561;3961
5581;1578;3976
5584;1581;3992
5588;1612;4010
5591;1628;4025
5595;1656;4040
5598;1686;4046
5602;1690;4060
5606;1711;4073
5609;1724;4088
5613;1739;4091
5616;1758;4095
5620;1768;4095
5623;1774;4095
5627;1785;4095
5630;1798;4095
5634;1803;4095
5638;1806;4095
5641;1807;4095
5645;1807;4095
5648;1821;4095
5652;1816;4095
5655;1820;4095
5659;1816;4095
5663;1804;4095
5666;1800;4095
5670;1770;4095
5673;1742;4095
5677;1725;4095
5680;1735;4095
5684;1706;4095
5687;1673;4095
5691;1656;4095
5695;1629;4095
5698;1594;4095
5702;1577;4095
5705;1560;4095
5709;1547;4095
5712;1527;4095
5716;1513;4095
5719;1497;4095
5723;1480;4095
5727;1468;4095
5730;1470;4095
5734;1468;4095
5737;1480;4095
5741;1469;4095
5744;1463;4095
5748;1466;4095
5751;1464;4095
5755;1456;4095
5759;1455;4095
5762;1463;4095
5766;1456;4095
5769;1453;4095
5773;1451;4095
5776;1448;4095
5780;1450;4095
5784;1438;4095
5787;1433;4095
5791;1433;4095
5794;1416;4095
5798;1415;4095
5801;1421;4095
5805;1432;4095
5808;1431;4095
5812;1430;4095
5816;1437;4095
5819;1432;4095
5823;1433;4095
5826;1420;4095
5830;1438;4095
5833;1416;4095
5837;1391;4095
5840;1390;4095
5844;1387;4095
5848;1383;4095
5851;1370;4095
5855;1367;4095
5858;1355;4095
5862;1353;4095
5865;1343;4095
5869;1343;4095
5872;1340;4095
5876;1326;4095
5880;1321;4095
5883;1322;4095
5887;1320;4095
5890;1321;4095
5894;1320;4095
5897;1321;4095
5901;1320;4095
5905;1309;4095
5908;1310;4095
5912;1308;4095
5915;1308;4095
5919;1306;4095
5922;1306;4095
5926;1306;4095
5929;1306;4095
5933;1306;4095
5937;1306;4095
5940;1309;4095
5944;1311;4094
5947;1312;4093
5951;1312;4092
5954;1320;4090
5958;1322;4087
5961;1342;4079
5965;1352;4075
5969;1357;4072
5972;1359;4072
5976;1384;4061
5979;1386;4059
5983;1385;4056
5986;1388;4048
5990;1401;4044
5993;1406;4042
5997;1407;4040
6001;1417;4040
6004;1421;4029
6008;1447;4028
6011;1467;4026
6015;1479;4025
6018;1499;4015
6022;1496;4012
6026;1518;4010
6029;1518;4009
6033;1531;4008
6036;1532;3998
6040;1546;3997
6043;1547;3995
6047;1559;3995
6050;1560;3994
6054;1561;3991
6058;1562;3982
6061;1563;3981
6065;1563;3982
6068;1565;3983
6072;1564;3982
6075;1550;3981
6079;1563;3981
6082;1575;3980
6086;1575;3980
6090;1580;3979
6093;1583;3980
6097;1580;3980
6100;1580;3980
6104;1578;3981
6107;1566;3981
6111;1565;3982
6114;1561;3980
6118;1547;3982
6122;1545;3980
6125;1544;3980
6129;1535;3980
6132;1520;3979
6136;1516;3978
6139;1515;3979
6143;1513;3976
6146;1513;3977
6150;1513;3977
6154;1516;3976
6157;1514;3976
6161;1516;3967
6164;1517;3967
6168;1518;3967
6171;1519;3964
6175;1527;3966
6179;1528;3964
6182;1530;3964
6186;1529;3963
6189;1535;3963
6193;1544;3961
6196;1544;3963
6200;1549;3962
6203;1563;3961
6207;1565;3960
6211;1568;3950
6214;1593;3951
6218;1595;3959
6221;1598;3950
6225;1610;3950
6228;1611;3950
6232;1623;3948
6235;1624;3948
6239;1629;3949
6243;1630;3948
6246;1659;3947
6250;1661;3948
6253;1675;3946
6257;1675;3946
6260;1677;3946
6264;1680;3944
6267;1692;3934
6271;1691;3943
6275;1694;3943
6278;1709;3934
6282;1720;3933
6285;1721;3932
6289;1725;3932
6292;1735;3933
6296;1735;3930
6300;1737;3931
6303;1741;3930
6307;1741;3928
6310;1751;3927
6314;1740;3920
6317;1739;3918
6321;1735;3917
6324;1736;3916
6328;1725;3915
6332;1725;3915
6335;1726;3913
6339;1723;3911
6342;1722;3903
6346;1724;3901
6349;1724;3901
6353;1719;3899
6356;1710;3897
6360;1707;3895
6364;1691;3886
6367;1688;3884
6371;1680;3882
6374;1676;3881
6378;1674;3880
6381;1673;3870
6385;1678;3868
6388;1676;3865
6392;1674;3864
6396;1676;3853
6399;1664;3849
6403;1661;3840
6406;1655;3838
6410;1657;3835
6413;1643;3824
6417;1659;3820
6421;1645;3817
6424;1609;3804
6428;1607;3800
6431;1592;3789
6435;1581;3784
6438;1565;3772
6442;1548;3759
6445;1528;3752
6449;1511;3751
6453;1485;3737
6456;1454;3725
6460;1448;3719
6463;1419;3707
6467;1402;3695
6470;1388;3689
6474;1351;3673
6477;1320;3660
6481;1295;3642
6485;1293;3625
6488;1292;3599
6492;1294;3578
6495;1292;3549
6499;1292;3516
6502;1292;3495
6506;1291;3465
6509;1289;3423
6513;1290;3391
6517;1288;3352
6520;1286;3295
6524;1277;3243
6527;1277;3164
6531;1274;3086
6534;1272;3000
6538;1260;2891
6542;1258;2784
6545;1256;2653
6549;1244;2505
6552;1240;2348
6556;1227;2136
6559;1213;1914
6563;1209;1710
6566;1194;1481
6570;1178;1260
6574;1163;1038
6577;1150;717
6581;1148;425
6584;1160;239
6588;1164;170
6591;1177;94
6595;1168;71
6598;1165;55
6602;1165;39
6606;1164;25
6609;1162;25
6613;1160;24
6616;1159;23
6620;1151;22
6623;1151;22
6627;1152;20
6630;1149;19
6634;1149;19
6638;1149;18
6641;1146;18
6645;1147;20
6648;1147;19
6652;1147;19
6655;1147;18
6659;1146;19
6663;1146;20
6666;1147;18
6670;1145;20
6673;1145;19
6677;1145;20
6680;1145;19
6684;1145;18
6687;1145;19
6691;1135;20
6695;1144;17
6698;1136;19
6702;1142;20
6705;1136;19
6709;1143;20
6712;1134;20
6716;1133;21
6719;1133;20
6723;1134;19
6727;1133;19
6730;1134;19
6734;1132;20
6737;1130;20
6741;1131;19
6744;1130;19
6748;1131;20
6751;1130;20
6755;1131;19
6759;1130;21
6762;1129;19
6766;1130;20
6769;1129;20
6773;1130;20
6776;1129;19
6780;1128;19
6784;1129;18
6787;1128;20
6791;1129;18
6794;1127;20
6798;1119;20
6801;1127;18
6805;1119;20
6808;1119;20
6812;1119;19
6816;1119;19
6819;1125;19
6823;1118;21
6826;1116;18
6830;1117;19
6833;1117;18
6837;1117;20
6840;1116;20
6844;1115;20
6848;1116;20
6851;1115;20
6855;1115;20
6858;1115;20
6862;1116;20
6865;1115;19
6869;1115;19
6872;1114;20
6876;1115;19
6880;1112;21
6883;1113;19
6887;1113;19
6890;1111;20
6894;1112;19
6897;1113;19
6901;1113;20
6904;1112;20
6908;1112;20
6912;1110;20
6915;1112;18
6919;1109;20
6922;1110;20
6926;1110;19
6929;1102;20
6933;1102;19
6937;1104;19
6940;1102;18
6944;1102;18
6947;1099;20
6951;1101;19
6954;1101;19
6958;1101;21
6961;1100;20
6965;1101;20
6969;1101;19
6972;1100;20
6976;1100;19
6979;1099;18
6983;1100;19
6986;1101;19
6990;1099;20
6993;1099;20
6997;1100;19
7001;1101;20
7004;1100;20
7008;1100;20
7011;1099;19
7015;1100;19
7018;1099;20
7022;1100;20
7025;1099;21
7029;1099;21
7033;1100;21
7036;1094;24
7040;1068;80
7043;1066;107
7047;1055;126
7050;1051;269
7054;1056;733
7058;1067;1214
7061;1082;1671
7065;1084;2029
7068;1087;2444
7072;1098;2778
7075;1101;3006
7079;1101;3197
7082;1099;3321
7086;1098;3405
7090;1098;3464
7093;1099;3486
7097;1100;3502
7100;1100;3528
7104;1103;3550
7107;1114;3581
7111;1115;3592
7114;1115;3597
7118;1129;3598
7122;1131;3609
7125;1143;3614
7129;1148;3624
7132;1160;3630
7136;1163;3648
7139;1166;3664
7143;1176;3673
7146;1177;3688
7150;1183;3689
7154;1195;3692
7157;1198;3704
7161;1208;3709
7164;1210;3710
7168;1213;3726
7171;1225;3742
7175;1241;3756
7179;1390;3775
7182;1499;3800
7186;1623;3806
7189;1722;3820
7193;1818;3834
7196;1913;3839
7200;2026;3851
7203;2110;3864
7207;2171;3865
7211;2252;3882
7214;2313;3887
7218;2366;3899
7221;2429;3903
7225;2508;3916
7228;2552;3928
7232;2603;3934
7235;2648;3947
7239;2688;3951
7243;2728;3961
7246;2765;3964
7250;2799;3966
7253;2829;3979
7257;2861;3983
7260;2879;3991
7264;2909;3994
7267;2936;3995
7271;2956;3998
7275;2984;3999
7278;2991;4000
7282;3006;4008
7285;3033;4008
7289;3049;4009
7292;3072;4009
7296;3088;4009
7300;3112;4010
7303;3128;4009
7307;3134;4008
7310;3150;4007
7314;3168;3998
7317;3182;3997
7321;3197;3995
7324;3208;3995
7328;3224;3992
7332;3240;3992
7335;3245;3980
7339;3271;3977
7342;3278;3967
7346;3291;3964
7349;3307;3961
7353;3319;3948
7356;3325;3944
7360;3340;3932
7364;3353;3930
7367;3358;3917
7371;3372;3912
7374;3374;3895
7378;3388;3881
7381;3400;3868
7385;3406;3854
7388;3416;3837
7392;3420;3822
7396;3432;3805
7399;3436;3788
7403;3449;3771
7406;3456;3754
7410;3466;3740
7413;3470;3725
7417;3483;3711
7421;3496;3704
7424;3500;3690
7428;3511;3678
7431;3514;3673
7435;3527;3660
7438;3532;3648
7442;3548;3643
7445;3552;3631
7449;3566;3627
7453;3578;3625
7456;3583;3616
7460;3596;3615
7463;3598;3616
7467;3608;3614
7470;3610;3613
7474;3614;3614
7477;3616;3615
7481;3629;3615
7485;3640;3624
7488;3643;3624
7492;3646;3625
7495;3655;3625
7499;3658;3625
7502;3671;3625
7506;3673;3624
7509;3678;3624
7513;3680;3614
7517;3690;3616
7520;3693;3611
7524;3707;3610
7527;3708;3608
7531;3721;3598
7534;3723;3593
7538;3736;3581
7541;3739;3578
7545;3743;3576
7549;3753;3564
7552;3758;3561
7556;3768;3547
7559;3772;3534
7563;3785;3532
7566;3786;3527
7570;3789;3515
7574;3801;3511
7577;3805;3500
7581;3816;3496
7584;3818;3484
7588;3822;3480
7591;3834;3468
7595;3838;3464
7598;3847;3452
7602;3852;3439
7606;3854;3432
7609;3864;3421
7613;3868;3403
7616;3879;3388
7620;3884;3374
7623;3886;3356
7627;3897;3338
7630;3900;3320
7634;3902;3289
7638;3914;3260
7641;3928;3228
7645;3929;3209
7648;3933;3166
7652;3944;3130
7655;3948;3101
7659;3951;3065
7662;3962;3036
7666;3964;2988
7670;3975;2983
7673;3977;2927
7677;3980;2879
7680;3984;2825
7684;3994;2764
7687;3997;2684
7691;4008;2601
7695;4010;2525
7698;4013;2476
7702;4024;2382
7705;4027;2317
7709;4032;2255
7712;4040;2173
7716;4045;2089
7719;4055;2015
7723;4059;1912
7727;4060;1737
7730;4061;1513
7734;4064;1338
7737;4074;1180
7741;4074;983
7744;4075;704
7748;4078;667
7751;4087;664
7755;4090;651
7759;4092;648
7762;4094;635
7766;4095;631
7769;4095;617
7773;4095;602
7776;4095;586
7780;4095;560
7783;4095;528
7787;4095;479
7791;4095;442
7794;4095;395
7798;4095;300
7801;4095;154
7805;4095;47
7808;4095;24
7812;4095;8
7816;4095;4
7819;4095;3
7823;4091;3
7826;4079;3
7830;4061;2
7833;4042;2
7837;4015;1
7840;3995;2
7844;3962;2
7848;3928;2
7851;3882;3
7855;3818;3
7858;3740;1
7862;3656;1
7865;3657;1
7869;3625;1
7872;3580;2
7876;3517;1
7880;3437;1
7883;3372;2
7887;3292;2
7890;3247;1
7894;3192;1
7897;3132;2
7901;3086;1
7904;3032;2
7908;2989;2
7912;2941;2
7915;2876;1
7919;2807;2
7922;2718;2
7926;2665;1
7929;2575;2
7933;2492;2
7937;2393;1
7940;2265;2
7944;2154;1
7947;2008;1
7951;1885;1
7954;1724;2
7958;1658;1
7961;1614;1
7965;1590;1
7969;1548;2
7972;1497;2
7976;1421;2
7979;1367;3
7983;1328;0
7986;1295;1
7990;1255;1
7993;1225;0
7997;1180;1
8001;1150;2
8004;1147;1
8008;1147;0
8011;1144;1
8015;1134;2
8018;1135;0
8022;1132;1
8025;1130;0
8029;1129;1
8033;1128;0
8036;1117;1
8040;1116;1
8043;1115;1
8047;1115;1
8050;1114;2
8054;1112;0
8058;1112;2
8061;1111;0
8065;1102;0
8068;1103;2
8072;1102;0
8075;1102;2
8079;1101;1
8082;1100;1
8086;1099;1
8090;1099;2
8093;1099;0
8097;1098;2
8100;1098;1
8104;1098;1
8107;1097;1
8111;1097;2
8114;1096;2
8118;1095;3
8122;1095;0
8125;1088;3
8129;1094;2
8132;1087;2
8136;1087;2
8139;1085;0
8143;1085;1
8146;1084;1
8150;1084;0
8154;1083;2
8157;1084;1
8161;1084;2
8164;1083;1
8168;1082;2
8171;1082;1
8175;1081;1
8178;1082;2
8182;1082;3
8186;1082;2
8189;1082;1
8193;1080;2
8196;1080;3
8200;1080;1
8203;1080;1
8207;1080;1
8211;1080;2
8214;1079;2
8218;1080;2
8221;1079;1
8225;1080;0
8228;1079;2
8232;1079;1
8235;1070;1
8239;1080;0
8243;1071;2
8246;1070;2
8250;1072;3
8253;1070;1
8257;1070;0
8260;1070;1
8264;1069;3
8267;1070;1
8271;1069;1
8275;1069;2
8278;1069;0
8282;1069;0
8285;1068;2
8289;1067;2
8292;1067;2
8296;1068;2
8299;1066;0
8303;1068;1
8307;1066;2
8310;1066;1
8314;1065;1
8317;1067;1
8321;1065;1
8324;1065;1
8328;1066;2
8332;1065;0
8335;1065;2
8339;1065;3
8342;1064;1
8346;1064;2
8349;1063;0
8353;1064;1
8356;1064;2
8360;1055;2
8364;1055;1
8367;1055;1
8371;1055;2
8374;1063;1
8378;1055;0
8381;1064;2
8385;1054;1
8388;1054;0
8392;1054;2
8396;1054;2
8399;1054;1
8403;1054;3
8406;1054;1
8410;1053;2
8413;1053;1
8417;1054;2
8420;1054;2
8424;1054;2
8428;1054;0
8431;1054;0
8435;1053;1
8438;1052;2
8442;1051;1
8445;1053;0
8449;1052;3
8453;1053;0
8456;1053;1
8460;1052;1
8463;1053;2
8467;1053;2
8470;1052;1
8474;1053;2
8477;1051;1
8481;1053;2
8485;1052;0
8488;1053;2
8492;1053;2
8495;1052;2
8499;1052;2
8502;1054;1
8506;1053;2
8509;1054;0
8513;1051;1
8517;1052;1
8520;1053;1
8524;1053;3
8527;1054;1
8531;1053;2
8534;1053;1
8538;1053;0
8541;1053;2
8545;1053;3
8549;1053;2
8552;1053;1
8556;1053;1
8559;1053;2
8563;1054;1
8566;1055;2
8570;1055;1
8574;1056;2
8577;1056;2
8581;1066;3
8584;1068;2
8588;1469;3
8591;1999;2
8595;2281;2
8598;2551;2
8602;2792;1
8606;2984;1
8609;3115;3
8613;3224;2
8616;3307;1
8620;3391;1
8623;3482;0
8627;3560;1
8630;3615;6
8634;3660;27
8638;3689;120
8641;3719;203
8645;3759;250
8648;3788;296
8652;3816;343
8655;3833;381
8659;3849;413
8662;3853;445
8666;3867;472
8670;3879;488
8673;3887;503
8677;3898;506
8680;3901;509
8684;3913;510
8687;3918;509
8691;3920;509
8695;3927;510
8698;3930;508
8702;3932;505
8705;3931;506
8709;3932;505
8712;3933;496
8716;3933;493
8719;3934;492
8723;3933;491
8727;3934;488
8730;3934;487
8734;3935;479
8737;3935;476
8741;3943;473
8744;3936;471
8748;3936;462
8751;3944;458
8755;3945;456
8759;3936;446
8762;3943;442
8766;3944;440
8769;3934;430
8773;3934;427
8776;3933;416
8780;3931;411
8783;3931;399
8787;3928;393
8791;3919;381
8794;3918;368
8798;3915;351
8801;3914;333
8805;3912;314
8808;3912;297
8812;3903;281
8815;3900;239
8819;3901;220
8823;3902;189
8826;3902;141
8830;3901;111
8833;3901;92
8837;3901;75
8840;3899;72
8844;3902;58
8848;3901;56
8851;3902;54
8855;3901;47
8858;3903;45
8862;3910;45
8865;3912;44
8869;3912;45
8872;3913;42
8876;3915;42
8880;3914;42
8883;3919;42
8887;3919;44
8890;3927;44
8894;3928;47
8897;3931;56
8901;3932;58
8904;3933;59
8908;3934;61
8912;3944;72
8915;3945;77
8919;3947;93
8922;3948;109
8926;3950;124
8929;3961;135
8933;3964;140
8936;3976;142
8940;3978;153
8944;3980;157
8947;3991;157
8951;3994;157
8954;3996;158
8958;3997;157
8961;3998;156
8965;3999;153
8969;4009;151
8972;4010;140
8976;4011;137
8979;4013;127
8983;4014;124
8986;4014;122
8990;4014;121
8993;4023;122
8997;4023;123
9001;4026;121
9004;4027;120
9008;4029;120
9011;4029;121
9015;4039;111
9018;4041;111
9022;4044;107
9025;4055;95
9029;4057;90
9033;4060;75
9036;4072;56
9040;4073;42
9043;4075;31
9047;4078;26
9050;4079;23
9054;4089;25
9057;4092;21
9061;4091;20
9065;4093;17
9068;4093;9
9072;4094;5
9075;4095;4
9079;4095;4
9082;4095;3
9086;4095;2
9090;4095;2
9093;4095;5
9097;4095;3
9100;4095;3
9104;4095;4
9107;4095;2
9111;4095;3
9114;4095;2
9118;4095;4
9122;4095;3
9125;4095;4
9129;4095;2
9132;4095;3
9136;4095;4
9139;4095;2
9143;4095;1
9146;4095;3
9150;4095;1
9154;4095;1
9157;4095;1
9161;4095;2
9164;4095;2
9168;4095;2
9171;4095;1
9175;4095;3
9178;4095;2
9182;4095;1
9186;4095;0
9189;4095;2
9193;4095;3
9196;4095;1
9200;4095;2
9203;4095;0
9207;4095;0
9211;4095;1
9214;4095;2
9218;4095;2
9221;4095;2
9225;4095;2
9228;4095;1
9232;4095;1
9235;4095;2
9239;4095;3
9243;4095;2
9246;4095;2
9250;4095;1
9253;4095;1
9257;4095;2
9260;4095;1
9264;4095;1
9267;4095;1
9271;4095;1
9275;4095;1
9278;4095;2
9282;4095;3
9285;4095;1
9289;4095;2
9292;4095;2
9296;4095;2
9299;4095;2
9303;4095;1
9307;4095;3
9310;4095;2
9314;4095;3
9317;4095;2
9321;4095;0
9324;4095;3
9328;4095;1
9332;4095;1
9335;4095;2
9339;4095;2
9342;4092;0
9346;4057;2
9349;4014;2
9353;3967;2
9356;3926;2
9360;3867;2
9364;3805;1
9367;3726;2
9371;3661;1
9374;3611;2
9378;3565;2
9381;3497;1
9385;3433;2
9388;3367;1
9392;3261;0
9396;3160;2
9399;2990;2
9403;2844;2
9406;2587;1
9410;2248;2
9413;1866;2
9417;1406;1
9420;1087;2
9424;938;3
9428;926;1
9431;920;2
9435;918;3
9438;907;3
9442;906;5
9445;903;6
9449;893;5
9453;892;5
9456;890;2
9460;889;2
9463;879;1
9467;878;1
9470;879;2
9474;878;1
9477;877;2
9481;876;2
9485;875;4
9488;872;3
9492;873;2
9495;872;2
9499;872;3
9502;871;2
9506;861;0
9509;863;2
9513;861;3
9517;860;2
9520;860;3
9524;860;3
9527;858;2
9531;860;2
9534;859;1
9538;860;1
9541;858;2
9545;861;2
9549;860;2
9552;860;2
9556;859;2
9559;861;1
9563;860;0
9566;861;2
9570;860;3
9573;861;1
9577;861;2
9581;861;1
9584;860;1
9588;862;2
9591;861;2
9595;862;2
9598;861;2
9602;862;4
9606;861;2
9609;861;2
9613;860;2
9616;862;1
9620;861;2
9623;863;2
9627;862;2
9630;864;1
9634;871;3
9638;871;2
9641;872;1
9645;872;2
9648;872;2
9652;873;2
9655;874;2
9659;874;1
9662;874;1
9666;874;2
9670;877;3
9673;876;1
9677;877;2
9680;875;1
9684;879;3
9687;879;2
9691;888;2
9694;889;2
9698;888;2
9702;889;1
9705;890;1
9709;888;1
9712;890;1
9716;890;2
9719;889;1
9723;891;2
9727;890;2
9730;890;2
9734;890;1
9737;889;2
9741;890;2
9744;889;2
9748;890;1
9751;889;1
9755;890;0
9759;890;1
9762;890;1
9766;890;1
9770;890;1
9773;889;2
9777;889;2
9781;890;1
9784;891;2
9788;891;2
9792;892;3
9795;892;1
9799;891;2
9802;891;1
9806;893;2
9810;904;0
9813;936;1
9817;957;1
9821;971;2
9824;1003;2
9828;1017;1
9832;1040;0
9835;1070;2
9839;1084;1
9843;1100;2
9846;1136;1
9850;1167;1
9854;1195;1
9857;1260;2
9861;1289;2
9864;1295;0
9868;1055;2
9872;1511;0
9875;1750;1
9879;1915;1
9883;2296;1
9886;2600;1
9890;2889;2
9894;3143;1
9897;3276;2
9901;3434;1
9905;3595;1
9908;3737;2
9912;3831;2
9915;3928;1
9919;3998;2
9923;4058;2
9926;4095;1
9930;4095;3
9934;4095;1
9937;4095;1
9941;4095;3
9945;4095;2
9948;4095;2
9952;4095;2
9956;4095;2
9959;4095;3
9963;4095;2
9967;4095;0
9970;4095;1
9974;4095;3
9977;4095;3
9981;4095;5
9985;4095;17
9988;4095;31
9992;4095;80
9996;4095;192
9999;4095;270
10003;4095;327
10007;4095;352
10010;4095;376
10014;4095;392
10018;4095;398
10021;4095;411
10025;4095;413
10028;4095;415
10032;4095;415
10036;4095;415
10039;4095;412
10043;4095;410
10047;4095;408
10050;4095;398
10054;4095;398
10058;4095;393
10061;4095;383
10065;4095;375
10069;4095;362
10072;4095;346
10076;4095;320
10080;4095;298
10083;4095;268
10087;4095;231
10090;4095;185
10094;4095;125
10098;4095;93
10101;4095;60
10105;4095;44
10109;4095;31
10112;4095;28
10116;4095;28
10120;4095;26
10123;4095;23
10127;4095;24
10131;4095;24
10134;4095;23
10138;4095;25
10141;4095;22
10145;4095;20
10149;4095;22
10152;4095;21
10156;4095;19
10160;4095;19
10163;4095;18
10167;4095;18
10171;4095;18
10174;4095;7
10178;4095;8
10182;4095;9
10185;4095;8
10189;4095;8
10193;4095;16
10196;4095;10
10200;4095;8
10203;4095;9
10207;4095;7
10211;4095;17
10214;4095;8
10218;4095;7
10222;4095;8
10225;4095;9
10229;4095;17
10233;4095;7
10236;4095;8
10240;4095;8
10244;4095;8
10247;4095;7
10251;4095;7
10255;4095;8
10258;4095;7
10262;4095;7
10265;4095;5
10269;4095;5
10273;4095;1
10276;4095;2
10280;4095;2
10284;4095;1
10287;4095;3
10291;4095;3
10295;4095;3
10298;4095;2
10302;4095;2
10306;4095;3
10309;4095;2
10313;4095;2
10316;4095;2
10320;4095;2
10324;4095;1
10327;4095;1
10331;4095;2
10335;4095;0
10338;4095;1
10342;4095;1
10346;4095;2
10349;4095;2
10353;4095;2
10357;4095;1
10360;4095;2
10364;4095;0
10368;4095;2
10371;4095;2
10375;4095;1
10378;4095;1
10382;4095;0
10386;4095;1
10389;4095;1
10393;4095;1
10397;4095;2
10400;4095;2
10404;4095;1
10408;4095;2
10411;4095;0
10415;4095;2
10419;4095;1
10422;4095;2
10426;4095;2
10429;4095;0
10433;4095;1
10437;4095;0
10440;4095;2
10444;4095;0
10448;4095;1
10451;4095;1
10455;4095;0
10459;4095;2
10462;4095;2
10466;4095;1
10470;4095;2
10473;4095;2
10477;4095;2
10481;4088;2
10484;4056;2
10488;4025;1
10491;3982;1
10495;3951;1
10499;3916;1
10502;3865;1
10506;3800;1
10510;3705;1
10513;3624;1
10517;3531;0
10521;3454;1
10524;3385;0
10528;3320;0
10532;3229;1
10535;3131;2
10539;2991;3
10542;2790;2
10546;2479;2
10550;2191;2
10553;1965;1
10557;1709;3
10561;1438;0
10564;1240;1
10568;1114;1
10572;1101;1
10575;1099;1
10579;1096;1
10583;1085;1
10586;1081;1
10590;1070;0
10594;1066;2
10597;1064;0
10601;1054;0
10604;1051;1
10608;1050;1
10612;1048;1
10615;1039;2
10619;1038;1
10623;1037;1
10626;1035;2
10630;1024;1
10634;1024;2
10637;1023;0
10641;1022;2
10645;1021;0
10648;1021;0
10652;1019;2
10656;1019;2
10659;1017;1
10663;1017;2
10666;1016;1
10670;1016;2
10674;1016;0
10677;1016;1
10681;1016;1
10685;1016;1
10688;1007;2
10692;1015;1
10696;1008;2
10699;1015;2
10703;1014;2
10707;1005;1
10710;1006;1
10714;1007;2
10717;1005;1
10721;1004;0
10725;1005;1
10728;1006;1
10732;1007;1
10736;1006;1
10739;1006;0
10743;1005;2
10747;1006;1
10750;1006;3
10754;1006;0
10758;1004;1
10761;1006;1
10765;1006;0
10769;1005;1
10772;1006;1
10776;1006;2
10779;1005;1
10783;1006;2
10787;1005;0
10790;1005;2
10794;1005;1
10798;1006;2
10801;1006;2
10805;1051;0
10809;1097;2
10812;1128;1
10816;1165;0
10820;1191;2
10823;1231;2
10827;1246;1
10830;1276;1
10834;1276;1
10838;1305;2
10841;1306;0
10845;1338;2
10849;1344;2
10852;1341;2
10856;1355;2
10860;1368;0
10863;1374;2
10867;1383;1
10871;1386;2
10874;1373;1
10878;1374;1
10882;1372;2
10885;1368;2
10889;1368;2
10892;1368;2
10896;1356;2
10900;1342;1
10903;1343;2
10907;1356;1
10911;1371;2
10914;1359;1
10918;1371;2
10922;1372;2
10925;1390;3
10929;1400;2
10933;1416;3
10936;1432;0
10940;1433;0
10943;1434;2
10947;1432;0
10951;1448;1
10954;1449;1
10958;1439;0
10962;1452;2
10965;1456;2
10969;1466;1
10973;1467;0
10976;1471;1
10980;1485;2
10984;1497;1
10987;1528;1
10991;1528;1
10995;1532;1
10998;1579;4
11002;1517;0
11005;1420;1
11009;1738;2
11013;1800;1
11016;2139;2
11020;2571;3
11024;2923;2
11027;3128;2
11031;3262;2
11035;3355;3
11038;3438;2
11042;3544;2
11046;3613;1
11049;3707;1
11053;3789;2
11057;3851;2
11060;3903;2
11064;3949;2
11067;3983;1
11071;4015;2
11075;4045;1
11078;4073;3
11082;4094;1
11086;4095;7
11089;4095;7
11093;4095;7
11097;4095;8
11100;4095;18
11104;4095;24
11108;4095;28
11111;4095;46
11115;4095;188
11118;4095;268
11122;4095;312
11126;4095;345
11129;4095;376
11133;4095;408
11137;4095;427
11140;4095;444
11144;4095;459
11148;4095;462
11151;4095;473
11155;4095;473
11159;4095;474
11162;4095;472
11166;4095;472
11170;4095;462
11173;4095;460
11177;4095;457
11180;4095;448
11184;4095;442
11188;4095;430
11191;4095;415
11195;4095;399
11199;4095;381
11202;4095;361
11206;4095;330
11210;4095;296
11213;4095;238
11217;4095;152
11221;4095;62
11224;4095;42
11228;4095;31
11231;4095;28
11235;4095;24
11239;4095;23
11242;4095;20
11246;4095;19
11250;4095;18
11253;4095;19
11257;4095;18
11261;4095;19
11264;4095;10
11268;4095;8
11272;4095;6
11275;4095;7
11279;4095;7
11283;4095;6
11286;4095;6
11290;4095;5
11293;4095;5
11297;4095;5
11301;4095;5
11304;4095;4
11308;4095;4
11312;4095;2
11315;4095;5
11319;4095;4
11323;4095;3
11326;4095;3
11330;4095;4
11334;4095;4
11337;4095;4
11341;4095;3
11345;4095;5
11348;4095;3
11352;4095;5
11355;4095;3
11359;4095;4
11363;4095;3
11366;4095;3
11370;4095;5
11374;4095;3
11377;4095;4
11381;4095;5
11385;4095;4
11388;4095;2
11392;4095;4
11396;4095;4
11399;4095;3
11403;4095;3
11406;4095;3
11410;4095;3
11414;4095;3
11417;4095;3
11421;4095;3
11425;4095;2
11428;4095;3
11432;4095;3
11436;4095;4
11439;4095;2
11443;4095;2
11447;4095;4
11450;4095;3
11454;4095;3
11458;4095;3
11461;4095;2
11465;4095;1
11468;4095;2
11472;4095;1
11476;4095;2
11479;4095;3
11483;4095;2
11487;4095;3
11490;4095;1
11494;4095;2
11498;4095;3
11501;4095;2
11505;4095;2
11509;4095;1
11512;4095;2
11516;4095;3
11519;4095;2
11523;4095;2
11527;4095;1
11530;4095;2
11534;4095;0
11538;4095;1
11541;4095;1
11545;4095;2
11549;4095;2
11552;4095;1
11556;4095;1
11560;4095;2
11563;4095;2
11567;4095;2
11571;4095;1
11574;4095;1
11578;4095;1
11581;4095;2
11585;4095;3
11589;4095;1
11592;4095;1
11596;4095;2
11600;4095;1
11603;4095;1
11607;4095;0
11611;4087;2
11614;4042;1
11618;4006;2
11622;3947;2
11625;3879;1
11629;3836;1
11632;3800;3
11636;3773;1
11640;3739;1
11643;3704;1
11647;3657;0
11651;3593;1
11654;3500;1
11658;3405;1
11662;3323;1
11665;3231;1
11669;3135;1
11673;3064;1
11676;2959;1
11680;2863;2
11684;2746;2
11687;2617;2
11691;2441;4
11694;2200;1
11698;1927;1
11702;1643;0
11705;1272;2
11709;1080;1
11713;894;2
11716;857;0
11720;844;1
11724;840;2
11727;830;1
11731;826;2
11735;826;1
11738;825;2
11742;826;2
11746;824;1
11749;815;2
11753;812;1
11756;814;1
11760;812;2
11764;811;0
11767;809;0
11771;809;2
11775;808;0
11778;809;0
11782;808;2
11786;808;0
11789;808;1
11793;808;0
11797;808;1
11800;809;1
11804;808;1
11807;809;0
11811;809;2
11815;809;1
11818;809;0
11822;809;0
11826;809;1
11829;810;0
11833;812;2
11837;811;0
11840;809;0
11844;812;1
11848;811;1
11851;810;1
11855;810;0
11859;812;2
11862;811;0
11866;813;2
11869;812;1
11873;814;0
11877;816;0
11880;814;1
11884;814;1
11888;824;1
11891;824;1
11895;824;1
11899;824;1
11902;826;0
11906;824;0
11910;826;1
11913;826;0
11917;826;1
11920;827;0
11924;828;1
11928;830;1
11931;829;2
11935;829;1
11939;830;0
11942;830;2
11946;837;1
11950;840;1
11953;839;1
11957;839;1
11961;840;2
11964;840;1
11968;840;1
11972;841;2
11975;841;2
11979;842;0
11982;840;3
11986;841;1
11990;841;2
11993;842;2
11997;840;0
12001;841;2
12004;840;1
12008;840;1
12012;840;2
12015;840;2
12019;840;2
12023;841;1
12026;840;1
12030;842;1
12033;842;3
12037;840;2
12041;840;0
12044;841;2
12048;842;2
12052;841;1
12055;843;2
12059;842;1
12063;842;2
12066;844;2
12070;842;1
12074;843;1
12077;844;1
12081;845;2
12085;847;1
12088;847;1
12092;856;0
12095;857;0
12099;858;1
12103;860;1
12106;861;2
12110;874;1
12114;905;3
12117;942;2
12121;1002;1
12125;1040;2
12128;1069;2
12132;1083;1
12136;1102;1
12139;1130;1
12143;1145;1
12147;1165;0
12150;1056;1
12154;1341;2
12157;1657;2
12161;1775;2
12165;2247;1
12168;2639;2
12172;2889;1
12176;3052;0
12179;3199;0
12183;3312;2
12187;3449;1
12190;3578;2
12194;3679;1
12198;3800;1
12201;3880;1
12205;3944;0
12208;3997;3
12212;4047;3
12216;4094;1
12219;4095;2
12223;4095;0
12227;4095;1
12230;4095;2
12234;4095;3
12238;4095;4
12241;4095;5
12245;4095;7
12249;4095;8
12252;4095;19
12256;4095;25
12260;4095;30
12263;4095;55
12267;4095;123
12270;4095;215
12274;4095;268
12278;4095;312
12281;4095;336
12285;4095;361
12289;4095;377
12292;4095;382
12296;4095;392
12300;4095;391
12303;4095;382
12307;4095;381
12311;4095;378
12314;4095;366
12318;4095;362
12322;4095;347
12325;4095;330
12329;4095;312
12332;4095;286
12336;4095;253
12340;4095;191
12343;4095;141
12347;4095;110
12351;4095;89
12354;4095;64
12358;4095;58
12362;4095;44
12365;4095;42
12369;4095;31
12373;4095;29
12376;4095;26
12380;4095;24
12383;4095;22
12387;4095;22
12391;4095;19
12394;4095;20
12398;4095;20
12402;4095;18
12405;4095;20
12409;4095;19
12413;4095;18
12416;4095;11
12420;4095;18
12424;4095;16
12427;4095;18
12431;4095;18
12434;4095;18
12438;4095;19
12442;4095;19
12445;4095;22
12449;4095;22
12453;4095;20
12456;4095;18
12460;4095;20
12464;4095;19
12467;4095;19
12471;4095;21
12475;4095;20
12478;4095;21
12482;4095;21
12486;4095;19
12489;4095;20
12493;4095;19
12496;4095;20
12500;4095;19
12504;4095;20
12507;4095;19
12511;4095;18
12515;4095;20
12518;4095;19
12522;4095;19
12526;4095;19
12529;4095;18
12533;4095;18
12537;4095;17
12540;4095;17
12544;4095;9
12548;4095;9
12551;4095;16
12555;4095;7
12558;4095;7
12562;4095;7
12566;4095;6
12569;4095;5
12573;4095;2
12577;4095;2
12580;4095;3
12584;4095;3
12588;4095;1
12591;4095;3
12595;4095;3
12599;4095;2
12602;4095;2
12606;4095;3
12609;4095;2
12613;4095;4
12617;4095;2
12620;4095;3
12624;4095;3
12628;4095;2
12631;4095;3
12635;4095;2
12639;4095;2
12642;4095;2
12646;4095;3
12650;4095;3
12653;4095;3
12657;4095;2
12661;4095;2
12664;4095;1
12668;4095;2
12671;4095;2
12675;4095;2
12679;4095;0
12682;4095;2
12686;4095;2
12690;4095;1
12693;4095;1
12697;4095;2
12701;4095;0
12704;4095;1
12708;4095;2
12712;4095;2
12715;4095;0
12719;4095;1
12722;4095;1
12726;4095;2
12730;4095;2
12733;4095;2
12737;4073;2
12741;4011;2
12744;3943;2
12748;3871;2
12752;3800;2
12755;3727;2
12759;3688;1
12763;3655;0
12766;3598;1
12770;3517;2
12774;3449;1
12777;3371;0
12781;3291;2
12784;3164;2
12788;3023;2
12792;2847;1
12795;2606;3
12799;2248;1
12803;1805;0
12806;1358;1
12810;1050;1
12814;975;1
12817;967;1
12821;956;3
12825;952;1
12828;941;0
12832;937;2
12835;927;3
12839;925;1
12843;924;2
12846;921;1
12850;921;1
12854;920;2
12857;921;1
12861;920;1
12865;920;0
12868;919;2
12872;910;2
12876;919;0
12879;911;2
12883;920;1
12887;910;1
12890;911;1
12894;910;1
12897;918;1
12901;910;0
12905;910;2
12908;912;1
12912;918;1
12916;910;1
12919;910;3
12923;910;1
12927;910;2
12930;908;2
12934;908;3
12938;908;0
12941;909;1
12945;908;2
12949;909;2
12952;909;0
12956;907;2
12959;908;2
12963;909;1
12967;909;1
12970;908;1
12974;908;0
12978;909;1
12981;908;2
12985;909;0
12989;910;2
12992;910;2
12996;910;1
13000;911;1
13003;920;2
13007;921;2
13010;922;1
13014;923;2
13018;922;1
13021;923;0
13025;926;2
13029;926;1
13032;933;1
13036;926;2
13040;927;1
13043;936;1
13047;934;2
13051;934;0
13054;935;0
13058;937;0
13062;937;0
13065;937;1
13069;938;1
13072;939;1
13076;939;1
13080;953;1
13083;974;2
13087;1005;0
13091;1040;2
13094;1080;0
13098;1116;0
13102;1151;1
13105;1192;2
13109;1208;3
13113;1229;2
13116;1242;3
13120;1256;3
13123;1275;0
13127;1274;2
13131;1261;2
13134;1287;2
13138;1274;1
13142;1292;2
13145;1304;1
13149;1325;0
13153;1338;1
13156;1356;1
13160;1376;0
13164;1387;1
13167;1416;2
13171;1452;0
13175;1465;3
13178;1479;0
13182;1469;1
13185;1481;2
13189;1487;1
13193;1512;1
13196;1516;0
13200;1533;2
13204;1308;2
13207;1740;2
13211;2295;2
13215;2602;2
13218;2808;2
13222;2971;0
13226;3129;1
13229;3264;1
13233;3387;1
13236;3471;4
13240;3564;1
13244;3662;0
13247;3756;2
13251;3821;2
13255;3869;0
13258;3901;3
13262;3946;2
13266;3978;4
13269;3998;7
13273;4028;24
13277;4043;78
13280;4059;158
13284;4064;247
13288;4072;320
13291;4076;382
13295;4079;429
13298;4090;474
13302;4090;523
13306;4090;553
13309;4088;574
13313;4079;589
13317;4077;605
13320;4073;616
13324;4061;621
13328;4058;623
13331;4056;631
13335;4047;632
13339;4055;776
13342;4047;923
13346;4046;958
13350;4046;895
13353;4044;795
13357;4044;666
13360;4045;618
13364;4045;608
13368;4046;606
13371;4045;603
13375;4045;602
13379;4045;590
13382;4047;589
13386;4044;584
13390;4044;573
13393;4043;571
13397;4043;559
13401;4043;553
13404;4040;540
13408;4031;535
13411;4031;512
13415;4028;507
13419;4024;493
13422;4015;478
13426;4014;473
13430;4011;447
13433;4008;430
13437;4008;408
13441;3999;380
13444;4000;360
13448;3998;333
13452;3999;327
13455;4007;314
13459;4008;299
13463;4009;285
13466;4012;281
13470;4013;269
13473;4013;265
13477;4013;255
13481;4014;249
13484;4014;240
13488;4024;238
13492;4025;235
13495;4025;234
13499;4026;233
13503;4028;231
13506;4029;224
13510;4029;223
13514;4030;222
13517;4029;221
13521;4027;222
13524;4028;223
13528;4027;234
13532;4026;237
13535;4015;249
13539;4014;253
13543;4011;265
13546;4010;271
13550;4010;282
13554;4010;296
13557;4010;302
13561;4011;318
13565;4013;331
13568;4012;335
13572;4013;349
13576;4016;363
13579;4026;375
13583;4028;376
13586;4029;378
13590;4038;383
13594;4040;383
13597;4040;383
13601;4042;390
13605;4042;383
13608;4042;389
13612;4044;383
13616;4044;382
13619;4045;382
13623;4043;378
13627;4044;377
13630;4043;375
13634;4044;364
13638;4042;362
13641;4046;352
13645;4046;343
13648;4047;313
13652;4057;283
13656;4059;249
13659;4062;218
13663;4073;175
13667;4078;119
13670;4092;73
13674;4094;57
13678;4095;39
13681;4095;25
13685;4095;21
13689;4095;19
13692;4095;4
13696;4095;5
13699;4095;3
13703;4095;2
13707;4095;4
13710;4095;3
13714;4095;3
13718;4095;1
13721;4095;2
13725;4095;2
13729;4095;2
13732;4095;2
13736;4095;1
13740;4095;0
13743;4095;2
13747;4095;2
13751;4095;1
13754;4095;1
13758;4095;0
13761;4095;2
13765;4095;2
13769;4095;2
13772;4095;3
13776;4095;1
13780;4095;1
13783;4095;1
13787;4095;0
13791;4095;2
13794;4095;3
13798;4095;0
13802;4095;1
13805;4095;2
13809;4095;2
13812;4095;2
13816;4095;1
13820;4095;1
13823;4095;2
13827;4057;1
13831;3999;2
13834;3935;1
13838;3856;1
13842;3786;2
13845;3688;3
13849;3595;3
13853;3503;2
13856;3401;1
13860;3320;2
13864;3209;2
13867;3088;0
13871;2973;0
13874;2792;2
13878;2560;1
13882;2255;1
13885;1884;1
13889;1599;2
13893;1274;2
13896;1052;0
13900;1005;1
13904;990;0
13907;973;2
13911;968;1
13915;958;0
13918;957;0
13922;955;1
13925;955;2
13929;943;0
13933;942;2
13936;941;1
13940;940;2
13944;938;1
13947;938;1
13951;937;0
13955;934;1
13958;928;1
13962;928;2
13966;935;2
13969;927;0
13973;926;2
13977;925;0
13980;924;1
13984;924;0
13987;924;1
13991;925;2
13995;926;2
13998;925;1
14002;926;2
14006;925;2
14009;925;2
14013;926;1
14017;926;1
14020;928;0
14024;927;2
14028;936;1
14031;937;1
14035;936;1
14039;938;1
14042;939;1
14046;939;0
14049;939;1
14053;941;1
14057;940;1
14060;940;2
14064;940;1
14068;939;1
14071;940;1
14075;940;1
14079;939;2
14082;939;0
14086;940;2
14090;941;2
14093;939;0
14097;940;2
14100;941;1
14104;942;0
14108;942;1
14111;942;2
14115;941;2
14119;942;2
14122;942;1
14126;943;1
14130;950;1
14133;952;0
14137;943;0
14141;943;0
14144;944;1
14148;951;1
14152;952;0
14155;943;1
14159;943;1
14162;943;2
14166;950;1
14170;951;0
14173;942;2
14177;942;2
14181;942;1
14184;942;1
14188;941;1
14192;942;1
14195;943;1
14199;942;1
14203;942;2
14206;941;1
14210;941;1
14213;942;0
14217;942;2
14221;942;1
14224;942;1
14228;940;1
14232;951;2
14235;952;0
14239;944;1
14243;951;0
14246;952;1
14250;953;1
14254;953;0
14257;953;1
14261;955;0
14265;955;1
14268;966;0
14272;967;0
14275;970;2
14279;970;0
14283;971;2
14286;990;0
14290;1820;2
14294;2621;1
14297;2863;1
14301;3004;1
14305;3177;1
14308;3403;2
14312;3591;2
14316;3703;0
14319;3821;1
14323;3946;1
14326;4039;2
14330;4095;1
14334;4095;2
14337;4095;17
14341;4095;168
14345;4095;266
14348;4095;284
14352;4095;315
14356;4095;333
14359;4095;379
14363;4095;431
14367;4095;493
14370;4095;539
14374;4095;574
14378;4095;602
14381;4095;616
14385;4095;623
14388;4095;632
14392;4095;632
14396;4095;632
14399;4095;632
14403;4095;623
14407;4095;621
14410;4095;619
14414;4095;616
14418;4095;616
14421;4095;604
14425;4095;601
14429;4095;600
14432;4095;589
14436;4095;585
14440;4095;572
14443;4095;568
14447;4095;555
14450;4095;542
14454;4095;527
14458;4095;510
14461;4095;504
14465;4095;478
14469;4095;461
14472;4095;443
14476;4095;428
14480;4095;412
14483;4095;407
14487;4095;392
14491;4095;379
14494;4095;364
14498;4095;361
14501;4095;349
14505;4095;334
14509;4095;332
14512;4095;318
14516;4095;317
14520;4095;312
14523;4095;301
14527;4095;299
14531;4095;296
14534;4095;294
14538;4095;284
14542;4095;280
14545;4095;270
14549;4095;269
14553;4095;267
14556;4095;267
14560;4095;266
14563;4095;266
14567;4095;266
14571;4095;266
14574;4095;267
14578;4095;268
14582;4095;272
14585;4095;280
14589;4095;281
14593;4095;283
14596;4095;285
14600;4095;285
14604;4095;284
14607;4095;286
14611;4095;288
14614;4095;295
14618;4095;296
14622;4095;300
14625;4095;301
14629;4095;302
14633;4095;313
14636;4095;313
14640;4095;314
14644;4095;314
14647;4095;326
14651;4095;332
14655;4095;343
14658;4095;351
14662;4095;360
14666;4095;362
14669;4095;365
14673;4095;367
14676;4095;365
14680;4095;364
14684;4095;363
14687;4095;360
14691;4095;348
14695;4095;343
14698;4095;329
14702;4095;317
14706;4095;312
14709;4095;298
14713;4095;282
14717;4095;267
14720;4095;253
14724;4095;237
14727;4095;222
14731;4095;203
14735;4095;184
14738;4095;137
14742;4095;64
14746;4095;38
14749;4095;20
14753;4095;8
14757;4095;7
14760;4095;6
14764;4095;5
14768;4095;3
14771;4095;4
14775;4095;3
14779;4095;2
14782;4095;1
14786;4095;1
14789;4095;1
14793;4095;1
14797;4095;2
14800;4095;0
14804;4095;1
14808;4095;0
14811;4095;2
14815;4095;1
14819;4095;2
14822;4095;2
14826;4095;2
14830;4095;2
14833;4095;2
14837;4095;1
14841;4095;2
14844;4058;2
14848;3982;1
14851;3914;1
14855;3848;1
14859;3791;1
14862;3767;2
14866;3707;1
14870;3658;2
14873;3592;1
14877;3519;1
14881;3449;2
14884;3353;1
14888;3260;0
14892;3144;2
14895;2987;1
14899;2814;1
14902;2605;1
14906;2248;1
14910;1756;0
14913;1214;0
14917;925;2
14921;906;1
14924;891;3
14928;878;2
14932;874;2
14935;861;2
14939;859;2
14943;855;2
14946;847;2
14950;844;2
14954;841;1
14957;842;0
14961;831;0
14964;828;0
14968;828;2
14972;826;0
14975;827;0
14979;826;0
14983;825;0
14986;824;1
14990;823;2
14994;822;2
14997;815;1
15001;814;2
15005;813;0
15008;813;1
15012;814;2
15015;813;1
15019;813;2
15023;813;1
15026;812;1
15030;813;2
15034;813;2
15037;813;2
15041;812;1
15045;811;2
15048;812;0
15052;811;0
15056;812;1
15059;814;1
15063;813;0
15067;813;2
15070;812;1
15074;814;1
15077;812;0
15081;816;2
15085;815;1
15088;823;2
15092;816;3
15096;824;1
15099;815;2
15103;824;2
15107;824;0
15110;825;1
15114;825;2
15118;824;1
15121;824;2
15125;824;2
15128;825;1
15132;825;0
15136;824;2
15139;825;2
15143;825;1
15147;827;1
15150;826;2
15154;826;2
15158;827;1
15161;825;1
15165;827;2
15169;826;1
15172;827;1
15176;827;1
15180;827;2
15183;828;3
15187;826;2
15190;826;1
15194;828;2
15198;827;0
15201;827;2
15205;826;1
15209;827;2
15212;826;0
15216;829;0
15220;846;2
15223;891;2
15227;908;1
15231;923;0
15234;939;1
15238;955;2
15242;969;1
15245;972;0
15249;1007;1
15252;1021;0
15256;1038;0
15260;1066;3
15263;1086;0
15267;1114;2
15271;1145;0
15274;1175;1
15278;1179;2
15282;1177;3
15285;1195;1
15289;1195;2
15293;1035;2
15296;1295;2
15300;1818;1
15303;2347;2
15307;2685;1
15311;2831;0
15314;3052;1
15318;3247;0
15322;3390;2
15325;3515;3
15329;3639;2
15333;3758;2
15336;3839;1
15340;3914;2
15344;3975;2
15347;4026;2
15351;4064;3
15355;4095;6
15358;4095;25
15362;4095;143
15365;4095;216
15369;4095;250
15373;4095;270
15376;4095;286
15380;4095;343
15384;4095;382
15387;4095;442
15391;4095;494
15395;4095;528
15398;4095;556
15402;4095;573
15406;4095;588
15409;4095;599
15413;4095;600
15416;4095;601
15420;4095;603
15424;4095;601
15427;4095;600
15431;4095;591
15435;4095;590
15438;4095;588
15442;4095;585
15446;4095;584
15449;4095;582
15453;4095;574
15457;4095;570
15460;4095;567
15464;4095;558
15468;4095;555
15471;4095;542
15475;4095;539
15478;4095;535
15482;4095;524
15486;4095;510
15489;4095;504
15493;4095;491
15497;4095;475
15500;4095;470
15504;4095;455
15508;4095;432
15511;4095;424
15515;4095;408
15519;4095;397
15522;4095;395
15526;4095;393
15530;4095;381
15533;4095;381
15537;4095;380
15540;4095;379
15544;4095;378
15548;4095;378
15551;4095;378
15555;4095;381
15559;4095;380
15562;4095;382
15566;4095;383
15570;4095;392
15573;4095;392
15577;4095;396
15581;4095;398
15584;4095;408
15588;4095;409
15591;4095;410
15595;4095;410
15599;4095;413
15602;4095;423
15606;4095;424
15610;4095;425
15613;4095;426
15617;4095;430
15621;4095;439
15624;4095;439
15628;4095;442
15632;4095;441
15635;4095;447
15639;4095;447
15643;4095;457
15646;4095;460
15650;4095;471
15653;4095;474
15657;4095;475
15661;4095;478
15664;4095;488
15668;4095;491
15672;4095;494
15675;4095;504
15679;4095;507
15683;4095;509
15686;4095;510
15690;4095;520
15694;4095;512
15697;4095;522
15701;4095;523
15704;4095;523
15708;4095;527
15712;4095;526
15715;4095;526
15719;4095;527
15723;4095;526
15726;4095;527
15730;4095;526
15734;4095;528
15737;4095;535
15741;4095;528
15745;4095;528
15748;4095;537
15752;4095;539
15756;4095;538
15759;4095;538
15763;4095;539
15766;4095;540
15770;4095;541
15774;4095;540
15777;4095;541
15781;4095;541
15785;4095;541
15788;4095;538
15792;4095;537
15796;4095;536
15799;4095;526
15803;4095;521
15807;4095;523
15810;4095;504
15814;4095;477
15817;4095;456
15821;4095;429
15825;4095;412
15828;4095;379
15832;4095;361
15836;4095;336
15839;4095;303
15843;4095;279
15847;4095;233
15850;4095;174
15854;4095;94
15858;4095;56
15861;4095;24
15865;4095;8
15869;4095;5
15872;4095;3
15876;4095;1
15879;4095;1
15883;4095;0
15887;4095;3
15890;4095;1
15894;4095;1
15898;4095;2
15901;4095;2
15905;4095;0
15909;4095;2
15912;4095;1
15916;4095;1
15920;4095;1
15923;4095;1
15927;4095;1
15931;4095;1
15934;4095;2
15938;4095;0
15941;4095;2
15945;4095;3
15949;4062;2
15952;4008;0
15956;3932;0
15960;3854;1
15963;3789;0
15967;3743;0
15971;3707;2
15974;3646;1
15978;3564;1
15982;3470;1
15985;3357;2
15989;3256;2
15992;3087;3
15996;2909;1
16000;2678;2
16003;2348;0
16007;1960;2
16011;1528;2
16014;1215;1
16018;1143;1
16022;1130;1
16025;1117;2
16029;1112;3
16033;1101;1
16036;1096;2
16040;1086;3
16044;1081;0
16047;1072;2
16051;1068;1
16054;1065;2
16058;1064;3
16062;1053;2
16065;1051;1
16069;1050;1
16073;1049;1
16076;1037;1
16080;1038;1
16084;1035;2
16087;1033;2
16091;1033;2
16095;1024;1
16098;1021;1
16102;1019;3
16105;1019;2
16109;1016;1
16113;1016;2
16116;1016;0
16120;1014;2
16124;1014;1
16127;1005;1
16131;1006;3
16135;1006;1
16138;1005;0
16142;1004;1
16146;1004;1
16149;1004;2
16153;1002;2
16157;1002;1
16160;1000;2
16164;1002;1
16167;1000;0
16171;1000;2
16175;1000;1
16178;999;1
16182;1000;0
16186;992;1
16189;991;2
16193;990;1
16197;990;1
16200;990;1
16204;990;1
16208;990;1
16211;988;0
16215;989;2
16218;988;2
16222;988;1
16226;990;1
16229;990;2
16233;988;2
16237;989;1
16240;989;0
16244;990;1
16248;988;2
16251;990;1
16255;989;0
16259;988;1
16262;990;1
16266;990;2
16270;989;1
16273;989;2
16277;1039;3
16280;1101;0
16284;1145;0
16288;1180;1
16291;1226;0
16295;1241;0
16299;1258;2
16302;1275;1
16306;1302;0
16310;1320;2
16313;1337;3
16317;1336;3
16321;1358;2
16324;1372;2
16328;1388;1
16332;1418;3
16335;1432;1
16339;1432;0
16342;1436;1
16346;1435;2
16350;1418;1
16353;1423;1
16357;1433;2
16361;1432;1
16364;1438;2
16368;1440;1
16372;1452;3
16375;1464;3
16379;1466;1
16383;1466;1
16386;1470;3
16390;1470;2
16393;1471;1
16397;1465;2
16401;1453;1
16404;1422;2
16408;1242;0
16412;1256;1
16415;1628;3
16419;2264;2
16423;2637;0
16426;2872;1
16430;3018;2
16434;3151;1
16437;3304;0
16441;3467;1
16445;3597;0
16448;3722;2
16452;3836;3
16455;3929;2
16459;4000;0
16463;4060;3
16466;4095;2
16470;4095;6
16474;4095;39
16477;4095;123
16481;4095;185
16485;4095;248
16488;4095;280
16492;4095;296
16496;4095;311
16499;4095;314
16503;4095;317
16506;4095;329
16510;4095;346
16514;4095;362
16517;4095;392
16521;4095;414
16525;4095;445
16528;4095;477
16532;4095;502
16536;4095;512
16539;4095;536
16543;4095;542
16547;4095;553
16550;4095;555
16554;4095;556
16558;4095;555
16561;4095;554
16565;4095;550
16568;4095;542
16572;4095;540
16576;4095;539
16579;4095;538
16583;4095;535
16587;4095;527
16590;4095;524
16594;4095;512
16598;4095;521
16601;4095;511
16605;4095;507
16609;4095;507
16612;4095;505
16616;4095;502
16619;4095;493
16623;4095;493
16627;4095;489
16630;4095;488
16634;4095;488
16638;4095;480
16641;4095;478
16645;4095;478
16649;4095;476
16652;4095;477
16656;4095;477
16660;4095;478
16663;4095;478
16667;4095;478
16671;4095;475
16674;4095;476
16678;4095;477
16681;4095;478
16685;4095;477
16689;4095;476
16692;4095;476
16696;4095;474
16700;4095;474
16703;4095;475
16707;4095;474
16711;4095;473
16714;4095;472
16718;4095;471
16722;4095;464
16725;4095;463
16729;4095;462
16733;4095;470
16736;4095;462
16740;4095;460
16743;4095;459
16747;4095;460
16751;4095;458
16754;4095;458
16758;4095;457
16762;4095;458
16765;4095;456
16769;4095;456
16773;4095;448
16776;4095;447
16780;4095;445
16784;4095;444
16787;4095;442
16791;4095;441
16794;4095;440
16798;4095;430
16802;4095;425
16805;4095;413
16809;4095;398
16813;4095;383
16816;4095;344
16820;4095;312
16824;4095;286
16827;4095;265
16831;4095;235
16835;4095;207
16838;4095;186
16842;4095;159
16846;4095;156
16849;4095;154
16853;4095;152
16856;4095;139
16860;4095;120
16864;4095;102
16867;4095;90
16871;4095;64
16875;4095;45
16878;4095;28
16882;4095;23
16886;4095;17
16889;4095;10
16893;4095;9
16897;4095;7
16900;4095;3
16904;4095;4
16907;4095;2
16911;4095;0
16915;4095;1
16918;4095;3
16922;4095;2
16926;4095;1
16929;4095;2
16933;4095;3
16937;4095;2
16940;4095;2
16944;4095;1
16948;4095;1
16951;4095;2
16955;4095;2
16959;4095;2
16962;4095;1
16966;4095;2
16969;4095;2
16973;4095;1
16977;4095;2
16980;4095;2
16984;4095;2
16988;4095;2
16991;4058;1
16995;3995;2
16999;3933;2
17002;3866;2
17006;3802;1
17010;3743;2
17013;3693;0
17017;3628;2
17020;3535;2
17024;3439;1
17028;3322;1
17031;3213;2
17035;3072;1
17039;2907;1
17042;2701;2
17046;2398;0
17050;1993;0
17053;1582;0
17057;1225;1
17061;829;1
17064;775;0
17068;763;0
17072;760;0
17075;750;1
17079;746;1
17082;735;0
17086;735;3
17090;733;1
17093;732;1
17097;730;1
17101;732;2
17104;731;0
17108;732;0
17112;732;3
17115;744;1
17119;735;0
17123;744;0
17126;736;0
17130;743;1
17134;745;2
17137;745;0
17141;746;0
17144;745;1
17148;746;1
17152;749;1
17155;749;1
17159;750;0
17163;759;0
17166;750;1
17170;751;1
17174;750;1
17177;752;0
17181;761;4
17185;760;0
17188;760;1
17192;760;1
17195;762;0
17199;762;3
17203;764;0
17206;762;1
17210;764;0
17214;763;0
17217;764;2
17221;765;1
17225;766;1
17228;767;2
17232;764;1
17236;766;2
17239;766;1
17243;766;1
17247;765;1
17250;766;0
17254;765;1
17257;766;1
17261;766;1
17265;767;2
17268;766;1
17272;766;1
17276;766;0
17279;768;1
17283;766;2
17287;767;0
17290;775;1
17294;767;2
17298;768;1
17301;768;1
17305;768;2
17309;774;1
17312;775;2
17316;776;1
17319;767;2
17323;767;2
17327;768;0
17330;775;1
17334;778;2
17338;777;0
17341;781;0
17345;790;1
17349;792;0
17352;796;2
17356;796;2
17360;800;0
17363;809;1
17367;812;0
17370;814;3
17374;816;0
17378;826;2
17381;826;1
17385;829;0
17389;831;2
17392;831;1
17396;841;3
17400;842;2
17403;848;1
17407;858;2
17411;872;0
17414;876;0
17418;1320;1
17421;1848;2
17425;2191;1
17429;2663;1
17432;2922;2
17436;3130;3
17440;3342;1
17443;3516;1
17447;3693;0
17451;3803;1
17454;3899;1
17458;3980;1
17462;4044;1
17465;4088;3
17469;4095;0
17473;4095;1
17476;4095;0
17480;4095;2
17483;4095;4
17487;4095;23
17491;4095;74
17494;4095;142
17498;4095;186
17502;4095;235
17505;4095;316
17509;4095;397
17513;4095;490
17516;4095;554
17520;4095;590
17524;4095;632
17527;4095;892
17531;4095;1705
17535;4095;2088
17538;4095;2232
17542;4095;2297
17545;4095;2286
17549;4095;2174
17553;4095;1878
17556;4095;1390
17560;4095;872
17564;4095;652
17567;4095;636
17571;4095;619
17575;4095;603
17578;4095;587
17582;4095;572
17586;4095;557
17589;4095;541
17593;4095;527
17596;4095;512
17600;4095;505
17604;4095;492
17607;4095;487
17611;4095;475
17615;4095;472
17618;4095;462
17622;4095;460
17626;4095;462
17629;4095;460
17633;4095;461
17637;4095;463
17640;4095;463
17644;4095;473
17648;4095;475
17651;4095;475
17655;4095;478
17658;4095;480
17662;4095;487
17666;4095;489
17669;4095;488
17673;4095;480
17677;4095;490
17680;4095;488
17684;4095;489
17688;4095;487
17691;4095;477
17695;4095;475
17699;4095;472
17702;4095;460
17706;4095;456
17709;4095;443
17713;4095;429
17717;4095;415
17720;4095;409
17724;4095;397
17728;4095;392
17731;4095;381
17735;4095;378
17739;4095;378
17742;4095;368
17746;4095;363
17750;4095;360
17753;4095;349
17757;4095;346
17761;4095;332
17764;4095;316
17768;4095;287
17771;4095;264
17775;4095;222
17779;4095;176
17782;4095;124
17786;4095;46
17790;4095;20
17793;4095;8
17797;4095;3
17801;4095;4
17804;4095;1
17808;4095;1
17812;4095;2
17815;4095;1
17819;4095;2
17822;4095;1
17826;4095;1
17830;4095;0
17833;4095;1
17837;4095;1
17841;4095;0
17844;4095;3
17848;4095;1
17852;4095;2
17855;4095;3
17859;4056;1
17863;4015;2
17866;3966;2
17870;3913;2
17874;3850;3
17877;3786;2
17881;3704;1
17884;3594;2
17888;3512;2
17892;3408;1
17895;3322;1
17899;3192;1
17903;3047;0
17906;2877;1
17910;2685;1
17914;2382;2
17917;2087;2
17921;1756;0
17925;1421;1
17928;1182;1
17932;1134;2
17936;1128;1
17939;1117;2
17943;1113;2
17946;1102;1
17950;1102;0
17954;1096;2
17957;1087;2
17961;1083;2
17965;1081;1
17968;1080;0
17972;1069;1
17976;1068;4
17979;1066;0
17983;1064;2
17987;1056;2
17990;1053;2
17994;1053;1
17997;1051;1
18001;1050;1
18005;1040;0
18008;1040;2
18012;1040;1
18016;1038;0
18019;1036;2
18023;1038;1
18027;1037;1
18030;1036;2
18034;1035;1
18038;1024;0
18041;1033;2
18045;1023;1
18049;1023;1
18052;1022;1
18056;1023;1
18059;1022;1
18063;1022;1
18067;1021;1
18070;1021;0
18074;1020;1
18078;1020;1
18081;1021;1
18085;1019;1
18089;1018;1
18092;1019;1
18096;1019;1
18100;1019;1
18103;1019;0
18107;1017;1
18110;1017;1
18114;1018;3
18118;1018;0
18121;1019;0
18125;1019;2
18129;1019;1
18132;1019;2
18136;1019;2
18140;1018;0
18143;1018;0
18147;1018;2
18151;1019;2
18154;1018;1
18158;1021;1
18162;1019;1
18165;1019;1
18169;1018;1
18172;1019;2
18176;1031;2
18180;1070;2
18183;1081;1
18187;1101;1
18191;1120;1
18194;1135;2
18198;1147;2
18202;1146;1
18205;1120;1
18209;1113;1
18213;1102;3
18216;1147;1
18220;1166;2
18224;1162;0
18227;1176;2
18231;1192;0
18234;1192;1
18238;1195;1
18242;1198;1
18245;1214;2
18249;1246;1
18253;1255;1
18256;1262;2
18260;1276;1
18264;1304;1
18267;1324;1
18271;1334;1
18275;1341;2
18278;1357;0
18282;1371;1
18285;1356;1
18289;1326;1
18293;1307;1
18296;1305;1
18300;1296;1
18304;1305;1
18307;1309;2
18311;1322;1
18315;1324;1
18318;1357;0
18322;1398;1
18326;1389;1
18329;1402;0
18333;1434;0
18337;1293;0
18340;1853;1
18344;2716;0
18347;2893;2
18351;3037;2
18355;3164;1
18358;3389;1
18362;3577;2
18366;3664;1
18369;3742;1
18373;3846;1
18377;3918;1
18380;3982;1
18384;4039;2
18388;4074;4
18391;4095;21
18395;4095;139
18398;4095;240
18402;4095;282
18406;4095;330
18409;4095;391
18413;4095;448
18417;4095;510
18420;4095;553
18424;4095;573
18428;4095;589
18431;4095;603
18435;4095;607
18439;4095;778
18442;4095;1260
18446;4095;1565
18450;4095;1702
18453;4095;1770
18457;4095;1736
18460;4095;1559
18464;4095;1273
18468;4095;894
18471;4095;640
18475;4095;618
18479;4095;607
18482;4095;602
18486;4095;600
18490;4095;586
18493;4095;574
18497;4095;570
18501;4095;558
18504;4095;553
18508;4095;540
18511;4095;537
18515;4095;524
18519;4095;509
18522;4095;505
18526;4095;492
18530;4095;479
18533;4095;474
18537;4095;459
18541;4095;455
18544;4095;442
18548;4095;431
18552;4095;427
18555;4095;415
18559;4095;412
18563;4095;410
18566;4095;408
18570;4095;398
18573;4095;397
18577;4095;395
18581;4095;395
18584;4095;395
18588;4095;394
18592;4095;395
18595;4095;396
18599;4095;395
18603;4095;398
18606;4095;399
18610;4095;400
18614;4095;407
18617;4095;409
18621;4095;409
18625;4095;409
18628;4095;411
18632;4095;410
18635;4095;408
18639;4095;408
18643;4095;408
18646;4095;409
18650;4095;409
18654;4095;410
18657;4095;409
18661;4095;410
18665;4095;410
18668;4095;409
18672;4095;410
18676;4095;410
18679;4095;411
18683;4095;413
18686;4095;415
18690;4095;424
18694;4095;427
18697;4095;429
18701;4095;432
18705;4095;432
18708;4095;441
18712;4095;443
18716;4095;443
18719;4095;444
18723;4095;445
18727;4095;444
18730;4095;443
18734;4095;443
18738;4095;442
18741;4095;430
18745;4095;429
18748;4095;423
18752;4095;408
18756;4095;393
18759;4095;382
18763;4095;365
18767;4095;360
18770;4095;335
18774;4095;320
18778;4095;313
18781;4095;299
18785;4095;288
18789;4095;282
18792;4095;272
18796;4095;271
18799;4095;269
18803;4095;264
18807;4095;253
18810;4095;248
18814;4095;235
18818;4095;220
18821;4095;200
18825;4095;142
18829;4095;90
18832;4095;29
18836;4095;7
18840;4095;5
18843;4095;4
18847;4095;2
18851;4095;3
18854;4095;0
18858;4095;1
18861;4095;3
18865;4095;1
18869;4095;3
18872;4095;0
18876;4095;0
18880;4095;1
18883;4095;1
18887;4095;1
18891;4095;0
18894;4095;2
18898;4095;1
18902;4095;2
18905;4095;1
18909;4095;1
18912;4093;1
18916;4026;1
18920;3952;1
18923;3868;2
18927;3792;2
18931;3720;1
18934;3672;1
18938;3611;2
18942;3519;3
18945;3438;0
18949;3325;0
18953;3208;2
18956;3065;2
18960;2889;0
18964;2638;0
18967;2300;0
18971;1865;2
18974;1546;1
18978;1096;0
18982;940;1
18985;937;0
18989;925;1
18993;920;2
18996;908;2
19000;903;6
19004;894;3
19007;893;2
19011;889;1
19015;888;1
19018;886;0
19022;878;0
19026;877;0
19029;875;1
19033;874;3
19036;874;0
19040;872;1
19044;872;0
19047;873;2
19051;874;2
19055;873;1
19058;874;0
19062;872;2
19066;872;2
19069;873;0
19073;872;2
19077;863;0
19080;871;0
19084;872;1
19087;872;2
19091;864;2
19095;871;0
19098;861;1
19102;862;0
19106;862;1
19109;860;0
19113;863;3
19117;861;1
19120;860;0
19124;861;1
19128;860;2
19131;860;2
19135;859;3
19139;860;1
19142;861;1
19146;860;2
19149;858;2
19153;859;1
19157;858;1
19160;859;2
19164;859;0
19168;858;0
19171;859;0
19175;858;0
19179;858;1
19182;858;2
19186;858;1
19190;857;2
19193;859;0
19197;857;1
19200;857;2
19204;856;3
19208;856;1
19211;856;1
19215;858;2
19219;859;2
19222;858;1
19226;858;0
19230;858;0
19233;857;0
19237;862;1
19241;872;1
19244;871;2
19248;872;1
19252;871;2
19255;872;0
19259;874;2
19262;873;2
19266;873;1
19270;874;0
19273;875;1
19277;875;2
19281;877;2
19284;876;1
19288;877;0
19292;877;2
19295;879;2
19299;888;1
19303;889;1
19306;889;2
19310;890;2
19313;890;1
19317;891;2
19321;892;0
19324;893;2
19328;894;2
19332;895;1
19335;909;1
19339;921;2
19343;952;1
19346;986;0
19350;953;1
19354;1177;1
19357;1848;1
19361;2490;0
19365;2856;2
19368;2972;0
19372;3086;1
19375;3272;1
19379;3449;1
19383;3565;3
19386;3696;1
19390;3820;1
19394;3902;1
19397;3981;1
19401;4040;3
19405;4090;4
19408;4095;21
19412;4095;156
19416;4095;240
19419;4095;269
19423;4095;301
19427;4095;363
19430;4095;430
19434;4095;495
19437;4095;554
19441;4095;588
19445;4095;615
19448;4095;632
19452;4095;635
19456;4095;638
19459;4095;648
19463;4095;639
19467;4095;639
19470;4095;635
19474;4095;634
19478;4095;631
19481;4095;621
19485;4095;619
19488;4095;616
19492;4095;608
19496;4095;604
19499;4095;601
19503;4095;591
19507;4095;587
19510;4095;583
19514;4095;572
19518;4095;569
19521;4095;558
19525;4095;553
19529;4095;541
19532;4095;537
19536;4095;527
19540;4095;523
19543;4095;510
19547;4095;508
19550;4095;506
19554;4095;504
19558;4095;504
19561;4095;503
19565;4095;504
19569;4095;504
19572;4095;504
19576;4095;506
19580;4095;507
19583;4095;509
19587;4095;509
19591;4095;509
19594;4095;520
19598;4095;520
19601;4095;522
19605;4095;523
19609;4095;524
19612;4095;524
19616;4095;524
19620;4095;524
19623;4095;524
19627;4095;524
19631;4095;524
19634;4095;524
19638;4095;526
19642;4095;524
19645;4095;526
19649;4095;525
19653;4095;526
19656;4095;525
19660;4095;526
19663;4095;524
19667;4095;524
19671;4095;524
19674;4095;526
19678;4095;526
19682;4095;526
19685;4095;527
19689;4095;525
19693;4095;527
19696;4095;528
19700;4095;526
19704;4095;527
19707;4095;527
19711;4095;528
19714;4095;537
19718;4095;536
19722;4095;537
19725;4095;538
19729;4095;538
19733;4095;536
19736;4095;538
19740;4095;539
19744;4095;539
19747;4095;540
19751;4095;539
19755;4095;541
19758;4095;541
19762;4095;540
19766;4095;541
19769;4095;541
19773;4095;542
19776;4095;542
19780;4095;541
19784;4095;541
19787;4095;542
19791;4095;543
19795;4095;543
19798;4095;541
19802;4095;538
19806;4095;539
19809;4095;528
19813;4095;523
19817;4095;524
19820;4095;507
19824;4095;494
19828;4095;491
19831;4095;477
19835;4095;463
19838;4095;460
19842;4095;455
19846;4095;430
19849;4095;413
19853;4095;399
19857;4095;380
19860;4095;366
19864;4095;348
19868;4095;314
19871;4095;281
19875;4095;253
19879;4095;220
19882;4095;170
19886;4095;143
19889;4095;106
19893;4095;70
19897;4095;24
19900;4095;17
19904;4095;5
19908;4095;1
19911;4095;0
19915;4095;2
19919;4095;3
19922;4095;2
19926;4095;2
19930;4095;0
19933;4095;3
19937;4095;1
19941;4095;1
19944;4095;1
19948;4095;1
19951;4095;2
19955;4095;1
19959;4095;2
19962;4095;2
19966;4095;2
19970;4095;2
19973;4095;0
19977;4095;2
19981;4095;0
19984;4095;2
19988;4043;2
19992;3979;1
19995;3897;2
19999;3834;1
20002;3801;0
20006;3755;0
20010;3708;1
20013;3656;1
20017;3575;1
20021;3471;0
20024;3400;1
20028;3292;2
20032;3193;1
20035;3072;2
20039;2926;2
20043;2779;1
20046;2590;0
20050;2312;1
20054;1918;1
20057;1439;0
20061;1101;2
20064;1000;0
20068;988;2
20072;985;0
20075;983;0
20079;971;1
20083;968;0
20086;957;2
20090;955;0
20094;954;1
20097;951;2
20101;942;2
20105;941;2
20108;938;0
20112;937;0
20115;935;2
20119;927;0
20123;926;0
20126;926;2
20130;923;2
20134;922;1
20137;921;0
20141;920;1
20145;921;1
20148;920;2
20152;919;2
20156;912;2
20159;919;0
20163;911;2
20167;910;2
20170;910;1
20174;910;1
20177;909;0
20181;908;2
20185;909;1
20188;909;1
20192;909;2
20196;909;1
20199;911;2
20203;909;1
20207;910;1
20210;910;1
20214;919;1
20218;910;2
20221;910;2
20225;910;1
20229;919;3
20232;919;2
20236;912;1
20239;919;1
20243;919;1
20247;919;0
20250;920;1
20254;919;2
20258;920;2
20261;918;2
20265;919;2
20269;920;2
20272;920;0
20276;920;2
20280;911;2
20283;919;0
20287;921;1
20290;921;1
20294;920;1
20298;919;1
20301;920;1
20305;920;1
20309;920;1
20312;912;2
20316;919;0
20320;912;1
20323;920;2
20327;911;0
20331;912;2
20334;912;0
20338;910;0
20342;919;1
20345;920;1
20349;920;1
20352;912;2
20356;919;0
20360;912;0
20363;918;1
20367;911;1
20371;910;0
20374;920;0
20378;918;0
20382;909;1
20385;910;2
20389;909;1
20393;911;1
20396;909;1
20400;911;2
20403;909;1
20407;908;0
20411;908;2
20414;908;1
20418;909;2
20422;907;1
20425;908;1
20429;908;0
20433;908;0
20436;909;2
20440;907;0
20444;908;1
20447;908;1
20451;908;0
20455;909;1
20458;910;2
20462;909;2
20465;910;1
20469;911;1
20473;909;1
20476;910;2
20480;920;1
20484;920;2
20487;920;1
20491;921;2
20495;922;2
20498;923;3
20502;923;0
20506;936;0
20509;1000;0
20513;1022;0
20517;1135;2
20520;1785;1
20524;2063;2
20527;2538;1
20531;2826;1
20535;3004;2
20538;3230;3
20542;3439;2
20546;3549;1
20549;3645;1
20553;3758;2
20557;3851;0
20560;3929;2
20564;3998;2
20568;4057;1
20571;4095;2
20575;4095;1
20578;4095;2
20582;4095;3
20586;4095;8
20589;4095;173
20593;4095;314
20597;4095;392
20600;4095;445
20604;4095;504
20608;4095;539
20611;4095;568
20615;4095;587
20619;4095;602
20622;4095;604
20626;4095;606
20630;4095;604
20633;4095;604
20637;4095;602
20640;4095;600
20644;4095;589
20648;4095;589
20651;4095;583
20655;4095;573
20659;4095;568
20662;4095;557
20666;4095;540
20670;4095;526
20673;4095;508
20677;4095;489
20681;4095;443
20684;4095;375
20688;4095;280
20691;4095;155
20695;4095;72
20699;4095;28
20702;4095;19
20706;4095;4
20710;4095;2
20713;4095;2
20717;4095;2
20721;4095;2
20724;4095;0
20728;4095;2
20732;4095;0
20735;4095;1
20739;4095;1
20743;4095;1
20746;4095;1
20750;4095;0
20753;4095;1
20757;4095;1
20761;4095;1
20764;4095;1
20768;4095;0
20772;4095;1
20775;4095;2
20779;4095;2
20783;4095;0
20786;4095;2
20790;4095;1
20794;4095;3
20797;4095;1
20801;4095;1
20804;4095;2
20808;4095;0
20812;4095;1
20815;4095;1
20819;4095;3
20823;4095;2
20826;4095;1
20830;4095;1
20834;4095;1
20837;4095;1
20841;4095;0
20845;4095;2
20848;4095;0
20852;4095;2
20856;4095;2
20859;4095;2
20863;4095;1
20866;4095;3
20870;4095;1
20874;4095;1
20877;4095;2
20881;4095;0
20885;4095;0
20888;4095;2
20892;4095;2
20896;4095;1
20899;4095;1
20903;4095;2
20907;4095;2
20910;4095;2
20914;4095;1
20918;4095;0
20921;4095;0
20925;4095;1
20928;4095;1
20932;4095;2
20936;4095;2
20939;4095;1
20943;4095;1
20947;4095;1
20950;4095;1
20954;4095;1
20958;4095;2
20961;4095;3
20965;4095;2
20969;4095;1
20972;4095;1
20976;4095;1
20979;4095;1
20983;4095;2
20987;4095;2
20990;4095;2
20994;4095;1
20998;4095;1
21001;4095;0
21005;4095;0
21009;4095;0
21012;4095;1
21016;4095;1
21020;4095;2
21023;4095;2
21027;4095;2
21031;4095;1
21034;4095;3
21038;4095;3
21041;4095;1
21045;4095;0
21049;4095;2
21052;4095;0
21056;4095;2
21060;4095;2
21063;4095;2
21067;4095;0
21071;4095;0
21074;4095;0
21078;4095;2
21082;4095;0
21085;4095;0
21089;4095;0
21092;4095;1
21096;4095;2
21100;4095;0
21103;4095;0
21107;4095;2
21111;4095;0
21114;4095;0
21118;4095;1
21122;4095;3
21125;4095;1
21129;4095;0
21133;4095;1
21136;4095;0
21140;4095;1
21144;4095;1
21147;4095;2
21151;4095;1
21154;4095;2
21158;4095;2
21162;4095;1
21165;4095;1
21169;4095;2
21173;4095;1
21176;4095;1
21180;4095;1
21184;4095;2
21187;4095;1
21191;4095;0
21195;4095;2
21198;4095;2
21202;4095;2
21205;4095;1
21209;4095;0
21213;4095;1
21216;4095;1
21220;4095;2
21224;4095;1
21227;4095;1
21231;4095;1
21235;4095;2
21238;4095;2
21242;4095;2
21246;4095;2
21249;4014;1
21253;3934;2
21257;3852;0
21260;3818;2
21264;3769;3
21267;3704;1
21271;3624;1
21275;3528;1
21278;3401;2
21282;3261;2
21286;3129;1
21289;2990;0
21293;2888;3
21297;2761;2
21300;2637;1
21304;2443;1
21308;2138;1
21311;1768;0
21315;1435;1
21319;1098;0
21322;952;1
21326;908;1
21329;861;2
21333;845;1
21337;870;1
21340;876;0
21344;874;2
21348;872;2
21351;864;2
21355;861;3
21359;862;0
21362;860;1
21366;860;0
21370;858;2
21373;859;0
21377;859;2
21380;860;1
21384;859;0
21388;860;0
21391;859;0
21395;860;1
21399;858;2
21402;859;0
21406;858;2
21410;859;0
21413;860;1
21417;859;1
21421;857;1
21424;858;2
21428;856;2
21432;856;0
21435;857;2
21439;857;2
21442;858;1
21446;858;0
21450;858;1
21453;858;1
21457;856;1
21461;855;1
21464;855;0
21468;848;1
21472;855;0
21475;855;1
21479;855;0
21483;855;0
21486;856;0
21490;848;1
21493;856;2
21497;856;2
21501;848;0
21504;848;2
21508;856;1
21512;854;2
21515;855;2
21519;847;2
21523;854;1
21526;855;2
21530;854;1
21534;845;1
21537;846;0
21541;846;1
21545;846;1
21548;846;1
21552;846;0
21555;846;1
21559;846;2
21563;846;1
21566;846;1
21570;846;2
21574;845;1
21577;845;2
21581;845;3
21585;844;2
21588;846;1
21592;846;2
21596;845;0
21599;846;2
21603;846;2
21606;854;2
21610;845;1
21614;845;2
21617;845;0
21621;845;0
21625;846;1
21628;847;1
21632;847;1
21636;848;2
21639;855;1
21643;855;2
21647;848;0
21650;848;1
21654;848;2
21658;854;1
21661;847;1
21665;855;0
21668;855;1
21672;856;2
21676;848;0
21679;855;0
21683;857;1
21687;856;1
21690;856;2
21694;857;1
21698;856;1
21701;857;1
21705;857;1
21709;856;1
21712;859;2
21716;858;1
21720;857;1
21723;857;2
21727;858;1
21730;858;0
21734;858;1
21738;859;1
21741;858;2
21745;860;1
21749;860;1
21752;860;1
21756;859;2
21760;861;0
21763;863;2
21767;860;3
21771;862;1
21774;864;2
21778;860;1
21781;873;4
21785;842;73
21789;815;134
21792;799;153
21796;808;381
21800;826;1037
21803;854;1675
21807;864;2106
21811;876;2429
21814;888;2655
21818;887;2808
21822;879;2927
21825;874;3037
21829;846;3129
21833;810;3193
21836;764;3257
21840;717;3304
21843;683;3360
21847;649;3415
21851;590;3463
21854;477;3496
21858;382;3532
21862;311;3563
21865;284;3598
21869;267;3627
21873;254;3647
21876;239;3675
21880;247;3706
21884;238;3739
21887;238;3771
21891;248;3805
21894;248;3838
21898;251;3868
21902;251;3895
21905;252;3917
21909;271;3933
21913;299;3952
21916;333;3977
21920;428;3981
21924;511;3997
21927;559;4015
21931;590;4029
21935;633;4041
21938;652;4047
21942;681;4076
21946;701;4094
21949;734;4095
21953;778;4095
21956;824;4095
21960;873;4095
21964;906;4095
21967;943;4095
21971;989;4095
21975;1032;4095
21978;1054;4095
21982;1082;4095
21986;1198;4095
21989;1479;4095
21993;1679;4095
21997;1816;4095
22000;1911;4095
22004;2028;4095
22007;2155;4095
22011;2223;4095
22015;2317;4095
22018;2395;4095
22022;2472;4095
22026;2537;4095
22029;2588;4095
22033;2622;4095
22037;2650;4095
22040;2697;4094
22044;2743;4075
22048;2763;4071
22051;2794;4048
22055;2845;4040
22059;2877;4027
22062;2894;4010
22066;2940;3992
22069;2968;3977
22073;2985;3962
22077;3014;3946
22080;3033;3928
22084;3064;3902
22088;3088;3883
22091;3102;3864
22095;3131;3848
22099;3159;3822
22102;3178;3801
22106;3183;3776
22110;3215;3757
22113;3241;3739
22117;3262;3720
22121;3275;3691
22124;3296;3675
22128;3311;3658
22131;3324;3639
22135;3339;3624
22139;3354;3591
22142;3359;3566
22146;3387;3545
22150;3399;3518
22153;3404;3501
22157;3423;3481
22161;3433;3467
22164;3439;3437
22168;3451;3419
22172;3466;3400
22175;3482;3383
22179;3496;3360
22182;3512;3338
22186;3516;3320
22190;3528;3304
22193;3544;3287
22197;3548;3272
22201;3564;3255
22204;3577;3241
22208;3579;3215
22212;3594;3207
22215;3600;3191
22219;3611;3178
22223;3626;3162
22226;3640;3148
22230;3647;3132
22234;3660;3114
22237;3672;3086
22241;3676;3066
22244;3687;3048
22248;3690;3019
22252;3695;2998
22255;3709;2959
22259;3722;2936
22263;3725;2904
22266;3738;2873
22270;3751;2839
22274;3757;2795
22277;3768;2761
22281;3771;2718
22285;3776;2683
22288;3787;2634
22292;3802;2600
22295;3816;2556
22299;3821;2504
22303;3832;2429
22306;3840;2363
22310;3851;2296
22314;3863;2218
22317;3867;2150
22321;3870;2041
22325;3881;1948
22328;3896;1888
22332;3897;1816
22336;3901;1719
22339;3913;1612
22343;3917;1497
22347;3929;1389
22350;3933;1259
22354;3943;1103
22357;3946;967
22361;3948;862
22365;3960;750
22368;3961;654
22372;3966;634
22376;3980;631
22379;3982;621
22383;3993;618
22387;3997;616
22390;4008;607
22394;4010;604
22398;4012;603
22401;4025;601
22405;4026;601
22408;4031;591
22412;4041;590
22416;4043;587
22419;4045;586
22423;4055;585
22427;4059;575
22430;4063;574
22434;4072;573
22438;4074;571
22441;4077;569
22445;4078;559
22449;4089;557
22452;4092;556
22456;4093;552
22460;4095;541
22463;4095;539
22467;4095;526
22470;4095;524
22474;4095;510
22478;4095;506
22481;4095;493
22485;4095;478
22489;4095;463
22492;4095;457
22496;4095;430
22500;4095;409
22503;4095;381
22507;4095;352
22511;4095;330
22514;4095;300
22518;4095;282
22522;4095;254
22525;4095;219
22529;4095;153
22532;4095;109
22536;4095;59
22540;4095;23
22543;4095;20
22547;4095;18
22551;4095;9
22554;4095;8
22558;4095;4
22562;4095;3
22565;4095;1
22569;4095;1
22573;4095;1
22576;4095;2
22580;4095;3
22583;4095;1
22587;4095;0
22591;4095;2
22594;4095;2
22598;4095;1
22602;4095;2
22605;4095;2
22609;4095;1
22613;4095;1
22616;4095;2
22620;4095;1
22624;4095;1
22627;4095;2
22631;4095;3
22635;4095;2
22638;4095;3
22642;4095;2
22645;4095;2
22649;4095;1
22653;4095;2
22656;4095;1
22660;4095;1
22664;4095;0
22667;4095;1
22671;4095;1
22675;4095;2
22678;4060;0
22682;4027;2
22686;3996;1
22689;3947;0
22693;3915;1
22696;3871;1
22700;3823;0
22704;3773;2
22707;3720;0
22711;3656;3
22715;3608;0
22718;3528;2
22722;3449;1
22726;3385;2
22729;3311;2
22733;3227;1
22737;3160;2
22740;3049;1
22744;2984;1
22748;2895;0
22751;2825;3
22755;2714;0
22758;2552;2
22762;2445;0
22766;2316;2
22769;2239;1
22773;2157;2
22777;2045;1
22780;1931;1
22784;1741;0
22788;1615;0
22791;1470;2
22795;1369;1
22799;1211;1
22802;1101;1
22806;937;1
22810;886;1
22813;859;1
22817;841;0
22820;824;0
22824;798;0
22828;782;1
22831;779;1
22835;777;3
22839;763;2
22842;761;1
22846;767;1
22850;777;0
22853;779;2
22857;778;2
22861;777;1
22864;777;1
22868;777;1
22871;778;1
22875;777;1
22879;781;1
22882;782;1
22886;779;0
22890;782;1
22893;781;1
22897;782;1
22901;783;1
22904;782;1
22908;783;0
22912;783;0
22915;790;2
22919;792;1
22923;793;1
22926;792;0
22930;792;1
22933;791;0
22937;784;0
22941;792;0
22944;792;1
22948;792;0
22952;792;1
22955;792;0
22959;791;1
22963;783;1
22966;791;2
22970;792;4
22974;792;0
22977;783;0
22981;784;1
22984;791;1
22988;783;1
22992;784;2
22995;790;0
22999;783;1
23003;784;1
23006;784;0
23010;781;1
23014;790;0
23017;782;1
23021;790;2
23025;782;0
23028;792;0
23032;791;2
23036;784;2
23039;783;1
23043;784;2
23046;792;1
23050;783;2
23054;792;2
23057;792;2
23061;792;3
23065;795;0
23068;794;2
23072;793;0
23076;793;2
23079;794;2
23083;796;1
23087;794;1
23090;795;1
23094;795;1
23097;796;0
23101;796;1
23105;797;1
23108;797;2
23112;796;1
23116;796;0
23119;797;0
23123;797;1
23127;798;1
23130;798;0
23134;799;0
23138;799;1
23141;798;1
23145;800;1
23149;806;1
23152;800;0
23156;798;0
23159;806;2
23163;800;2
23167;807;1
23170;808;1
23174;800;2
23178;799;1
23181;800;2
23185;799;1
23189;800;3
23192;807;2
23196;808;1
23200;808;1
23203;808;1
23207;807;2
23211;800;1
23214;798;1
23218;800;1
23221;807;1
23225;808;1
23229;800;2
23232;808;0
23236;807;1
23240;809;1
23243;810;1
23247;808;2
23251;808;2
23254;808;1
23258;808;1
23262;809;2
23265;808;1
23269;808;1
23272;810;0
23276;809;1
23280;810;0
23283;809;1
23287;809;1
23291;810;1
23294;810;0
23298;809;1
23302;810;2
23305;810;0
23309;809;0
23313;807;0
23316;809;1
23320;808;1
23324;808;2
23327;810;1
23331;809;0
23334;808;1
23338;809;1
23342;810;2
23345;811;1
23349;809;1
23353;806;2
23356;814;0
23360;808;3
23364;795;25
23367;793;41
23371;778;76
23375;776;432
23378;783;1085
23382;796;1607
23385;807;1965
23389;812;2300
23393;815;2572
23396;814;2744
23400;812;2887
23404;800;2987
23407;796;3086
23411;794;3181
23415;781;3243
23418;780;3306
23422;775;3386
23426;766;3482
23429;765;3561
23433;777;3632
23437;780;3693
23440;791;3740
23444;796;3770
23447;799;3801
23451;811;3819
23455;816;3833
23458;826;3835
23462;832;3822
23466;843;3830
23469;846;3822
23473;856;3807
23477;864;3792
23480;877;3785
23484;891;3741
23488;905;3703
23491;922;3656
23495;953;3758
23498;971;3768
23502;992;3774
23506;1019;3784
23509;1054;3788
23513;1085;3802
23517;1112;3802
23520;1134;3816
23524;1162;3822
23528;1181;3832
23531;1200;3835
23535;1223;3850
23539;1240;3854
23542;1383;3863
23546;1594;3879
23550;1820;3881
23553;1995;3885
23557;2153;3896
23560;2300;3895
23564;2441;3899
23568;2524;3899
23571;2604;3898
23575;2681;3888
23579;2751;3884
23582;2810;3870
23586;2857;3865
23590;2911;3854
23593;2972;3851
23597;3033;3840
23601;3071;3832
23604;3112;3807
23608;3160;3788
23612;3210;3772
23615;3245;3742
23619;3288;3728
23622;3320;3709
23626;3356;3693
23630;3389;3675
23633;3422;3662
23637;3451;3644
23641;3469;3629
23644;3498;3612
23648;3517;3596
23652;3544;3578
23655;3564;3552
23659;3582;3534
23663;3610;3502
23666;3629;3485
23670;3643;3456
23673;3661;3439
23677;3679;3416
23681;3705;3368
23684;3721;3337
23688;3739;3296
23692;3754;3260
23695;3772;3226
23699;3785;3183
23703;3801;3147
23706;3817;3085
23710;3831;3023
23714;3849;2972
23717;3854;2908
23721;3865;2841
23725;3871;2767
23728;3886;2701
23732;3900;2608
23735;3912;2542
23739;3916;2472
23743;3930;2378
23746;3934;2295
23750;3946;2216
23754;3960;2144
23757;3965;2056
23761;3976;1948
23765;3980;1855
23768;3992;1756
23772;3995;1631
23776;4000;1497
23779;4011;1341
23783;4022;1225
23786;4025;1088
23790;4027;941
23794;4039;816
23797;4042;703
23801;4045;634
23805;4055;621
23808;4060;618
23812;4062;606
23816;4075;605
23819;4076;604
23823;4078;599
23827;4089;591
23830;4092;591
23834;4095;588
23838;4095;587
23841;4095;585
23845;4095;584
23848;4095;583
23852;4095;576
23856;4095;574
23859;4095;574
23863;4095;572
23867;4095;572
23870;4095;571
23874;4095;570
23878;4095;569
23881;4095;568
23885;4095;567
23889;4095;560
23892;4095;559
23896;4095;558
23899;4095;558
23903;4095;555
23907;4095;557
23910;4095;554
23914;4095;551
23918;4095;552
23921;4095;550
23925;4095;543
23929;4095;541
23932;4095;539
23936;4095;536
23940;4095;526
23943;4095;524
23947;4095;512
23951;4095;510
23954;4095;508
23958;4095;504
23961;4095;495
23965;4095;490
23969;4095;478
23972;4095;463
23976;4095;455
23980;4095;441
23983;4095;428
23987;4095;411
23991;4095;397
23994;4095;384
23998;4095;368
24002;4095;359
24005;4095;346
24009;4095;333
24013;4095;330
24016;4095;314
24020;4095;296
24023;4095;270
24027;4095;240
24031;4095;222
24034;4095;187
24038;4095;152
24042;4095;104
24045;4095;72
24049;4095;44
24053;4095;29
24056;4095;23
24060;4095;16
24064;4095;7
24067;4095;7
24071;4095;5
24074;4095;6
24078;4095;3
24082;4095;2
24085;4095;2
24089;4095;2
24093;4095;2
24096;4095;1
24100;4095;0
24104;4095;0
24107;4095;1
24111;4095;2
24115;4095;1
24118;4095;2
24122;4095;1
24126;4095;0
24129;4095;1
24133;4095;2
24136;4095;1
24140;4095;0
24144;4095;0
24147;4095;1
24151;4095;2
24155;4095;1
24158;4095;0
24162;4095;1
24166;4095;1
24169;4095;2
24173;4095;1
24177;4095;2
24180;4095;1
24184;4095;0
24187;4095;1
24191;4095;1
24195;4095;2
24198;4095;0
24202;4095;1
24206;4095;1
24209;4095;0
24213;4095;2
24217;4095;2
24220;4095;0
24224;4095;0
24228;4095;0
24231;4095;1
24235;4095;1
24239;4095;1
24242;4095;2
24246;4095;1
24249;4095;0
24253;4095;1
24257;4095;1
24260;4095;2
24264;4095;2
24268;4095;2
24271;4095;2
24275;4076;2
24279;4071;2
24282;4032;0
24286;3993;0
24290;3945;1
24293;3901;3
24297;3854;0
24301;3786;1
24304;3725;1
24308;3657;1
24311;3567;2
24315;3486;0
24319;3432;1
24322;3339;1
24326;3256;1
24330;3148;0
24333;3040;1
24337;2919;0
24341;2808;1
24344;2637;1
24348;2489;1
24352;2379;0
24355;2282;1
24359;2158;2
24362;2044;2
24366;1917;1
24370;1806;2
24373;1689;1
24377;1567;1
24381;1467;1
24384;1353;0
24388;1192;2
24392;1114;2
24395;1083;1
24399;1050;2
24403;1020;0
24406;990;2
24410;967;0
24414;942;2
24417;922;1
24421;904;1
24424;892;1
24428;895;0
24432;904;1
24435;904;2
24439;903;0
24443;896;2
24446;894;0
24450;901;2
24454;893;2
24457;894;1
24461;903;1
24465;894;0
24468;894;0
24472;902;1
24475;894;0
24479;896;1
24483;904;0
24486;895;2
24490;903;0
24494;904;0
24497;895;1
24501;896;2
24505;895;2
24508;894;1
24512;904;1
24516;896;0
24519;893;2
24523;895;3
24527;894;2
24530;894;1
24534;893;0
24537;893;0
24541;894;1
24545;893;0
24548;894;1
24552;894;1
24556;892;1
24559;893;0
24563;893;0
24567;894;0
24570;893;1
24574;893;1
24578;892;2
24581;893;2
24585;893;1
24588;892;0
24592;891;2
24596;891;1
24599;891;1
24603;891;0
24607;894;1
24610;890;2
24614;893;1
24618;893;0
24621;891;0
24625;892;1
24629;891;1
24632;890;1
24636;891;1
24640;893;0
24643;893;0
24647;893;1
24650;894;0
24654;893;1
24658;894;1
24661;895;1
24665;894;0
24669;896;0
24672;904;3
24676;904;2
24680;905;0
24683;904;1
24687;903;0
24691;904;2
24694;904;1
24698;904;1
24701;905;1
24705;908;1
24709;906;1
24712;907;1
24716;906;0
24720;906;0
24723;905;2
24727;907;2
24731;909;1
24734;908;1
24738;909;1
24742;910;1
24745;910;1
24749;910;2
24753;911;2
24756;909;1
24760;910;1
24763;912;1
24767;910;0
24771;909;0
24774;910;2
24778;911;1
24782;911;0
24785;910;1
24789;909;0
24793;910;2
24796;910;0
24800;910;1
24804;910;1
24807;911;1
24811;919;1
24815;911;0
24818;918;0
24822;918;1
24825;912;1
24829;910;2
24833;911;0
24836;912;1
24840;912;1
24844;911;0
24847;917;1
24851;920;2
24855;911;2
24858;918;1
24862;912;0
24866;920;2
24869;919;2
24873;920;1
24876;912;0
24880;921;1
24884;921;1
24887;922;1
24891;921;1
24895;921;1
24898;921;0
24902;922;0
24906;921;1
24909;922;0
24913;922;0
24917;922;1
24920;922;1
24924;921;1
24928;922;0
24931;921;0
24935;923;0
24938;923;2
24942;923;0
24946;922;1
24949;922;1
24953;923;1
24957;921;1
24960;922;0
24964;922;1
24968;921;1
24971;909;1
24975;926;0
24979;925;3
24982;908;40
24986;894;166
24989;902;842
24993;910;1512
24997;921;1945
25000;926;2270
25004;926;2571
25008;926;2793
25011;922;2942
25015;907;3071
25019;889;3164
25022;840;3260
25026;789;3360
25030;763;3484
25033;750;3595
25037;752;3676
25041;758;3741
25044;759;3800
25048;760;3836
25051;760;3870
25055;760;3900
25059;760;3914
25062;761;3929
25066;762;3929
25070;776;3929
25073;781;3926
25077;791;3911
25081;791;3771
25084;797;3882
25088;799;3801
25092;812;3870
25095;826;3881
25099;840;3880
25102;848;3879
25106;860;3879
25110;872;3880
25113;888;3886
25117;895;3900
25121;910;3913
25124;925;3916
25128;939;3928
25132;955;3929
25135;967;3943
25139;985;3947
25143;1004;3949
25146;1020;3964
25150;1035;3978
25154;1050;3983
25157;1066;3997
25161;1081;4008
25164;1097;4023
25168;1114;4025
25172;1128;4039
25175;1134;4042
25179;1148;4043
25183;1161;4046
25186;1168;4046
25190;1181;4046
25194;1246;4056
25197;1401;4048
25201;1517;4047
25205;1624;4045
25208;1726;4044
25212;1817;4043
25216;1900;4031
25219;1965;4028
25223;2028;4027
25226;2106;4025
25230;2158;4022
25234;2239;4023
25237;2285;4011
25241;2359;4008
25245;2408;3998
25248;2475;3993
25252;2526;3981
25256;2569;3976
25259;2623;3965
25263;2664;3960
25267;2703;3950
25270;2744;3945
25274;2782;3936
25277;2813;3931
25281;2856;3919
25285;2895;3913
25288;2937;3900
25292;2958;3884
25296;2986;3868
25299;3015;3854
25303;3039;3836
25307;3070;3816
25310;3100;3775
25314;3128;3752
25318;3162;3725
25321;3193;3694
25325;3212;3671
25329;3238;3642
25332;3272;3614
25336;3287;3581
25339;3309;3548
25343;3328;3519
25347;3354;3484
25350;3369;3438
25354;3390;3403
25358;3407;3369
25361;3433;3326
25365;3438;3289
25369;3467;3244
25372;3483;3192
25376;3497;3148
25380;3514;3100
25383;3520;3048
25387;3531;2989
25390;3549;2939
25394;3564;2890
25398;3577;2824
25401;3593;2764
25405;3608;2702
25409;3614;2635
25412;3630;2584
25416;3642;2493
25420;3656;2415
25423;3662;2361
25427;3674;2285
25431;3678;2190
25434;3689;2123
25438;3696;2031
25442;3708;1919
25445;3720;1752
25449;3724;1610
25452;3726;1451
25456;3740;1295
25460;3740;1163
25463;3752;1034
25467;3757;912
25471;3768;816
25474;3772;714
25478;3782;635
25482;3789;623
25485;3801;618
25489;3805;617
25493;3816;615
25496;3818;606
25500;3823;603
25504;3833;602
25507;3836;600
25511;3847;590
25514;3848;589
25518;3854;586
25522;3864;586
25525;3868;587
25529;3880;584
25533;3883;584
25536;3885;575
25540;3887;573
25544;3896;572
25547;3897;571
25551;3900;570
25555;3912;569
25558;3913;567
25562;3915;567
25565;3919;560
25569;3927;558
25573;3928;557
25576;3931;555
25580;3934;556
25584;3944;555
25587;3946;552
25591;3950;552
25595;3951;543
25598;3963;542
25602;3967;541
25606;3976;539
25609;3978;538
25613;3981;535
25617;3991;526
25620;3993;521
25624;3997;510
25627;4000;508
25631;4010;495
25635;4012;492
25638;4014;478
25642;4025;472
25646;4026;458
25649;4029;441
25653;4040;423
25657;4043;410
25660;4055;395
25664;4059;375
25668;4060;350
25671;4072;330
25675;4076;313
25678;4087;295
25682;4090;267
25686;4093;235
25689;4095;188
25693;4095;157
25697;4095;87
25700;4095;26
25704;4095;21
25708;4095;17
25711;4095;9
25715;4095;3
25719;4095;4
25722;4095;1
25726;4095;2
25730;4095;2
25733;4095;0
25737;4095;2
25740;4095;1
25744;4095;1
25748;4095;2
25751;4095;2
25755;4095;0
25759;4095;2
25762;4095;1
25766;4095;2
25770;4095;1
25773;4095;2
25777;4095;2
25781;4095;2
25784;4095;1
25788;4095;0
25791;4095;0
25795;4095;0
25799;4095;0
25802;4095;1
25806;4095;2
25810;4095;2
25813;4095;1
25817;4095;1
25821;4095;0
25824;4095;1
25828;4090;0
25832;4072;1
25835;4048;0
25839;4012;2
25843;3983;1
25846;3952;1
25850;3918;1
25853;3882;0
25857;3855;1
25861;3816;0
25864;3752;2
25868;3688;1
25872;3643;1
25875;3592;2
25879;3528;1
25883;3450;1
25886;3383;1
25890;3312;2
25894;3240;1
25897;3179;1
25901;3117;2
25905;3049;2
25908;2970;3
25912;2872;0
25915;2734;1
25919;2603;1
25923;2479;2
25926;2362;0
25930;2285;0
25934;2185;0
25937;2060;1
25941;2025;0
25945;1929;2
25948;1801;2
25952;1632;0
25956;1502;1
25959;1354;1
25963;1136;2
25966;1024;0
25970;990;2
25974;968;2
25977;941;0
25981;923;2
25985;896;2
25988;877;1
25992;873;1
25996;859;1
25999;842;2
26003;843;1
26007;855;0
26010;858;1
26014;858;2
26018;858;2
26021;859;1
26025;858;0
26028;857;0
26032;859;1
26036;859;0
26039;860;0
26043;859;2
26047;860;0
26050;861;2
26054;863;3
26058;871;0
26061;864;0
26065;864;0
26069;871;0
26072;864;1
26076;863;0
26079;870;0
26083;862;0
26087;871;1
26090;871;3
26094;870;2
26098;871;2
26101;870;2
26105;870;2
26109;871;2
26112;871;1
26116;863;2
26120;864;0
26123;860;0
26127;863;1
26131;862;3
26134;863;2
26138;862;1
26141;861;1
26145;863;0
26149;862;2
26152;862;1
26156;862;1
26160;863;1
26163;863;0
26167;863;1
26171;863;0
26174;862;2
26178;862;1
26182;864;0
26185;870;2
26189;863;2
26192;871;3
26196;870;0
26200;864;2
26203;871;0
26207;872;0
26211;872;0
26214;864;1
26218;873;1
26222;872;1
26225;873;0
26229;872;0
26233;873;2
26236;872;0
26240;873;1
26244;873;1
26247;872;1
26251;874;0
26254;873;2
26258;872;1
26262;872;0
26265;873;0
26269;872;2
26273;872;1
26276;871;1
26280;872;0
26284;872;2
26287;872;1
26291;872;0
26295;872;0
26298;872;1
26302;873;0
26306;873;1
26309;872;1
26313;873;1
26316;873;1
26320;873;1
26324;873;2
26327;873;0
26331;873;1
26335;873;0
26338;873;0
26342;872;1
26346;871;2
26349;872;0
26353;872;0
26357;873;1
26360;872;2
26364;872;1
26367;872;1
26371;872;0
26375;872;1
26378;873;1
26382;873;2
26386;872;1
26389;873;0
26393;872;0
26397;873;1
26400;871;2
26404;873;1
26408;873;1
26411;872;0
26415;873;1
26419;871;0
26422;873;2
26426;872;1
26429;873;2
26433;873;2
26437;873;0
26440;873;1
26444;873;1
26448;872;2
26451;874;0
26455;873;0
26459;873;0
26462;873;2
26466;872;2
26470;874;3
26473;875;1
26477;874;2
26480;872;1
26484;874;2
26488;872;1
26491;873;2
26495;873;0
26499;872;2
26502;873;1
26506;873;0
26510;872;2
26513;873;2
26517;872;1
26521;874;0
26524;873;2
26528;873;1
26532;874;2
26535;874;1
26539;874;1
26542;874;0
26546;874;1
26550;873;0
26553;858;1
26557;872;3
26561;842;56
26564;827;303
26568;840;859
26572;847;1371
26575;860;1783
26579;873;2143
26583;878;2415
26586;888;2653
26590;890;2828
26593;887;2984
26597;861;3119
26601;827;3243
26604;780;3337
26608;744;3435
26612;731;3532
26615;733;3614
26619;744;3691
26623;749;3742
26626;748;3790
26630;746;3832
26634;734;3864
26637;717;3884
26641;712;3912
26645;702;3929
26648;714;3935
26652;715;3948
26655;716;3950
26659;729;3960
26663;731;3951
26666;744;3960
26670;750;3963
26674;764;3964
26677;776;3975
26681;783;3982
26685;797;3997
26688;811;4009
26692;827;4024
26696;842;4030
26699;859;4043
26703;875;4054
26707;892;4057
26710;911;4063
26714;935;4072
26717;952;4075
26721;968;4091
26725;990;4094
26728;1017;4095
26732;1038;4095
26736;1064;4095
26739;1085;4095
26743;1100;4095
26747;1115;4095
26750;1132;4095
26754;1150;4095
26758;1166;4095
26761;1181;4095
26765;1194;4095
26768;1259;4095
26772;1368;4095
26776;1449;4095
26779;1515;4095
26783;1614;4095
26787;1676;4095
26790;1768;4095
26794;1851;4095
26798;1899;4095
26801;1967;4095
26805;2031;4095
26809;2090;4095
26812;2137;4093
26816;2172;4080
26820;2251;4074
26823;2271;4062
26827;2312;4056
26830;2360;4042
26834;2410;4030
26838;2440;4026
26841;2473;4015
26845;2510;4009
26849;2552;3998
26852;2573;3982
26856;2608;3977
26860;2648;3961
26863;2667;3948
26867;2688;3934
26871;2712;3930
26874;2729;3919
26878;2750;3916
26881;2775;3902
26885;2783;3896
26889;2808;3880
26892;2816;3867
26896;2842;3855
26900;2858;3850
26903;2863;3838
26907;2894;3834
26911;2908;3822
26914;2924;3819
26918;2925;3817
26922;2952;3807
26925;2953;3801
26929;2973;3790
26933;2987;3785
26936;3002;3775
26940;3006;3771
26943;3020;3770
26947;3036;3768
26951;3054;3754
26954;3065;3753
26958;3084;3752
26962;3100;3742
26965;3117;3739
26969;3133;3736
26973;3150;3726
26976;3178;3724
26980;3182;3722
26984;3198;3719
26987;3213;3711
26991;3228;3706
26994;3244;3696
26998;3262;3689
27002;3287;3679
27005;3304;3673
27009;3319;3664
27013;3328;3657
27016;3354;3646
27020;3368;3631
27024;3385;3614
27027;3401;3608
27031;3416;3595
27035;3423;3578
27038;3436;3564
27042;3451;3543
27046;3466;3520
27049;3483;3512
27053;3498;3497
27056;3515;3468
27060;3530;3456
27064;3547;3434
27067;3560;3415
27071;3568;3385
27075;3582;3353
27078;3608;3322
27082;3623;3289
27086;3630;3257
27089;3642;3215
27093;3657;3191
27097;3660;3135
27100;3673;3087
27104;3679;3055
27108;3692;3018
27111;3705;2983
27115;3710;2953
27118;3721;2895
27122;3735;2843
27126;3740;2807
27129;3753;2746
27133;3767;2702
27137;3768;2617
27140;3784;2559
27144;3787;2488
27148;3802;2408
27151;3807;2347
27155;3818;2236
27159;3832;2184
27162;3837;2077
27166;3853;1981
27169;3867;1883
27173;3870;1738
27177;3881;1598
27180;3885;1451
27184;3896;1245
27188;3901;1099
27191;3913;936
27195;3916;767
27199;3930;681
27202;3935;665
27206;3947;654
27210;3951;649
27213;3963;638
27217;3967;632
27221;3979;619
27224;3992;615
27228;3998;602
27231;4009;587
27235;4015;574
27239;4027;557
27242;4030;539
27246;4040;519
27250;4044;489
27253;4058;455
27257;4062;424
27261;4075;393
27264;4078;364
27268;4093;286
27272;4095;174
27275;4095;123
27279;4095;74
27282;4095;2
27286;4095;2
27290;4095;2
27293;4095;2
27297;4095;1
27301;4095;0
27304;4095;1
27308;4095;0
27312;4095;3
27315;4095;1
27319;4095;2
27323;4095;1
27326;4095;1
27330;4095;1
27334;4095;0
27337;4095;0
27341;4095;0
27344;4095;1
27348;4095;1
27352;4095;0
27355;4095;0
27359;4095;1
27363;4095;3
27366;4095;1
27370;4095;1
27374;4095;2
27377;4095;2
27381;4095;0
27385;4095;0
27388;4095;2
27392;4095;2
27395;4071;2
27399;4025;2
27403;3982;0
27406;3961;1
27421;3791;1
27421;3790;1
27422;3789;2
27424;3754;1
27428;3704;1
27432;3643;1
27435;3579;1
27439;3513;2
27443;3449;1
27446;3388;1
27450;3311;2
27453;3245;0
27457;3178;2
27461;3062;1
27464;2942;1
27468;2795;1
27472;2663;1
27475;2519;1
27479;2351;0
27483;2168;0
27486;2010;1
27490;1817;2
27494;1662;1
27497;1452;2
27501;1357;2
27505;1194;1
27508;1130;2
27512;1114;2
27515;1103;2
27519;1095;1
27523;1081;3
27526;1072;1
27530;1069;1
27534;1067;2
27537;1065;1
27541;1063;0
27545;1053;1
27548;1052;1
27552;1051;2
27556;1050;0
27559;1048;2
27563;1039;2
27566;1037;0
27570;1037;1
27574;1037;2
27577;1036;1
27581;1035;2
27585;1033;0
27588;1033;1
27592;1033;1
27596;1024;0
27599;1024;0
27603;1023;1
27607;1024;0
27610;1022;1
27614;1022;1
27618;1022;1
27621;1022;1
27625;1021;1
27628;1021;2
27632;1020;1
27636;1019;1
27639;1019;0
27643;1019;1
27647;1018;1
27650;1019;0
27654;1019;0
27658;1017;1
27661;1017;0
27665;1016;1
27669;1018;1
27672;1017;0
27676;1017;1
27679;1017;1
27683;1017;0
27687;1016;0
27690;1017;0
27694;1017;1
27698;1016;0
27701;1016;0
27705;1015;2
27709;1016;1
27712;1015;0
27716;1014;0
27720;1008;1
27723;1006;0
27727;1008;0
27731;1015;1
27734;1015;0
27738;1015;2
27741;1007;1
27745;1007;0
27749;1007;1
27752;1007;0
27756;1007;0
27760;1007;1
27763;1004;1
27767;1014;0
27771;1007;0
27774;1006;0
27778;1007;1
27782;1007;0
27785;1005;0
27789;1005;0
27793;1005;0
27796;1006;1
27800;1005;2
27803;1007;0
27807;1006;1
27811;1005;1
27814;1005;1
27818;1005;1
27822;1005;1
27825;1003;2
27829;1005;0
27833;1004;0
27836;1006;2
27840;1006;1
27844;1004;0
27847;1003;1
27851;1004;0
27854;1004;1
27858;1004;2
27862;1004;0
27865;1002;0
27869;1002;0
27873;1002;1
27876;1004;0
27880;1004;0
27884;1002;1
27887;1003;0
27891;1003;1
27895;1003;1
27898;1003;2
27902;1002;1
27906;1001;0
27909;1002;0
27913;1003;1
27916;1001;0
27920;1002;2
27924;1000;0
27927;1002;0
27931;1001;0
27935;1001;1
27938;1002;1
27942;1003;2
27946;1002;0
27949;1002;0
27953;1002;1
27957;1001;1
27960;1002;0
27964;1003;2
27967;1002;0
27971;1002;1
27975;1002;0
27978;1002;1
27982;1002;2
27986;1002;2
27989;1001;0
27993;1002;2
27997;1002;1
28000;1002;0
28004;1001;2
28008;1001;0
28011;1001;1
28015;1002;2
28019;1001;1
28022;1001;1
28026;1002;0
28029;1002;1
28033;1002;1
28037;1003;1
28040;1002;0
28044;1003;1
28048;1001;2
28051;1001;0
28055;1002;1
28059;1003;1
28062;1002;1
28066;1002;2
28070;1004;2
28073;1003;0
28077;1002;1
28080;1003;2
28084;1003;1
28088;1001;0
28091;1002;0
28095;1003;1
28099;1003;2
28102;1003;1
28106;1003;1
28110;1002;2
28113;1002;1
28117;1003;3
28121;1001;1
28124;1002;1
28128;1002;2
28132;992;5
28135;974;46
28139;954;110
28142;953;376
28146;956;812
28150;973;1419
28153;986;1804
28157;992;2140
28161;1004;2424
28164;1016;2681
28168;1016;2856
28172;1006;3019
28175;991;3159
28179;972;3272
28183;941;3368
28186;905;3481
28190;891;3583
28194;888;3664
28197;891;3725
28201;891;3784
28204;893;3821
28208;892;3852
28212;890;3881
28215;890;3897
28219;887;3916
28223;888;3928
28226;892;3932
28230;905;3945
28234;924;3960
28237;942;3978
28241;958;3980
28245;975;3981
28248;991;3994
28252;1007;3998
28255;1023;4012
28259;1048;4014
28263;1066;4028
28266;1085;4030
28270;1101;4047
28274;1119;4056
28277;1134;4060
28281;1149;4061
28285;1321;4071
28288;1534;4074
28292;1679;4075
28296;1852;4087
28299;1976;4079
28303;2124;4079
28307;2219;4079
28310;2283;4079
28314;2377;4077
28317;2461;4074
28321;2521;4062
28325;2587;4061
28328;2652;4057
28332;2728;4047
28336;2775;4045
28339;2823;4044
28343;2859;4039
28347;2893;4027
28350;2923;4015
28354;2955;4011
28358;2971;3998
28361;2991;3992
28365;3018;3977
28368;3032;3962
28372;3049;3949
28376;3055;3932
28379;3067;3915
28383;3085;3895
28387;3100;3870
28390;3129;3840
28394;3135;3820
28398;3150;3791
28401;3165;3769
28405;3181;3751
28409;3199;3724
28412;3213;3693
28416;3224;3674
28420;3230;3656
28423;3243;3624
28427;3257;3583
28430;3263;3548
28434;3279;3518
28438;3293;3500
28441;3308;3464
28445;3320;3436
28449;3324;3400
28452;3337;3373
28456;3343;3353
28460;3355;3322
28463;3360;3291
28467;3372;3258
28471;3372;3225
28474;3388;3194
28478;3390;3163
28482;3401;3131
28485;3406;3104
28489;3423;3084
28498;3450;3017
28498;3450;3016
28500;3452;3007
28503;3464;2985
28507;3468;2958
28511;3471;2941
28514;3482;2921
28518;3487;2907
28522;3501;2890
28525;3512;2863
28529;3519;2847
28533;3543;2830
28536;3549;2823
28540;3563;2798
28543;3568;2791
28547;3578;2764
28551;3592;2742
28554;3598;2713
28558;3613;2686
28562;3625;2664
28565;3631;2622
28569;3643;2600
28573;3656;2558
28576;3662;2520
28580;3674;2477
28584;3688;2424
28587;3693;2377
28591;3707;2332
28595;3720;2296
28598;3722;2264
28602;3736;2216
28605;3740;2184
28609;3752;2108
28613;3756;2024
28616;3768;1927
28620;3773;1819
28624;3776;1722
28627;3786;1597
28631;3800;1480
28635;3802;1310
28638;3807;1198
28642;3817;1022
28646;3821;894
28649;3832;779
28653;3836;634
28656;3849;607
28660;3853;602
28664;3865;591
28667;3871;589
28671;3882;586
28675;3884;584
28678;3894;575
28682;3899;572
28686;3912;570
28689;3916;568
28693;3927;558
28697;3929;556
28700;3934;553
28704;3944;552
28708;3950;543
28711;3961;540
28715;3965;537
28718;3978;526
28722;3981;524
28726;3993;520
28729;3998;509
28733;4008;505
28737;4011;493
28740;4016;480
28744;4028;473
28748;4038;459
28751;4041;447
28755;4044;431
28759;4055;422
28762;4059;396
28766;4063;380
28769;4074;362
28773;4078;347
28777;4088;330
28780;4090;315
28784;4094;299
28788;4095;271
28791;4095;252
28795;4095;200
28799;4095;160
28802;4095;109
28806;4095;61
28810;4095;27
28813;4095;9
28817;4095;4
28821;4095;2
28824;4095;1
28828;4095;2
28831;4095;2
28835;4095;2
28839;4095;2
28842;4095;1
28846;4095;2
28850;4095;1
28853;4095;2
28857;4095;0
28861;4095;1
28864;4095;2
28868;4095;1
28872;4095;2
28875;4095;0
28879;4095;2
28883;4095;3
28886;4095;1
28890;4095;1
28893;4095;1
28897;4095;1
28901;4095;1
28904;4095;0
28908;4095;2
28912;4095;1
28915;4095;2
28919;4095;0
28923;4095;0
28926;4095;1
28930;4095;1
28934;4095;2
28937;4095;0
28941;4095;2
28944;4095;2
28948;4095;1
28952;4095;2
28955;4095;0
28959;4095;2
28963;4095;1
28966;4095;1
28970;4095;3
28974;4095;2
28977;4095;0
28981;4095;1
28985;4095;2
28988;4095;2
28992;4095;2
28996;4095;3
28999;4095;0
29003;4092;2
29006;4056;2
29010;4010;1
29014;3975;1
29017;3945;1
29021;3898;0
29025;3849;1
29028;3790;2
29032;3741;0
29036;3677;1
29039;3595;1
29043;3534;0
29047;3466;2
29050;3390;0
29054;3308;1
29057;3223;2
29061;3128;1
29065;3006;2
29068;2906;0
29072;2777;1
29076;2655;0
29079;2525;1
29083;2415;1
29087;2302;0
29090;2171;1
29094;1951;2
29098;1768;1
29101;1598;1
29105;1454;1
29109;1309;1
29112;1163;0
29116;1129;1
29119;1101;2
29123;1080;1
29127;1062;0
29130;1036;2
29134;1006;1
29138;1003;0
29141;1004;2
29145;1006;1
29149;1003;1
29152;1002;1
29156;1001;1
29160;1000;0
29163;999;0
29167;991;1
29170;998;1
29174;990;3
29178;988;0
29181;989;0
29185;989;2
29189;988;1
29192;988;1
29196;986;1
29200;984;2
29203;986;2
29207;986;1
29211;984;0
29214;984;1
29218;976;1
29222;983;1
29225;976;1
29229;975;2
29232;975;1
29236;974;0
29240;975;1
29243;974;1
29247;974;1
29251;974;1
29254;974;2
29258;974;1
29262;973;1
29265;974;0
29269;974;1
29273;974;1
29276;973;1
29280;974;0
29284;972;1
29287;972;1
29291;972;1
29294;972;1
29298;971;2
29302;971;0
29305;970;1
29309;971;0
29313;971;0
29316;970;2
29320;971;0
29324;970;0
29327;971;1
29331;970;1
29335;971;1
29338;971;1
29342;971;0
29345;971;0
29349;972;0
29353;972;1
29356;974;1
29360;971;0
29364;972;1
29367;972;0
29371;972;0
29375;971;1
29378;972;1
29382;972;2
29386;973;2
29389;971;1
29393;972;0
29397;972;3
29400;973;0
29404;972;1
29407;971;1
29411;971;0
29415;972;1
29418;971;1
29422;972;2
29426;974;2
29429;970;1
29433;972;2
29437;973;1
29440;972;1
29444;972;1
29448;972;1
29451;972;1
29455;971;1
29459;973;1
29462;972;0
29466;972;2
29469;972;1
29473;971;2
29477;972;0
29480;972;0
29484;972;1
29488;973;1
29491;972;2
29495;972;2
29499;972;0
29502;970;1
29506;971;2
29510;971;0
29513;971;2
29517;972;1
29520;971;2
29524;970;1
29528;972;2
29531;972;2
29535;971;1
29539;970;3
29542;972;0
29546;972;0
29550;970;1
29553;971;2
29557;972;0
29561;971;2
29564;971;1
29568;970;1
29571;972;1
29575;972;2
29579;972;0
29582;972;2
29586;971;2
29590;972;0
29593;972;1
29597;971;1
29601;971;1
29604;970;0
29608;971;1
29612;971;1
29615;972;1
29619;970;1
29623;973;2
29626;971;1
29630;972;0
29633;971;0
29637;972;2
29641;972;1
29644;972;0
29648;973;1
29652;973;1
29655;973;0
29659;973;2
29663;973;0
29666;971;0
29670;972;1
29674;972;2
29677;971;1
29681;975;1
29685;968;23
29688;955;48
29692;942;409
29695;956;1134
29699;969;1677
29703;982;2110
29706;988;2443
29710;990;2684
29714;1000;2825
29717;1000;2953
29721;1000;3065
29725;990;3165
29728;972;3256
29732;952;3336
29736;924;3402
29739;894;3498
29743;878;3583
29746;862;3664
29750;857;3741
29754;846;3799
29757;843;3853
29761;830;3896
29765;826;3928
29768;814;3951
29772;816;3978
29776;816;3992
29779;825;3997
29783;827;3982
29787;830;3992
29790;840;4008
29794;842;3998
29798;846;4010
29801;855;4010
29805;864;4024
29808;877;4039
29812;888;4043
29816;895;4048
29819;908;4073
29823;925;4078
29827;939;4094
29830;958;4095
29834;970;4095
29838;985;4095
29841;992;4095
29845;1015;4095
29849;1032;4095
29852;1040;4095
29856;1064;4095
29859;1069;4095
29863;1087;4095
29867;1102;4095
29870;1116;4095
29874;1130;4095
29878;1136;4095
29881;1148;4095
29885;1161;4095
29889;1166;4095
29892;1177;4095
29896;1195;4095
29900;1353;4095
29903;1447;4095
29907;1530;4095
29911;1609;4095
29914;1710;4095
29918;1790;4095
29921;1881;4095
29925;1899;4095
29929;1964;4095
29932;1992;4095
29936;2031;4095
29940;2110;4095
29943;2173;4095
29947;2248;4095
29951;2283;4095
29954;2312;4095
29958;2364;4095
29962;2397;4092
29965;2441;4079
29969;2475;4073
29972;2493;4062
29976;2520;4057
29980;2552;4045
29983;2585;4039
29987;2607;4029
29991;2621;4013
29994;2664;4008
29998;2667;3992
30002;2703;3978
30005;2732;3966
30009;2749;3960
30013;2782;3946
30016;2809;3933
30020;2829;3918
30024;2855;3914
30027;2874;3901
30031;2892;3895
30034;2921;3883
30038;2940;3878
30042;2956;3867
30045;2970;3853
30049;2990;3848
30053;3006;3833
30056;3032;3819
30060;3048;3806
30064;3067;3800
30067;3088;3787
30071;3118;3776
30075;3146;3767
30078;3160;3751
30082;3180;3737
30086;3212;3722
30089;3231;3706
30093;3256;3695
30096;3275;3691
30100;3295;3678
30104;3321;3673
30107;3340;3672
30111;3354;3656
30115;3372;3644
30118;3387;3639
30122;3405;3624
30126;3416;3612
30129;3436;3599
30133;3450;3584
30137;3468;3577
30140;3480;3564
30144;3495;3549
30147;3512;3534
30151;3518;3527
30155;3531;3501
30158;3544;3483
30162;3559;3469
30166;3565;3464
30169;3578;3437
30173;3593;3421
30177;3608;3404
30180;3613;3388
30184;3624;3370
30188;3631;3353
30191;3642;3325
30195;3657;3305
30199;3671;3277
30202;3674;3255
30206;3687;3228
30209;3692;3207
30213;3694;3162
30217;3707;3132
30220;3712;3099
30224;3724;3065
30228;3735;3033
30231;3740;3006
30235;3742;2972
30239;3756;2937
30242;3767;2890
30246;3770;2846
30250;3773;2812
30253;3785;2763
30257;3790;2712
30260;3803;2665
30264;3815;2591
30268;3820;2523
30271;3831;2441
30275;3836;2367
30279;3839;2314
30282;3853;2270
30286;3865;2201
30290;3870;2123
30293;3881;2008
30297;3887;1918
30301;3896;1787
30304;3902;1623
30308;3913;1482
30312;3914;1357
30315;3918;1210
30319;3929;1084
30322;3932;906
30326;3934;746
30330;3946;671
30333;3949;665
30337;3962;654
30341;3964;650
30344;3967;639
30348;3978;634
30352;3983;632
30355;3993;622
30359;3996;618
30363;4008;607
30366;4012;602
30370;4012;599
30373;4024;587
30377;4025;574
30381;4028;569
30384;4040;544
30388;4042;525
30392;4046;496
30395;4055;462
30399;4059;427
30403;4061;383
30406;4072;351
30410;4077;303
30414;4090;231
30417;4094;152
30421;4095;105
30425;4095;78
30428;4095;23
30432;4095;3
30435;4095;1
30439;4095;1
30443;4095;1
30446;4095;0
30450;4095;2
30454;4095;1
30457;4095;1
30461;4095;3
30465;4095;1
30468;4095;1
30472;4095;0
30476;4095;1
30479;4095;2
30483;4095;1
30487;4095;2
30490;4095;2
30494;4095;0
30497;4095;1
30501;4076;3
30505;4044;0
30508;4010;0
30512;3963;2
30516;3935;0
30519;3896;1
30523;3837;2
30527;3784;2
30530;3735;0
30534;3679;1
30538;3626;2
30541;3559;0
30545;3484;1
30548;3406;1
30552;3335;1
30556;3241;0
30559;3182;2
30563;3072;0
30567;2989;1
30570;2920;1
30574;2808;2
30578;2653;1
30581;2559;1
30585;2439;2
30589;2303;1
30592;2171;2
30596;2062;2
30600;1920;0
30603;1833;1
30607;1735;0
30610;1565;0
30614;1439;0
30618;1320;0
30621;1164;1
30625;1085;1
30629;1063;1
30632;1037;0
30636;1018;1
30640;1003;2
30643;988;0
30647;983;2
30651;958;1
30654;956;1
30658;956;2
30661;956;2
30665;955;1
30669;955;2
30672;953;0
30676;953;0
30680;953;2
30683;951;0
30687;952;2
30691;951;0
30694;951;0
30698;951;0
30702;952;1
30705;944;1
30709;944;1
30713;952;0
30716;942;1
30720;943;1
30723;943;0
30727;942;1
30731;942;2
30734;941;0
30738;942;0
30742;941;0
30745;942;0
30749;942;1
30753;941;1
30756;941;0
30760;941;2
30764;942;0
30767;940;1
30771;941;2
30775;941;0
30778;939;0
30782;940;1
30785;941;0
30789;940;0
30793;940;1
30796;938;1
30800;940;1
30804;938;1
30807;940;0
30811;940;1
30815;940;0
30818;940;2
30822;940;0
30826;940;1
30829;937;2
30833;938;0
30836;939;1
30840;939;0
30844;938;0
30847;938;1
30851;940;1
30855;939;2
30858;938;0
30862;939;2
30866;939;1
30869;938;1
30873;938;1
30877;937;1
30880;939;1
30884;939;0
30888;938;0
30891;939;1
30895;939;1
30898;938;1
30902;938;2
30906;937;2
30909;939;0
30913;939;2
30917;937;0
30920;938;2
30924;937;2
30928;938;0
30931;939;1
30935;937;0
30939;939;0
30942;938;1
30946;939;1
30949;938;0
30953;939;0
30957;938;0
30960;940;1
30964;939;2
30968;937;0
30971;938;1
30975;938;0
30979;939;2
30982;937;0
30986;937;0
30990;938;0
30993;938;1
30997;938;1
31001;938;1
31004;938;1
31008;937;1
31011;937;0
31015;938;0
31019;938;0
31022;937;3
31026;938;1
31030;938;1
31033;939;2
31037;937;0
31041;937;0
31044;937;2
31048;937;0
31052;938;1
31055;937;2
31059;937;1
31062;936;0
31066;937;0
31070;937;2
31073;937;0
31077;937;1
31081;939;0
31084;938;1
31088;938;1
31092;938;2
31095;937;1
31099;937;1
31103;937;1
31106;936;1
31110;937;0
31114;938;0
31117;937;0
31121;937;2
31124;938;2
31128;938;1
31132;938;0
31135;939;1
31139;938;0
31143;938;2
31146;939;1
31150;938;1
31154;939;0
31157;940;0
31161;938;2
31165;939;0
31168;938;2
31172;939;1
31176;938;2
31179;939;2
31183;939;0
31186;939;0
31190;940;0
31194;940;1
31197;940;2
31201;940;0
31205;940;0
31208;926;2
31212;941;2
31216;912;41
31219;893;206
31223;890;941
31227;906;1609
31230;922;2107
31234;940;2553
31237;951;2824
31241;955;3022
31245;956;3199
31248;952;3320
31252;909;3421
31256;845;3520
31259;750;3627
31263;698;3738
31267;664;3821
31270;665;3911
31274;678;3965
31278;681;4009
31281;682;4031
31285;685;4056
31289;670;4075
31292;679;4072
31296;681;4078
31299;685;4088
31303;696;4089
31307;702;4092
31310;717;4094
31314;733;4092
31318;748;4088
31321;766;4090
31325;794;4095
31329;813;4095
31332;830;4095
31336;856;4095
31340;873;4095
31343;888;4095
31347;905;4095
31350;920;4095
31354;937;4095
31358;952;4095
31361;957;4095
31365;970;4095
31369;982;4095
31372;989;4095
31376;1007;4095
31380;1023;4095
31383;1039;4095
31387;1053;4095
31391;1067;4095
31394;1081;4095
31398;1086;4095
31402;1097;4095
31405;1111;4095
31409;1117;4095
31412;1118;4095
31416;1131;4095
31420;1134;4095
31423;1144;4095
31427;1151;4095
31431;1240;4095
31434;1324;4095
31438;1434;4095
31442;1499;4095
31445;1534;4093
31449;1563;4089
31453;1641;4078
31456;1704;4077
31460;1725;4072
31463;1783;4060
31467;1847;4058
31471;1865;4054
31474;1929;4044
31478;1961;4031
31482;2014;4027
31485;2030;4015
31489;2064;4010
31493;2112;3998
31496;2152;3993
31500;2200;3982
31504;2234;3976
31507;2266;3968
31511;2300;3964
31515;2334;3960
31518;2380;3960
31522;2429;3949
31525;2459;3946
31529;2503;3934
31533;2525;3930
31536;2553;3918
31540;2587;3915
31544;2618;3912
31547;2637;3900
31551;2679;3897
31555;2703;3887
31558;2732;3885
31562;2767;3881
31566;2796;3870
31569;2814;3864
31573;2845;3854
31577;2873;3850
31580;2888;3838
31584;2910;3833
31587;2941;3832
31591;2970;3819
31595;2987;3815
31598;3003;3807
31602;3031;3802
31606;3036;3789
31609;3053;3785
31613;3067;3784
31617;3086;3771
31620;3114;3769
31624;3134;3768
31628;3161;3759
31631;3176;3752
31635;3195;3742
31638;3207;3738
31642;3225;3736
31646;3247;3724
31649;3272;3710
31653;3287;3703
31657;3294;3691
31660;3305;3679
31664;3309;3672
31668;3336;3660
31671;3341;3646
31675;3357;3640
31679;3358;3629
31682;3371;3613
31686;3386;3611
31690;3400;3598
31693;3404;3595
31697;3419;3583
31700;3437;3579
31704;3448;3562
31708;3464;3546
31711;3471;3531
31715;3483;3517
31719;3498;3503
31722;3512;3484
31726;3528;3467
31730;3544;3447
31733;3559;3435
31737;3566;3432
31741;3583;3414
31744;3596;3402
31748;3613;3385
31751;3626;3358
31755;3640;3342
31759;3656;3324
31762;3671;3305
31766;3679;3290
31770;3690;3260
31773;3706;3245
31777;3710;3229
31781;3723;3208
31784;3738;3182
31788;3742;3164
31792;3756;3135
31795;3771;3115
31799;3785;3103
31803;3788;3067
31806;3800;3032
31810;3802;2999
31813;3808;2959
31817;3821;2921
31821;3833;2894
31824;3836;2860
31828;3851;2840
31832;3854;2795
31835;3867;2761
31839;3871;2701
31843;3882;2634
31846;3896;2585
31850;3901;2510
31854;3912;2475
31857;3918;2393
31861;3930;2350
31864;3932;2286
31868;3944;2250
31872;3949;2155
31875;3960;1993
31879;3963;1852
31883;3966;1679
31886;3977;1518
31890;3980;1357
31894;3982;1212
31897;3993;1064
31901;3995;923
31905;3999;765
31908;4008;668
31912;4012;635
31916;4024;633
31919;4027;620
31923;4030;615
31926;4041;604
31930;4044;601
31934;4056;588
31937;4058;585
31941;4062;573
31945;4072;568
31948;4076;555
31952;4080;542
31956;4089;526
31959;4093;509
31963;4095;492
31967;4095;472
31970;4095;456
31974;4095;431
31978;4095;409
31981;4095;392
31985;4095;365
31988;4095;346
31992;4095;316
31996;4095;285
31999;4095;234
32003;4095;154
32007;4095;28
32010;4095;4
32014;4095;3
32018;4095;3
32021;4095;1
32025;4095;2
32029;4095;0
32032;4095;0
32036;4095;1
32039;4095;0
32043;4095;1
32047;4095;2
32050;4095;1
32054;4095;1
32058;4095;2
32061;4095;2
32065;4095;3
32069;4095;1
32072;4095;1
32076;4095;0
32080;4095;1
32083;4095;2
32087;4095;2
32091;4095;1
32094;4095;1
32098;4095;0
32101;4095;1
32105;4095;0
32109;4095;0
32112;4095;2
32116;4095;2
32120;4095;2
32123;4095;0
32127;4076;1
32131;4014;1
32134;4008;2
32138;3967;1
32142;3915;2
32145;3883;0
32149;3836;1
32152;3787;1
32156;3738;1
32160;3660;2
32163;3580;2
32167;3498;0
32171;3432;2
32174;3368;1
32178;3288;1
32182;3226;1
32185;3151;0
32189;3054;1
32193;2999;0
32196;2927;2
32200;2844;3
32204;2713;1
32207;2617;2
32211;2495;3
32214;2375;1
32218;2265;0
32222;2140;1
32225;1950;1
32229;1853;1
32233;1768;0
32236;1737;1
32240;1692;1
32244;1648;0
32247;1592;0
32251;1577;1
32255;1543;1
32258;1500;1
32262;1432;1
32265;1372;2
32269;1340;2
32273;1272;1
32276;1209;1
32280;1176;0
32284;1100;1
32287;1023;0
32291;1019;0
32295;954;0
32298;940;1
32302;939;2
32306;935;1
32309;936;1
32313;935;0
32317;928;2
32320;926;1
32324;925;1
32327;926;1
32331;923;0
32335;924;1
32338;925;2
32342;923;0
32346;922;0
32349;923;0
32353;923;2
32357;923;2
32360;922;1
32364;922;1
32368;923;2
32371;921;1
32375;923;1
32379;922;1
32382;921;1
32386;922;0
32389;922;2
32393;921;2
32397;922;3
32400;922;2
32404;921;1
32408;923;0
32411;921;0
32415;922;0
32419;922;0
32422;922;0
32426;923;1
32430;922;2
32433;922;1
32437;921;0
32440;921;0
32444;922;4
32448;922;2
32451;923;2
32455;924;0
32459;922;1
32462;922;3
32466;921;0
32470;922;1
32473;921;1
32477;922;0
32481;922;0
32484;924;0
32488;922;1
32492;923;0
32495;924;2
32499;923;1
32502;922;1
32506;923;0
32510;923;2
32513;924;1
32517;925;2
32521;924;0
32524;925;0
32528;923;0
32532;926;0
32535;926;1
32539;925;1
32543;926;0
32546;925;0
32550;928;0
32553;927;1
32557;936;2
32561;928;1
32564;935;0
32568;936;1
32572;935;2
32575;937;2
32579;936;1
32583;936;0
32586;936;2
32590;936;1
32594;936;1
32597;936;0
32601;937;1
32605;936;1
32608;936;2
32612;936;1
32615;937;0
32619;937;3
32623;937;2
32626;938;2
32630;938;2
32634;938;2
32637;939;1
32641;938;2
32645;938;2
32648;938;0
32652;940;2
32656;939;1
32659;938;1
32663;939;1
32666;941;0
32670;940;1
32674;940;1
32677;940;1
32681;940;2
32685;941;1
32688;940;0
32692;942;1
32696;942;0
32699;941;1
32703;941;0
32707;940;0
32710;941;1
32714;942;0
32718;942;2
32721;942;2
32725;942;0
32728;940;1
32732;942;1
32736;942;2
32739;941;1
32743;940;1
32747;941;1
32750;939;1
32754;940;0
32758;940;1
32761;940;1
32765;940;2
32769;941;1
32772;940;1
32776;940;3
32780;941;3
32783;940;0
32787;942;2
32790;941;1
32794;941;2
32798;941;1
32801;940;0
32805;940;1
32809;942;0
32812;941;1
32816;940;0
32820;942;0
32823;941;0
32827;940;0
32831;941;0
32834;941;2
32838;941;2
32841;942;0
32845;940;0
32849;941;2
32852;940;1
32856;941;2
32860;940;1
32863;941;0
32867;940;1
32871;939;1
32874;939;0
32878;940;0
32882;942;2
32885;941;0
32889;942;0
32893;942;1
32896;941;0
32900;943;1
32903;940;7
32907;925;440
32911;925;1068
32914;939;1691
32918;951;2135
32922;954;2414
32925;959;2729
32929;967;2954
32933;969;3130
32936;970;3304
32940;969;3455
32944;972;3596
32947;971;3710
32951;968;3801
32954;968;3852
32958;953;3528
32962;938;3226
32965;957;3783
32969;944;3659
32973;939;3464
32976;955;4008
32980;956;4031
32984;958;4031
32987;959;4030
32991;968;4029
32995;970;4030
32998;973;4030
33002;984;4039
33006;988;4043
33009;990;4047
33013;1002;4061
33016;1007;4064
33020;1020;4072
33024;1035;4079
33027;1050;4092
33031;1067;4093
33035;1087;4095
33038;1112;4095
33042;1120;4095
33046;1145;4095
33049;1160;4094
33053;1176;4093
33057;1193;4092
33060;1295;4090
33064;1514;4092
33068;1660;4088
33071;1821;4088
33075;1961;4087
33078;2093;4079
33082;2185;4075
33086;2268;4072
33089;2382;4063
33093;2446;4059
33097;2521;4057
33100;2601;4045
33104;2678;4041
33108;2735;4028
33111;2799;4025
33115;2825;4011
33119;2872;3998
33122;2920;3982
33126;2954;3975
33129;2984;3959
33133;3019;3944
33137;3040;3928
33140;3071;3901
33144;3112;3884
33148;3134;3864
33151;3176;3838
33155;3193;3817
33159;3209;3792
33162;3229;3770
33166;3247;3742
33170;3274;3719
33173;3294;3680
33177;3320;3659
33181;3342;3627
33184;3358;3595
33188;3375;3564
33191;3400;3534
33195;3418;3503
33199;3432;3480
33202;3439;3438
33206;3455;3405
33210;3479;3372
33213;3485;3341
33217;3512;3295
33221;3516;3261
33224;3530;3224
33228;3547;3194
33232;3560;3151
33235;3566;3111
33239;3592;3051
33242;3608;3023
33246;3615;2991
33250;3629;2956
33253;3644;2908
33257;3657;2861
33261;3672;2839
33264;3677;2766
33268;3690;2733
33272;3694;2696
33275;3706;2653
33279;3711;2615
33283;3721;2587
33286;3734;2543
33290;3738;2508
33294;3743;2463
33297;3757;2445
33301;3767;2414
33304;3773;2398
33308;3784;2376
33312;3789;2348
33315;3799;2318
33319;3806;2298
33323;3816;2266
33326;3823;2234
33330;3835;2187
33334;3838;2141
33337;3848;2087
33341;3853;2014
33345;3866;1977
33348;3870;1917
33352;3881;1854
33355;3883;1772
33359;3886;1705
33363;3897;1627
33366;3900;1512
33370;3901;1387
33374;3912;1303
33377;3916;1230
33381;3927;1102
33385;3928;987
33388;3933;912
33392;3933;827
33396;3943;745
33399;3945;667
33403;3948;619
33407;3951;616
33410;3960;606
33414;3964;605
33417;3968;603
33421;3978;601
33425;3981;600
33428;3993;600
33432;3994;592
33436;3997;590
33439;4007;589
33443;4011;589
33447;4014;588
33450;4024;587
33454;4027;585
33458;4032;584
33461;4041;585
33465;4045;584
33469;4048;576
33472;4058;583
33476;4060;573
33479;4063;573
33483;4071;572
33487;4074;571
33490;4077;568
33494;4087;568
33498;4091;567
33501;4092;557
33505;4095;554
33509;4095;553
33512;4095;542
33516;4095;538
33520;4095;535
33523;4095;521
33527;4095;507
33530;4095;502
33534;4095;488
33538;4095;462
33541;4095;443
33545;4095;415
33549;4095;397
33552;4095;368
33556;4095;347
33560;4095;328
33563;4095;299
33567;4095;269
33571;4095;223
33574;4095;109
33578;4095;76
33582;4095;31
33585;4095;4
33589;4095;3
33592;4095;2
33596;4095;1
33600;4095;2
33603;4095;3
33607;4095;1
33611;4095;1
33614;4095;0
33618;4095;2
33622;4095;0
33625;4095;0
33629;4095;1
33633;4095;1
33636;4095;1
33640;4095;1
33643;4095;0
33647;4095;1
33651;4095;2
33654;4095;1
33658;4095;1
33662;4095;2
33665;4095;1
33669;4095;1
33673;4095;2
33676;4095;0
33680;4095;0
33684;4095;2
33687;4095;1
33691;4095;2
33695;4095;3
33698;4095;1
33702;4095;2
33705;4095;0
33709;4095;1
33713;4095;2
33716;4092;0
33720;4056;0
33724;4024;1
33727;3980;2
33731;3933;2
33735;3888;1
33738;3849;2
33742;3801;1
33746;3754;1
33749;3675;0
33753;3600;2
33756;3529;1
33760;3450;1
33764;3386;2
33767;3303;1
33771;3211;2
33775;3131;2
33778;3050;0
33782;2954;1
33786;2862;2
33789;2719;0
33793;2570;1
33797;2430;1
33800;2316;2
33804;2223;1
33808;2104;0
33811;1950;0
33815;1835;1
33818;1722;1
33822;1561;1
33826;1465;1
33829;1339;1
33833;1225;1
33837;1071;0
33840;987;2
33844;969;0
33848;952;1
33851;924;0
33855;907;0
33859;890;3
33862;878;2
33866;862;1
33870;846;2
33873;846;2
33877;855;1
33880;857;2
33884;857;1
33888;859;0
33891;858;1
33895;857;0
33899;858;0
33902;859;2
33906;857;0
33910;859;1
33913;859;1
33917;860;0
33921;859;1
33924;860;2
33928;861;1
33931;861;1
33935;860;1
33939;862;0
33942;863;0
33946;864;0
33950;863;0
33953;870;2
33957;872;0
33961;873;0
33964;873;2
33968;874;1
33972;874;1
33975;873;1
33979;874;1
33983;875;1
33986;876;0
33990;875;1
33993;876;1
33997;876;1
34001;876;1
34004;877;1
34008;875;1
34012;875;1
34015;875;0
34019;874;0
34023;875;2
34026;875;0
34030;875;1
34034;875;0
34037;876;1
34041;877;1
34044;876;0
34048;875;1
34052;876;0
34055;876;2
34059;875;0
34063;875;0
34066;876;0
34070;875;2
34074;876;1
34077;877;0
34081;875;1
34085;877;0
34088;878;0
34092;875;0
34096;876;1
34099;877;3
34103;877;0
34106;877;1
34110;878;2
34114;879;1
34117;878;1
34121;887;0
34125;887;1
34128;888;0
34132;888;0
34136;880;2
34139;888;0
34143;887;2
34147;889;2
34150;890;1
34154;891;0
34157;891;1
34161;893;0
34165;892;1
34168;893;0
34172;893;0
34176;893;2
34179;894;1
34183;894;1
34187;893;1
34190;894;0
34194;894;2
34198;895;0
34201;894;0
34205;895;0
34209;894;1
34212;894;1
34216;894;1
34219;894;0
34223;894;1
34227;895;1
34230;894;0
34234;895;2
34238;894;1
34241;894;0
34245;892;1
34249;894;0
34252;893;0
34256;894;2
34260;895;1
34263;894;0
34267;894;1
34271;894;1
34274;894;1
34278;893;2
34281;896;3
34285;894;1
34289;894;2
34292;895;1
34296;893;0
34300;894;1
34303;894;1
34307;892;1
34311;893;1
34314;895;1
34318;894;2
34322;893;0
34325;893;1
34329;893;2
34332;894;0
34336;895;0
34340;893;2
34343;896;0
34347;893;0
34351;894;1
34354;895;1
34358;894;2
34362;895;1
34365;894;0
34369;894;1
34373;890;1
34376;907;1
34380;895;8
34384;878;45
34387;876;71
34391;877;490
34394;890;1259
34398;902;1805
34402;906;2187
34405;910;2477
34409;921;2715
34413;923;2911
34416;924;3032
34420;924;3160
34424;923;3247
34427;909;3325
34431;893;3416
34435;878;3531
34438;876;3640
34442;873;3726
34445;874;3801
34449;875;3868
34453;875;3911
34456;875;3949
34460;875;3974
34464;874;3982
34467;876;4007
34471;877;4012
34475;888;4013
34478;891;4008
34482;896;3962
34486;907;4012
34489;925;4026
34493;936;4031
34497;943;4031
34500;958;4039
34504;971;4044
34507;983;4056
34511;989;4061
34515;1000;4072
34518;1015;4078
34522;1032;4092
34526;1049;4095
34529;1067;4095
34533;1084;4095
34537;1240;4095
34540;1418;4095
34544;1568;4095
34548;1709;4095
34551;1834;4095
34555;1918;4095
34558;2045;4095
34562;2135;4095
34566;2220;4095
34569;2301;4095
34573;2367;4095
34577;2439;4095
34580;2521;4095
34584;2556;4095
34588;2605;4095
34591;2683;4095
34595;2731;4095
34599;2775;4095
34602;2792;4095
34606;2823;4092
34610;2857;4088
34613;2887;4077
34617;2911;4073
34620;2935;4061
34624;2954;4055
34628;2986;4042
34631;3000;4039
34635;3019;4027
34639;3047;4012
34642;3070;3996
34646;3102;3981
34650;3132;3967
34653;3159;3951
34657;3179;3944
34661;3192;3917
34664;3224;3902
34668;3248;3884
34672;3272;3863
34675;3289;3838
34679;3306;3815
34682;3327;3788
34686;3353;3759
34690;3374;3736
34693;3388;3708
34697;3414;3687
34701;3434;3660
34704;3450;3639
34708;3464;3624
34712;3482;3597
34715;3487;3566
34719;3510;3545
34723;3517;3518
34726;3533;3487
34730;3545;3466
34733;3560;3424
34737;3577;3390
34741;3593;3368
34744;3599;3339
34748;3612;3309
34752;3626;3274
34755;3641;3244
34759;3647;3224
34763;3672;3181
34766;3679;3146
34770;3692;3113
34774;3703;3071
34777;3712;3034
34781;3724;3003
34785;3735;2958
34788;3742;2937
34792;3753;2906
34795;3766;2875
34799;3774;2841
34803;3786;2807
34806;3790;2762
34810;3805;2712
34814;3816;2687
34817;3820;2654
34821;3832;2605
34825;3837;2571
34828;3850;2536
34832;3855;2479
34836;3868;2416
34839;3881;2365
34843;3885;2312
34846;3897;2263
34850;3900;2190
34854;3902;2153
34857;3914;2077
34861;3927;2011
34865;3931;1919
34868;3934;1833
34872;3946;1662
34876;3949;1563
34879;3960;1463
34883;3964;1323
34887;3967;1227
34890;3978;1131
34894;3983;970
34898;3992;871
34901;3996;762
34905;4008;653
34908;4011;607
34912;4015;603
34916;4026;602
34919;4030;591
34923;4041;588
34927;4045;586
34930;4055;584
34934;4060;584
34938;4062;576
34941;4074;574
34945;4078;572
34949;4088;570
34952;4091;569
34956;4094;568
34959;4095;559
34963;4095;558
34967;4095;556
34970;4095;556
34974;4095;553
34978;4095;553
34981;4095;544
34985;4095;543
34989;4095;541
34992;4095;539
34996;4095;537
35000;4095;537
35003;4095;528
35007;4095;525
35011;4095;523
35014;4095;522
35018;4095;510
35021;4095;506
35025;4095;503
35029;4095;494
35032;4095;490
35036;4095;477
35040;4095;472
35043;4095;456
35047;4095;442
35051;4095;428
35054;4095;408
35058;4095;394
35062;4095;378
35065;4095;365
35069;4095;350
35073;4095;334
35076;4095;329
35080;4095;314
35083;4095;300
35087;4095;283
35091;4095;268
35094;4095;238
35098;4095;207
35102;4095;172
35105;4095;124
35109;4095;103
35113;4095;75
35116;4095;60
35120;4095;41
35124;4095;33
35127;4095;4
35131;4095;2
35134;4095;0
35138;4095;1
35142;4095;2
35145;4095;0
35149;4095;0
35153;4095;1
35156;4095;0
35160;4095;0
35164;4095;0
35167;4095;1
35171;4095;1
35175;4095;0
35178;4095;1
35182;4095;0
35186;4095;1
35189;4095;0
35193;4095;2
35196;4095;1
35200;4095;2
35204;4095;0
35207;4095;2
35211;4095;0
35215;4095;1
35218;4095;2
35222;4095;0
35226;4095;1
35229;4095;2
35233;4095;2
35237;4095;1
35240;4095;3
35244;4093;1
35247;4046;1
35251;4009;2
35255;3946;0
35258;3871;1
35262;3802;1
35266;3721;0
35269;3630;1
35273;3528;1
35277;3416;1
35280;3307;2
35284;3194;2
35288;3102;2
35291;3002;1
35295;2878;1
35299;2730;0
35302;2601;2
35306;2443;0
35309;2302;2
35313;2186;1
35317;2039;2
35320;1881;1
35324;1743;1
35328;1545;0
35331;1468;1
35335;1339;0
35339;1304;1
35342;1181;3
35346;1084;1
35350;1072;0
35353;1067;2
35357;1066;1
35361;1064;0
35364;1054;0
35368;1051;2
35371;1040;1
35375;1039;1
35379;1038;0
35382;1034;1
35386;1024;2
35390;1023;2
35393;1031;1
35397;1021;1
35401;1019;1
35404;1019;1
35408;1020;2
35412;1017;2
35415;1017;3
35419;1007;0
35422;1006;1
35426;1006;0
35430;1005;1
35433;1006;2
35437;1004;0
35441;1003;0
35444;1003;2
35448;1002;2
35452;1001;1
35455;1000;2
35459;1001;0
35463;1000;1
35466;1000;0
35470;992;2
35474;998;1
35477;992;1
35481;991;0
35484;991;2
35488;990;0
35492;990;0
35495;988;1
35499;1000;2
35503;1005;1
35506;1034;0
35510;1038;0
35514;1054;2
35517;1096;2
35521;1113;1
35525;1131;1
35528;1161;1
35532;1184;0
35535;1198;3
35539;1223;1
35543;1243;1
35546;1260;2
35550;1275;2
35554;1294;0
35557;1336;0
35561;1386;1
35565;1420;1
35568;1450;2
35572;1471;2
35576;1479;0
35579;1502;0
35583;1536;1
35587;1580;1
35590;1645;0
35594;1647;2
35597;1708;1
35601;1751;2
35605;1751;0
35608;1741;0
35612;1753;2
35616;1771;0
35619;1768;0
35623;1816;2
35627;1804;2
35630;1834;1
35634;1835;0
35638;1864;0
35641;1855;0
35645;1881;1
35648;1887;1
35652;1896;1
35656;1896;1
35659;1911;2
35663;1929;1
35667;1948;2
35670;1962;2
35674;1944;2
35678;1966;2
35681;1952;1
35685;1962;0
35689;1981;0
35692;1979;1
35696;1981;1
35700;1981;0
35703;2012;0
35707;2030;2
35710;2043;1
35714;2046;1
35718;2064;0
35721;2061;2
35725;2057;1
35729;2078;1
35732;2064;1
35736;2074;0
35740;2060;1
35743;2074;0
35747;2089;2
35751;2074;2
35754;2075;0
35758;2063;1
35762;2073;1
35765;2077;0
35769;2091;0
35772;2093;0
35776;2088;1
35780;2090;0
35783;2104;1
35787;2120;1
35791;2105;2
35794;2094;0
35798;2103;1
35802;2104;1
35805;2091;1
35809;2079;1
35813;2077;1
35816;2063;1
35820;2044;1
35823;2039;1
35827;2026;1
35831;2007;0
35834;1992;0
35838;1977;1
35842;1946;1
35845;1930;1
35849;1917;2
35853;1899;0
35856;1888;1
35860;1867;1
35864;1837;2
35867;1834;1
35871;1818;1
35875;1791;1
35878;1756;1
35882;1737;2
35885;1694;1
35889;2061;1
35893;2344;1
35896;2559;0
35900;2686;1
35904;2808;1
35907;2936;1
35911;3049;1
35915;3129;0
35918;3212;0
35922;3310;1
35926;3389;0
35929;3467;1
35933;3551;3
35936;3629;2
35940;3690;2
35944;3742;3
35947;3786;0
35951;3832;3
35955;3866;2
35958;3900;1
35962;3933;0
35966;3962;2
35969;3982;0
35973;4009;2
35977;4039;2
35980;4058;2
35984;4077;1
35988;4093;0
35991;4095;1
35995;4095;2
35998;4095;3
36002;4095;2
36006;4095;2
36009;4095;1
36013;4095;1
36017;4095;1
36020;4095;4
36024;4095;2
36028;4095;1
36031;4095;3
36035;4095;4
36039;4095;2
36042;4095;2
36046;4095;3
36049;4095;2
36053;4095;2
36057;4095;1
36060;4095;3
36064;4095;2
36068;4095;1
36071;4095;3
36075;4095;3
36079;4095;1
36082;4095;1
36086;4095;1
36090;4095;1
36093;4095;2
36097;4095;1
36101;4095;2
36104;4095;1
36108;4095;2
36111;4095;1
36115;4095;1
36119;4095;3
36122;4095;0
36126;4095;1
36130;4095;1
36133;4095;0
36137;4095;0
36141;4095;1
36144;4095;1
36148;4095;1
36152;4095;2
36155;4095;2
36159;4095;1
36163;4095;2
36166;4095;2
36170;4095;1
36173;4095;1
36177;4095;1
36181;4095;2
36184;4095;0
36188;4095;2
36192;4095;2
36195;4095;4
36199;4095;0
36203;4095;3
36206;4095;0
36210;4095;1
36214;4095;1
36217;4095;2
36221;4095;2
36224;4095;1
36228;4095;2
36232;4095;1
36235;4095;1
36239;4095;2
36243;4095;1
36246;4095;2
36250;4095;1
36254;4095;1
36257;4095;1
36261;4095;2
36265;4095;1
36268;4095;1
36272;4095;1
36276;4095;2
36279;4095;1
36283;4095;3
36286;4095;1
36290;4095;2
36294;4095;0
36297;4095;1
36301;4095;1
36305;4095;1
36308;4095;1
36312;4095;1
36316;4095;2
36319;4095;1
36323;4095;2
36327;4095;1
36330;4095;1
36334;4095;1
36337;4095;1
36341;4095;2
36345;4095;2
36348;4095;0
36352;4095;2
36356;4095;2
36359;4095;2
36363;4095;1
36367;4095;0
36370;4095;2
36374;4095;1
36378;4095;2
36381;4095;1
36385;4095;1
36389;4095;3
36392;4095;0
36396;4095;1
36399;4095;0
36403;4095;1
36407;4095;1
36410;4095;0
36414;4095;0
36418;4095;1
36421;4095;1
36425;4095;1
36429;4095;1
36432;4095;1
36436;4095;2
36440;4095;2
36443;4095;2
36447;4095;2
36450;4095;2
36454;4095;2
36458;4095;0
36461;4095;0
36465;4095;0
36469;4095;0
36472;4095;1
36476;4095;1
36480;4095;1
36483;4095;2
36487;4095;1
36491;4095;1
36494;4095;0
36498;4095;0
36502;4095;1
36505;4095;2
36509;4095;1
36512;4095;0
36516;4095;2
36520;4095;2
36523;4095;1
36527;4095;0
36531;4095;1
36534;4095;1
36538;4095;0
36542;4095;0
36545;4095;2
36549;4095;2
36553;4095;3
36556;4095;1
36560;4095;0
36564;4095;1
36567;4095;0
36571;4095;2
36574;4095;0
36578;4095;0
36582;4095;2
36585;4095;0
36589;4095;2
36593;4095;1
36596;4095;1
36600;4095;1
36604;4095;1
36607;4095;1
36611;4095;1
36615;4095;2
36618;4095;1
36622;4095;0
36625;4095;1
36629;4095;1
36633;4095;1
36636;4095;1
36640;4095;1
36644;4095;0
36647;4095;0
36651;4095;1
36655;4088;3
36658;4013;1
36662;3896;1
36666;3741;0
36669;3624;1
36673;3529;0
36677;3433;1
36680;3311;0
36684;3199;1
36687;3070;1
36691;2971;1
36695;2856;0
36698;2684;1
36702;2479;0
36706;2328;1
36709;2168;2
36713;2028;2
36717;1916;0
36720;1847;0
36724;1695;0
36728;1545;1
36731;1375;2
36735;1306;1
36738;1229;0
36742;1120;1
36746;1031;1
36749;1006;1
36753;1039;2
36757;1097;1
36760;1095;0
36764;1039;0
36768;999;0
36771;1000;0
36775;1004;0
36779;987;1
36782;941;2
36786;939;0
36790;908;0
36793;892;2
36797;886;0
36800;888;2
36804;880;2
36808;877;2
36811;875;1
36815;876;1
36819;879;0
36822;880;0
36826;904;1
36830;896;1
36833;922;1
36837;940;0
36841;954;0
36844;968;0
36848;1005;2
36851;1016;1
36855;1050;1
36859;1070;2
36862;1098;0
36866;1127;0
36870;1162;1
36873;1180;2
36877;1224;0
36881;1262;0
36884;1278;1
36888;1307;0
36892;1341;1
36895;1355;2
36899;1390;0
36903;1419;1
36906;1438;1
36910;1431;1
36913;1434;1
36917;1463;0
36921;1470;2
36924;1464;1
36928;1483;0
36932;1484;1
36935;1496;1
36939;1500;1
36943;1514;0
36946;1546;0
36950;1536;1
36954;1595;0
36957;1625;1
36961;1599;1
36965;1609;2
36968;1641;2
36972;1675;1
36975;1736;2
36979;1752;2
36983;1773;3
36986;1800;0
36990;1801;2
36994;1824;1
36997;1834;2
37001;1882;1
37005;1882;1
37008;1887;1
37012;1911;0
37016;1898;1
37019;1911;0
37023;1904;0
37026;1930;1
37030;1931;3
37034;1934;0
37037;1932;0
37041;1934;1
37045;1928;1
37048;1935;1
37052;1931;0
37056;1928;2
37059;1916;0
37063;1929;0
37067;1931;2
37070;1944;1
37074;1962;1
37078;1963;1
37081;1967;0
37085;1979;1
37088;1966;0
37092;1965;1
37096;1976;1
37099;1979;1
37103;1978;0
37107;1967;0
37110;1967;0
37114;1979;0
37118;1964;1
37121;1978;0
37125;1976;2
37129;1966;2
37132;1964;0
37136;1961;0
37139;1944;0
37143;1929;1
37147;1918;1
37150;1917;0
37154;1900;2
37158;1902;2
37161;1901;0
37165;1897;2
37169;1886;3
37172;1903;1
37176;1914;0
37180;1945;3
37183;1962;1
37187;1994;1
37191;2008;2
37194;2009;2
37198;1835;2
37201;2382;2
37205;2951;2
37209;3100;2
37212;3167;1
37216;3308;2
37220;3388;1
37223;3433;2
37227;3464;2
37231;3516;0
37234;3592;0
37238;3641;2
37242;3692;2
37245;3736;2
37249;3760;2
37252;3791;1
37256;3820;0
37260;3840;0
37263;3864;3
37267;3883;0
37271;3900;1
37274;3913;1
37278;3920;3
37282;3932;1
37285;3943;2
37289;3948;2
37293;3963;1
37296;3978;1
37300;3982;2
37304;3995;2
37307;4008;1
37311;4012;1
37314;4024;1
37318;4027;2
37322;4040;1
37325;4043;1
37329;4055;2
37333;4060;1
37336;4061;1
37340;4064;2
37344;4073;2
37347;4078;1
37351;4087;1
37355;4089;1
37358;4090;1
37362;4093;2
37366;4093;1
37369;4095;1
37373;4094;1
37376;4094;2
37380;4095;2
37384;4095;2
37387;4095;1
37391;4095;2
37395;4095;2
37398;4095;2
37402;4095;0
37406;4095;1
37409;4095;2
37413;4095;2
37417;4094;3
37420;4092;0
37424;4090;1
37427;4088;2
37431;4088;4
37435;4078;2
37438;4076;1
37442;4076;1
37446;4072;0
37449;4072;1
37453;4062;2
37457;4060;1
37460;4058;1
37464;4056;3
37468;4054;2
37471;4043;1
37475;4044;0
37479;4040;2
37482;4039;2
37486;4028;2
37489;4026;1
37493;4024;2
37497;4014;2
37500;4013;0
37504;4010;0
37508;3999;0
37511;3997;2
37515;3994;2
37519;3993;0
37522;3991;0
37526;3983;2
37530;3980;2
37533;3979;3
37537;3976;2
37540;3968;1
37544;3967;1
37548;3965;1
37551;3966;1
37555;3963;1
37559;3964;1
37562;3964;1
37566;3964;1
37570;3963;1
37573;3961;1
37577;3961;1
37581;3962;0
37584;3962;1
37588;3963;2
37592;3964;0
37595;3964;1
37599;3963;1
37602;3964;0
37606;3966;2
37610;3966;2
37613;3965;2
37617;3967;1
37621;3974;2
37624;3977;1
37628;3976;0
37632;3978;2
37635;3978;0
37639;3979;1
37643;3981;1
37646;3980;3
37650;3990;0
37653;3991;2
37657;3991;0
37661;3994;0
37664;3995;1
37668;3996;1
37672;3997;2
37675;3998;0
37679;4008;3
37683;4009;0
37686;4009;0
37690;4012;1
37694;4014;1
37697;4024;2
37701;4025;3
37705;4027;0
37708;4027;0
37712;4037;3
37715;4031;2
37719;4041;1
37723;4042;2
37726;4043;0
37730;4044;0
37734;4046;0
37737;4056;2
37741;4057;2
37745;4058;1
37748;4061;1
37752;4062;0
37756;4072;1
37759;4075;1
37763;4077;1
37767;4087;1
37770;4089;2
37774;4091;0
37777;4094;2
37781;4095;0
37785;4095;1
37788;4095;2
37792;4095;1
37796;4095;1
37799;4095;1
37803;4095;2
37807;4095;2
37810;4095;0
37814;4095;0
37818;4095;2
37821;4095;1
37825;4095;3
37828;4095;2
37832;4095;1
37836;4095;2
37839;4095;1
37843;4095;1
37847;4095;0
37850;4095;2
37854;4095;2
37858;4095;1
37861;4095;0
37865;4095;1
37869;4095;1
37872;4095;2
37876;4095;2
37880;4095;1
37883;4095;2
37887;4095;2
37890;4095;1
37894;4095;1
37898;4095;0
37901;4095;0
37905;4095;0
37909;4095;0
37912;4095;1
37916;4095;0
37920;4095;1
37923;4095;2
37927;4095;0
37931;4095;2
37934;4095;0
37938;4059;1
37941;4012;2
37945;3934;1
37949;3867;0
37952;3785;1
37956;3693;1
37960;3624;0
37963;3528;0
37967;3420;0
37971;3294;1
37974;3145;0
37978;2969;1
37982;2780;2
37985;2590;1
37989;2409;0
37993;2315;0
37996;2159;1
38000;2078;2
38003;1916;2
38007;1850;1
38011;1734;1
38014;1545;2
38018;1391;0
38022;1294;1
38025;1243;0
38029;1274;0
38033;1278;1
38036;1257;1
38040;1239;1
38044;1180;2
38047;1196;0
38051;1183;1
38055;1168;0
38058;1132;1
38062;1149;2
38065;1084;0
38069;1084;2
38073;1022;0
38076;988;0
38080;956;1
38084;923;1
38087;905;1
38091;873;1
38095;855;1
38098;811;1
38102;794;1
38106;779;1
38109;779;1
38113;776;0
38116;766;0
38120;765;0
38124;764;1
38127;767;0
38131;782;1
38135;778;1
38138;780;2
38142;779;1
38146;783;1
38149;792;1
38153;793;1
38157;793;1
38160;783;2
38164;795;0
38168;825;0
38171;826;0
38175;845;1
38178;871;0
38182;890;2
38186;952;1
38189;991;0
38193;1022;1
38197;1039;1
38200;1085;1
38204;1102;1
38208;1130;0
38211;1162;0
38215;1166;0
38219;1167;1
38222;1182;1
38226;1200;1
38230;1226;1
38233;1226;1
38237;1255;2
38240;1257;0
38244;1262;2
38248;1277;0
38251;1293;2
38255;1306;0
38259;1311;2
38262;1336;1
38266;1358;1
38270;1384;2
38273;1417;0
38277;1440;0
38281;1470;1
38284;1535;1
38288;1550;2
38291;1582;2
38295;1609;2
38299;1640;1
38302;1629;1
38306;1656;0
38310;1658;1
38313;1672;0
38317;1656;0
38321;1689;1
38324;1704;1
38328;1710;2
38332;1726;1
38335;1772;2
38339;1774;1
38342;1801;0
38346;1799;1
38350;1782;1
38353;1786;1
38357;1786;1
38361;1787;2
38364;1790;0
38368;1808;0
38372;1823;2
38375;1823;2
38379;1832;0
38383;1849;2
38386;1849;3
38390;1853;1
38394;1855;1
38397;1838;2
38401;1846;2
38404;1851;2
38408;1871;1
38412;1879;0
38415;1896;0
38419;1884;2
38423;1887;1
38426;1880;0
38430;1868;1
38434;1850;1
38437;1849;0
38441;1835;2
38445;1822;3
38448;1801;2
38452;1787;1
38456;1767;1
38459;1752;1
38463;1741;1
38466;1737;1
38470;1724;0
38474;1707;0
38477;1693;0
38481;1689;0
38485;1676;0
38488;1679;0
38492;1678;0
38496;1678;1
38499;1661;1
38503;1658;1
38507;1658;2
38510;1643;0
38514;1641;2
38517;1613;0
38521;1599;1
38525;1614;0
38528;1527;2
38532;1856;1
38536;2272;0
38539;2729;1
38543;2808;0
38547;2953;1
38550;3081;2
38554;3162;0
38558;3179;1
38561;3225;1
38565;3292;2
38569;3337;1
38572;3391;0
38576;3452;2
38579;3500;1
38583;3533;2
38587;3575;1
38590;3599;1
38594;3627;1
38598;3659;0
38601;3678;1
38605;3695;1
38609;3721;1
38612;3739;1
38616;3757;2
38620;3775;2
38623;3802;2
38627;3819;1
38630;3836;2
38634;3854;2
38638;3868;3
38641;3882;3
38645;3896;3
38649;3901;1
38652;3917;3
38656;3930;2
38660;3945;3
38663;3952;6
38667;3966;4
38671;3980;3
38674;3992;4
38678;3997;4
38682;4006;5
38685;4013;5
38689;4024;5
38692;4027;5
38696;4030;6
38700;4039;5
38703;4042;5
38707;4042;5
38711;4044;4
38714;4054;6
38718;4056;5
38722;4056;5
38725;4057;4
38729;4059;5
38733;4059;6
38736;4059;5
38740;4060;4
38743;4061;2
38747;4060;3
38751;4060;3
38754;4060;3
38758;4059;3
38762;4059;3
38765;4056;1
38769;4048;2
38773;4056;2
38776;4046;2
38780;4046;2
38784;4045;2
38787;4042;4
38791;4040;3
38795;4039;1
38798;4029;2
38802;4028;1
38805;4024;0
38809;4024;3
38813;4012;1
38816;4010;3
38820;4009;2
38824;3999;0
38827;3997;0
38831;3996;1
38835;3993;2
38838;3992;1
38842;3982;1
38846;3979;0
38849;3978;3
38853;3977;1
38857;3976;2
38860;3967;2
38864;3966;3
38867;3964;2
38871;3961;1
38875;3960;1
38878;3959;0
38882;3950;2
38886;3948;1
38889;3947;2
38893;3944;2
38897;3943;2
38900;3934;1
38904;3934;2
38908;3933;1
38911;3929;2
38915;3928;2
38918;3919;1
38922;3919;1
38926;3917;0
38929;3917;1
38933;3918;2
38937;3917;1
38940;3918;1
38944;3918;1
38948;3927;2
38951;3927;1
38955;3928;1
38959;3929;3
38962;3932;1
38966;3933;0
38970;3936;1
38973;3936;2
38977;3946;2
38980;3947;1
38984;3948;0
38988;3951;0
38991;3959;1
38995;3964;2
38999;3964;2
39002;3967;0
39006;3974;3
39010;3976;1
39013;3979;2
39017;3981;0
39021;3984;2
39024;3995;2
39028;3996;1
39031;4008;1
39035;4014;1
39039;4016;1
39042;4026;1
39046;4028;0
39050;4040;0
39053;4043;1
39057;4046;2
39061;4056;1
39064;4058;2
39068;4061;2
39072;4071;1
39075;4075;1
39079;4076;0
39083;4078;0
39086;4089;1
39090;4091;2
39093;4093;3
39097;4093;2
39101;4095;1
39104;4095;2
39108;4095;0
39112;4095;2
39115;4095;1
39119;4095;1
39123;4095;1
39126;4095;1
39130;4095;0
39134;4095;0
39137;4095;1
39141;4095;1
39144;4095;1
39148;4095;1
39152;4095;0
39155;4095;2
39159;4095;1
39163;4095;1
39166;4095;0
39170;4095;2
39174;4095;1
39177;4095;1
39181;4095;0
39185;4095;1
39188;4095;0
39192;4095;2
39196;4095;1
39199;4095;2
39203;4095;2
39206;4095;1
39210;4095;2
39214;4095;1
39217;4095;3
39221;4095;3
39225;4093;2
39228;4079;1
39232;4072;1
39236;4044;1
39239;4026;0
39243;3995;0
39247;3964;1
39250;3919;1
39254;3871;1
39258;3803;2
39261;3738;0
39265;3642;1
39268;3531;2
39272;3435;2
39276;3336;1
39279;3243;3
39283;3088;1
39287;2953;2
39290;2841;1
39294;2699;0
39298;2506;0
39301;2280;0
39305;2111;0
39309;1961;0
39312;1862;1
39316;1719;1
39319;1592;0
39323;1469;2
39327;1295;1
39330;1196;0
39334;1115;0
39338;1081;1
39341;938;1
39345;829;0
39349;778;0
39352;824;1
39356;895;1
39360;891;0
39363;860;2
39367;798;1
39371;780;0
39374;765;1
39378;762;1
39381;749;2
39385;686;1
39389;666;1
39392;666;0
39396;665;0
39400;666;0
39403;664;1
39407;664;0
39411;664;0
39414;664;0
39418;665;1
39422;667;1
39425;667;0
39429;669;2
39432;669;1
39436;670;2
39440;668;2
39443;669;1
39447;669;2
39451;680;2
39454;683;1
39458;698;2
39462;713;1
39465;716;0
39469;731;1
39473;743;0
39476;752;1
39480;797;1
39484;842;1
39487;858;1
39491;888;1
39494;903;2
39498;919;1
39502;939;1
39505;951;0
39509;967;2
39513;987;0
39516;1016;0
39520;1050;0
39524;1064;1
39527;1081;1
39531;1099;0
39535;1114;0
39538;1130;2
39542;1148;1
39545;1191;1
39549;1210;1
39553;1211;1
39556;1228;1
39560;1246;1
39564;1272;1
39567;1310;0
39571;1324;1
39575;1367;0
39578;1418;1
39582;1436;1
39586;1452;1
39589;1456;1
39593;1452;2
39597;1466;1
39600;1487;2
39604;1516;2
39607;1502;2
39611;1516;2
39615;1533;0
39618;1568;0
39622;1613;0
39626;1630;1
39629;1662;2
39633;1690;1
39637;1742;0
39640;1755;0
39644;1754;0
39648;1772;1
39651;1806;2
39655;1790;1
39659;1800;2
39662;1835;1
39666;1832;1
39669;1879;1
39673;1885;1
39677;1880;1
39680;1898;2
39684;1880;0
39688;1880;1
39691;1882;1
39695;1897;1
39699;1895;1
39702;1895;1
39706;1900;1
39710;1903;0
39713;1913;1
39717;1918;0
39720;1932;0
39724;1930;0
39728;1959;2
39731;1963;0
39735;1975;1
39739;1967;1
39742;1983;0
39746;1982;0
39750;1961;0
39753;1962;1
39757;1962;1
39761;1967;0
39764;1960;0
39768;1931;2
39772;1918;0
39775;1885;1
39779;1866;0
39782;1815;2
39786;1788;0
39790;1743;1
39793;1720;1
39797;1693;1
39801;1656;0
39804;1629;1
39808;1615;0
39812;1608;1
39815;1625;2
39819;1641;2
39823;1672;1
39826;1709;2
39830;1739;1
39833;1759;0
39837;1768;1
39841;2507;0
39844;2895;0
39848;3097;1
39852;3211;1
39855;3419;1
39859;3560;1
39863;3612;1
39866;3660;1
39870;3738;2
39874;3786;2
39877;3839;2
39881;3886;0
39885;3931;2
39888;3966;1
39892;3997;3
39895;4026;1
39899;4043;1
39903;4058;0
39906;4074;1
39910;4089;1
39914;4095;1
39917;4095;2
39921;4095;2
39925;4095;2
39928;4095;1
39932;4095;0
39936;4095;0
39939;4095;2
39943;4095;0
39947;4095;0
39950;4095;1
39954;4095;1
39957;4095;0
39961;4095;2
39965;4095;1
39968;4095;1
39972;4095;0
39976;4095;2
39979;4095;2
39983;4095;2
39987;4095;0
39990;4095;2
39994;4095;1
39998;4095;1
40001;4095;1
40005;4095;1
40008;4095;2
40012;4095;2
40016;4095;2
40019;4095;0
40023;4095;2
40027;4095;3
40030;4095;1
40034;4095;0
40038;4095;1
40041;4095;0
40045;4095;2
40049;4095;2
40052;4095;3
40056;4095;1
40060;4095;2
40063;4095;2
40067;4095;1
40070;4095;2
40074;4095;2
40078;4095;2
40081;4095;2
40085;4095;2
40089;4095;1
40092;4095;1
40096;4095;3
40100;4095;1
40103;4095;0
40107;4095;1
40111;4095;1
40114;4095;1
40118;4095;1
40121;4095;2
40125;4095;2
40129;4095;2
40132;4095;0
40136;4095;2
40140;4095;1
40143;4095;2
40147;4095;1
40151;4095;1
40154;4095;1
40158;4095;1
40162;4095;1
40165;4095;1
40169;4095;0
40173;4095;1
40176;4095;2
40180;4095;2
40183;4095;1
40187;4095;2
40191;4095;1
40194;4095;0
40198;4095;2
40202;4095;0
40205;4095;1
40209;4093;1
40213;4093;2
40216;4091;2
40220;4089;0
40224;4090;1
40227;4079;1
40231;4086;2
40234;4078;0
40238;4077;2
40242;4077;2
40245;4075;1
40249;4073;0
40253;4075;2
40256;4073;2
40260;4072;2
40264;4072;1
40267;4063;2
40271;4064;2
40275;4061;1
40278;4060;1
40282;4061;2
40286;4059;2
40289;4061;2
40293;4060;0
40296;4059;1
40300;4061;0
40304;4060;1
40307;4061;2
40311;4062;2
40315;4063;2
40318;4062;2
40322;4062;3
40326;4072;1
40329;4072;2
40333;4071;2
40337;4074;2
40340;4073;1
40344;4075;0
40348;4075;0
40351;4075;0
40355;4078;1
40358;4079;2
40362;4078;1
40366;4087;1
40369;4089;1
40373;4090;1
40377;4092;2
40380;4092;1
40384;4092;0
40388;4095;2
40391;4095;0
40395;4095;2
40399;4095;0
40402;4095;1
40406;4095;2
40409;4095;1
40413;4095;3
40417;4095;0
40420;4095;0
40424;4095;2
40428;4095;1
40431;4095;3
40435;4095;1
40439;4095;2
40442;4095;1
40446;4095;1
40450;4095;1
40453;4095;2
40457;4095;1
40461;4095;2
40464;4095;2
40468;4095;2
40471;4095;1
40475;4095;1
40479;4095;2
40482;4095;1
40486;4095;1
40490;4095;2
40493;4095;1
40497;4095;2
40501;4095;2
40504;4095;2
40508;4095;0
40512;4095;0
40515;4095;0
40519;4095;0
40522;4095;0
40526;4095;2
40530;4095;0
40533;4095;0
40537;4095;1
40541;4095;3
40544;4094;0
40548;4074;4
40552;4040;0
40555;3994;1
40559;3928;1
40563;3850;0
40566;3756;0
40570;3645;2
40574;3518;1
40577;3372;0
40581;3143;2
40584;2927;2
40588;2728;1
40592;2521;1
40595;2344;0
40599;2187;0
40603;2057;1
40606;2014;1
40610;1959;0
40614;1882;3
40617;1821;1
40621;1789;0
40625;1688;2
40628;1613;0
40632;1480;1
40635;1406;1
40639;1466;0
40643;1496;0
40646;1453;0
40650;1417;1
40654;1368;1
40657;1327;0
40661;1310;1
40665;1293;1
40668;1209;1
40672;1229;0
40676;1184;1
40679;1160;1
40683;1118;0
40687;1116;1
40690;1085;1
40694;1087;0
40697;1101;1
40701;1104;0
40705;1038;0
40708;1008;1
40712;1016;0
40716;1020;1
40719;1000;0
40723;967;0
40727;960;2
40730;967;1
40734;975;0
40738;1001;1
40741;1005;0
40745;1008;1
40749;1007;1
40752;1051;0
40756;1049;1
40759;1054;2
40763;1066;2
40767;1085;0
40770;1100;2
40774;1097;2
40778;1087;1
40781;1098;0
40785;1100;1
40789;1116;2
40792;1116;1
40796;1128;2
40800;1119;1
40803;1147;1
40807;1144;1
40810;1148;2
40814;1168;0
40818;1180;0
40821;1199;1
40825;1211;1
40829;1215;0
40832;1240;1
40836;1255;0
40840;1261;1
40843;1273;0
40847;1261;1
40851;1240;2
40854;1257;0
40858;1245;1
40862;1255;2
40865;1272;2
40869;1292;2
40872;1308;1
40876;1352;0
40880;1374;0
40883;1400;2
40887;1434;1
40891;1448;3
40894;1448;0
40898;1499;2
40902;1519;1
40905;1531;0
40909;1532;0
40913;1560;1
40916;1564;0
40920;1579;0
40923;1611;1
40927;1609;1
40931;1626;1
40934;1644;1
40938;1660;0
40942;1692;2
40945;1708;2
40949;1721;1
40953;1709;1
40956;1708;1
40960;1718;0
40964;1721;1
40967;1710;1
40971;1720;0
40975;1738;1
40978;1743;0
40982;1754;0
40985;1755;2
40989;1756;2
40993;1768;0
40996;1771;0
41000;1772;1
41004;1772;1
41007;1770;0
41011;1758;0
41015;1743;1
41018;1737;1
41022;1726;1
41026;1721;1
41029;1726;0
41033;1739;1
41036;1724;0
41040;1721;2
41044;1719;0
41047;1707;2
41051;1688;2
41055;1658;0
41058;1642;1
41062;1629;1
41066;1611;0
41069;1579;1
41073;1549;0
41077;1560;0
41080;1550;0
41084;1550;2
41088;1532;0
41091;1527;0
41095;1504;0
41098;1496;1
41102;1480;1
41106;1454;1
41109;1433;1
41113;1431;0
41117;1404;2
41120;1374;3
41124;1352;2
41128;1310;2
41131;1306;0
41135;1305;1
41139;1319;0
41142;1355;1
41146;1371;0
41150;1468;1
41153;2423;1
41157;2669;1
41160;2778;2
41164;2968;0
41168;3164;1
41171;3274;0
41175;3325;1
41179;3385;2
41182;3448;2
41186;3515;1
41190;3578;0
41193;3643;0
41197;3690;0
41201;3740;1
41204;3774;1
41208;3819;2
41211;3852;0
41215;3885;2
41219;3912;1
41222;3944;3
41226;3960;0
41230;3982;1
41233;3999;1
41237;4025;1
41241;4042;3
41244;4060;1
41248;4077;1
41252;4089;2
41255;4095;1
41259;4095;1
41263;4095;2
41266;4095;2
41270;4095;1
41273;4095;2
41277;4095;2
41281;4095;1
41284;4095;2
41288;4095;2
41292;4095;2
41295;4095;1
41299;4095;2
41303;4095;2
41306;4095;2
41310;4095;1
41314;4095;2
41317;4095;1
41321;4095;3
41324;4095;2
41328;4095;3
41332;4095;2
41335;4095;2
41339;4095;3
41343;4095;1
41346;4095;2
41350;4095;1
41354;4095;3
41357;4095;2
41361;4095;2
41365;4095;1
41368;4095;1
41372;4095;1
41376;4095;2
41379;4095;2
41383;4095;1
41386;4095;1
41390;4095;0
41394;4095;2
41397;4095;2
41401;4095;3
41405;4095;2
41408;4095;1
41412;4095;3
41416;4095;2
41419;4095;2
41423;4095;0
41427;4095;2
41430;4095;2
41434;4095;2
41437;4095;1
41441;4095;1
41445;4095;1
41448;4095;3
41452;4095;2
41456;4095;0
41459;4095;1
41463;4095;0
41467;4095;0
41470;4095;0
41474;4095;2
41478;4095;0
41481;4095;2
41485;4095;2
41489;4095;1
41492;4095;1
41496;4095;1
41499;4095;0
41503;4095;1
41507;4095;2
41510;4095;1
41514;4095;2
41518;4095;1
41521;4095;0
41525;4095;1
41529;4095;1
41532;4095;0
41536;4095;0
41540;4095;1
41543;4095;2
41547;4095;1
41551;4095;1
41554;4095;2
41558;4095;2
41561;4095;0
41565;4095;1
41569;4095;1
41572;4095;1
41576;4095;1
41580;4095;1
41583;4095;1
41587;4095;2
41591;4095;0
41594;4095;1
41598;4095;0
41602;4095;2
41605;4095;0
41609;4095;2
41612;4095;0
41616;4095;1
41620;4095;2
41623;4095;2
41627;4095;0
41631;4095;0
41634;4095;2
41638;4095;2
41642;4095;0
41645;4095;1
41649;4095;2
41653;4095;2
41656;4095;2
41660;4095;1
41664;4095;2
41667;4095;1
41671;4095;2
41674;4095;2
41678;4095;2
41682;4095;1
41685;4095;2
41689;4095;0
41693;4095;0
41696;4095;0
41700;4095;1
41704;4095;2
41707;4095;0
41711;4095;1
41715;4095;2
41718;4095;1
41722;4095;2
41725;4095;0
41729;4095;3
41733;4095;1
41736;4095;0
41740;4095;1
41744;4095;2
41747;4095;1
41751;4095;2
41755;4095;2
41758;4095;1
41762;4095;1
41766;4095;0
41769;4095;0
