timestamp;fsr1;fsr2
5133;54;0
5136;58;0
5140;56;1
5144;55;4
5147;45;0
5151;44;0
5154;55;0
5158;48;0
5161;46;0
5165;45;1
5168;46;0
5172;46;0
5176;57;1
5179;57;0
5183;47;0
5186;42;0
5190;45;0
5193;47;2
5197;59;2
5200;56;0
5204;57;1
5208;55;0
5211;42;0
5215;56;1
5218;56;2
5222;55;1
5225;45;2
5229;44;3
5232;46;0
5236;59;3
5240;56;2
5243;48;2
5247;46;0
5250;44;0
5254;55;0
5257;58;0
5261;56;0
5265;45;0
5268;44;4
5272;48;1
5275;56;0
5279;57;1
5282;56;0
5286;45;3
5289;44;1
5293;46;2
5297;55;0
5300;58;1
5304;55;2
5307;44;2
5311;46;0
5314;57;0
5321;56;1
5321;57;0
5325;46;2
5329;56;0
5332;55;0
5336;57;0
5339;57;3
5343;56;0
5346;43;1
5350;46;0
5353;56;0
5357;58;1
5361;56;0
5364;46;0
5368;47;0
5371;44;0
5375;56;0
5378;57;0
5382;56;1
5386;46;1
5389;42;3
5393;56;0
5396;57;0
5400;56;0
5403;54;2
5407;44;1
5410;43;2
5414;46;1
5418;56;3
5421;57;0
5425;46;2
5428;47;0
5432;47;0
5435;56;2
5439;56;0
5442;48;0
5446;43;1
5450;55;1
5453;55;1
5457;58;1
5460;57;1
5464;46;2
5467;47;2
5471;45;1
5474;56;0
5478;46;0
5482;56;0
5485;46;0
5489;47;0
5492;54;0
5496;57;2
5502;57;0
5503;55;0
5507;48;0
5510;44;1
5514;56;2
5517;57;0
5521;56;0
5524;46;0
5528;44;0
5531;55;1
5535;56;0
5539;56;0
5542;44;0
5546;45;1
5549;45;1
5553;57;1
5556;48;3
5560;58;0
5563;47;0
5567;43;0
5571;46;0
5574;57;2
5578;57;1
5581;58;2
5585;47;1
5588;45;0
5592;55;3
5595;59;1
5599;57;0
5603;45;0
5606;45;0
5610;44;2
5613;47;0
5617;56;0
5620;57;0
5624;54;0
5628;53;1
5631;46;2
5635;57;1
5638;57;0
5642;56;1
5645;46;2
5649;44;4
5652;55;1
5656;56;0
5660;58;1
5663;55;0
5667;45;2
5670;45;1
5674;55;2
5677;55;1
5683;56;0
5684;54;2
5688;46;0
5692;47;0
5695;55;0
5699;60;1
5702;44;1
5706;45;1
5709;44;1
5713;55;1
5716;59;2
5720;56;0
5724;47;1
5727;43;1
5731;47;0
5734;46;0
5738;56;1
5741;57;0
5745;47;1
5748;45;0
5752;44;1
5756;56;1
5759;56;0
5763;45;3
5766;46;2
5770;43;0
5773;47;0
5777;58;2
5781;56;2
5784;55;0
5788;43;1
5791;54;1
5795;57;1
5798;57;1
5802;47;0
5805;45;1
5809;45;1
5813;46;2
5816;54;0
5820;58;0
5823;55;1
5827;46;1
5830;45;0
5834;47;0
5837;55;1
5841;56;3
5845;45;0
5848;45;2
5852;46;0
5855;56;2
5859;56;0
5865;48;0
5866;46;1
5869;45;0
5873;54;1
5877;56;5
5880;57;0
5884;55;0
5887;47;1
5891;45;0
5894;56;0
5898;54;3
5902;47;2
5905;47;0
5909;43;0
5912;45;1
5916;59;2
5919;57;0
5923;55;0
5926;54;0
5930;45;2
5934;54;0
5937;56;0
5941;57;1
5944;54;0
5948;46;1
5951;45;2
5955;48;0
5958;56;2
5962;55;1
5966;45;1
5969;47;0
5973;55;0
5976;59;0
5980;56;1
5983;58;1
5987;47;3
5990;47;1
5994;47;1
5998;59;0
6001;56;0
6005;46;0
6008;53;0
6012;46;2
6015;57;0
6019;56;1
6023;57;1
6026;48;0
6030;55;0
6033;56;2
6037;56;2
6040;47;2
6044;56;1
6051;46;2
6051;46;0
6055;58;0
6058;58;2
6062;56;1
6065;46;0
6069;44;1
6072;56;1
6076;56;1
6079;57;0
6083;47;1
6087;56;1
6090;44;0
6094;48;1
6097;56;0
6101;55;1
6104;55;1
6108;44;0
6111;46;2
6115;56;0
6119;55;0
6122;55;1
6126;46;0
6129;46;1
6133;47;0
6136;56;0
6140;56;1
6144;46;0
6147;45;1
6151;55;0
6154;57;1
6158;56;2
6161;56;0
6165;45;0
6168;55;0
6172;47;1
6176;56;2
6179;56;0
6183;48;1
6186;56;0
6190;55;0
6193;48;0
6197;59;0
6200;57;4
6204;55;0
6208;46;0
6211;45;1
6215;47;2
6218;56;0
6222;56;0
6225;47;0
6231;48;2
6232;56;2
6236;56;0
6240;56;1
6243;46;2
6247;47;0
6250;47;2
6254;47;1
6257;48;0
6261;58;2
6265;56;1
6268;46;0
6272;47;0
6275;59;0
6279;48;0
6282;47;1
6286;55;0
6289;47;0
6293;48;0
6297;57;1
6300;48;3
6304;55;0
6307;45;0
6311;45;0
6314;48;0
6318;56;0
6321;56;0
6325;56;2
6329;46;1
6332;46;2
6336;54;0
6339;58;2
6343;45;0
6346;55;0
6350;46;1
6353;47;1
6357;56;0
6361;55;0
6364;55;0
6368;46;1
6371;47;0
6375;48;3
6378;56;3
6382;56;2
6386;47;2
6389;45;0
6393;56;1
6396;55;2
6400;57;0
6403;56;1
6407;47;1
6413;46;0
6414;55;1
6418;58;2
6421;57;0
6425;56;1
6428;56;0
6432;55;3
6435;56;0
6439;57;0
6442;47;2
6446;47;1
6450;47;1
6453;55;2
6457;56;0
6460;57;2
6464;55;0
6467;47;1
6471;46;0
6474;54;0
6478;56;2
6482;56;0
6485;47;1
6489;45;1
6492;44;1
6496;57;2
6499;56;2
6503;47;2
6506;44;0
6510;47;2
6514;47;0
6517;59;0
6521;46;2
6524;47;1
6528;48;0
6531;56;0
6535;57;0
6539;57;1
6542;55;1
6546;47;2
6549;54;1
6553;54;0
6556;55;0
6560;56;0
6563;55;2
6567;55;3
6571;44;0
6574;46;0
6578;48;1
6581;48;1
6585;57;0
6588;46;0
6594;53;0
6595;47;0
6599;54;0
6603;48;0
6606;45;1
6610;46;0
6613;56;3
6617;56;0
6620;56;1
6624;54;3
6627;45;0
6631;47;0
6635;48;0
6638;55;1
6642;56;2
6645;55;1
6649;46;1
6652;48;0
6656;58;2
6660;55;0
6663;47;0
6667;55;1
6670;48;0
6674;57;1
6677;57;1
6681;55;1
6684;47;0
6688;47;2
6692;46;2
6695;56;1
6699;47;1
6702;57;0
6706;45;0
6709;46;0
6713;56;0
6716;56;0
6720;57;2
6724;55;4
6727;46;0
6731;56;3
6734;57;1
6738;48;0
6741;57;2
6745;46;0
6748;46;1
6752;52;1
6756;59;3
6759;55;0
6763;47;1
6766;43;0
6770;46;0
6776;57;0
6777;57;0
6781;46;2
6784;46;1
6788;46;0
6791;45;0
6795;54;1
6798;57;1
6802;47;1
6805;45;1
6809;46;0
6813;46;1
6816;58;0
6820;55;0
6823;55;3
6827;44;1
6830;54;0
6834;53;0
6837;56;1
6841;55;2
6845;55;2
6848;45;3
6852;45;0
6855;57;0
6859;56;0
6862;56;0
6866;47;2
6869;48;1
6873;47;0
6877;54;0
6880;55;0
6884;46;0
6887;46;0
6891;55;0
6894;54;1
6898;54;0
6902;57;0
6905;46;1
6909;56;0
6912;45;0
6916;57;0
6919;55;2
6923;56;1
6926;57;0
6930;56;1
6934;56;1
6937;47;0
6941;55;2
6944;46;0
6948;47;1
6951;55;1
6955;55;2
6961;48;3
6962;47;0
6966;47;1
6969;56;1
6973;44;1
6976;56;0
6980;57;0
6983;44;0
6987;44;1
6990;44;0
6994;47;0
6998;54;1
7001;56;0
7005;54;2
7008;46;0
7012;46;0
7015;46;2
7019;58;0
7023;47;0
7026;54;3
7030;47;0
7033;54;0
7037;46;0
7040;46;3
7044;57;0
7047;48;1
7051;55;1
7055;47;1
7058;47;3
7062;56;0
7065;57;3
7069;46;0
7072;56;1
7076;56;0
7079;56;3
7083;55;0
7087;47;3
7090;46;2
7094;48;1
7097;54;0
7101;48;0
7104;47;0
7108;46;0
7111;46;0
7115;58;0
7119;56;2
7122;57;1
7126;56;1
7129;55;3
7133;46;0
7136;57;0
7142;48;1
7144;54;2
7147;55;0
7151;55;0
7154;55;0
7158;56;2
7161;55;0
7165;56;0
7168;45;3
7172;54;0
7176;57;0
7179;55;1
7183;55;1
7186;47;0
7190;48;0
7193;47;0
7197;56;1
7200;56;1
7204;56;2
7208;47;0
7211;55;1
7215;56;0
7218;55;2
7222;55;1
7225;56;0
7229;46;1
7232;58;1
7236;48;1
7240;48;0
7243;55;2
7247;57;0
7250;46;0
7254;45;0
7257;58;0
7261;55;0
7264;46;2
7268;46;1
7272;46;0
7275;55;2
7279;55;0
7282;57;0
7286;54;1
7289;55;0
7293;55;0
7297;56;0
7300;48;1
7304;57;0
7307;45;1
7311;55;0
7314;47;0
7318;58;0
7324;48;1
7325;48;0
7329;54;1
7332;56;0
7336;56;0
7339;56;2
7343;47;3
7346;47;5
7350;57;0
7353;46;0
7357;55;2
7361;57;0
7364;57;3
7368;45;1
7371;56;2
7375;55;0
7378;48;0
7382;46;2
7385;46;1
7389;47;0
7393;56;2
7396;47;0
7400;48;22
7403;56;333
7407;56;698
7410;48;1051
7414;55;1447
7418;59;1740
7421;55;1994
7425;46;2192
7428;57;2366
7432;57;2503
7435;58;2617
7439;54;2718
7442;57;2813
7446;47;2921
7450;56;3004
7453;56;3065
7457;47;3135
7460;48;3194
7464;47;3274
7467;52;3339
7471;56;3389
7474;58;3448
7478;59;3498
7484;57;3592
7485;56;3598
7489;57;3642
7492;59;3675
7496;57;3712
7499;48;3738
7503;57;3759
7506;47;3786
7510;55;3804
7514;56;3818
7517;46;3833
7521;58;3849
7524;59;3854
7528;59;3866
7531;57;3879
7535;60;3882
7539;58;3888
7542;61;3910
7546;59;3914
7549;59;3928
7553;58;3929
7556;58;3942
7560;57;3933
7563;58;3945
7567;58;3951
7571;61;3965
7574;59;3979
7578;61;3991
7581;73;3993
7585;70;3999
7588;61;4007
7592;62;4014
7595;58;4030
7599;61;4044
7603;61;4048
7606;60;4060
7610;71;4074
7613;62;4091
7617;62;4095
7623;63;4095
7624;63;4095
7627;73;4095
7631;63;4095
7635;60;4095
7638;74;4095
7642;63;4095
7645;75;4095
7649;74;4095
7652;74;4095
7656;75;4095
7660;75;4095
7663;74;4095
7667;73;4095
7670;219;4095
7674;569;4095
7677;832;4095
7681;1036;4095
7684;1181;4095
7688;1341;4095
7692;1467;4095
7695;1582;4095
7699;1662;4095
7702;1736;4095
7706;1818;4095
7709;1901;4095
7713;1983;4095
7716;2046;4095
7720;2107;4095
7724;2169;4095
7727;2207;4095
7731;2265;4095
7734;2313;4095
7738;2365;4079
7741;2393;4072
7745;2425;4060
7751;2476;4041
7752;2491;4042
7756;2522;4030
7759;2554;4016
7763;2575;3996
7766;2602;3994
7770;2632;3984
7773;2647;3978
7777;2666;3965
7780;2688;3962
7784;2701;3952
7788;2730;3947
7791;2735;3932
7795;2761;3919
7798;2779;3919
7802;2782;3919
7805;2809;3912
7809;2823;3902
7813;2844;3899
7816;2858;3885
7820;2863;3884
7823;2877;3880
7827;2888;3869
7830;2892;3866
7834;2907;3856
7837;2924;3850
7841;2938;3850
7845;2954;3852
7848;2968;3850
7852;2968;3849
7855;2987;3838
7859;2989;3838
7862;3007;3834
7866;3031;3835
7869;3035;3833
7875;3054;3837
7877;3068;3823
7880;3081;3823
7884;3103;3819
7887;3118;3819
7891;3132;3835
7894;3129;3822
7898;3146;3823
7901;3161;3823
7905;3178;3823
7909;3178;3824
7912;3196;3836
7916;3198;3833
7919;3214;3830
7923;3214;3832
7926;3230;3831
7930;3240;3837
7934;3260;3837
7937;3271;3836
7941;3273;3839
7944;3291;3849
7948;3305;3848
7951;3307;3837
7955;3324;3837
7958;3327;3838
7962;3336;3836
7966;3354;3837
7969;3355;3838
7973;3372;3837
7976;3388;3838
7980;3390;3848
7983;3418;3838
7987;3417;3832
7990;3419;3838
7996;3433;3837
7998;3454;3833
8001;3455;3831
8005;3469;3833
8008;3485;3822
8012;3498;3840
8015;3515;3837
8019;3519;3833
8022;3533;3848
8026;3549;3832
8030;3550;3819
8033;3564;3834
8037;3559;3838
8040;3568;3850
8044;3579;3851
8047;3580;3851
8051;3595;3851
8055;3597;3852
8058;3599;3880
8062;3611;3865
8065;3626;3865
8069;3625;3869
8072;3627;3869
8076;3640;3869
8079;3643;3868
8083;3646;3870
8087;3647;3868
8090;3674;3870
8094;3659;3880
8097;3673;3867
8101;3672;3867
8104;3678;3866
8108;3690;3872
8111;3679;3852
8117;3704;3853
8119;3710;3864
8122;3709;3852
8126;3725;3855
8129;3712;3851
8133;3722;3850
8136;3740;3836
8140;3757;3822
8143;3753;3836
8147;3752;3820
8151;3768;3819
8154;3770;3801
8158;3771;3789
8161;3788;3789
8165;3790;3783
8168;3800;3759
8172;3800;3755
8176;3801;3736
8179;3806;3707
8183;3806;3706
8186;3821;3679
8190;3834;3677
8193;3821;3645
8197;3852;3627
8200;3834;3614
8204;3837;3592
8208;3836;3566
8211;3835;3550
8215;3836;3533
8218;3823;3512
8222;3833;3483
8225;3835;3446
8229;3833;3416
8232;3847;3371
8238;3832;3295
8240;3847;3288
8243;3833;3227
8247;3837;3179
8250;3851;3129
8254;3835;3064
8257;3848;2985
8261;3849;2893
8264;3854;2778
8268;3866;2668
8272;3871;2540
8275;3869;2409
8279;3880;2238
8282;3882;2056
8286;3900;1804
8289;3903;1485
8293;3931;1034
8297;3934;697
8300;3960;174
8304;3964;10
8307;3967;8
8311;3993;5
8314;3984;3
8318;4008;5
8321;4014;3
8325;3997;1
8329;4011;0
8332;4014;1
8336;4031;3
8339;4029;0
8343;4043;0
8346;4039;0
8350;4030;2
8353;4024;0
8357;4008;0
8361;3998;3
8364;3978;1
8368;3959;1
8374;3898;0
8375;3871;0
8378;3805;7
8382;3743;3
8385;3660;0
8389;3597;0
8393;3528;3
8396;3464;3
8400;3390;3
8403;3323;5
8407;3247;2
8410;3150;0
8414;3065;2
8418;2973;0
8421;2888;1
8425;2796;1
8428;2685;0
8432;2618;3
8435;2494;0
8439;2411;3
8442;2335;4
8446;2268;0
8450;2199;0
8453;2106;0
8457;2024;2
8460;1918;0
8464;1835;3
8467;1725;1
8471;1613;2
8474;1480;4
8478;1404;3
8482;1386;0
8485;1355;3
8489;1295;3
8492;1226;4
8496;1162;1
8499;1129;3
8503;1065;3
8506;1008;3
8510;957;1
8514;911;0
8517;875;2
8521;813;0
8527;744;0
8528;730;3
8531;662;1
8535;621;0
8538;538;0
8542;474;3
8546;392;0
8549;352;0
8553;298;4
8556;237;0
8560;216;0
8563;158;1
8567;144;0
8571;109;0
8574;70;0
8578;64;1
8581;61;2
8585;58;1
8588;72;2
8592;73;1
8595;63;1
8599;63;2
8603;62;3
8606;62;1
8610;60;0
8613;61;3
8617;57;1
8620;72;1
8624;62;0
8627;60;0
8631;60;0
8635;61;4
8638;60;1
8642;61;0
8645;60;1
8649;62;1
8652;60;0
8656;64;1
8659;61;1
8663;60;1
8667;62;2
8670;60;0
8674;59;0
8677;59;2
8681;63;3
8684;57;1
8688;58;0
8692;59;0
8695;62;0
8699;62;0
8705;70;2
8706;60;0
8709;61;2
8713;59;3
8716;62;0
8720;59;2
8724;60;2
8727;59;1
8731;59;1
8734;63;0
8738;62;1
8741;63;1
8745;59;1
8748;60;1
8752;59;0
8756;59;2
8759;58;0
8763;58;1
8766;62;0
8770;62;3
8773;58;2
8777;60;0
8780;60;0
8784;60;0
8788;60;1
8791;61;0
8795;60;3
8798;59;0
8802;61;2
8805;61;0
8809;59;1
8813;58;2
8816;60;2
8820;61;2
8823;59;0
8827;58;2
8830;57;0
8834;61;1
8837;60;0
8841;63;3
8845;59;0
8848;59;1
8852;58;0
8855;60;1
8859;60;1
8862;58;0
8866;59;2
8869;57;1
8873;57;1
8877;59;0
8880;56;2
8886;59;2
8887;58;1
8891;56;3
8894;59;0
8898;59;1
8901;57;1
8905;57;1
8909;58;0
8912;58;0
8916;61;1
8919;59;0
8923;58;0
8926;58;3
8930;58;1
8934;58;2
8937;59;1
8941;61;0
8944;59;0
8948;58;1
8951;58;0
8955;58;0
8958;59;0
8962;60;2
8966;58;2
8969;56;0
8973;57;0
8976;60;1
8980;58;3
8983;58;1
8987;58;2
8990;56;1
8994;57;0
8998;56;0
9001;60;2
9005;57;0
9008;58;0
9012;58;0
9015;56;2
9019;60;0
9022;59;1
9026;60;0
9030;56;3
9033;59;0
9037;62;1
9040;60;1
9044;58;2
9047;47;1
9051;56;0
9055;58;0
9058;59;0
9062;60;1
9068;57;0
9069;58;1
9072;60;0
9076;56;1
9079;59;0
9083;58;1
9087;59;0
9090;58;2
9094;55;3
9097;57;2
9101;62;1
9104;57;265
9108;59;874
9111;56;1436
9115;60;1855
9119;54;2202
9122;57;2478
9126;56;2669
9129;57;2845
9133;56;2974
9136;54;3083
9140;57;3180
9143;56;3258
9147;47;3340
9151;59;3407
9154;56;3468
9158;58;3532
9161;59;3596
9165;57;3672
9168;56;3739
9172;60;3787
9175;57;3831
9179;61;3878
9183;56;3898
9186;57;3918
9190;56;3943
9193;56;3964
9197;60;3978
9200;57;3991
9204;48;3994
9208;48;4010
9211;57;4013
9217;46;4024
9218;60;4026
9222;59;4039
9225;59;4040
9229;59;4043
9232;61;4045
9236;61;4062
9240;58;4062
9243;61;4062
9247;58;4074
9250;62;4078
9254;63;4088
9257;63;4091
9261;61;4095
9264;59;4095
9268;60;4095
9272;61;4095
9275;62;4095
9279;72;4095
9282;70;4095
9286;72;4095
9289;62;4095
9293;72;4095
9296;74;4095
9300;64;4095
9304;79;4095
9307;73;4095
9311;250;4095
9314;553;4095
9318;777;4095
9321;990;4095
9325;1150;4095
9329;1291;4095
9332;1401;4095
9336;1531;4095
9339;1595;4095
9343;1659;4095
9346;1755;4092
9352;1883;4080
9353;1900;4088
9357;1991;4074
9361;2064;4061
9364;2125;4047
9368;2174;4045
9371;2264;4027
9375;2331;4023
9378;2413;4009
9382;2491;3991
9385;2525;3977
9389;2556;3952
9393;2602;3946
9396;2637;3928
9400;2680;3899
9403;2702;3885
9407;2733;3863
9410;2777;3831
9414;2813;3800
9417;2830;3755
9421;2862;3723
9425;2907;3689
9428;2936;3664
9432;2972;3615
9435;3002;3597
9439;3032;3560
9442;3049;3527
9446;3071;3480
9450;3088;3439
9453;3134;3399
9457;3151;3356
9460;3176;3291
9464;3194;3271
9467;3229;3229
9473;3232;3130
9474;3246;3113
9478;3275;3062
9482;3275;3008
9485;3310;2955
9489;3320;2876
9492;3339;2796
9496;3342;2747
9499;3356;2680
9503;3374;2588
9506;3384;2505
9510;3400;2410
9514;3405;2320
9517;3437;2248
9521;3440;2142
9524;3453;2064
9528;3446;1965
9531;3483;1854
9535;3480;1784
9538;3498;1676
9542;3514;1530
9546;3516;1388
9549;3550;1264
9553;3548;1086
9556;3563;920
9560;3550;747
9563;3567;607
9567;3593;457
9571;3581;297
9574;3609;189
9578;3614;56
9581;3613;8
9585;3644;18
9588;3646;5
9592;3642;9
9595;3646;9
9601;3677;7
9603;3679;8
9606;3672;16
9610;3689;8
9613;3706;5
9617;3720;6
9620;3704;5
9624;3719;3
9627;3707;2
9631;3727;7
9635;3757;6
9638;3751;4
9642;3744;7
9645;3758;4
9649;3774;7
9652;3770;5
9656;3799;6
9659;3800;16
9663;3804;7
9667;3806;6
9670;3831;6
9674;3820;2
9677;3839;9
9681;3853;10
9684;3854;7
9688;3866;4
9692;3865;3
9695;3885;7
9699;3885;1
9702;3901;2
9706;3887;4
9710;3896;4
9713;3916;3
9717;3928;2
9721;3931;2
9724;3932;0
9728;3958;2
9732;3951;5
9735;3947;4
9739;3965;6
9743;3976;2
9746;3992;2
9752;3979;3
9753;3993;1
9757;3997;1
9761;3997;4
9764;3992;0
9768;3995;0
9772;4008;2
9775;4026;1
9779;4015;3
9783;4029;3
9786;4025;1
9790;4030;0
9794;4056;2
9797;4044;2
9801;4063;0
9805;4058;2
9808;4063;0
9812;4056;0
9815;4075;3
9819;4074;2
9823;4092;2
9826;4090;2
9830;4094;2
9834;4095;2
9837;4095;0
9841;4095;3
9845;4095;3
9848;4095;0
9852;4095;0
9856;4095;1
9859;4095;0
9863;4095;0
9866;4095;1
9870;4095;2
9874;4095;3
9877;4095;0
9881;4095;2
9885;4095;0
9888;4095;1
9892;4095;0
9896;4095;1
9899;4095;0
9903;4095;2
9909;4095;3
9910;4095;4
9914;4095;0
9918;4095;2
9921;4095;0
9925;4095;0
9928;4095;6
9932;4095;1
9936;4076;2
9939;4086;0
9943;4072;0
9947;4077;1
9950;4015;1
9954;3993;0
9958;3918;3
9961;3880;4
9965;3816;1
9969;3788;5
9972;3736;3
9976;3690;0
9979;3612;2
9983;3545;1
9987;3499;4
9990;3463;3
9994;3421;5
9998;3375;0
10001;3336;2
10005;3309;2
10009;3247;1
10012;3181;3
10016;3117;0
10020;3054;1
10023;2951;6
10027;2873;0
10031;2779;0
10034;2668;0
10038;2542;3
10041;2426;0
10045;2332;5
10049;2219;3
10052;2079;1
10058;1815;2
10060;1739;0
10063;1581;1
10067;1416;2
10071;1239;0
10074;1080;2
10078;941;0
10082;798;1
10085;607;0
10089;439;0
10093;382;0
10096;363;1
10100;365;0
10103;315;0
10107;240;3
10111;205;1
10114;216;0
10118;158;1
10122;135;2
10125;109;0
10129;105;0
10133;57;0
10136;71;1
10140;47;2
10144;46;1
10147;48;0
10151;43;1
10154;44;0
10158;42;2
10162;45;2
10165;43;0
10169;40;0
10173;42;0
10176;43;0
10180;42;2
10184;42;0
10187;44;2
10191;43;0
10195;42;2
10198;46;1
10202;45;1
10206;43;0
10209;44;1
10213;43;5
10219;44;1
10220;45;0
10224;44;2
10227;42;0
10231;43;0
10235;42;2
10238;42;1
10242;42;0
10246;43;2
10249;43;0
10253;40;1
10257;44;1
10260;43;2
10264;44;0
10267;42;1
10271;44;3
10275;42;0
10278;42;0
10282;43;1
10286;41;0
10289;42;1
10293;42;1
10297;44;1
10300;43;0
10304;43;0
10308;42;1
10311;43;0
10315;41;3
10319;41;0
10322;42;2
10326;43;0
10329;43;2
10333;43;0
10337;43;0
10340;44;3
10344;43;1
10348;42;0
10351;40;0
10355;45;0
10359;44;0
10362;44;2
10366;43;0
10370;41;0
10373;44;1
10377;45;3
10381;44;1
10384;44;0
10390;43;2
10391;42;0
10395;43;0
10399;43;0
10402;43;1
10406;44;2
10410;41;1
10413;41;4
10417;44;0
10421;44;1
10424;45;0
10428;43;0
10432;41;0
10435;43;0
10439;45;1
10442;43;0
10446;42;2
10450;44;1
10453;40;0
10457;43;1
10461;42;0
10464;44;0
10468;43;0
10472;40;3
10475;43;1
10479;42;2
10483;43;2
10486;43;1
10490;43;2
10494;42;0
10497;42;0
10501;43;2
10504;42;0
10508;44;2
10512;43;2
10515;43;0
10519;42;0
10523;45;0
10526;42;3
10530;43;0
10534;42;0
10537;44;0
10541;45;1
10545;46;1
10548;43;1
10552;41;0
10558;44;1
10559;45;1
10563;43;0
10566;41;1
10570;42;1
10574;41;2
10577;42;0
10581;46;0
10585;40;0
10588;40;1
10592;41;0
10596;42;0
10599;44;0
10603;42;0
10607;41;1
10610;41;2
10614;41;0
10617;41;0
10621;42;0
10625;44;0
10628;41;1
10632;41;0
10636;44;3
10639;42;0
10643;43;2
10647;43;0
10650;42;0
10654;43;0
10658;42;1
10661;42;0
10665;43;2
10668;44;2
10672;43;0
10676;42;0
10679;44;0
10683;44;2
10687;43;0
10690;42;0
10694;41;0
10698;45;0
10701;44;1
10705;44;1
10709;42;3
10712;41;2
10716;45;3
10720;41;1
10723;44;0
10729;41;1
10730;42;0
10734;41;1
10738;44;0
10741;42;0
10745;41;0
10749;42;494
10752;42;1196
10756;43;1759
10760;45;2093
10763;42;2361
10767;42;2523
10771;41;2686
10774;40;2844
10778;30;2975
10782;41;3088
10785;41;3196
10789;37;3306
10792;40;3407
10796;43;3512
10800;39;3596
10803;42;3674
10807;38;3737
10811;33;3776
10814;41;3822
10818;43;3848
10822;43;3879
10825;41;3883
10829;40;3896
10833;41;3901
10836;42;3901
10840;46;3899
10843;46;3899
10847;47;3896
10851;42;3897
10854;43;3896
10858;55;3895
10862;46;3886
10868;46;3882
10869;55;3872
10873;46;3880
10876;56;3864
10880;57;3867
10884;58;3849
10887;58;3848
10891;58;3839
10895;59;3847
10898;58;3853
10902;58;3849
10905;62;3837
10909;59;3839
10913;70;3838
10916;73;3835
10920;63;3832
10924;249;3834
10927;541;3835
10931;841;3835
10935;1037;3835
10938;1225;3836
10942;1386;3836
10946;1519;3832
10949;1614;3831
10953;1719;3831
10956;1839;3834
10960;1944;3832
10964;2014;3821
10967;2093;3822
10971;2187;3817
10975;2280;3818
10978;2345;3807
10982;2426;3801
10986;2487;3792
10992;2552;3784
10993;2574;3785
10997;2632;3783
11000;2671;3786
11004;2731;3772
11008;2748;3757
11011;2797;3752
11015;2839;3739
11018;2874;3736
11022;2911;3723
11026;2938;3709
11029;2958;3706
11033;2989;3694
11037;3016;3677
11040;3023;3661
11044;3063;3644
11048;3069;3626
11051;3101;3608
11055;3117;3597
11059;3146;3565
11062;3150;3535
11066;3175;3518
11069;3183;3500
11073;3212;3472
11077;3226;3451
11080;3232;3433
11084;3241;3407
11088;3255;3375
11091;3261;3366
11095;3278;3327
11099;3292;3293
11102;3292;3276
11108;3305;3228
11110;3320;3214
11113;3326;3192
11117;3337;3164
11121;3341;3130
11124;3352;3088
11128;3357;3054
11131;3372;3018
11135;3371;2990
11139;3374;2959
11142;3387;2910
11146;3384;2873
11150;3385;2844
11153;3404;2808
11157;3402;2767
11161;3404;2734
11164;3420;2700
11168;3431;2666
11172;3422;2649
11175;3421;2607
11179;3431;2570
11183;3453;2543
11186;3432;2519
11190;3451;2479
11193;3450;2471
11197;3451;2431
11201;3450;2408
11204;3464;2396
11208;3464;2332
11212;3464;2343
11215;3469;2344
11219;3469;2285
11225;3480;2314
11226;3471;2314
11230;3480;2313
11234;3485;2237
11237;3495;2264
11241;3483;2265
11244;3483;2265
11248;3498;2266
11252;3497;2265
11255;3500;2187
11259;3513;2224
11263;3500;2237
11266;3515;2250
11270;3503;2248
11274;3514;2248
11277;3519;2200
11281;3517;2233
11285;3513;2223
11288;3528;2222
11292;3512;2156
11296;3536;2156
11299;3519;2153
11303;3535;2108
11306;3533;2090
11310;3543;2045
11314;3535;1999
11317;3545;1967
11321;3550;1930
11325;3565;1880
11328;3551;1800
11332;3563;1754
11336;3575;1688
11342;3579;1549
11343;3567;1532
11347;3581;1449
11350;3594;1358
11354;3580;1271
11357;3583;1198
11361;3597;1118
11365;3596;1034
11368;3597;938
11372;3612;825
11376;3628;731
11379;3629;607
11383;3629;509
11387;3627;336
11390;3645;251
11394;3643;174
11398;3655;107
11401;3656;17
11405;3648;10
11409;3657;8
11412;3672;7
11416;3678;7
11419;3675;8
11423;3677;7
11427;3692;8
11430;3689;6
11434;3705;9
11438;3693;8
11441;3711;7
11445;3708;7
11449;3722;6
11452;3725;8
11456;3735;10
11460;3735;4
11463;3738;6
11467;3739;6
11473;3755;6
11474;3755;7
11478;3758;5
11481;3769;7
11485;3767;6
11489;3772;4
11492;3776;5
11496;3775;3
11500;3784;6
11503;3785;7
11507;3799;5
11511;3805;5
11514;3804;7
11518;3802;7
11522;3815;4
11525;3821;4
11529;3817;7
11532;3821;6
11536;3821;3
11540;3823;4
11543;3824;3
11547;3835;5
11551;3835;2
11554;3848;3
11558;3852;4
11562;3852;3
11565;3853;3
11569;3855;4
11573;3868;3
11576;3869;3
11580;3868;5
11584;3879;4
11587;3881;4
11591;3885;2
11594;3882;5
11598;3898;2
11602;3895;2
11605;3895;0
11609;3896;0
11613;3900;1
11619;3900;2
11620;3903;3
11624;3912;2
11627;3915;0
11631;3918;3
11635;3932;2
11638;3917;4
11642;3916;3
11645;3930;3
11649;3928;2
11653;3928;3
11656;3933;1
11660;3935;4
11664;3932;0
11667;3931;1
11671;3933;6
11675;3934;0
11678;3928;4
11682;3931;1
11686;3917;1
11689;3916;4
11693;3915;1
11697;3914;0
11700;3916;1
11704;3916;3
11707;3915;1
11711;3915;2
11715;3918;1
11718;3916;4
11722;3914;0
11726;3902;2
11729;3900;1
11733;3899;3
11737;3897;2
11740;3884;1
11744;3882;2
11748;3869;1
11751;3867;0
11755;3853;3
11761;3836;1
11762;3838;2
11766;3832;4
11769;3804;1
11773;3791;2
11777;3771;2
11780;3737;1
11784;3703;2
11788;3673;2
11791;3631;3
11795;3594;1
11799;3551;0
11802;3511;3
11806;3479;1
11810;3432;2
11813;3369;0
11817;3304;0
11820;3259;4
11824;3197;0
11828;3147;0
11831;3088;0
11835;3050;0
11839;3000;1
11842;2920;0
11846;2857;0
11850;2752;2
11853;2684;1
11857;2618;0
11861;2544;1
11864;2456;1
11868;2391;3
11871;2315;2
11875;2235;1
11879;2135;3
11882;2063;0
11886;1992;0
11890;1944;4
11893;1883;0
11897;1835;2
11903;1743;5
11904;1720;0
11908;1643;0
11912;1594;0
11915;1548;2
11919;1500;0
11923;1450;0
11926;1359;2
11930;1277;2
11933;1182;0
11937;1129;0
11941;1051;0
11944;1036;0
11948;1032;1
11952;1004;1
11955;953;4
11959;892;1
11963;855;4
11966;799;0
11970;748;3
11974;703;0
11977;696;1
11981;655;1
11985;620;1
11988;560;3
11992;487;1
11995;415;0
11999;392;2
12003;335;0
12006;265;0
12010;206;3
12014;165;0
12017;153;0
12021;119;0
12025;95;1
12028;75;0
12032;46;1
12036;59;1
12039;56;0
12043;56;0
12046;46;0
12050;46;0
12056;55;1
12057;55;2
12061;47;0
12065;56;2
12068;56;3
12072;45;0
12076;55;1
12079;55;2
12083;56;0
12087;45;1
12090;46;1
12094;45;3
12098;46;1
12101;47;1
12105;45;4
12108;44;2
12112;46;2
12116;45;1
12119;55;3
12123;45;1
12127;46;2
12130;46;0
12134;44;0
12138;46;1
12141;54;1
12145;47;0
12149;46;0
12152;46;2
12156;47;0
12159;46;0
12163;48;0
12167;44;0
12170;55;0
12174;46;2
12178;43;0
12181;54;1
12185;45;1
12189;48;0
12192;45;1
12196;45;1
12200;56;2
12203;45;0
12207;47;1
12211;46;2
12214;46;0
12218;47;0
12221;48;2
12251;48;0
12252;46;0
12252;46;0
12255;47;2
12258;44;2
12262;58;0
12266;46;3
12269;45;0
12273;47;3
12277;56;2
12280;54;0
12284;45;2
12288;55;0
12291;45;0
12295;44;0
12299;56;0
12302;48;2
12306;46;1
12309;44;0
12313;47;1
12317;47;2
12320;55;0
12324;55;0
12328;45;2
12331;46;1
12335;46;3
12339;46;2
12342;47;0
12346;56;2
12350;45;0
12353;44;0
12357;47;0
12361;58;0
12364;46;2
12368;43;2
12371;55;2
12375;55;2
12379;55;4
12382;55;1
12386;57;2
12390;46;0
12393;48;1
12397;55;0
12401;55;0
12404;46;0
12408;55;2
12414;55;0
12415;46;0
12419;45;2
12422;55;0
12426;46;0
12430;44;0
12433;46;1
12437;45;2
12441;45;2
12444;55;0
12448;44;1
12452;56;1
12455;47;0
12459;56;0
12463;56;2
12466;47;0
12470;46;0
12474;45;0
12477;46;0
12481;48;1
12484;56;1
12488;47;0
12492;54;0
12495;47;0
12499;48;2
12503;48;0
12506;46;0
12510;47;0
12514;45;1
12517;46;0
12521;47;2
12525;46;0
12528;47;2
12532;55;2
12535;55;1
12539;55;0
12543;56;0
12546;44;2
12550;48;0
12554;46;0
12557;47;0
12561;48;0
12565;55;3
12568;54;0
12572;48;0
12576;55;1
12579;56;0
12585;46;0
12587;55;0
12590;46;0
12594;46;0
12597;46;1
12601;55;0
12605;45;0
12608;54;2
12612;47;0
12616;55;2
12619;47;0
12623;55;2
12627;46;1
12630;54;1
12634;47;0
12638;54;1
12641;56;2
12645;54;0
12649;46;0
12652;46;3
12656;56;2
12659;47;0
12663;55;1
12667;47;3
12670;48;1
12674;48;1
12678;56;3
12681;57;3
12685;46;0
12689;46;0
12692;46;1
12696;47;3
12700;54;2
12703;57;2
12707;48;0
12710;46;0
12714;48;0
12718;56;0
12721;54;1
12725;48;0
12729;56;0
12732;55;0
12736;57;1
12740;47;1
12743;57;1
12747;57;1
12751;47;0
12756;56;1
12758;56;2
12762;56;2
12765;57;2
12769;54;0
12772;46;0
12776;47;0
12780;46;2
12783;57;0
12787;47;1
12791;54;0
12794;56;2
12798;56;3
12802;47;0
12805;46;1
12809;55;0
12813;56;2
12816;57;0
12820;48;0
12823;46;0
12827;55;0
12831;48;0
12834;47;1
12838;56;0
12842;56;1
12845;48;0
12849;48;0
12853;46;2
12856;55;0
12860;56;0
12864;48;0
12867;56;1
12871;55;0
12875;56;2
12878;46;0
12882;56;0
12885;55;1
12889;46;1
12893;45;3
12896;48;0
12900;47;2
12904;55;0
12907;54;1
12911;55;1
12915;46;0
12918;46;1
12924;47;0
12926;54;0
12929;44;1
12933;46;2
12936;45;1
12940;48;1
12944;56;2
12947;54;2
12951;46;2
12955;55;2
12958;57;0
12962;46;3
12966;54;3
12969;55;4
12973;47;1
12977;55;1
12980;46;0
12984;55;1
12988;56;0
12991;57;0
12995;45;0
12998;55;2
13002;55;0
13006;56;1
13009;56;0
13013;47;2
13017;47;1
13020;56;0
13024;47;1
13028;48;3
13031;54;0
13035;57;1
13039;57;0
13042;54;0
13046;43;1
13050;44;0
13053;46;2
13057;54;1
13060;57;2
13064;56;0
13068;46;1
13071;54;1
13075;54;1
13079;56;1
13082;56;2
13086;56;1
13090;55;1
13095;56;0
13097;54;0
13101;54;3
13104;55;1
13108;56;0
13111;58;0
13115;46;1
13119;54;1
13122;55;0
13126;48;0
13130;54;1
13133;47;0
13137;57;1
13141;55;2
13144;57;2
13148;58;1
13152;56;0
13155;56;0
13159;55;1
13163;54;1
13166;55;0
13170;55;2
13173;54;1
13177;45;1
13181;55;0
13184;55;1
13188;47;0
13192;48;2
13195;56;1
13199;57;0
13203;56;3
13206;56;0
13210;57;3
13214;54;0
13217;56;0
13221;57;0
13224;55;0
13228;55;1
13232;56;2
13235;56;1
13239;56;0
13243;47;1
13246;47;1
13250;56;0
13254;59;2
13257;47;0
13263;57;1
13265;57;2
13268;46;0
13272;56;2
13276;46;0
13279;46;2
13283;57;0
13286;57;0
13290;58;0
13294;54;0
13297;58;2
13301;57;2
13305;47;0
13308;58;0
13312;46;3
13316;57;0
13319;58;2
13323;56;0
13327;55;2
13330;54;1
13334;45;3
13338;48;3
13341;58;346
13345;47;679
13348;56;1049
13352;46;1310
13356;46;1630
13359;57;1896
13363;45;2048
13367;48;2204
13370;56;2351
13374;45;2446
13378;57;2556
13381;59;2654
13385;47;2731
13389;45;2807
13392;46;2872
13396;56;2926
13399;57;2987
13403;57;3039
13407;56;3088
13410;56;3144
13416;56;3192
13418;47;3209
13421;60;3245
13425;47;3277
13429;46;3305
13432;47;3338
13436;46;3372
13440;44;3404
13443;46;3423
13447;47;3453
13451;44;3494
13454;48;3515
13458;55;3532
13461;58;3578
13465;57;3624
13469;47;3659
13472;56;3695
13476;55;3740
13480;59;3784
13483;46;3821
13487;48;3855
13491;44;3880
13494;55;3912
13498;55;3930
13502;48;3948
13505;55;3975
13509;46;3981
13512;56;3996
13516;57;4014
13520;59;4026
13523;58;4042
13527;56;4047
13531;58;4072
13534;57;4073
13538;56;4075
13542;59;4088
13548;59;4095
13549;61;4093
13553;62;4095
13556;59;4095
13560;70;4095
13564;63;4095
13567;71;4095
13571;73;4095
13574;73;4095
13578;73;4095
13582;76;4095
13585;77;4095
13589;76;4091
13593;87;4089
13596;319;4079
13600;759;4064
13604;1113;4057
13607;1432;4043
13611;1655;4040
13615;1835;4025
13618;2012;4013
13622;2215;3997
13625;2362;3992
13629;2511;3965
13633;2617;3946
13636;2703;3944
13640;2797;3928
13644;2879;3896
13647;2969;3882
13651;3039;3866
13655;3103;3840
13658;3159;3822
13662;3223;3820
13666;3275;3787
13671;3352;3757
13673;3360;3755
13677;3399;3739
13680;3421;3704
13684;3463;3689
13687;3498;3658
13691;3514;3641
13695;3535;3614
13698;3550;3597
13702;3578;3580
13706;3595;3547
13709;3624;3517
13713;3643;3496
13717;3658;3463
13720;3674;3448
13724;3691;3408
13728;3705;3384
13731;3725;3358
13735;3735;3327
13739;3742;3295
13742;3758;3272
13746;3769;3232
13749;3785;3194
13753;3789;3149
13757;3804;3116
13760;3820;3082
13764;3835;3047
13768;3835;2984
13771;3851;2936
13775;3864;2887
13779;3872;2811
13782;3871;2747
13788;3885;2623
13790;3902;2586
13793;3913;2511
13797;3915;2429
13800;3917;2319
13804;3917;2216
13808;3948;2095
13811;3933;1965
13815;3949;1818
13819;3962;1642
13822;3968;1466
13826;3976;1275
13830;3977;1083
13833;3978;841
13837;3991;632
13841;3999;412
13844;3994;156
13848;4011;19
13852;4008;9
13855;4028;17
13859;4015;17
13862;4027;8
13866;4031;6
13870;4041;7
13873;4029;6
13877;4048;8
13881;4047;5
13884;4044;6
13888;4046;4
13892;4057;5
13895;4058;5
13899;4062;5
13903;4074;7
13906;4076;5
13910;4076;5
13913;4076;6
13919;4076;3
13921;4091;4
13924;4092;3
13928;4089;3
13932;4095;1
13935;4095;1
13939;4093;2
13943;4095;2
13946;4095;3
13950;4095;4
13954;4095;5
13957;4095;2
13961;4095;3
13965;4095;4
13968;4095;1
13972;4095;2
13975;4095;0
13979;4095;5
13983;4095;0
13986;4095;2
13990;4095;3
13994;4095;3
13997;4095;2
14001;4095;1
14005;4095;1
14008;4095;6
14012;4095;2
14016;4095;4
14019;4095;2
14023;4095;4
14026;4095;1
14030;4095;2
14034;4095;3
14037;4095;4
14041;4095;0
14045;4095;2
14048;4095;2
14052;4095;2
14056;4095;1
14062;4095;2
14063;4095;2
14067;4095;0
14070;4095;0
14074;4095;0
14078;4095;1
14081;4095;1
14085;4095;1
14088;4095;0
14092;4095;4
14096;4095;1
14099;4095;0
14103;4095;3
14107;4095;0
14110;4095;2
14114;4095;3
14118;4095;2
14121;4095;3
14125;4095;0
14129;4095;1
14132;4095;0
14136;4095;2
14140;4095;4
14143;4095;1
14147;4095;2
14150;4095;2
14154;4095;0
14158;4095;0
14161;4095;1
14165;4095;0
14169;4095;1
14172;4095;2
14176;4095;2
14180;4095;0
14183;4095;2
14187;4095;2
14191;4095;3
14194;4095;3
14198;4095;0
14204;4095;0
14205;4095;2
14209;4095;0
14212;4095;1
14216;4095;2
14220;4095;1
14223;4095;4
14227;4095;3
14231;4095;0
14234;4095;0
14238;4095;2
14242;4095;0
14245;4095;0
14249;4095;0
14253;4095;1
14256;4095;0
14260;4095;3
14263;4095;0
14267;4095;0
14271;4095;3
14274;4095;1
14278;4095;1
14282;4095;0
14285;4095;0
14289;4095;1
14293;4095;0
14296;4095;2
14300;4095;1
14304;4095;0
14307;4095;2
14311;4095;0
14314;4095;1
14318;4095;3
14322;4095;0
14325;4095;0
14329;4095;0
14333;4095;0
14336;4095;0
14340;4076;5
14344;4028;2
14349;3944;1
14351;3915;0
14355;3864;0
14358;3801;3
14362;3742;0
14366;3673;2
14369;3609;2
14373;3546;1
14376;3486;0
14380;3416;4
14384;3343;0
14387;3276;0
14391;3181;0
14395;3099;1
14398;3024;2
14402;2942;0
14406;2840;1
14409;2732;1
14413;2652;2
14417;2553;1
14420;2447;2
14424;2378;2
14427;2299;0
14431;2232;0
14435;2151;1
14438;2058;1
14442;1979;1
14446;1869;2
14449;1800;3
14453;1805;0
14457;1818;1
14460;1783;0
14464;1737;0
14468;1693;3
14471;1672;0
14475;1674;0
14479;1630;3
14482;1611;4
14486;1564;0
14492;1529;2
14493;1512;4
14497;1471;2
14500;1463;1
14504;1406;2
14508;1369;2
14511;1355;2
14515;1323;0
14519;1259;0
14522;1226;1
14526;1179;3
14530;1128;0
14533;1118;1
14537;1098;2
14541;1064;2
14544;1040;0
14548;1020;2
14551;1019;1
14555;1003;1
14559;984;1
14562;971;1
14566;942;0
14570;938;1
14573;937;1
14577;940;1
14581;921;2
14584;893;0
14588;876;1
14592;860;0
14595;856;0
14599;847;0
14602;829;0
14606;809;0
14610;796;0
14613;761;1
14617;761;1
14621;750;0
14624;751;2
14628;744;0
14632;729;3
14635;734;0
14641;715;1
14643;701;2
14646;694;2
14650;697;1
14654;695;2
14657;680;0
14661;665;0
14664;651;0
14668;651;1
14672;634;1
14675;620;0
14679;591;1
14683;600;1
14686;589;1
14690;554;0
14694;538;1
14697;522;0
14701;505;0
14705;504;2
14708;472;1
14712;457;1
14715;440;2
14719;394;1
14723;382;2
14726;362;0
14730;334;1
14734;330;0
14737;331;1
14741;303;1
14745;300;1
14748;286;1
14752;255;0
14756;249;2
14759;234;2
14763;221;1
14767;202;2
14770;191;2
14774;188;3
14777;176;0
14781;175;3
14785;169;0
14788;120;1
14792;110;2
14798;105;1
14799;93;1
14803;91;0
14807;88;1
14810;57;2
14814;60;0
14818;59;2
14821;60;1
14825;57;2
14828;57;1
14832;55;1
14836;57;0
14839;57;2
14843;59;1
14847;56;0
14850;55;0
14854;58;3
14858;57;0
14861;56;2
14865;57;0
14869;56;1
14872;57;0
14876;55;1
14880;56;2
14883;56;1
14887;48;3
14890;55;1
14894;55;1
14898;57;1
14901;58;0
14905;47;2
14909;55;0
14912;57;3
14916;55;0
14920;58;1
14923;57;1
14927;56;1
14931;56;2
14934;46;2
14938;47;2
14942;56;1
14945;56;0
14949;55;2
14952;56;1
14956;56;2
14960;56;4
14966;55;1
14967;57;2
14971;56;0
14974;55;0
14978;56;0
14982;47;1
14985;55;2
14989;57;0
14993;55;0
14996;56;3
15000;55;0
15003;57;1
15007;55;1
15011;48;2
15014;56;2
15018;47;1
15022;56;1
15025;48;0
15029;47;2
15033;54;0
15036;48;0
15040;55;0
15044;48;1
15047;56;1
15051;57;0
15055;56;0
15058;48;1
15062;47;2
15065;56;0
15069;56;0
15073;57;1
15076;55;0
15080;56;0
15084;56;2
15087;47;0
15091;48;0
15095;58;0
15098;48;2
15102;55;0
15106;56;0
15109;57;0
15113;55;1
15116;56;0
15120;56;2
15124;55;0
15127;56;1
15131;45;2
15137;47;0
15138;54;0
15142;57;4
15146;55;0
15149;45;0
15153;56;0
15157;46;0
15160;56;3
15164;57;2
15168;56;5
15171;55;2
15175;46;0
15178;56;2
15182;55;2
15186;47;1
15189;54;1
15193;47;1
15197;56;0
15200;57;0
15204;55;0
15208;58;0
15211;55;0
15215;47;0
15219;57;0
15222;55;0
15226;47;760
15229;58;1690
15233;46;2189
15237;47;2538
15240;58;2766
15244;47;2936
15248;58;3064
15251;54;3147
15255;55;3246
15259;58;3337
15262;47;3404
15266;57;3465
15270;45;3502
15273;58;3548
15277;57;3594
15281;56;3612
15284;54;3642
15290;48;3702
15291;45;3706
15295;57;3737
15299;56;3767
15302;60;3785
15306;56;3817
15310;57;3834
15313;57;3851
15317;56;3868
15321;60;3882
15324;58;3899
15328;56;3914
15332;57;3928
15335;58;3944
15339;57;3960
15343;61;3965
15346;56;3977
15350;55;3994
15353;57;3998
15357;56;4013
15361;59;4023
15364;58;4031
15368;57;4055
15372;57;4064
15375;46;4074
15379;59;4087
15383;59;4088
15386;59;4091
15390;58;4090
15394;70;4095
15397;58;4095
15401;63;4095
15404;62;4095
15408;60;4095
15412;58;4095
15415;61;4095
15419;62;4095
15425;62;4095
15426;60;4095
15430;62;4095
15434;60;4095
15437;59;4095
15441;62;4095
15445;62;4095
15448;71;4095
15452;59;4095
15456;68;4095
15459;64;4095
15463;73;4095
15466;72;4095
15470;64;4095
15474;73;4095
15477;74;4095
15481;72;4095
15485;72;4095
15488;168;4095
15492;310;4095
15496;432;4095
15499;586;4095
15503;714;4095
15507;841;4095
15510;986;4095
15514;1084;4095
15517;1178;4095
15521;1246;4095
15525;1336;4095
15528;1389;4095
15532;1488;4095
15536;1565;4095
15539;1642;4095
15543;1675;4095
15549;1768;4095
15550;1787;4095
15554;1835;4095
15558;1912;4095
15561;1976;4091
15565;2042;4074
15569;2090;4061
15572;2152;4057
15576;2219;4031
15579;2263;4028
15583;2319;4012
15587;2377;3998
15590;2424;3980
15594;2457;3961
15598;2492;3946
15601;2540;3930
15605;2551;3912
15609;2601;3886
15612;2621;3883
15616;2656;3863
15620;2680;3849
15623;2712;3823
15627;2747;3800
15631;2778;3773
15634;2811;3759
15638;2840;3743
15641;2875;3720
15645;2908;3719
15649;2937;3706
15652;2958;3693
15656;3000;3663
15660;3023;3655
15666;3069;3624
15667;3080;3611
15671;3088;3593
15674;3131;3579
15678;3144;3550
15682;3176;3529
15685;3196;3501
15689;3211;3471
15692;3245;3466
15696;3261;3436
15700;3294;3402
15703;3323;3384
15707;3327;3340
15711;3355;3309
15714;3390;3272
15718;3402;3231
15722;3432;3196
15725;3449;3177
15729;3470;3146
15733;3485;3099
15736;3500;3054
15740;3512;3001
15744;3535;2941
15747;3562;2876
15751;3576;2796
15754;3611;2731
15758;3627;2652
15762;3659;2586
15765;3689;2472
15769;3694;2364
15773;3709;2235
15776;3728;2090
15782;3768;1769
15784;3768;1679
15787;3773;1479
15791;3817;1245
15795;3807;910
15798;3833;567
15802;3847;172
15805;3849;8
15809;3868;5
15813;3883;7
15816;3897;8
15820;3903;7
15824;3947;5
15827;3950;4
15831;3961;2
15835;3975;2
15838;3983;2
15842;3981;8
15846;3995;7
15849;4010;3
15853;4024;3
15857;4026;3
15860;4039;6
15864;4039;0
15867;4046;0
15871;4063;6
15875;4074;0
15878;4072;0
15882;4077;0
15886;4093;1
15889;4092;2
15893;4092;0
15897;4095;1
15900;4095;0
15904;4095;4
15908;4095;3
15911;4095;0
15915;4095;2
15921;4095;0
15922;4095;0
15926;4095;0
15929;4095;2
15933;4095;0
15937;4095;0
15940;4095;0
15944;4095;4
15948;4095;1
15951;4095;2
15955;4095;0
15959;4095;1
15962;4095;0
15966;4095;0
15970;4095;3
15973;4095;1
15977;4095;3
15980;4095;0
15984;4095;1
15988;4095;2
15991;4095;6
15995;4095;3
15999;4095;0
16002;4095;1
16006;4095;3
16010;4095;3
16013;4095;1
16017;4095;0
16021;4095;0
16024;4095;0
16028;4095;0
16032;4095;3
16035;4095;5
16039;4095;5
16042;4095;0
16046;4095;1
16050;4095;0
16053;4095;0
16057;4095;1
16061;4095;0
16067;4095;0
16068;4095;4
16072;4095;0
16075;4095;0
16079;4095;1
16083;4095;0
16086;4095;0
16090;4095;0
16093;4095;1
16097;4095;6
16101;4095;0
16104;4095;1
16108;4095;2
16112;4095;2
16115;4095;1
16119;4095;1
16123;4095;2
16126;4095;0
16130;4095;1
16134;4095;3
16137;4095;5
16141;4095;1
16145;4095;1
16148;4095;1
16152;4095;6
16155;4095;1
16159;4095;0
16163;4095;0
16166;4095;0
16170;4095;3
16174;4095;3
16177;4095;3
16181;4095;0
16185;4095;2
16188;4095;1
16192;4095;0
16196;4095;4
16199;4095;0
16203;4095;6
16209;4095;4
16210;4095;2
16214;4095;3
16217;4095;1
16221;4095;3
16225;4062;1
16228;4042;0
16232;3997;1
16236;3962;2
16239;3916;0
16243;3870;2
16247;3820;0
16250;3773;0
16254;3726;0
16258;3672;3
16261;3593;3
16265;3544;0
16268;3487;1
16272;3447;3
16276;3390;6
16279;3339;2
16283;3274;2
16287;3197;2
16290;3102;0
16294;3006;0
16298;2907;2
16301;2816;1
16305;2730;0
16309;2590;2
16312;2463;0
16316;2329;0
16319;2152;2
16323;1996;1
16327;1863;2
16330;1709;2
16334;1566;1
16338;1466;3
16341;1291;4
16345;1160;0
16351;940;2
16352;893;1
16356;920;2
16360;909;0
16363;861;0
16367;807;2
16371;727;3
16374;638;2
16378;558;1
16381;493;0
16385;430;3
16389;359;2
16392;266;3
16396;200;0
16400;153;2
16403;91;1
16407;70;1
16411;61;0
16414;59;0
16418;59;0
16422;58;0
16425;58;3
16429;58;1
16433;58;0
16436;59;0
16440;59;1
16443;60;2
16447;58;2
16451;62;0
16454;60;2
16458;59;0
16462;56;3
16465;58;3
16469;58;1
16473;58;0
16476;58;2
16480;60;2
16484;60;0
16487;59;0
16491;59;4
16494;60;3
16498;57;1
16502;60;2
16505;60;3
16509;59;0
16513;57;3
16519;60;4
16520;58;2
16524;62;2
16527;58;2
16531;58;2
16535;57;2
16538;60;0
16542;57;0
16546;55;1
16549;58;5
16553;60;0
16556;57;3
16560;59;0
16564;58;1
16567;58;2
16571;59;2
16575;59;0
16578;60;2
16582;58;0
16586;60;3
16589;59;3
16593;57;0
16597;58;0
16600;63;0
16604;62;0
16607;61;5
16611;58;2
16615;56;1
16618;60;2
16622;56;0
16626;59;2
16629;58;0
16633;58;0
16637;61;0
16640;60;1
16644;58;0
16648;58;4
16651;56;0
16655;57;1
16659;61;0
16662;60;1
16666;60;2
16669;59;0
16673;58;1
16677;58;1
16680;60;0
16686;59;1
16688;59;2
16691;46;0
16695;60;4
16699;56;1
16702;58;0
16706;58;0
16710;55;2
16713;59;0
16717;56;0
16720;58;1
16724;57;3
16728;60;1
16731;55;4
16735;56;0
16739;56;2
16742;58;0
16746;62;3
16750;59;0
16753;57;2
16757;58;0
16761;48;1
16764;62;0
16768;60;1
16772;56;2
16775;56;0
16779;57;0
16782;58;0
16786;57;2
16790;57;2
16793;56;1
16797;59;4
16801;57;3
16804;47;0
16808;57;0
16812;60;1
16815;54;2
16819;56;1
16823;59;1
16826;58;2
16830;57;0
16834;55;0
16837;56;1
16841;57;1
16844;57;0
16848;56;0
16852;56;2
16858;55;0
16859;48;1
16863;48;1
16866;57;1
16870;55;0
16874;58;3
16877;47;1
16881;55;0
16885;56;0
16888;56;0
16892;48;1
16895;48;0
16899;56;0
16903;57;3
16906;47;0
16910;57;1
16914;54;0
16917;47;0
16921;56;2
16925;56;1
16928;55;2
16932;47;2
16936;58;2
16939;58;2
16943;56;2
16947;48;39
16950;48;558
16954;47;1147
16957;55;1632
16961;57;1992
16965;56;2270
16968;57;2502
16972;45;2712
16976;58;2876
16979;57;2988
16983;57;3087
16987;47;3176
16990;55;3241
16994;56;3293
16998;57;3355
17001;59;3405
17005;56;3455
17011;47;3543
17012;48;3560
17016;43;3610
17019;45;3642
17023;46;3678
17027;47;3727
17030;44;3757
17034;45;3789
17038;42;3820
17041;46;3850
17045;45;3864
17049;42;3885
17052;44;3897
17056;44;3916
17060;44;3934
17063;45;3945
17067;41;3963
17070;46;3977
17074;43;3982
17078;41;3993
17081;41;4010
17085;44;4024
17089;43;4028
17092;44;4042
17096;43;4056
17100;43;4061
17103;43;4061
17107;43;4077
17111;42;4088
17114;43;4092
17118;55;4095
17121;48;4095
17125;55;4095
17129;55;4095
17132;45;4095
17136;55;4095
17140;57;4095
17146;56;4095
17147;56;4095
17151;56;4095
17154;59;4095
17158;56;4095
17162;58;4095
17165;61;4095
17169;61;4095
17173;62;4095
17176;63;4095
17180;72;4095
17183;76;4095
17187;74;4095
17191;250;4095
17194;717;4095
17198;989;4095
17202;1210;4095
17205;1384;4095
17209;1579;4095
17213;1737;4095
17216;1851;4089
17220;1991;4076
17224;2137;4063
17227;2250;4046
17231;2361;4039
17235;2475;4010
17238;2588;3994
17242;2664;3978
17245;2729;3952
17249;2792;3935
17253;2842;3914
17256;2888;3896
17260;2952;3880
17264;2990;3848
17270;3051;3805
17271;3067;3791
17275;3101;3771
17278;3147;3755
17282;3180;3726
17286;3209;3694
17289;3225;3674
17293;3248;3645
17296;3274;3614
17300;3304;3580
17304;3311;3547
17307;3337;3517
17311;3353;3471
17315;3370;3439
17318;3374;3415
17322;3404;3375
17326;3417;3336
17329;3434;3277
17333;3453;3245
17337;3469;3211
17340;3483;3180
17344;3503;3150
17348;3518;3114
17351;3533;3070
17355;3534;3022
17358;3548;2988
17362;3577;2937
17366;3592;2878
17369;3581;2844
17373;3597;2800
17377;3614;2746
17380;3627;2702
17386;3647;2618
17388;3655;2602
17391;3659;2558
17395;3662;2526
17399;3679;2478
17402;3688;2427
17406;3703;2360
17409;3706;2298
17413;3737;2207
17417;3726;2144
17420;3726;2048
17424;3754;1978
17428;3769;1897
17431;3766;1803
17435;3783;1708
17439;3785;1614
17442;3801;1530
17446;3806;1420
17450;3808;1335
17453;3819;1193
17457;3831;1087
17461;3832;973
17464;3849;811
17468;3851;670
17471;3855;505
17475;3867;394
17479;3870;188
17482;3883;77
17486;3896;8
17490;3902;7
17493;3902;7
17497;3915;8
17501;3919;3
17507;3932;17
17508;3930;7
17512;3932;7
17515;3947;7
17519;3960;17
17522;3967;7
17526;3979;4
17530;3979;9
17533;3981;2
17537;3984;4
17541;3998;7
17544;4009;4
17548;4013;2
17552;4025;5
17555;4024;2
17559;4029;5
17563;4040;4
17566;4041;0
17570;4056;2
17574;4056;3
17577;4047;7
17581;4072;3
17584;4059;4
17588;4076;5
17592;4075;4
17595;4077;3
17599;4088;3
17603;4090;5
17606;4095;3
17610;4095;4
17614;4095;4
17617;4095;3
17621;4095;3
17625;4095;3
17628;4095;1
17632;4095;1
17636;4095;2
17639;4095;0
17643;4095;1
17649;4095;1
17650;4095;2
17654;4095;1
17657;4095;2
17661;4095;0
17665;4095;0
17668;4095;0
17672;4095;2
17676;4095;0
17679;4095;0
17683;4095;0
17687;4095;2
17690;4095;2
17694;4095;1
17697;4095;1
17701;4095;0
17705;4095;1
17708;4095;1
17712;4095;3
17716;4095;2
17719;4095;1
17723;4095;2
17727;4095;0
17730;4095;1
17734;4095;3
17738;4095;2
17741;4095;1
17745;4095;2
17749;4095;0
17752;4095;0
17756;4095;1
17759;4095;3
17763;4095;0
17767;4095;3
17770;4095;2
17774;4095;0
17778;4095;0
17781;4095;1
17785;4095;1
17791;4095;4
17792;4095;0
17796;4095;0
17800;4095;0
17803;4095;0
17807;4095;1
17810;4095;1
17814;4095;1
17818;4095;3
17821;4095;0
17825;4095;1
17829;4095;0
17832;4095;2
17836;4095;1
17840;4095;0
17843;4095;1
17847;4095;3
17851;4095;2
17854;4095;2
17858;4095;0
17862;4095;0
17865;4095;1
17869;4095;4
17872;4095;0
17876;4095;0
17880;4095;2
17883;4095;1
17887;4095;1
17891;4095;0
17894;4095;2
17898;4095;0
17902;4095;0
17905;4095;0
17909;4095;0
17913;4095;0
17916;4095;1
17920;4095;0
17924;4095;3
17927;4095;2
17931;4092;3
17937;4044;2
17938;4027;1
17942;3963;2
17945;3868;2
17949;3822;0
17953;3786;1
17956;3726;3
17960;3656;0
17964;3578;5
17967;3496;0
17971;3417;3
17975;3321;2
17978;3225;1
17982;3133;0
17985;3063;0
17989;2957;1
17993;2862;0
17996;2781;2
18000;2711;2
18004;2617;1
18007;2541;0
18011;2443;3
18015;2366;0
18018;2299;2
18022;2235;2
18026;2140;1
18029;2041;1
18033;1930;2
18037;1822;0
18040;1706;1
18044;1616;1
18047;1484;1
18051;1354;1
18055;1294;0
18058;1305;3
18062;1290;3
18066;1278;3
18069;1247;3
18073;1242;0
18079;1193;1
18080;1164;1
18084;1162;0
18088;1131;0
18091;1097;1
18095;1015;1
18098;985;3
18102;957;1
18106;937;0
18109;894;0
18113;857;1
18117;812;2
18120;796;0
18124;762;2
18128;732;2
18131;720;0
18135;700;1
18139;668;2
18142;665;0
18146;617;1
18150;582;2
18153;542;2
18157;510;1
18160;504;1
18164;414;0
18168;365;0
18171;327;2
18175;297;0
18179;265;1
18182;237;1
18186;200;2
18190;169;0
18193;126;1
18197;118;0
18201;106;0
18204;86;2
18208;86;3
18211;56;0
18215;62;0
18219;58;2
18222;62;0
18226;63;1
18230;59;0
18236;58;0
18237;57;0
18241;71;1
18244;61;3
18248;59;1
18252;59;0
18255;58;2
18259;59;1
18263;62;0
18266;59;1
18270;60;0
18273;59;0
18277;62;2
18281;60;0
18284;60;3
18288;60;2
18292;60;0
18295;61;0
18299;48;0
18303;60;0
18306;57;2
18310;60;0
18314;57;1
18317;61;1
18321;59;2
18325;62;3
18328;61;1
18332;58;0
18335;61;2
18339;60;0
18343;62;2
18346;63;1
18350;58;4
18354;61;0
18357;60;2
18361;62;0
18365;60;0
18368;58;0
18372;59;0
18376;58;2
18379;57;0
18383;57;0
18386;61;1
18390;60;0
18394;59;0
18397;62;0
18401;58;2
18407;57;0
18408;60;2
18412;62;1
18416;60;0
18419;62;0
18423;61;2
18427;61;0
18430;59;4
18434;60;0
18438;60;1
18441;60;0
18445;58;1
18448;58;0
18452;60;2
18456;60;1
18459;59;2
18463;58;0
18467;61;0
18470;60;1
18474;57;1
18478;60;0
18481;57;3
18485;60;0
18489;57;3
18492;58;2
18496;59;3
18499;60;5
18503;60;0
18507;56;2
18510;59;1
18514;60;0
18518;58;0
18521;62;4
18525;58;3
18529;59;2
18532;60;0
18536;58;1
18540;58;5
18543;62;3
18547;60;0
18551;56;2
18554;44;0
18558;56;3
18561;61;1
18565;55;2
18569;59;2
18575;48;3
18576;60;1
18580;55;3
18583;58;0
18587;58;2
18591;59;3
18594;57;0
18598;62;2
18602;57;0
18605;60;2
18609;58;2
18612;58;1
18616;57;0
18620;57;5
18623;56;0
18627;57;0
18631;56;0
18634;46;4
18638;54;1
18642;56;3
18645;59;0
18649;57;0
18653;57;0
18656;59;1
18660;59;0
18664;58;2
18667;57;0
18671;61;4
18674;47;2
18678;59;2
18682;59;0
18685;61;0
18689;62;1
18693;57;1
18696;57;0
18700;57;361
18704;58;1023
18707;72;1647
18711;57;2105
18715;56;2459
18718;48;2718
18722;58;2921
18726;58;3049
18729;54;3151
18735;61;3273
18736;46;3306
18740;60;3354
18744;62;3408
18747;61;3449
18751;59;3487
18755;56;3516
18758;63;3545
18762;56;3566
18766;58;3596
18769;60;3612
18773;61;3640
18777;62;3662
18780;62;3692
18784;56;3706
18787;57;3737
18791;57;3738
18795;59;3768
18798;62;3785
18802;63;3804
18806;62;3823
18809;64;3838
18813;60;3863
18817;62;3869
18820;63;3885
18824;73;3915
18828;74;3932
18831;74;3949
18835;74;3964
18839;73;3976
18842;74;3996
18846;75;4010
18849;73;4039
18853;75;4044
18857;63;4061
18860;86;4077
18864;75;4089
18870;76;4095
18871;75;4095
18875;74;4095
18879;76;4095
18882;78;4095
18886;92;4095
18890;77;4095
18893;78;4095
18897;76;4095
18900;78;4095
18904;90;4095
18908;79;4095
18911;73;4095
18915;78;4095
18919;89;4095
18922;79;4095
18926;89;4095
18930;75;4095
18933;75;4095
18937;75;4095
18941;88;4095
18944;78;4095
18948;84;4095
18952;78;4095
18955;76;4095
18959;76;4095
18962;80;4095
18966;88;4095
18970;77;4095
18973;76;4095
18977;90;4095
18981;78;4095
18984;79;4095
18988;75;4095
18992;79;4095
18995;88;4095
19001;87;4095
19003;74;4095
19006;88;4095
19010;78;4095
19013;78;4095
19017;90;4095
19021;91;4095
19024;80;4095
19028;88;4095
19032;90;4095
19035;92;4095
19039;80;4095
19043;79;4095
19046;90;4095
19050;88;4095
19054;77;4095
19057;88;4095
19061;88;4095
19065;88;4095
19068;87;4095
19072;89;4095
19075;89;4095
19079;78;4095
19083;77;4095
19086;88;4095
19090;91;4095
19094;74;4095
19097;90;4095
19101;93;4095
19105;89;4095
19108;90;4095
19112;86;4095
19116;92;4095
19119;89;4095
19123;87;4095
19127;78;4095
19130;79;4095
19136;75;4095
19137;79;4095
19141;90;4095
19145;88;4095
19148;78;4095
19152;78;4095
19156;89;4095
19159;76;4095
19163;79;4095
19167;79;4095
19170;87;4095
19174;80;4095
19178;80;4095
19181;89;4095
19185;89;4095
19188;89;4095
19192;73;4095
19196;88;4095
19199;90;4095
19203;87;4095
19207;91;4095
19210;87;4095
19214;89;4095
19218;85;4095
19221;88;4095
19225;91;4095
19229;80;4095
19232;87;4095
19236;78;4095
19240;90;4095
19243;91;4095
19247;77;4095
19250;74;4095
19254;76;4095
19258;76;4095
19261;90;4095
19265;77;4095
19271;87;4095
19272;79;4095
19276;86;4095
19280;89;4095
19283;93;4095
19287;78;4095
19291;89;4095
19294;78;4095
19298;79;4095
19301;93;4095
19305;78;4095
19309;89;4095
19312;88;4095
19316;87;4095
19320;88;4095
19323;85;4095
19327;92;4095
19331;75;4095
19334;77;4095
19338;79;4095
19342;87;4095
19345;88;4095
19349;77;4095
19353;76;4095
19356;87;4095
19360;78;4095
19363;88;4095
19367;91;4095
19371;80;4095
19374;78;4095
19378;76;4095
19382;87;4095
19385;80;4095
19389;77;4095
19393;89;4095
19396;78;4095
19402;95;4095
19404;89;4095
19407;90;4095
19411;88;4095
19414;89;4095
19418;77;4095
19422;89;4095
19425;93;4095
19429;78;4095
19433;77;4095
19436;78;4095
19440;90;4095
19444;88;4095
19447;89;4095
19451;87;4095
19455;76;4095
19458;89;4095
19462;90;4095
19466;92;4095
19469;89;4095
19473;88;4095
19476;92;4095
19480;90;4095
19484;90;4095
19487;102;4095
19491;92;4095
19495;87;4095
19498;79;4095
19502;94;4095
19506;92;4095
19509;144;4095
19513;254;4095
19517;329;4095
19520;445;4095
19524;571;4095
19528;620;4095
19533;761;4095
19535;794;4095
19538;861;4095
19542;912;4095
19546;937;4095
19549;952;4095
19553;989;4095
19557;1019;4095
19560;1049;4095
19564;1071;4095
19568;1114;4095
19571;1136;4095
19575;1148;4095
19579;1163;4095
19582;1197;4095
19586;1215;4095
19589;1246;4095
19593;1272;4095
19597;1305;4095
19600;1302;4095
19604;1311;4095
19608;1322;4095
19611;1312;4095
19615;1324;4095
19619;1338;4095
19622;1338;4095
19626;1344;4095
19630;1341;4095
19633;1351;4095
19637;1351;4095
19641;1356;4095
19644;1342;4095
19648;1343;4095
19654;1322;4095
19655;1323;4095
19659;1323;4095
19662;1319;4095
19666;1310;4095
19670;1296;4095
19673;1292;4095
19677;1275;4095
19681;1260;4095
19684;1256;4095
19688;1226;4095
19692;1226;4095
19695;1199;4095
19699;1194;4095
19702;1183;4095
19706;1176;4095
19710;1149;4095
19713;1146;4095
19717;1116;4095
19721;1115;4095
19724;1081;4095
19728;1035;4095
19732;1005;4095
19735;987;4095
19739;972;4095
19743;937;4095
19746;893;4095
19750;875;4095
19754;859;4095
19757;828;4095
19761;816;4095
19764;779;4095
19770;743;4095
19772;713;4095
19775;665;4095
19779;606;4095
19783;553;4095
19786;494;4095
19790;429;4095
19794;320;4095
19797;282;4095
19801;238;4095
19805;135;4095
19808;94;4095
19812;94;4095
19815;91;4095
19819;94;4095
19823;96;4095
19826;93;4095
19830;91;4095
19834;91;4095
19837;90;4095
19841;90;4095
19845;94;4095
19848;89;4095
19852;92;4095
19856;91;4095
19859;103;4095
19863;104;4095
19867;94;4095
19870;93;4095
19874;92;4095
19877;90;4095
19881;95;4095
19885;94;4095
19888;93;4095
19892;88;4095
19896;93;4095
19902;90;4095
19903;91;4095
19907;89;4095
19910;92;4095
19914;93;4095
19918;90;4095
19921;92;4095
19925;87;4095
19929;92;4095
19932;87;4095
19936;89;4095
19939;91;4095
19943;88;4095
19947;90;4095
19950;88;4095
19954;91;4095
19958;89;4095
19961;92;4095
19965;90;4095
19969;80;4095
19972;91;4095
19976;91;4095
19980;91;4095
19983;80;4095
19987;88;4095
19990;78;4095
19994;77;4095
19998;80;4095
20001;78;4095
20005;76;4095
20009;78;4095
20012;77;4095
20016;77;4095
20020;80;4095
20023;77;4095
20027;89;4095
20033;77;4095
20034;80;4095
20038;88;4095
20042;79;4095
20045;80;4095
20049;77;4095
20052;79;4095
20056;87;4095
20060;77;4095
20063;79;4095
20067;79;4095
20071;80;4095
20074;73;4095
20078;75;4095
20082;79;4095
20085;88;4095
20089;74;4095
20093;76;4095
20096;76;4095
20100;73;4095
20103;77;4095
20107;78;4095
20111;86;4095
20114;91;4095
20118;80;4095
20122;79;4095
20125;77;4095
20129;89;4095
20133;87;4095
20136;88;4095
20140;87;4095
20144;79;4095
20147;87;4095
20151;76;4095
20155;77;4095
20158;79;4095
20162;78;4095
20168;86;4095
20169;76;4095
20173;77;4095
20176;86;4095
20180;76;4095
20184;76;4048
20187;78;3997
20191;78;3943
20195;80;3853
20198;74;3773
20202;77;3687
20206;75;3576
20209;78;3433
20213;78;3261
20217;75;3113
20220;74;2990
20224;76;2903
20227;76;2816
20231;63;2729
20235;71;2624
20238;76;2492
20242;62;2375
20246;74;2220
20249;73;2056
20253;72;1868
20257;71;1690
20260;72;1532
20264;73;1373
20268;74;1181
20271;69;1024
20275;71;879
20278;60;717
20282;62;639
20286;64;622
20289;57;574
20293;58;556
20297;62;519
20303;69;490
20304;60;476
20308;62;475
20311;58;463
20315;59;461
20319;59;454
20322;72;441
20326;63;415
20330;56;407
20333;61;391
20337;62;362
20340;59;361
20344;62;312
20348;58;310
20351;63;285
20355;60;270
20359;61;267
20362;59;267
20366;59;252
20370;63;252
20373;59;236
20377;59;236
20381;63;236
20384;61;235
20388;63;222
20391;59;219
20395;59;217
20399;62;200
20402;62;173
20406;60;152
20410;61;136
20413;63;139
20417;59;109
20421;63;106
20424;63;104
20428;61;91
20432;61;56
20435;58;44
20439;63;44
20443;72;39
20448;60;19
20450;57;17
20453;58;1
20457;59;0
20461;64;1
20464;61;1
20468;57;0
20472;62;2
20475;59;0
20479;60;0
20483;59;0
20486;60;1
20490;64;2
20494;61;0
20497;56;1
20501;61;0
20504;61;0
20508;57;3
20512;58;1
20515;73;0
20519;57;1
20523;72;0
20526;62;1
20530;63;0
20534;56;0
20537;61;0
20541;56;4
20545;57;1
20548;60;0
20552;58;1
20556;56;0
20559;62;2
20563;59;1
20566;62;1
20570;58;2
20574;70;2
20577;58;1
20581;71;3
20585;71;0
20588;57;2
20592;59;2
20596;71;1
20599;58;3
20603;62;0
20607;62;2
20610;58;2
20616;59;0
20618;57;1
20621;60;1
20625;61;2
20628;56;3
20632;59;2
20636;57;1
20639;63;3
20643;72;2
20647;61;3
20650;61;1
20654;57;0
20658;56;1
20661;63;0
20665;61;1
20669;62;0
20672;61;2
20676;63;3
20679;61;0
20683;63;1
20687;59;1
20690;63;2
20694;60;2
20698;58;0
20701;60;4
20705;59;1
20709;62;0
20712;62;2
20716;61;2
20720;60;2
20723;61;3
20727;59;0
20731;61;0
20734;61;2
20738;59;3
20741;59;2
20745;63;3
20749;63;0
20752;58;0
20756;57;1
20760;60;0
20763;62;1
20767;71;0
20771;58;4
20774;48;2
20778;56;1
20782;61;1
20788;61;1
20789;58;2
20792;62;0
20796;61;0
20800;64;0
20803;71;4
20807;63;1
20811;64;0
20814;61;0
20818;60;0
20822;63;1
20825;62;0
20829;72;2
20833;58;0
20836;61;2
20840;61;0
20844;64;0
20847;63;0
20851;57;2
20854;56;2
20858;58;0
20862;63;0
20865;61;0
20869;62;3
20873;56;1
20876;57;1
20880;61;0
20884;60;0
20887;61;0
20891;62;1
20895;60;2
20898;62;1
20902;73;2
20905;72;1
20909;73;2
20913;55;2
20916;61;1
20920;61;0
20924;72;0
20927;64;3
20931;59;1
20935;60;2
20938;58;3
20942;71;1
20946;60;3
20949;61;1
20955;56;0
20957;60;0
20960;59;2
20964;64;2
20967;60;0
20971;61;0
20975;62;0
20978;57;1
20982;64;1
20986;64;3
20989;60;0
20993;64;1
20997;59;2
21000;71;0
21004;60;2
21008;70;0
21011;70;0
21015;61;2
21019;70;0
21022;60;1
21026;60;0
21029;59;2
21033;73;1
21037;63;0
21040;61;4
21044;64;1
21048;74;1
21051;57;0
21055;58;1
21059;60;2
21062;71;1
21066;61;1
21070;62;1
21073;62;2
21077;60;2
21080;59;0
21084;62;1
21088;71;2
21091;61;0
21095;61;0
21099;57;0
21102;58;0
21106;62;1
21110;61;0
21113;62;0
21117;59;3
21121;62;0
21153;60;0
21153;71;0
21154;57;2
21156;46;1
21160;61;1
21164;59;0
21167;64;1
21171;58;0
21175;61;0
21178;59;0
21182;62;0
21186;61;0
21189;64;0
21193;61;4
21197;61;0
21200;60;1
21204;60;0
21207;58;0
21211;60;0
21215;60;1
21218;61;2
21222;62;1
21226;72;0
21229;60;1
21233;60;3
21237;56;2
21240;61;2
21244;62;3
21248;62;2
21251;63;0
21255;58;2
21258;58;3
21262;58;1
21266;72;0
21269;59;0
21273;59;4
21277;60;3
21280;55;0
21284;70;0
21288;74;0
21291;60;1
21295;60;2
21299;59;0
21302;57;0
21306;71;1
21310;62;1
21315;59;1
21317;57;0
21320;55;2
21324;72;0
21328;58;1
21331;61;2
21335;55;4
21339;64;0
21342;60;1
21346;59;1
21350;57;4
21353;61;1
21357;58;1
21361;62;1
21364;64;3
21368;61;2
21372;59;0
21375;61;1
21379;63;2
21382;62;0
21386;62;2
21390;59;3
21393;57;0
21397;57;3
21401;59;2
21404;62;1
21408;71;1
21412;60;3
21415;70;0
21419;70;0
21423;62;2
21426;61;1
21430;59;1
21433;58;0
21437;60;2
21441;63;1
21444;61;2
21448;63;1
21452;60;1
21455;62;1
21459;60;1
21463;61;2
21466;62;2
21470;61;0
21474;63;0
21477;72;1
21481;58;2
21487;71;0
21488;61;3
21492;63;0
21495;58;2
21499;60;0
21503;63;1
21506;64;1
21510;73;0
21514;62;2
21517;48;1
21521;63;0
21525;59;0
21528;72;1
21532;58;0
21536;63;1
21539;62;1
21543;63;1
21546;62;0
21550;70;1
21554;63;0
21557;59;2
21561;60;3
21565;60;3
21568;59;0
21572;60;3
21576;61;1
21579;71;1
21583;60;1
21587;61;0
21590;58;1
21594;62;0
21598;60;0
21601;61;1
21605;61;0
21608;64;2
21612;62;2
21616;59;1
21619;71;1
21623;61;1
21627;71;1
21630;60;0
21634;58;0
21638;58;1
21641;58;3
21645;63;4
21649;58;0
21654;59;2
21656;60;0
21659;60;2
21663;61;2
21667;61;0
21670;59;0
21674;60;0
21678;58;2
21681;62;1
21685;61;0
21689;62;1
21692;60;0
21696;62;2
21700;58;0
21703;59;2
21707;63;2
21711;61;1
21714;58;1
21718;57;0
21721;70;2
21725;60;1
21729;60;2
21732;62;2
21736;60;2
21740;64;0
21743;64;3
21747;62;0
21751;60;0
21754;57;2
21758;56;3
21762;64;1
21765;71;0
21769;59;1
21773;57;2
21776;58;0
21780;70;1
21783;71;0
21787;61;1
21791;61;0
21794;62;2
21798;59;2
21802;62;1
21805;57;1
21809;61;0
21813;62;1
21816;58;2
21820;62;3
21826;64;1
21827;60;2
21831;60;1
21834;62;0
21838;59;1
21842;60;0
21845;60;3
21849;62;1
21853;60;0
21856;60;0
21860;61;0
21864;72;0
21867;60;1
21871;62;0
21875;63;1
21878;60;3
21882;60;0
21886;63;2
21889;62;2
21893;58;3
21896;61;2
21900;59;3
21904;61;1
21907;71;1
21911;60;0
21915;57;0
21918;60;1
21922;70;0
21926;64;0
21929;63;4
21933;60;0
21937;61;0
21940;62;1
21944;58;0
21947;61;0
21951;59;0
21955;59;0
21958;62;0
21962;61;3
21966;60;0
21969;61;0
21973;59;1
21977;59;0
21980;71;0
21984;72;0
21988;60;2
21993;60;0
21995;58;0
21999;62;2
22002;62;1
22006;62;1
22009;62;0
22013;59;1
22017;58;2
22020;59;0
22024;62;3
22028;61;2
22031;57;2
22035;59;2
22039;58;2
22042;71;1
22046;61;1
22050;63;0
22053;59;1
22057;60;1
22060;59;0
22064;70;1
22068;61;1
22071;61;2
22075;60;1
22079;62;0
22082;71;1
22086;70;1
22090;64;0
22093;60;0
22097;59;0
22101;70;0
22104;62;3
22108;61;3
22112;62;1
22115;59;1
22119;62;0
22122;70;2
22126;60;2
22130;62;0
22133;64;2
22137;59;0
22141;71;0
22144;62;0
22148;72;0
22152;57;2
22155;60;0
22159;60;0
22165;71;2
22166;59;2
22170;60;1
22174;59;1
22177;58;1
22181;72;0
22184;62;0
22188;60;0
22192;62;1
22195;60;2
22199;58;1
22203;61;2
22206;62;2
22210;61;1
22214;60;0
22217;62;3
22221;60;2
22225;61;0
22228;62;3
22232;59;0
22235;57;1
22239;58;0
22243;61;0
22246;69;2
22250;61;2
22254;60;0
22257;58;2
22261;62;1
22265;73;0
22268;62;0
22272;60;0
22276;61;1
22279;61;2
22283;63;1
22287;62;1
22290;62;2
22294;59;2
22297;60;0
22301;58;1
22305;59;0
22308;62;0
22312;59;0
22316;59;0
22319;61;1
22323;62;0
22327;61;3
22330;63;2
22336;61;0
22338;60;0
22341;60;0
22345;58;1
22348;59;0
22352;63;0
22356;59;2
22359;60;3
22363;62;0
22367;62;2
22370;62;2
22374;63;2
22378;59;3
22381;61;0
22385;60;1
22389;60;0
22392;69;4
22396;56;2
22400;60;1
22403;72;0
22407;62;1
22410;60;2
22414;58;1
22418;60;2
22421;61;1
22425;63;1
22429;61;0
22432;62;2
22436;64;0
22440;69;1
22443;61;2
22447;63;2
22451;60;2
22454;61;3
22458;60;0
22461;62;0
22465;61;0
22469;61;2
22472;58;0
22476;60;1
22480;60;3
22483;62;1
22487;71;1
22491;58;2
22494;57;2
22498;59;2
22504;60;4
22505;70;0
22509;59;0
22513;63;1
22516;62;1
22520;60;1
22523;57;0
22527;61;2
22531;60;3
22534;58;1
22538;58;1
22542;59;2
22545;61;0
22549;63;0
22553;63;0
22556;59;1
22560;58;0
22564;59;2
22567;63;0
22571;60;2
22575;59;1
22578;61;0
22582;71;0
22585;61;3
22589;63;0
22593;61;2
22596;59;1
22600;62;1
22604;62;0
22607;61;2
22611;59;1
22615;60;2
22618;59;1
22622;61;1
22626;60;2
22629;60;3
22633;58;1
22636;61;0
22640;60;2
22644;64;2
22647;61;2
22651;62;0
22655;59;2
22658;60;2
22662;58;3
22666;61;0
22669;63;1
22675;58;0
22677;62;1
22680;60;3
22684;64;2
22688;61;0
22691;60;2
22695;61;2
22698;59;0
22702;62;2
22706;61;3
22709;59;1
22713;60;0
22717;62;1
22720;59;1
22724;72;1
22728;58;1
22731;61;1
22735;59;0
22739;61;2
22742;60;0
22746;61;1
22749;64;2
22753;60;1
22757;58;3
22760;60;0
22764;61;1
22768;62;2
22771;59;1
22775;60;3
22779;57;1
22782;61;0
22786;63;2
22790;61;1
22793;69;0
22797;58;0
22801;59;3
22804;62;1
22808;61;2
22811;63;1
22815;60;2
22819;61;3
22822;61;0
22826;72;3
22830;59;0
22833;61;2
22837;61;1
22843;62;0
22844;64;1
22848;58;2
22852;61;0
22855;60;1
22859;62;1
22862;60;1
22866;61;0
22870;62;3
22873;61;2
22877;60;0
22881;58;1
22884;60;0
22888;62;2
22892;61;0
22895;60;0
22899;60;2
22903;62;0
22906;62;3
22910;62;0
22914;61;0
22917;62;1
22921;63;0
22924;58;0
22928;60;0
22932;62;3
22935;62;0
22939;72;3
22943;61;0
22946;60;1
22950;62;0
22954;61;1
22957;56;1
22961;61;4
22965;64;2
22968;60;2
22972;62;1
22976;60;1
22979;60;0
22983;61;3
22986;60;1
22990;62;2
22994;55;0
22997;60;1
23001;61;0
23005;59;0
23008;61;1
23014;60;1
23016;61;2
23019;60;2
23023;62;0
23027;61;2
23030;62;0
23034;61;3
23037;59;0
23041;58;0
23045;62;1
23048;62;0
23052;58;0
23056;60;1
23059;61;0
23063;63;3
23067;60;2
23070;62;2
23074;62;1
23078;60;2
23081;59;0
23085;62;1
23089;63;1
23092;62;2
23096;59;0
23099;56;0
23103;60;0
23107;61;0
23110;58;0
23114;58;1
23118;61;1
23121;71;1
23125;61;0
23129;71;1
23132;62;2
23136;59;2
23140;60;0
23143;64;2
23147;61;2
23150;62;1
23154;58;1
23158;59;1
23161;59;2
23165;64;0
23169;62;1
23172;62;0
23176;63;1
23182;60;2
23183;60;2
23187;62;2
23191;62;0
23194;61;2
23198;58;0
23202;60;1
23205;60;0
23209;63;1
23212;64;0
23216;58;1
23220;71;1
23223;63;1
23227;59;1
23231;60;0
23234;61;0
23238;57;0
23242;61;4
23245;64;1
23249;70;0
23253;63;0
23256;56;2
23260;62;1
23263;62;2
23267;63;2
23271;58;0
23274;60;3
23278;61;0
23282;60;1
23285;62;1
10480;0;1
10480;0;0
10480;1;0
10481;1;0
10484;0;0
10487;0;3
10491;0;1
10494;0;0
10498;2;0
10502;5;0
10505;1;2
10509;0;2
10513;3;1
10516;1;2
10520;2;1
10524;2;1
10527;4;0
10531;3;0
10538;1;0
10538;1;1
10542;2;0
10546;4;1
10549;1;0
10553;1;0
10556;1;0
10560;1;0
10564;0;0
10567;0;0
10571;3;2
10575;1;0
10578;3;2
10582;2;0
10586;6;0
10589;4;0
10593;1;0
10597;5;2
10600;1;1
10604;4;1
10607;3;1
10611;6;0
10615;2;0
10618;0;0
10622;2;0
10626;0;0
10629;1;1
10633;2;1
10637;3;0
10640;1;0
10644;4;0
10648;3;1
10651;2;1
10655;1;2
10659;4;2
10662;1;2
10666;3;3
10669;0;0
10673;3;2
10677;4;0
10680;2;0
10684;3;4
10688;2;0
10691;5;1
10695;4;0
10699;0;0
10702;0;0
10706;3;0
10710;3;0
10713;3;1
10717;4;2
10720;3;1
10726;3;0
10728;1;0
10731;4;2
10735;0;2
10739;0;1
10742;1;2
10746;1;0
10750;0;1
10753;0;0
10757;0;0
10761;0;1
10764;1;2
10768;3;0
10772;0;0
10775;2;0
10779;0;2
10782;0;0
10786;2;0
10790;0;0
10793;2;0
10797;2;0
10801;2;0
10804;3;2
10808;2;0
10812;3;2
10815;5;0
10819;2;2
10823;1;0
10826;2;1
10830;2;1
10833;0;1
10837;0;0
10841;5;0
10844;2;0
10848;0;1
10852;1;0
10855;4;0
10859;1;0
10863;0;0
10866;6;0
10870;1;0
10874;1;0
10877;3;0
10881;0;3
10885;3;1
10888;1;0
10892;2;0
10895;0;0
10899;4;0
10903;4;1
10906;0;1
10912;0;0
10914;3;0
10917;4;0
10921;4;4
10925;3;0
10928;5;0
10932;4;0
10936;0;2
10939;0;0
10943;3;0
10947;0;0
10950;4;1
10954;0;0
10957;1;0
10961;1;2
10965;4;0
10968;0;0
10972;2;0
10976;2;0
10979;1;0
10983;2;0
10987;3;0
10990;0;0
10994;4;2
10998;0;1
11001;2;1
11005;1;0
11008;1;1
11012;3;1
11016;1;1
11019;0;2
11023;5;0
11027;2;4
11030;1;0
11034;0;0
11038;1;0
11041;3;2
11045;2;0
11049;1;3
11052;5;0
11056;1;0
11060;2;1
11063;0;0
11067;2;2
11070;1;0
11074;4;0
11078;3;0
11081;0;0
11085;2;0
11089;3;2
11092;2;0
11098;1;0
11100;0;0
11103;1;2
11107;1;2
11111;4;0
11114;3;0
11118;1;1
11121;2;0
11125;1;0
11129;5;0
11132;2;0
11136;2;0
11140;1;0
11143;1;0
11147;2;0
11151;0;1
11154;3;0
11158;3;2
11162;3;0
11165;2;4
11169;1;2
11173;2;0
11176;5;0
11180;4;1
11183;5;1
11187;0;1
11191;4;0
11194;3;0
11198;3;2
11202;2;0
11205;0;2
11209;0;2
11213;2;0
11216;4;0
11220;0;1
11224;1;2
11227;2;0
11231;2;0
11234;3;3
11238;4;0
11242;2;0
11245;2;0
11249;1;0
11253;0;0
11256;2;0
11260;2;2
11264;4;0
11267;0;0
11271;4;1
11275;2;0
11278;1;0
11284;4;1
11286;1;1
11289;4;0
11293;2;0
11296;4;0
11300;2;1
11304;5;0
11307;0;0
11311;1;1
11315;2;2
11318;2;1
11322;1;0
11326;0;0
11329;3;1
11333;4;1
11337;2;1
11340;7;0
11344;0;0
11348;0;1
11351;3;0
11355;0;0
11358;1;0
11362;1;0
11366;0;1
11369;6;0
11373;3;0
11377;0;0
11380;0;0
11384;3;0
11388;6;0
11391;0;3
11395;4;0
11399;1;2
11402;1;1
11406;3;1
11409;2;2
11413;0;0
11417;4;0
11420;3;1
11424;4;0
11428;3;1
11431;2;2
11435;2;1
11439;3;0
11442;0;0
11446;0;2
11450;0;0
11453;2;1
11457;0;0
11461;5;0
11464;2;1
11470;3;0
11471;0;0
11475;1;0
11479;2;0
11482;0;2
11486;2;4
11490;2;0
11493;2;0
11497;3;0
11501;0;0
11504;4;2
11508;5;3
11512;0;2
11515;1;0
11519;3;2
11522;2;0
11526;3;2
11530;3;0
11533;0;0
11537;1;0
11541;2;1
11544;4;1
11548;3;0
11552;4;0
11555;4;0
11559;1;0
11563;0;2
11566;2;0
11570;5;0
11574;3;2
11577;2;0
11581;5;0
11584;1;0
11588;5;1
11592;0;0
11595;3;0
11599;0;1
11603;0;0
11606;0;0
11610;4;0
11614;1;2
11617;2;2
11621;4;0
11625;1;1
11628;1;0
11632;9;0
11635;5;0
11639;1;2
11643;1;0
11646;3;2
11650;4;1
11654;0;0
11659;2;1
11661;1;0
11665;2;1
11668;1;0
11672;5;0
11676;0;2
11679;0;1
11683;7;3
11687;2;0
11690;0;1
11694;2;0
11697;4;0
11701;0;0
11705;1;0
11708;1;1
11712;4;0
11716;4;0
11719;2;1
11723;2;0
11727;3;0
11730;0;0
11734;1;0
11738;2;0
11741;4;3
11745;4;2
11749;0;1
11752;3;1
11756;0;0
11759;0;0
11763;1;0
11767;0;2
11770;5;1
11774;1;0
11778;1;0
11781;4;0
11785;1;0
11789;0;0
11792;0;1
11796;0;0
11800;1;2
11803;4;1
11807;3;3
11810;2;0
11814;2;2
11818;0;3
11821;4;1
11825;0;0
11829;5;0
11832;1;0
11836;5;0
11840;0;1
11872;1;1
11873;3;0
11873;4;0
11876;0;0
11879;6;0
11883;5;0
11887;3;0
11890;4;0
11894;3;1
11898;1;2
11901;2;0
11905;2;2
11908;2;1
11912;4;0
11916;2;0
11919;2;1
11923;4;3
11927;4;4
11930;4;0
11934;1;0
11938;2;0
11941;0;0
11945;2;0
11949;2;2
11952;4;0
11956;1;0
11959;1;2
11963;2;0
11967;1;0
11970;1;2
11974;4;1
11978;2;1
11981;3;0
11985;3;0
11989;3;1
11992;3;0
11996;3;0
12000;3;2
12003;2;1
12007;0;0
12011;2;0
12014;0;0
12018;3;1
12021;2;0
12025;5;0
12029;5;0
12032;0;0
12036;4;1
12040;1;0
12043;2;0
12047;2;0
12065;2;0
12065;6;0
12066;0;0
12068;0;0
12072;4;2
12076;4;0
12079;4;1
12083;1;4
12087;0;0
12090;3;0
12094;3;0
12098;2;2
12101;2;1
12105;2;2
12109;1;2
12112;1;0
12116;1;1
12119;2;0
12123;3;0
12127;2;0
12130;0;1
12134;3;2
12138;0;0
12141;2;2
12145;0;0
12149;3;3
12152;4;0
12156;2;0
12160;2;0
12163;0;1
12167;3;0
12170;4;0
12174;2;0
12178;2;0
12181;0;0
12185;0;0
12189;0;0
12192;1;0
12196;2;0
12200;1;0
12203;1;1
12207;1;1
12211;1;2
12214;3;0
12218;0;2
12222;0;1
12225;4;2
12229;4;0
12232;2;6
12236;0;0
12240;0;0
12246;1;1
12247;2;1
12251;0;0
12254;0;0
12258;1;0
12262;0;0
12265;0;2
12269;2;4
12273;2;1
12276;0;0
12280;2;0
12284;1;1
12287;1;3
12291;2;0
12294;3;1
12298;0;2
12302;2;2
12305;0;0
12309;2;0
12313;2;0
12316;6;2
12320;3;1
12324;0;1
12327;2;0
12331;3;1
12335;5;1
12338;2;0
12342;0;0
12345;0;1
12349;4;2
12353;4;0
12356;2;2
12360;4;0
12364;2;1
12367;0;1
12371;2;0
12375;3;4
12378;1;0
12382;0;0
12386;2;1
12389;4;2
12393;4;1
12397;0;0
12400;3;1
12404;1;1
12407;0;0
12411;5;1
12415;0;0
12418;0;2
12422;5;0
12426;3;0
12431;2;0
12433;1;0
12437;3;0
12440;3;1
12444;4;0
12448;3;0
12451;2;0
12455;5;0
12458;2;0
12462;3;0
12466;2;0
12469;2;0
12473;2;0
12477;2;0
12480;0;1
12484;0;0
12488;4;0
12491;7;0
12495;3;2
12499;4;0
12502;2;0
12506;1;1
12510;0;0
12513;1;0
12517;3;0
12520;4;1
12524;0;1
12528;2;2
12531;1;0
12535;3;0
12539;3;2
12542;0;2
12546;2;0
12550;2;1
12553;3;1
12557;1;0
12561;0;0
12564;2;0
12568;2;0
12571;2;0
12575;0;1
12579;2;0
12582;3;1
12586;1;0
12590;0;0
12593;4;1
12597;0;0
12601;1;3
12604;5;1
12608;4;2
12612;0;0
12615;2;0
12621;2;1
12623;4;0
12626;0;0
12630;3;0
12633;4;1
12637;2;0
12641;2;2
12644;4;0
12648;2;0
12652;2;0
12655;0;0
12659;1;0
12663;0;0
12666;3;0
12670;2;1
12674;4;2
12677;1;0
12681;0;0
12685;2;1
12688;0;1
12692;3;2
12695;2;0
12699;0;0
12703;1;0
12706;6;1
12710;1;0
12714;0;0
12717;1;0
12721;1;2
12725;3;1
12728;3;0
12732;2;1
12736;0;3
12739;3;1
12743;2;0
12746;2;1
12750;1;0
12754;0;0
12757;0;0
12761;0;0
12765;3;0
12768;3;0
12772;1;1
12776;3;0
12779;0;0
12783;6;2
12787;4;0
12790;0;1
12794;3;0
12798;2;4
12801;3;1
12807;1;1
12808;1;0
12812;0;0
12816;2;0
12819;3;0
12823;0;0
12827;0;1
12830;4;0
12834;1;4
12838;2;0
12841;2;0
12845;3;1
12849;1;1
12852;2;2
12856;2;0
12859;1;0
12863;1;0
12867;3;0
12870;1;2
12874;2;1
12878;4;0
12881;5;1
12885;1;4
12889;2;2
12892;1;0
12896;0;0
12900;3;0
12903;2;0
12907;2;0
12911;1;2
12914;1;0
12918;4;0
12921;0;2
12925;2;2
12929;2;0
12932;3;0
12936;0;0
12940;0;0
12943;7;0
12947;3;2
12951;2;1
12954;0;2
12958;5;0
12962;3;2
12965;1;0
12969;5;0
12972;5;0
12976;2;0
12980;2;0
12983;0;0
12987;2;2
12993;1;1
12994;4;0
12998;5;0
13002;0;0
13005;6;0
13009;2;0
13013;3;1
13016;0;2
13020;0;1
13024;0;0
13027;0;2
13031;4;2
13034;4;2
13038;3;5
13042;1;0
13045;3;1
13049;1;1
13053;1;0
13056;3;0
13060;1;0
13064;2;1
13067;2;1
13071;4;3
13075;3;0
13078;2;0
13082;1;0
13086;2;3
13089;2;1
13093;0;2
13096;0;0
13100;2;0
13104;3;3
13107;5;0
13111;2;0
13115;4;0
13118;1;4
13122;4;0
13126;3;4
13129;1;2
13133;2;0
13137;4;1
13140;2;0
13144;2;0
13147;6;0
13151;0;3
13155;5;3
13158;1;1
13162;0;0
13166;4;0
13169;1;1
13173;1;0
13179;1;0
13180;1;0
13184;0;0
13188;2;0
13191;2;0
13195;2;0
13199;0;0
13202;2;0
13206;6;0
13209;2;1
13213;0;2
13217;0;0
13220;0;0
13224;5;0
13228;0;0
13231;0;0
13235;4;0
13239;4;2
13242;2;0
13246;3;3
13250;1;0
13253;2;0
13257;2;1
13260;2;0
13264;3;2
13268;6;0
13271;1;2
13275;2;4
13279;2;1
13282;1;0
13286;0;0
13290;7;1
13293;0;0
13297;3;0
13301;5;0
13304;3;0
13308;0;0
13312;2;1
13315;3;0
13319;2;0
13322;0;0
13326;2;0
13330;4;2
13333;2;0
13337;0;0
13341;2;0
13344;6;0
13348;4;0
13352;4;2
13355;1;0
13359;2;1
13365;2;2
13366;1;0
13370;4;4
13373;1;1
13377;2;2
13381;3;0
13384;1;1
13388;1;2
13392;3;0
13395;2;0
13399;1;0
13403;1;0
13406;2;0
13410;2;0
13414;0;0
13417;0;1
13421;0;0
13425;1;0
13428;3;0
13432;1;0
13435;0;2
13439;0;0
13443;2;3
13446;2;0
13450;5;0
13454;1;0
13457;3;2
13461;4;1
13465;3;0
13468;2;1
13472;2;0
13476;2;0
13479;4;2
13483;3;0
13487;0;1
13490;0;0
13494;0;0
13497;0;0
13501;3;2
13505;0;0
13508;0;0
13512;2;0
13516;2;0
13519;2;0
13523;1;1
13527;5;0
13530;2;1
13534;2;1
13538;2;3
13541;1;0
13545;2;1
13548;0;1
13554;4;1
13556;3;0
13559;2;1
13563;1;3
13567;2;0
13570;2;0
13574;2;1
13578;5;1
13581;2;0
13585;3;2
13589;2;0
13592;2;0
13596;2;0
13600;2;1
13603;0;0
13607;0;0
13610;6;2
13614;2;0
13618;1;3
13621;2;1
13625;3;0
13629;0;0
13632;2;0
13636;5;0
13640;1;1
13643;3;1
13647;2;1
13651;2;0
13654;2;1
13658;1;0
13661;4;0
13665;2;1
13669;1;2
13672;2;0
13676;2;0
13680;1;0
13683;2;1
13687;0;0
13691;1;0
13694;0;1
13698;2;0
13702;3;0
13705;1;0
13709;2;1
13713;0;0
13716;1;1
13720;0;1
13723;5;2
13727;0;2
13731;4;0
13734;0;0
13740;2;2
13742;1;0
13745;2;2
13749;4;2
13753;1;2
13756;2;0
13760;5;4
13764;1;0
13767;6;3
13771;1;0
13774;0;3
13778;2;2
13782;4;4
13785;0;0
13789;3;1
13793;4;0
13796;0;0
13800;4;2
13804;0;2
13807;1;0
13811;3;2
13815;0;1
13818;2;2
13822;4;4
13826;1;1
13829;3;1
13833;4;0
13836;3;2
13840;0;1
13844;6;2
13847;1;3
13851;2;0
13855;4;0
13858;2;0
13862;3;1
13866;0;0
13869;2;0
13873;1;0
13877;2;0
13880;0;2
13884;2;2
13888;2;0
13891;1;0
13895;0;2
13898;2;1
13902;3;4
13906;5;1
13909;0;0
13913;3;2
13917;5;0
13920;3;0
13926;1;0
13928;1;0
13931;4;0
13935;3;2
13939;0;1
13942;3;0
13946;2;1
13949;4;0
13953;1;1
13957;0;1
13960;4;0
13964;2;1
13968;6;0
13971;5;0
13975;0;3
13979;1;0
13982;2;1
13986;2;0
13990;5;0
13993;3;0
13997;4;2
14001;2;0
14004;3;2
14008;3;0
14011;1;0
14015;2;1
14019;0;0
14022;0;0
14026;0;2
14030;5;0
14033;2;1
14037;0;0
14041;3;5
14044;5;0
14048;2;2
14052;5;1
14055;2;0
14059;2;2
14062;4;1
14066;6;0
14070;5;0
14073;4;1
14077;2;0
14081;2;0
14084;2;0
14088;0;0
14092;2;3
14095;2;1
14099;2;0
14103;3;0
14106;3;0
14112;0;0
14114;0;0
14117;3;4
14121;1;0
14124;4;0
14128;4;2
14132;3;2
14135;0;0
14139;2;2
14143;0;0
14146;4;0
14150;3;2
14154;1;1
14157;3;2
14161;4;0
14165;4;2
14168;3;0
14172;2;3
14175;1;0
14179;2;1
14183;1;0
14186;7;0
14190;1;1
14194;4;1
14197;4;1
14201;3;0
14205;4;0
14208;1;3
14212;2;0
14216;5;1
14219;1;4
14223;0;2
14227;0;0
14230;2;2
14234;3;2
14237;3;0
14241;1;1
14245;0;0
14248;0;1
14252;3;0
14256;0;0
14259;0;0
14263;4;1
14267;0;2
14270;2;0
14274;3;0
14278;2;2
14281;5;0
14285;3;2
14289;3;0
14292;2;3
14298;1;0
14299;6;0
14303;0;0
14307;3;0
14310;3;2
14314;0;0
14318;4;1
14321;4;2
14325;4;0
14329;1;0
14332;1;2
14336;4;0
14340;2;0
14343;1;0
14347;3;2
14350;2;2
14354;1;4
14358;3;1
14361;4;0
14365;1;1
14369;4;3
14372;4;0
14376;4;0
14380;4;0
14383;0;0
14387;0;2
14391;1;2
14394;5;0
14398;2;0
14402;2;0
14405;2;0
14409;2;0
14412;3;1
14416;0;0
14420;0;0
14423;2;1
14427;0;0
14431;1;0
14434;2;4
14438;1;2
14442;2;0
14445;0;0
14449;3;0
14453;1;1
14456;3;0
14460;1;0
14463;2;0
14467;1;2
14471;1;2
14474;4;0
14478;2;0
14482;2;0
14488;4;0
14489;1;2
14493;0;0
14496;0;0
14500;3;0
14504;1;2
14507;1;0
14511;2;1
14515;1;1
14518;2;0
14522;0;0
14525;2;4
14529;0;2
14533;0;0
14536;2;0
14540;3;1
14544;4;0
14547;3;0
14551;5;3
14555;1;0
14558;2;1
14562;1;2
14566;0;1
14569;1;1
14573;2;1
14577;2;0
14580;0;3
14584;2;3
14587;2;0
14591;1;1
14595;3;0
14598;1;0
14602;5;0
14606;1;1
14609;0;2
14613;0;0
14617;1;0
14620;3;0
14624;2;2
14628;1;2
14631;3;0
14635;4;4
14638;3;1
14642;5;0
14646;5;0
14649;1;2
14653;1;0
14657;2;0
14660;0;0
14664;7;2
14668;3;0
14674;3;2
14675;2;3
14679;0;1
14682;0;0
14686;1;0
14690;4;3
14693;2;2
14697;4;3
14700;5;0
14704;0;0
14708;2;0
14711;4;1
14715;1;0
14719;2;2
14722;3;0
14726;1;2
14730;3;0
14733;4;1
14737;3;1
14741;4;2
14744;4;0
14748;3;0
14751;0;0
14755;1;0
14759;2;1
14762;4;0
14766;4;0
14770;4;4
14773;1;0
14777;1;1
14781;1;1
14784;1;0
14788;0;0
14792;1;0
14795;0;2
14799;4;0
14803;2;2
14806;2;1
14810;3;1
14813;1;0
14817;2;2
14821;3;0
14824;0;1
14828;4;0
14832;3;1
14835;4;0
14839;4;0
14843;8;0
14846;2;0
14850;7;1
14854;5;0
14859;3;0
14861;2;0
14864;2;0
14868;5;0
14872;5;1
14875;0;0
14879;3;2
14883;4;1
14886;0;0
14890;3;1
14894;2;1
14897;3;3
14901;3;0
14905;3;0
14908;2;0
14912;0;1
14916;0;0
14919;2;1
14923;1;0
14926;1;0
14930;4;0
14934;4;0
14937;1;1
14941;1;0
14945;4;0
14948;3;0
14952;2;2
14956;2;0
14959;3;4
14963;1;0
14967;3;3
14970;1;1
14974;2;0
14978;3;1
14981;4;0
14985;4;2
14988;1;1
14992;4;0
14996;1;0
14999;3;0
15003;6;0
15007;2;1
15010;5;2
15014;2;0
15018;1;2
15021;2;0
15025;5;6
15029;1;0
15032;0;0
15036;0;3
15039;0;2
15045;5;0
15047;3;2
15050;0;4
15054;0;2
15058;3;1
15061;1;0
15065;3;0
15069;0;1
15072;0;2
15076;2;1
15080;1;1
15083;6;2
15087;2;0
15091;2;4
15094;4;0
15098;3;2
15101;4;2
15105;0;1
15109;2;0
15112;3;0
15116;2;1
15120;2;1
15123;0;0
15127;3;0
15131;3;0
15134;2;1
15138;4;0
15142;2;5
15145;5;0
15149;1;0
15152;3;0
15156;3;0
15160;4;0
15163;3;2
15167;5;2
15171;0;0
15174;4;0
15178;0;0
15182;1;2
15185;2;0
15189;5;0
15193;1;0
15196;0;2
15200;5;3
15204;2;0
15207;0;1
15211;2;1
15214;5;1
15218;2;1
15222;3;1
15225;0;0
15231;0;0
15233;4;0
15236;4;1
15240;3;4
15244;2;0
15247;2;0
15251;2;1
15255;2;0
15258;6;2
15262;2;1
15265;5;0
15269;2;1
15273;0;0
15276;4;0
15280;1;0
15284;1;0
15287;1;3
15291;4;1
15295;0;0
15298;0;2
15302;4;1
15306;3;0
15309;4;1
15313;1;1
15317;0;0
15320;2;0
15324;5;0
15327;3;0
15331;0;1
15335;2;1
15338;0;1
15342;0;0
15346;3;2
15349;1;1
15353;2;0
15357;1;0
15360;0;0
15364;3;0
15368;2;0
15371;1;2
15375;2;0
15379;4;1
15382;0;0
15386;0;0
15389;2;1
15393;2;0
15397;3;1
15400;3;2
15404;2;3
15408;0;3
15411;1;0
15415;0;0
15421;1;1
15422;4;1
15426;5;1
15430;4;0
15433;1;0
15437;6;0
15440;1;1
15444;1;0
15448;2;0
15451;4;0
15455;0;0
15459;0;2
15462;3;0
15466;3;0
15470;6;1
15473;1;0
15477;2;2
15481;1;0
15484;5;0
15488;1;0
15492;0;3
15495;3;2
15499;2;2
15502;4;0
15506;2;4
15510;0;0
15513;1;1
15517;6;0
15521;3;3
15524;2;2
15528;4;0
15532;2;0
15535;2;0
15539;2;2
15543;3;0
15546;7;2
15550;2;1
15553;3;0
15557;3;1
15561;6;0
15564;2;1
15568;2;0
15572;5;3
15575;0;3
15579;0;3
15583;0;0
15586;4;2
15590;2;0
15594;4;0
15597;2;1
15601;4;2
15607;2;1
15608;2;0
15612;3;2
15615;4;3
15619;2;1
15623;3;2
15626;4;0
15630;2;0
15634;4;0
15637;0;0
15641;4;2
15645;1;0
15648;4;0
15652;2;0
15656;5;0
15659;4;1
15663;0;2
15666;0;2
15670;2;1
15674;5;0
15677;1;0
15681;5;0
15685;2;0
15688;0;3
15692;1;3
15696;0;2
15699;5;0
15703;3;2
15707;2;0
15710;0;1
15714;1;3
15718;2;1
15721;0;3
15725;5;0
15728;2;1
15732;3;3
15736;2;0
15739;2;1
15743;2;0
15747;1;3
15750;3;0
15754;1;3
15758;2;1
15761;4;0
15765;0;2
15769;3;0
15772;0;0
15776;2;0
15780;3;3
15783;0;1
15787;2;0
15793;0;0
15794;0;3
15798;1;2
15801;2;0
15805;3;2
15809;1;0
15812;2;0
15816;5;1
15820;2;1
15823;3;0
15827;4;0
15831;1;1
15834;2;2
15838;1;4
15841;6;2
15845;2;1
15849;2;3
15852;0;0
15856;0;0
15860;3;1
15863;2;0
15867;2;4
15871;3;1
15874;1;0
15878;3;0
15882;2;1
15885;1;0
15889;2;0
15893;1;0
15896;4;0
15900;2;2
15903;0;2
15907;2;1
15911;0;0
15914;1;2
15918;2;1
15922;2;0
15925;2;1
15929;1;1
15933;3;2
15936;0;2
15940;0;0
15944;1;0
15947;1;0
15951;4;1
15954;2;0
15958;1;0
15962;1;3
15965;0;0
15969;1;1
15973;1;2
15979;1;1
15980;1;2
15984;0;0
15987;5;2
15991;0;0
15995;1;1
15998;3;2
16002;2;2
16006;1;0
16009;0;0
16013;0;0
16016;0;0
16020;1;2
16024;3;0
16027;3;1
16031;2;1
16035;1;0
16038;2;0
16042;0;0
16046;2;0
16049;1;0
16053;4;0
16057;4;1
16060;0;0
16064;1;1
16067;3;0
16071;2;0
16075;1;0
16078;0;0
16082;0;1
16086;3;0
16089;4;2
16093;0;0
16097;2;0
16100;2;0
16104;0;3
16108;1;0
16111;0;1
16115;0;3
16119;1;0
16122;3;1
16126;3;1
16129;3;1
16133;2;0
16137;3;0
16140;1;0
16144;0;0
16148;2;0
16151;0;0
16155;3;1
16159;3;0
16166;2;0
16166;0;2
16170;3;1
16173;5;0
16177;5;1
16181;6;1
16184;3;0
16188;2;0
16191;6;0
16195;1;0
16199;0;1
16202;0;0
16206;0;1
16210;2;3
16213;1;0
16217;0;0
16221;2;0
16224;1;1
16228;1;1
16232;5;1
16235;3;0
16239;4;1
16242;3;0
16246;4;0
16250;5;0
16253;2;1
16257;1;1
16261;2;0
16264;3;3
16268;4;0
16272;0;2
16275;4;1
16279;7;0
16283;5;0
16286;5;0
16290;1;1
16294;4;1
16297;5;0
16301;1;1
16304;0;0
16308;0;1
16312;0;2
16315;0;0
16319;2;3
16323;6;0
16326;2;0
16330;1;0
16334;0;0
16337;2;2
16341;4;2
16345;0;2
16348;2;1
16354;0;0
16355;1;1
16359;2;3
16363;3;0
16366;0;1
16370;2;0
16374;2;1
16377;3;0
16381;1;0
16385;2;1
16388;2;1
16392;3;0
16396;0;0
16399;2;0
16403;2;0
16407;2;0
16410;4;0
16414;3;0
16417;4;2
16421;4;0
16425;2;0
16428;0;1
16432;2;3
16436;1;0
16439;4;3
16443;1;4
16447;0;1
16450;0;2
16454;0;0
16458;3;0
16461;0;0
16465;1;0
16468;0;2
16472;0;0
16476;2;0
16479;4;0
16483;0;1
16487;2;0
16490;2;3
16494;1;0
16498;1;0
16501;2;2
16505;1;2
16509;5;0
16512;3;0
16516;1;2
16520;0;0
16523;0;0
16527;0;1
16530;1;1
16534;0;0
16540;2;1
16541;0;1
16545;0;0
16549;6;1
16552;1;0
16556;1;2
16560;2;1
16563;2;1
16567;2;0
16571;1;0
16574;2;0
16578;4;0
16582;1;2
16585;2;0
16589;4;0
16592;0;0
16596;2;1
16600;1;0
16603;0;0
16607;0;0
16611;3;1
16614;0;0
16618;0;0
16622;0;1
16625;1;0
16629;1;1
16633;4;1
16636;2;0
16640;3;0
16643;3;0
16647;3;0
16651;4;1
16654;3;0
16658;5;2
16662;1;0
16665;1;3
16669;2;5
16673;0;0
16676;3;0
16680;1;0
16684;1;1
16687;1;1
16691;0;0
16695;3;0
16698;0;0
16702;3;1
16705;4;1
16709;3;0
16713;3;0
16716;2;0
16720;5;0
16726;0;0
16727;2;0
16731;0;0
16735;2;0
16738;1;0
16742;0;0
16746;5;0
16749;3;1
16753;2;0
16756;1;3
16760;0;1
16764;0;0
16767;0;0
16771;0;1
16775;3;2
16778;5;0
16782;3;2
16786;3;0
16789;2;0
16793;1;1
16797;2;0
16800;1;2
16804;1;0
16808;4;0
16811;0;3
16815;1;1
16818;0;0
16822;2;1
16826;0;0
16829;1;0
16833;2;1
16837;5;1
16840;2;3
16844;0;0
16848;1;0
16851;3;2
16855;0;0
16859;0;1
16862;1;0
16866;4;0
16870;1;2
16873;3;1
16877;2;0
16880;2;1
16884;0;4
16888;0;0
16891;3;0
16895;1;0
16899;2;1
16902;0;0
16906;3;1
16912;5;0
16913;4;2
16917;4;0
16921;3;0
16924;4;1
16928;0;2
16931;1;3
16935;2;4
16939;0;0
16942;1;1
16946;3;2
16950;3;0
16953;3;1
16957;3;0
16961;3;1
16964;0;1
16968;2;0
16972;2;1
16975;1;0
16979;1;0
16983;3;1
16986;3;0
16990;2;0
16993;5;2
16997;0;0
17001;4;1
17004;2;2
17008;3;0
17012;1;0
17015;0;1
17019;2;0
17023;0;0
17026;3;1
17030;4;0
17034;0;1
17037;1;0
17041;0;1
17044;2;3
17048;1;3
17052;0;0
17055;0;1
17059;4;0
17063;4;0
17066;0;2
17070;0;0
17074;2;0
17077;0;0
17081;0;0
17085;0;0
17088;6;0
17092;4;0
17098;0;0
17099;2;0
17103;3;2
17106;0;0
17110;0;0
17114;0;2
17117;2;5
17121;2;0
17125;1;1
17128;1;2
17132;5;2
17136;3;0
17139;1;0
17143;3;1
17147;4;1
17150;2;5
17154;1;0
17157;1;2
17161;0;1
17165;1;1
17168;1;0
17172;1;3
17176;3;0
17179;2;1
17183;0;0
17187;2;2
17190;2;0
17194;3;1
17198;1;1
17201;7;0
17205;3;1
17209;4;0
17212;3;1
17216;2;0
17219;2;2
17223;1;0
17227;4;1
17230;1;0
17234;0;1
17238;0;1
17241;0;1
17245;5;2
17249;1;1
17252;2;1
17256;1;0
17260;0;0
17263;3;1
17267;4;4
17271;0;0
17274;2;0
17278;2;2
17281;0;0
17287;3;3
17289;2;3
17292;1;1
17296;2;0
17300;2;0
17303;1;0
17307;2;1
17311;2;2
17314;2;1
17318;4;0
17322;2;2
17325;1;0
17329;3;0
17332;6;2
17336;0;1
17340;2;1
17343;3;2
17347;1;2
17351;2;0
17354;1;0
17358;4;6
17362;3;1
17365;0;1
17369;0;0
17373;3;6
17376;3;1
17380;2;0
17384;1;1
17387;3;1
17391;3;1
17394;4;0
17398;2;3
17402;2;1
17405;4;3
17409;1;2
17413;2;3
17416;0;2
17420;3;2
17424;0;1
17427;2;1
17431;4;1
17435;0;0
17438;0;0
17442;4;0
17445;4;0
17449;2;1
17453;1;0
17456;1;1
17460;3;2
17464;0;0
17467;3;0
17473;2;0
17475;1;0
17478;2;0
17482;4;0
17486;2;2
17489;0;3
17493;1;1
17497;5;3
17500;3;0
17504;4;0
17507;1;1
17511;3;1
17515;5;0
17518;2;1
17522;2;1
17526;4;0
17529;3;1
17533;4;1
17537;2;0
17540;3;0
17544;5;0
17548;0;4
17551;4;2
17555;1;3
17558;4;0
17562;5;0
17566;1;2
17569;2;0
17573;4;2
17577;4;0
17580;0;2
17584;3;0
17588;5;1
17591;5;0
17595;2;0
17599;0;3
17602;0;0
17606;2;1
17610;2;2
17613;0;0
17617;1;2
17620;4;1
17624;1;1
17628;2;2
17631;3;4
17635;2;0
17639;3;2
17642;5;1
17646;2;5
17650;1;0
17653;3;2
17659;2;0
17661;0;0
17664;1;0
17668;0;0
17672;5;1
17675;5;0
17679;0;1
17682;5;0
17686;3;0
17690;3;0
17693;5;0
17697;5;4
17701;2;2
17704;5;2
17708;0;2
17712;5;4
17715;3;1
17719;3;1
17723;0;0
17726;0;0
17730;0;0
17733;3;1
17737;1;1
17741;2;1
17744;1;1
17748;0;2
17752;0;4
17755;2;0
17759;0;0
17763;2;2
17766;2;2
17770;4;0
17774;4;1
17777;3;2
17781;1;1
17785;4;1
17788;1;0
17792;1;0
17795;2;0
17799;0;1
17803;4;3
17806;4;0
17810;4;0
17814;5;1
17817;1;3
17821;4;0
17825;2;0
17828;1;3
17832;1;0
17836;2;2
17839;3;0
17845;5;0
17846;3;1
17850;2;1
17854;1;1
17857;2;0
17861;2;0
17865;2;0
17868;2;0
17872;5;1
17876;3;0
17879;2;0
17883;4;0
17887;0;0
17890;5;1
17894;3;0
17898;2;2
17901;3;1
17905;2;0
17908;2;0
17912;4;0
17916;2;2
17919;3;0
17923;3;0
17927;2;1
17930;4;0
17934;4;3
17938;4;0
17941;4;0
17945;6;1
17949;4;2
17952;2;3
17956;0;2
17959;5;0
17963;2;2
17967;2;0
17970;3;1
17974;2;2
17978;0;1
17981;4;1
17985;2;0
17989;2;1
17992;2;1
17996;2;0
18000;1;0
18003;3;3
18007;4;0
18011;0;0
18014;5;1
18018;3;2
18021;0;3
18025;0;2
18031;0;0
18032;0;2
18036;3;0
18040;0;0
18043;2;0
18047;2;0
18051;2;2
18054;2;3
18058;4;0
18062;1;0
18065;6;0
18069;0;2
18073;1;1
18076;2;0
18080;4;0
18083;0;1
18087;3;2
18091;2;0
18094;1;0
18098;0;3
18102;3;0
18105;4;2
18109;3;1
18113;0;4
18116;3;0
18120;1;1
18124;2;2
18127;0;2
18131;4;0
18134;0;1
18138;1;0
18142;4;0
18145;5;0
18149;0;3
18153;2;2
18156;3;2
18160;1;0
18164;3;1
18167;0;1
18171;1;0
18175;4;0
18178;2;0
18182;0;1
18186;4;2
18189;3;0
18193;2;2
18196;1;1
18200;5;1
18204;5;4
18207;3;1
18211;1;2
18215;1;2
18221;0;0
18222;2;0
18226;2;3
18229;1;0
18233;4;0
18237;6;1
18240;3;3
18244;4;0
18247;3;0
18251;3;0
18255;4;5
18258;1;0
18262;4;0
18266;4;3
18269;1;0
18273;3;0
18277;4;1
18280;1;0
18284;3;0
18288;5;1
18291;1;3
18295;0;1
18299;2;2
18302;1;2
18306;4;3
18309;0;2
18313;5;0
18317;0;0
18320;3;1
18324;2;2
18328;5;2
18331;2;2
18335;2;2
18339;6;0
18342;4;1
18346;0;1
18350;2;3
18353;3;0
18357;1;1
18360;0;3
18364;6;1
18368;3;3
18371;3;2
18375;4;1
18379;3;2
18382;1;0
18386;7;2
18390;4;0
18393;3;2
18397;3;0
18401;3;2
18407;6;0
18408;4;2
18412;0;2
18415;1;2
18419;0;2
18422;6;2
18426;2;3
18430;2;2
18433;2;0
18437;1;0
18441;4;0
18444;4;2
18448;3;0
18452;0;0
18455;3;0
18459;0;0
18463;0;0
18466;2;3
18470;2;2
18474;1;0
18477;4;0
18481;1;2
18484;3;1
18488;0;1
18492;3;0
18495;2;2
18499;1;0
18503;3;1
18506;0;1
18510;2;1
18514;3;3
18517;2;0
18521;2;1
18525;1;2
18528;3;1
18532;5;0
18535;1;0
18539;4;0
18543;2;1
18546;2;2
18550;1;1
18554;5;2
18557;3;4
18561;0;1
18565;1;0
18568;2;0
18572;4;0
18576;6;1
18579;4;2
18583;4;0
18587;5;0
18592;4;1
18594;0;0
18597;0;0
18601;3;0
18605;3;0
18608;2;0
18612;4;4
18616;3;1
18619;1;2
18623;4;1
18627;2;2
18630;2;1
18634;3;0
18638;0;3
18641;1;3
18645;0;2
18648;4;0
18652;1;0
18656;1;2
18659;2;0
18663;1;0
18667;3;5
18670;3;1
18674;3;0
18678;1;0
18681;3;0
18685;0;0
18689;3;0
18692;3;3
18696;1;0
18700;2;1
18703;5;0
18707;3;0
18710;0;1
18714;2;1
18718;0;0
18721;6;0
18725;3;2
18729;3;0
18732;1;0
18736;4;0
18740;0;0
18743;2;0
18747;1;2
18751;3;0
18754;2;4
18758;3;1
18761;0;0
18765;4;0
18769;5;0
18772;2;0
18778;4;0
18780;3;0
18783;4;0
18787;1;1
18791;5;0
18794;0;0
18798;3;1
18802;1;1
18805;0;0
18809;4;1
18813;4;0
18816;4;1
18820;2;1
18823;4;0
18827;1;0
18831;7;0
18834;2;6
18838;6;1
18842;1;1
18845;5;2
18849;1;1
18853;2;0
18856;4;1
18860;1;0
18864;5;0
18867;4;2
18871;3;0
18875;1;0
18878;5;2
18882;3;2
18885;5;1
18889;2;0
18893;0;1
18896;6;1
18900;2;0
18904;2;0
18907;4;0
18911;1;3
18915;6;0
18918;2;0
18922;2;0
18926;3;0
18929;0;4
18933;1;0
18936;2;3
18940;3;0
18944;1;2
18947;1;0
18951;2;1
18955;2;0
18958;2;2
18964;0;2
18966;5;0
18969;3;0
18973;0;0
18977;2;0
18980;3;0
18984;4;3
18988;5;3
18991;4;0
18995;2;0
18998;5;0
19002;4;0
19006;0;0
19009;3;1
19013;0;0
19017;1;2
19020;4;3
19024;0;0
19028;5;2
19031;2;0
19035;1;0
19039;3;0
19042;2;2
19046;1;0
19049;0;0
19053;0;1
19057;3;3
19060;0;2
19064;2;5
19068;4;0
19071;3;0
19075;6;2
19079;3;2
19082;4;0
19086;1;1
19090;0;1
19093;2;2
19097;2;0
19101;0;1
19104;0;0
19108;1;2
19111;0;1
19115;2;1
19119;1;0
19122;3;0
19126;0;0
19130;3;0
19133;4;1
19137;7;0
19141;3;3
19144;5;0
19148;4;0
19154;0;1
19155;1;2
19159;1;1
19163;2;1
19166;2;3
19170;0;2
19173;0;0
19177;2;1
19181;0;3
19184;4;2
19188;3;3
19192;2;1
19195;1;3
19199;4;3
19203;4;0
19206;4;0
19210;3;0
19214;2;1
19217;4;0
19221;4;2
19224;7;3
19228;4;2
19232;0;0
19235;3;1
19239;0;2
19243;4;2
19246;0;1
19250;0;1
19254;2;2
19257;5;3
19261;3;2
19265;3;0
19268;0;1
19272;4;1
19276;1;0
19279;2;1
19283;4;0
19286;2;1
19290;3;3
19294;4;2
19297;2;0
19301;2;1
19305;3;0
19308;6;2
19312;0;2
19316;0;3
19319;0;0
19323;2;0
19327;2;0
19330;0;2
19334;2;0
19340;3;5
19341;2;0
19345;2;1
19348;0;3
19352;0;0
19356;1;0
19359;4;1
19363;3;1
19367;0;2
19370;1;0
19374;4;1
19378;4;1
19381;0;1
19385;1;0
19389;0;0
19392;3;0
19396;4;0
19399;7;0
19403;3;0
19407;2;2
19410;2;0
19414;1;0
19418;2;1
19421;3;3
19425;3;2
19429;3;0
19432;3;2
19436;2;0
19440;1;2
19443;1;0
19447;1;2
19450;2;0
19454;3;0
19458;2;2
19461;3;0
19465;4;1
19469;0;2
19472;1;2
19476;2;0
19480;1;0
19483;3;1
19487;2;0
19491;0;0
19494;2;0
19498;0;1
19502;2;0
19505;4;2
19509;0;1
19512;1;2
19516;3;0
19520;2;0
19526;1;0
19527;4;0
19531;0;0
19534;2;0
19538;5;2
19542;4;1
19545;2;1
19549;3;0
19553;6;2
19556;3;2
19560;3;0
19564;0;1
19567;3;1
19571;2;1
19574;4;1
19578;3;1
19582;2;0
19585;7;1
19589;4;2
19593;1;0
19596;3;2
19600;2;0
19604;3;2
19607;2;1
19611;5;1
19615;6;0
19618;2;0
19622;3;0
19625;1;0
19629;0;0
19633;3;0
19636;2;3
19640;3;1
19644;2;0
19647;3;2
19651;3;0
19655;1;1
19658;4;2
19662;6;0
19666;5;0
19669;2;0
19673;0;2
19677;1;3
19680;3;0
19684;2;2
19687;4;0
19691;3;0
19695;4;2
19698;2;0
19702;0;1
19706;0;1
19712;2;2
19713;2;2
19717;1;3
19720;5;0
19724;5;2
19728;0;3
19731;5;0
19735;0;3
19738;3;0
19742;4;0
19746;3;2
19749;2;0
19753;1;0
19757;4;2
19760;0;0
19764;1;1
19768;3;0
19771;3;0
19775;2;0
19779;1;0
19782;2;5
19786;3;2
19790;4;1
19793;4;2
19797;5;0
19800;0;1
19804;0;0
19808;4;0
19811;5;0
19815;3;2
19819;4;1
19822;2;1
19826;2;0
19830;1;0
19833;0;0
19837;1;1
19841;1;5
19844;5;2
19848;4;1
19851;4;2
19855;6;1
19859;2;0
19862;5;3
19866;1;2
19870;7;0
19873;2;0
19877;3;0
19881;1;0
19884;3;0
19888;1;0
19892;3;2
19898;5;2
19899;4;0
19903;3;2
19906;1;0
19910;2;0
19913;4;2
19917;1;1
19921;2;2
19924;3;2
19928;1;0
19932;3;0
19935;5;0
19939;3;2
19943;2;3
19946;4;1
19950;2;2
19954;2;0
19957;2;4
19961;1;0
19965;2;0
19968;2;0
19972;1;1
19975;2;1
19979;1;0
19983;2;2
19986;3;2
19990;1;3
19994;7;2
19997;6;1
20001;2;0
20005;0;1
20008;7;0
20012;5;2
20016;0;2
20019;2;0
20023;3;2
20026;4;2
20030;3;1
20034;2;2
20037;1;0
20041;2;1
20045;3;0
20048;1;1
20052;1;0
20056;2;0
20059;3;1
20063;3;0
20067;4;0
20070;2;1
20074;1;2
20078;2;2
20081;1;0
20087;7;0
20088;3;4
20092;0;1
20096;1;0
20099;3;0
20103;3;2
20107;3;1
20110;0;1
20114;5;0
20118;2;0
20121;0;0
20125;2;2
20129;3;0
20132;3;0
20136;2;0
20139;2;1
20143;2;0
20147;2;2
20150;5;3
20154;2;1
20158;5;1
20161;4;1
20165;2;0
20169;4;2
20172;2;1
20176;2;0
20180;0;1
20183;4;1
20187;2;1
20191;4;0
20194;0;1
20198;1;1
20201;1;2
20205;1;2
20209;3;1
20212;3;0
20216;5;0
20220;3;2
20223;2;1
20227;1;1
20231;1;0
20234;2;3
20238;3;1
20242;2;0
20245;4;0
20249;1;0
20252;2;2
20256;2;0
20260;6;1
20263;4;1
20267;0;1
20273;3;0
20274;1;3
20278;2;3
20282;1;2
20285;3;1
20289;0;2
20293;6;2
20296;2;1
20300;3;1
20304;5;0
20307;2;2
20311;5;0
20314;1;0
20318;4;0
20322;2;3
20325;3;0
20329;3;2
20333;4;0
20336;2;1
20340;3;1
20344;4;0
20347;2;2
20351;5;0
20355;5;0
20358;5;1
20362;1;2
20366;0;0
20369;2;0
20373;2;0
20376;1;2
20380;0;0
20384;3;1
20387;1;1
20391;3;1
20395;1;4
20398;2;3
20402;3;1
20406;1;2
20409;0;2
20413;1;1
20417;0;0
20420;4;0
20424;5;0
20427;0;2
20431;2;3
20435;7;2
20438;0;3
20442;1;3
20446;1;0
20449;2;0
20453;1;0
20459;1;0
20460;0;0
20464;2;0
20468;4;1
20471;2;2
20475;0;1
20479;0;0
20482;3;0
20486;4;0
20489;2;1
20493;2;0
20497;1;3
20500;4;0
20504;2;3
20508;4;2
20511;2;0
20515;4;4
20519;2;1
20522;3;0
20526;1;0
20530;1;2
20533;4;1
20537;1;3
20540;3;4
20544;6;1
20548;5;2
20551;4;0
20555;2;0
20559;2;0
20562;2;0
20566;3;1
20570;0;2
20573;3;0
20577;1;0
20581;1;2
20584;1;2
20588;0;0
20592;3;2
20595;3;0
20599;2;2
20602;0;0
20606;0;3
20610;3;1
20613;4;3
20617;2;5
20621;3;0
20624;0;0
20628;1;2
20632;3;0
20635;2;0
20639;3;2
20645;2;2
20646;5;0
20650;0;4
20653;4;2
20657;1;0
20661;6;3
20664;4;0
20668;3;0
20672;5;1
20675;4;1
20679;1;1
20683;1;0
20686;4;0
20690;5;2
20694;2;3
20697;0;0
20701;5;4
20705;1;0
20708;2;1
20712;1;0
20715;3;0
20719;7;0
20723;3;0
20726;7;1
20730;3;1
20734;1;0
20737;5;2
20741;1;0
20745;1;2
20748;0;3
20752;3;1
20756;1;1
20759;1;3
20763;3;0
20767;0;3
20770;3;1
20774;3;1
20777;5;1
20781;5;0
20785;4;2
20788;0;2
20792;6;2
20796;0;4
20799;3;0
20803;2;3
20807;2;2
20810;7;1
20814;2;2
20818;1;0
20821;6;0
20825;1;3
20831;5;1
20832;2;1
20836;1;0
20839;4;0
20843;4;1
20847;2;2
20850;1;1
20854;2;0
20858;4;0
20861;5;3
20865;2;0
20869;7;0
20872;0;0
20876;1;0
20880;2;0
20883;2;1
20887;2;0
20890;1;0
20894;3;0
20898;2;2
20901;1;0
20905;4;0
20909;3;1
20912;2;1
20916;3;0
20920;0;3
20923;6;0
20927;3;0
20931;2;1
20934;0;0
20938;4;4
20941;2;0
20945;1;2
20949;0;0
20952;3;2
20956;5;0
20960;2;0
20963;2;0
20967;2;0
20971;0;0
20974;2;2
20978;5;2
20982;4;2
20985;3;2
20989;6;2
20993;4;1
20996;0;3
21000;2;1
21003;2;0
21007;2;1
21011;3;0
21014;2;2
21020;3;0
21022;4;1
21025;2;0
21029;5;2
21033;2;1
21036;5;2
21040;2;2
21044;1;0
21047;5;0
21051;2;2
21054;4;1
21058;5;3
21062;2;3
21065;3;0
21069;1;1
21073;4;4
21076;2;1
21080;3;4
21084;4;1
21087;3;0
21091;1;3
21095;2;0
21098;4;0
21102;1;2
21106;8;0
21109;1;0
21113;1;1
21116;3;2
21120;4;3
21124;6;2
21127;1;3
21131;4;5
21135;3;2
21138;3;2
21142;1;2
21146;3;0
21149;2;2
21153;1;0
21157;3;2
21160;0;0
21164;2;0
21168;2;1
21171;4;2
21175;3;0
21178;3;0
21182;4;5
21186;1;0
21189;4;0
21193;0;0
21197;2;0
21200;2;0
21206;2;0
21208;2;1
21211;2;0
21215;1;2
21219;2;0
21222;0;0
21226;3;0
21229;1;1
21233;3;1
21237;3;3
21240;1;3
21244;1;0
21248;3;1
21251;1;2
21255;2;3
21259;6;0
21262;2;2
21266;2;0
21270;1;0
21273;0;1
21277;0;0
21281;1;0
21284;0;0
21288;1;1
21291;3;0
21295;1;1
21299;3;2
21302;4;0
21306;1;2
21310;2;2
21313;1;0
21317;0;4
21321;3;0
21324;0;0
21328;4;1
21332;0;1
21335;3;1
21339;7;0
21342;5;1
21346;2;0
21350;2;1
21353;4;4
21357;1;0
21361;5;1
21364;3;2
21368;4;0
21372;0;3
21375;5;0
21379;3;4
21383;0;1
21386;0;0
21392;4;0
21394;4;0
21397;3;1
21401;4;2
21404;2;3
21408;2;0
21412;3;0
21415;0;2
21419;4;0
21423;3;0
21426;5;0
21430;1;2
21434;2;0
21437;2;0
21441;5;0
21445;2;3
21448;2;2
21452;0;0
21456;2;0
21459;6;1
21463;0;3
21466;5;0
21470;3;0
21474;1;1
21477;1;0
21481;4;0
21485;4;1
21488;3;2
21492;1;1
21496;4;1
21499;3;1
21503;3;0
21507;2;0
21510;1;0
21514;3;0
21517;3;0
21521;1;0
21525;1;4
21528;4;4
21532;5;1
21536;4;0
21539;3;0
21543;5;0
21547;3;0
21550;2;0
21554;0;2
21558;2;2
21561;4;0
21565;2;2
21569;2;3
21572;0;2
21578;0;2
21579;0;1
21583;1;0
21587;0;1
21590;1;0
21594;2;2
21598;2;2
21601;0;1
21605;0;0
21609;3;2
21612;4;1
21616;4;3
21620;1;1
21623;5;1
21627;3;2
21630;1;1
21634;4;1
21638;3;3
21641;4;3
21645;4;0
21649;2;1
21652;4;1
21656;3;0
21660;3;2
21663;3;1
21667;1;0
21671;4;4
21674;3;2
21678;0;0
21682;4;0
21685;2;0
21689;4;1
21692;3;0
21696;2;0
21700;0;0
21703;3;2
21707;0;0
21711;1;4
21714;4;0
21718;2;0
21722;2;3
21725;5;0
21729;4;0
21733;4;4
21736;0;5
21740;3;2
21743;1;0
21747;4;0
21751;6;0
21754;1;0
21758;5;3
21764;0;1
21765;2;1
21769;4;1
21773;1;3
21776;2;4
21780;3;2
21784;3;0
21787;6;3
21791;2;0
21795;0;1
21798;6;0
21802;2;1
21805;5;2
21809;0;3
21813;4;4
21816;3;3
21820;6;1
21824;3;0
21827;3;0
21831;2;1
21835;3;0
21838;0;2
21842;1;2
21846;0;2
21849;3;0
21853;5;3
21857;0;0
21860;3;3
21864;0;1
21867;1;0
21871;4;0
21875;4;0
21878;1;1
21882;2;0
21886;0;3
21889;2;0
21893;2;0
21897;5;1
21900;1;2
21904;3;0
21908;4;0
21911;0;0
21915;3;0
21918;5;0
21922;1;3
21926;4;1
21929;5;2
21933;2;1
21937;1;0
21940;2;3
21944;4;0
21948;1;0
21954;2;0
21955;0;0
21959;0;2
21962;3;0
21966;2;3
21970;3;0
21973;2;1
21977;4;0
21980;2;2
21984;3;0
21988;2;1
21991;1;2
21995;2;0
21999;3;3
22002;1;0
22006;0;1
22010;1;0
22013;2;0
22017;2;0
22021;4;0
22024;1;0
22028;0;2
22031;3;0
22035;7;4
22039;3;0
22042;3;0
22046;1;0
22050;5;0
22053;2;2
22057;0;2
22061;2;1
22064;0;4
22068;3;3
22072;3;1
22075;0;5
22079;1;0
22083;3;0
22086;0;0
22090;3;0
22093;2;0
22097;2;1
22101;2;0
22104;1;0
22108;0;1
22112;5;0
22115;0;2
22119;6;0
22123;1;0
22126;3;2
22130;0;2
22134;2;1
22140;5;0
22141;3;0
22144;2;1
22148;4;2
22152;2;3
22155;3;0
22159;3;0
22163;2;3
22166;1;0
22170;4;0
22174;4;1
22177;2;0
22181;5;0
22185;0;0
22188;4;2
22192;2;0
22196;4;4
22199;5;1
22203;5;0
22206;5;1
22210;3;1
22214;3;0
22217;0;0
22221;1;1
22225;1;1
22228;2;2
22232;2;0
22236;1;0
22239;2;1
22243;7;1
22247;1;0
22250;5;0
22254;4;0
22258;3;0
22261;1;1
22265;3;1
22268;2;0
22272;4;0
22276;3;2
22279;4;2
22283;3;0
22287;3;0
22290;1;0
22294;5;1
22298;3;0
22301;2;0
22305;0;3
22309;2;2
22312;5;0
22316;2;0
22319;1;0
22345;2;3
22346;2;0
22346;3;5
22349;2;1
22352;1;0
22356;4;1
22360;0;2
22363;4;0
22367;4;0
22371;2;0
22374;1;0
22378;1;0
22382;2;0
22385;1;2
22389;1;3
22393;1;0
22396;2;1
22400;4;0
22403;0;0
22407;2;1
22411;5;0
22414;7;2
22418;3;0
22422;0;2
22425;0;3
22429;3;1
22433;1;1
22436;4;0
22440;6;0
22444;2;0
22447;4;1
22451;3;0
22455;0;1
22458;2;0
22462;5;4
22465;4;2
22469;2;2
22473;0;1
22476;2;0
22480;4;1
22484;4;2
22487;1;5
22491;4;1
22495;4;0
22498;2;2
22502;3;5
22506;5;3
22509;2;0
22513;6;1
22516;0;2
22520;0;0
22526;1;0
22527;1;0
22531;1;1
22535;0;0
22538;4;3
22542;2;0
22546;0;0
22549;0;0
22553;2;0
22557;1;1
22560;0;0
22564;1;0
22568;2;0
22571;0;0
22575;1;0
22578;3;0
22582;5;0
22586;2;2
22589;0;0
22593;0;1
22597;0;0
22600;3;2
22604;1;0
22608;6;1
22611;1;2
22615;4;0
22619;5;2
22622;6;1
22626;3;1
22629;0;0
22633;5;0
22637;2;1
22640;1;0
22644;2;2
22648;0;3
22651;2;1
22655;2;0
22659;4;0
22662;2;2
22666;3;0
22670;1;2
22673;1;3
22677;3;0
22681;3;0
22684;1;2
22688;2;2
22691;5;0
22695;0;3
22699;0;2
22702;4;0
22706;2;0
22712;2;1
22713;3;1
22717;4;4
22721;6;1
22724;1;1
22728;3;2
22732;2;1
22735;2;0
22739;2;2
22742;2;0
22746;3;2
22750;2;0
22753;4;0
22757;0;0
22761;1;3
22764;5;2
22768;7;1
22772;1;2
22775;0;2
22779;3;0
22783;3;0
22786;0;1
22790;1;0
22794;2;0
22797;3;3
22801;3;1
22804;4;3
22808;3;1
22812;4;1
22815;1;1
22819;4;1
22823;3;2
22826;6;0
22830;5;2
22834;0;3
22837;2;1
22841;1;2
22845;6;1
22848;2;1
22852;0;1
22856;4;3
22859;2;0
22863;2;0
22866;4;1
22870;6;0
22874;3;4
22877;5;2
22881;4;1
22885;5;0
22888;5;0
22892;6;3
22896;4;2
22901;4;1
22903;0;0
22907;2;0
22910;3;0
22914;2;0
22917;4;2
22921;4;1
22925;4;3
22928;4;1
22932;2;1
22936;3;1
22939;3;1
22943;3;0
22947;5;1
22950;2;1
22954;0;0
22958;5;0
22961;2;2
22965;1;0
22969;1;0
22972;1;1
22976;0;1
22979;2;1
22983;4;1
22987;1;0
22990;3;2
22994;1;1
22998;2;1
23001;0;0
23005;2;4
23009;3;0
23012;2;2
23016;4;2
23020;1;1
23023;3;0
23027;4;0
23030;1;2
23034;0;0
23038;4;0
23041;0;1
23045;5;1
23049;7;0
23052;0;3
23056;3;3
23060;1;3
23063;0;1
23067;4;2
23071;0;5
23074;2;2
23078;2;2
23082;4;0
23087;3;2
23089;1;2
23092;4;2
23096;6;0
23100;3;0
23103;1;1
23107;0;3
23111;1;0
23114;3;1
23118;5;5
23122;4;1
23125;6;3
23129;3;3
23133;1;0
23136;2;1
23140;2;0
23143;0;0
23147;1;3
23151;5;0
23154;3;0
23158;1;0
23162;5;0
23165;1;3
23169;2;1
23173;3;0
23176;2;1
23180;2;2
23184;3;2
23187;1;1
23191;3;0
23195;0;2
23198;3;0
23202;2;2
23205;5;0
23209;2;3
23213;5;1
23216;3;1
23220;4;1
23224;4;0
23227;4;0
23231;4;0
23235;5;0
23238;4;0
23242;3;2
23246;1;2
23249;0;1
23253;1;0
23257;5;0
23260;2;2
23264;3;2
23267;3;0
23273;2;2
23275;4;0
23278;2;2
23282;5;1
23286;0;3
23289;0;2
23293;4;0
23297;1;2
23300;3;1
23304;4;1
23308;3;1
23311;4;0
23315;2;0
23318;3;0
23322;7;0
23326;4;2
23329;3;0
23333;5;0
23337;3;0
23340;3;2
23344;3;0
23348;0;1
23351;3;0
23355;2;0
23359;3;0
23362;3;3
23366;6;3
23370;1;0
23373;3;0
23377;4;0
23380;0;2
23384;1;0
23388;1;2
23391;3;0
23395;3;0
23399;2;1
23402;3;5
23406;0;0
23410;5;1
23413;2;1
23417;3;0
23421;2;2
23424;1;1
23428;5;0
23431;0;1
23435;3;3
23439;0;0
23442;5;1
23446;0;0
23450;3;0
23453;6;0
23459;3;3
23461;3;1
23464;5;0
23468;1;0
23472;0;1
23475;6;0
23479;3;0
23483;0;2
23486;0;2
23490;0;2
23493;2;1
23497;2;0
23501;1;2
23504;3;2
23508;0;1
23512;2;2
23515;7;2
23519;5;1
23523;6;0
23526;2;0
23530;2;0
23534;2;3
23537;2;0
23541;2;0
23545;0;1
23548;3;3
23552;2;2
23555;0;0
23559;1;0
23563;0;2
23566;3;0
23570;0;3
23574;3;1
23577;1;1
23581;2;0
23585;0;0
23588;3;0
23592;4;0
23596;1;1
23599;2;1
23603;4;0
23606;4;0
23610;2;0
23614;3;1
23617;2;0
23621;0;3
23625;3;1
23628;3;0
23632;1;1
23636;2;0
23639;2;0
23645;2;0
23647;0;0
23650;3;2
23654;3;2
23658;1;2
23661;4;0
23665;4;2
23668;6;0
23672;2;0
23676;3;0
23679;0;2
23683;6;0
23687;3;0
23690;0;2
23694;7;0
23698;5;0
23701;5;2
23705;2;2
23709;5;1
23712;2;2
23716;0;1
23719;2;0
23723;0;0
23727;2;2
23730;3;2
23734;3;2
23738;0;0
23741;3;0
23745;4;2
23749;1;0
23752;0;2
23756;0;1
23760;2;0
23763;1;0
23767;3;1
23771;3;0
23774;0;0
23778;0;0
23781;4;1
23785;4;3
23789;3;1
23792;4;0
23796;2;1
23800;4;0
23803;0;2
23807;1;3
23811;4;2
23814;2;3
23818;3;1
23822;2;0
23825;3;1
23829;3;0
23835;5;1
23836;3;1
23840;2;3
23843;1;2
23847;3;0
23851;2;0
23854;2;0
23858;2;0
23862;2;0
23865;5;0
23869;3;3
23873;1;0
23876;1;0
23880;3;1
23884;7;2
23887;0;0
23891;3;0
23894;2;1
23898;5;0
23902;3;2
23905;4;0
23909;2;1
23913;1;2
23916;2;0
23920;2;0
23924;1;0
23927;3;0
23931;2;0
23935;4;1
23938;2;0
23942;1;2
23946;2;1
23949;2;0
23953;1;3
23956;5;0
23960;5;2
23964;3;1
23967;2;2
23971;2;3
23975;1;0
23978;5;1
23982;2;1
23986;2;0
23989;0;0
23993;1;2
23997;0;1
24000;0;0
24004;2;2
24007;0;0
24011;3;1
24015;2;1
24021;2;0
24022;1;0
24026;0;0
24029;2;1
24033;5;2
24037;0;2
24040;3;0
24044;2;0
24048;0;3
24051;0;0
24055;5;1
24059;2;1
24062;0;0
24066;2;0
24069;4;1
24073;3;0
24077;1;0
24080;3;1
24084;0;0
24088;0;0
24091;2;2
24095;0;4
24099;0;2
24102;1;0
24106;4;1
24110;3;2
24113;3;2
24117;3;2
24120;1;0
24124;3;0
24128;2;0
24131;1;0
24135;0;1
24139;2;0
24142;3;0
24146;1;3
24150;7;0
24153;1;1
24157;4;0
24161;5;0
24164;3;0
24168;0;3
24172;1;2
24175;3;0
24179;0;2
24182;1;0
24186;3;0
24190;4;2
24193;4;0
24197;0;2
24201;3;0
24206;2;0
24208;3;0
24212;1;0
24215;3;0
24219;2;1
24223;3;2
24226;1;0
24230;4;0
24233;4;1
24237;0;1
24241;6;3
24244;1;0
24248;2;0
24252;2;1
24255;0;0
24259;5;0
24263;0;0
24266;0;0
24270;4;0
24274;1;1
24277;2;1
24281;2;1
24285;2;1
24288;0;2
24292;1;0
24295;0;1
24299;1;0
24303;0;0
24306;4;0
24310;4;0
24314;1;2
24317;3;2
24321;2;0
24325;5;0
24328;4;0
24332;1;0
24336;1;3
24339;3;1
24343;0;0
24347;0;0
24350;2;1
24354;0;0
24357;1;1
24361;3;1
24365;6;0
24368;3;1
24372;3;0
24376;0;3
24379;2;0
24383;1;2
24387;2;3
24392;3;2
24394;0;1
24398;0;0
24401;1;0
24405;2;0
24408;5;0
24412;0;0
24416;2;2
24419;0;0
24423;5;1
24427;2;2
24430;2;1
24434;1;1
24438;0;2
24441;0;0
24445;2;0
24449;2;0
24452;4;0
24456;0;1
24460;1;0
24463;3;0
24467;2;1
24470;3;1
24474;3;1
24478;0;2
24481;2;2
24485;2;0
24489;7;1
24492;1;0
24496;2;0
24500;2;0
24503;4;0
24507;0;0
24511;0;0
24514;0;0
24518;0;1
24521;2;3
24525;0;0
24529;2;0
24532;0;0
24536;2;0
24540;5;2
24543;6;0
24547;0;0
24551;3;0
24554;4;0
24558;5;2
24562;2;0
24565;3;4
24569;2;0
24573;6;0
24578;5;0
24580;1;0
24583;0;2
24587;2;0
24591;3;1
24594;4;0
24598;1;0
24602;0;1
24605;3;0
24609;1;0
24613;7;1
24616;2;0
24620;1;2
24624;1;5
24627;2;1
24631;3;0
24634;2;3
24638;6;1
24642;1;0
24645;1;0
24649;3;0
24653;0;1
24656;2;2
24660;3;0
24664;0;0
24667;0;4
24671;2;2
24675;0;0
24678;3;0
24682;2;1
24686;0;2
24689;2;0
24693;4;0
24696;3;6
24700;1;0
24704;1;3
24707;1;0
24711;5;0
24715;0;0
24718;2;1
24722;3;1
24726;4;0
24729;1;0
24733;1;0
24737;2;0
24740;0;1
24744;5;0
24748;1;0
24751;3;1
24755;2;0
24758;1;0
24762;0;2
24768;5;0
24769;1;1
24773;1;0
24777;4;0
24780;1;3
24784;3;0
24788;3;0
24791;4;0
24795;2;1
24799;4;2
24802;2;0
24806;0;2
24809;0;3
24813;2;0
24817;1;0
24820;0;0
24824;2;1
24828;0;1
24831;0;1
24835;4;0
24839;2;1
24842;1;1
24846;1;2
24850;4;0
24853;1;1
24857;1;0
24861;3;0
24864;0;1
24868;3;0
24871;2;0
24875;0;2
24879;0;0
24882;2;1
24886;0;0
24890;1;1
24893;3;2
24897;1;2
24901;6;2
24904;3;3
24908;1;3
24912;1;1
24915;2;1
24919;5;2
24922;0;0
24926;6;5
24930;3;0
24933;0;0
24937;2;0
24941;0;0
24944;5;0
24948;3;1
24954;2;0
24955;2;0
24959;3;0
24963;0;0
24966;0;2
24970;2;2
24974;3;0
24977;1;1
24981;0;1
24984;0;0
24988;1;1
24992;4;1
24995;3;3
24999;2;0
25003;0;0
25006;0;3
25010;3;0
25014;0;1
25017;2;0
25021;4;1
25025;4;2
25028;5;0
25032;1;0
25035;1;3
25039;3;2
25043;1;0
25046;2;1
25050;0;0
25054;1;1
25057;4;0
25061;4;1
25065;0;2
25068;5;0
25072;1;1
25076;0;0
25079;1;0
25083;1;1
25087;2;0
25090;1;0
25094;2;2
25097;1;0
25101;1;3
25105;0;0
25108;3;0
25112;3;0
25116;4;0
25119;1;0
25123;3;0
25127;2;1
25130;1;2
25134;1;1
25140;0;2
25141;4;0
25145;1;2
25149;0;1
25152;0;0
25156;3;0
25159;0;4
25163;6;0
25167;2;1
25170;2;0
25174;2;0
25178;2;2
25181;2;2
25185;0;1
25189;0;0
25192;2;0
25196;4;0
25200;4;0
25203;7;1
25207;2;0
25210;2;1
25214;5;0
25218;3;2
25221;0;0
25225;2;0
25229;1;1
25232;2;1
25236;1;1
25240;1;2
25243;2;0
25247;4;0
25251;2;2
25254;1;1
25258;3;0
25262;4;1
25265;2;0
25269;1;1
25272;2;0
25276;3;0
25280;0;0
25283;0;0
25287;1;0
25291;6;0
25294;1;0
25298;1;2
25302;0;0
25305;1;0
25309;0;0
25313;3;3
25316;2;1
25320;0;1
25326;1;0
25327;4;0
25331;1;0
25334;3;0
25338;5;1
25342;5;1
25345;0;1
25349;6;0
25353;1;0
25356;2;1
25360;2;0
25364;3;0
25367;1;0
25371;4;0
25375;1;1
25378;1;1
25382;2;1
25385;4;2
25389;2;0
25393;0;1
25396;2;1
25400;3;0
25404;3;0
25407;2;0
25411;0;1
25415;1;0
25418;0;2
25422;1;2
25426;3;3
25429;0;0
25433;0;0
25436;5;2
25440;3;0
25444;3;3
25447;3;1
25451;2;1
25455;3;1
25458;2;0
25462;0;0
25466;3;0
25469;0;0
25473;0;0
25477;4;0
25480;3;0
25484;0;1
25488;2;0
25491;3;0
25495;5;0
25498;0;0
25502;0;1
25506;1;0
25512;1;0
25513;1;1
25517;5;1
25520;3;1
25524;4;0
25528;2;0
25531;4;0
25535;4;2
25539;1;0
25542;1;2
25546;4;1
25550;4;0
25553;5;1
25557;1;0
25560;3;0
25564;0;1
25568;3;0
25571;0;0
25575;1;1
25579;0;0
25582;1;0
25586;2;1
25590;2;0
25593;5;2
25597;2;0
25601;1;0
25604;4;1
25608;0;0
25611;4;1
25615;5;3
25619;0;0
25622;1;3
25626;1;1
25630;1;0
25633;0;2
25637;4;0
25641;0;0
25644;4;1
25648;0;1
25652;1;0
25655;0;0
25659;2;2
25663;4;0
25666;1;0
25670;1;0
25673;3;0
25677;4;3
25681;5;1
25684;3;1
25688;2;0
25692;0;0
25695;1;1
25701;2;0
25703;2;0
25706;5;3
25710;4;0
25714;5;1
25717;0;0
25721;2;3
25724;3;0
25728;3;2
25732;0;1
25735;3;0
25739;4;0
25743;2;2
25746;0;0
25750;0;0
25754;1;0
25757;2;1
25761;3;0
25765;4;0
25768;2;1
25772;1;3
25776;3;0
25779;1;0
25783;3;0
25786;2;2
25790;2;0
25794;2;0
25797;2;0
25801;2;0
25805;2;0
25808;0;1
25812;1;2
25816;5;3
25819;2;1
25823;0;0
25827;0;3
25830;2;1
25834;0;0
25838;3;1
25841;2;0
25845;1;0
25848;3;0
25852;1;0
25856;4;1
25859;1;1
25863;2;0
25867;3;1
25870;2;2
25874;1;2
25878;1;2
25881;4;2
25887;2;1
25889;0;1
25892;2;1
25896;4;2
25899;3;0
25903;0;1
25907;2;0
25910;1;0
25914;2;1
25918;3;0
25921;4;0
25925;3;2
25929;2;0
25932;3;0
25936;1;0
25940;3;2
25943;1;2
25947;2;0
25951;2;0
25954;3;0
25958;3;1
25961;2;1
25965;2;1
25969;0;0
25972;6;0
25976;4;1
25980;1;0
25983;6;2
25987;2;0
25991;0;0
25994;3;0
25998;2;0
26002;3;2
26005;0;2
26009;1;0
26012;3;0
26016;4;1
26020;3;0
26023;2;0
26027;0;2
26031;3;1
26034;1;0
26038;4;1
26042;0;3
26045;0;1
26049;2;3
26053;3;0
26056;3;0
26060;1;0
26064;2;2
26067;2;0
26073;1;3
26074;1;3
26078;3;0
26082;2;2
26085;2;0
26089;0;0
26093;4;0
26096;0;1
26100;0;2
26104;3;0
26107;1;4
26111;2;0
26115;2;1
26118;3;0
26122;3;1
26125;1;0
26129;0;0
26133;1;0
26136;4;0
26140;4;0
26144;4;0
26147;4;0
26151;1;0
26155;3;0
26158;0;1
26162;2;0
26166;3;0
26169;0;1
26173;3;0
26177;0;0
26180;3;0
26184;1;1
26187;0;4
26191;5;0
26195;0;0
26198;1;0
26202;0;0
26206;0;0
26209;1;1
26213;2;3
26217;2;1
26220;2;3
26224;4;2
26228;1;0
26231;3;0
26235;6;3
26239;4;0
26242;3;0
26246;6;0
26249;0;0
26253;3;0
26259;2;1
26260;4;1
26264;0;0
26268;5;0
26271;2;2
26275;4;0
26279;2;2
26282;4;0
26286;0;1
26290;2;0
26293;3;3
26297;4;2
26300;0;1
26304;2;1
26308;3;2
26311;0;0
26315;3;3
26319;1;2
26322;2;3
26326;3;0
26330;4;0
26333;2;0
26337;4;0
26341;0;0
26344;2;1
26348;1;0
26352;3;3
26355;4;0
26359;3;0
26362;0;4
26366;4;0
26370;3;0
26373;0;2
26377;3;0
26381;3;0
26384;0;0
26388;3;2
26392;2;0
26395;5;0
26399;1;2
26403;1;1
26406;3;0
26410;0;2
26413;5;1
26417;0;2
26421;1;3
26424;1;3
26428;1;1
26432;4;0
26435;0;0
26439;2;0
26445;2;2
26446;1;1
26450;2;0
26454;1;1
26457;5;2
26461;5;0
26465;0;0
26468;0;0
26472;4;0
26475;2;1
26479;0;2
26483;1;1
26486;2;0
26490;2;0
26494;1;0
26497;0;2
26501;0;0
26505;1;0
26508;3;0
26512;4;2
26516;1;0
26519;0;0
26523;4;0
26526;1;0
26530;1;1
26534;3;0
26537;3;0
26541;2;0
26545;1;3
26548;0;2
26552;4;0
26556;2;2
26559;4;2
26563;0;2
26567;0;0
26570;1;3
26574;1;0
26578;4;0
26581;1;1
26585;5;1
26588;0;0
26592;0;0
26596;0;0
26599;2;2
26603;3;0
26607;4;4
26610;5;2
26614;2;0
26618;1;0
26621;4;2
26625;3;0
26629;2;0
26635;1;0
26636;2;2
26640;1;0
26643;3;0
26647;0;2
26650;2;0
26654;2;0
26658;3;0
26661;1;2
26665;0;2
26669;2;2
26672;6;0
26676;3;0
26680;4;0
26683;2;1
26687;0;0
26691;1;0
26694;3;0
26698;2;3
26701;2;0
26705;3;3
26709;1;2
26712;2;0
26716;1;0
26720;4;3
26723;0;0
26727;0;0
26731;0;0
26734;4;0
26738;1;2
26742;6;3
26745;3;0
26749;5;0
26753;1;0
26756;1;1
26760;4;1
26763;1;1
26767;2;2
26771;0;1
26774;2;0
26778;1;1
26782;2;0
26785;3;1
26789;2;0
26793;5;0
26796;2;0
26800;2;1
26804;6;0
26807;0;2
26811;3;0
26814;3;0
26820;4;0
26822;2;1
26825;1;0
26829;2;2
26833;2;2
26836;4;0
26840;2;4
26844;1;2
26847;3;0
26851;3;0
26855;0;1
26858;5;3
26862;4;0
26866;3;1
26869;0;0
26873;3;2
26876;0;0
26880;0;0
26884;3;2
26887;2;2
26891;1;0
26895;0;2
26898;3;1
26902;1;2
26906;0;0
26909;2;0
26913;2;2
26917;3;0
26920;0;0
26924;4;1
26927;7;0
26931;2;2
26935;0;0
26938;2;0
26942;1;2
26946;2;0
26949;5;0
26953;3;2
26957;2;0
26960;1;0
26964;0;0
26968;3;3
26971;6;0
26975;4;2
26979;4;0
26982;1;1
26986;0;2
26989;4;0
26993;1;0
26997;1;0
27000;4;1
27006;1;0
27008;1;3
27011;0;2
27015;4;2
27019;0;0
27022;1;1
27026;0;0
27030;2;2
27033;0;0
27037;1;0
27041;5;0
27044;3;0
27048;1;0
27051;3;0
27055;3;2
27059;5;0
27062;1;1
27066;2;0
27070;2;0
27073;3;0
27077;0;2
27081;0;1
27084;4;1
27088;0;0
27092;2;0
27095;5;1
27099;3;0
27102;3;1
27106;4;1
27110;1;1
27113;4;0
27117;4;2
27121;7;0
27124;2;0
27128;0;0
27132;2;0
27135;3;0
27139;3;0
27143;3;1
27146;4;0
27150;1;0
27154;2;1
27157;2;0
27161;3;1
27164;3;0
27168;2;0
27172;4;0
27175;0;0
27179;0;3
27183;4;0
27186;1;0
27192;3;0
27194;4;2
27197;2;0
27201;1;0
27205;2;1
27208;1;0
27212;2;0
27215;0;2
27219;2;0
27223;0;0
27226;2;0
27230;0;0
27234;5;1
27237;2;3
27241;2;0
27245;5;1
27248;1;3
27252;2;0
27256;2;0
27259;3;0
27263;1;0
27267;2;2
27270;5;3
27274;2;2
27277;0;1
27281;1;0
27285;2;2
27288;4;0
27292;5;0
27296;2;2
27299;3;0
27303;2;0
27307;1;1
27310;1;0
27314;0;0
27318;4;0
27321;2;0
27325;2;0
27328;1;1
27332;4;2
27336;2;1
27339;0;1
27343;0;0
27347;6;0
27350;5;0
27354;6;2
27358;4;1
27361;0;0
27365;4;1
27369;1;0
27372;2;0
27378;2;3
27380;1;0
27383;2;0
27387;2;4
27390;3;1
27394;0;2
27398;6;1
27401;0;0
27405;2;0
27409;1;1
27412;4;0
27416;2;1
27420;5;1
27423;5;1
27427;4;0
27431;4;0
27434;1;0
27438;0;2
27442;4;0
27445;3;2
27449;4;2
27452;1;2
27456;4;0
27460;2;3
27463;2;0
27467;1;1
27471;0;0
27474;0;0
27478;0;1
27482;4;1
27485;1;0
27489;4;0
27493;3;0
27496;0;0
27500;5;1
27503;3;0
27507;0;1
27511;0;1
27514;1;0
27518;0;1
27522;7;0
27525;1;0
27529;4;1
27533;5;0
27536;2;0
27540;4;0
27544;4;2
27547;2;0
27551;2;0
27555;4;2
27558;3;0
27562;4;0
27568;2;0
27569;0;0
27573;3;1
27576;3;0
27580;4;0
27584;2;0
27587;1;0
27591;0;0
27595;2;0
27598;2;0
27602;2;0
27606;4;0
27609;2;1
27613;3;0
27616;1;0
27620;0;0
27624;1;0
27627;0;0
27631;3;0
27635;2;0
27638;3;0
27642;3;0
27646;3;0
27649;2;0
27653;3;0
27657;2;1
27660;3;1
27664;3;2
27668;2;3
27671;2;0
27675;3;1
27678;0;3
27682;0;0
27686;0;0
27689;2;0
27693;0;0
27697;0;0
27700;3;0
27704;3;2
27708;0;0
27711;0;1
27715;2;0
27719;2;2
27722;3;0
27726;1;2
27729;0;0
27733;3;0
27737;0;0
27740;0;0
27744;0;1
27748;3;0
27754;3;0
27755;2;0
27759;3;0
27762;1;1
27766;1;0
27770;1;0
27773;1;0
27777;1;0
27781;2;0
27784;0;0
27788;2;2
27791;3;0
27795;2;1
27799;2;1
27802;0;0
27806;2;1
27810;4;0
27813;2;1
27817;4;1
27821;2;0
27824;2;1
27828;5;0
27832;1;1
27835;2;2
27839;3;0
27843;2;1
27846;2;2
27850;1;0
27853;2;4
27857;0;0
27861;0;1
27864;2;3
27868;2;2
27872;3;0
27875;1;1
27879;2;1
27883;1;0
27886;6;1
27890;3;0
27894;1;0
27897;5;2
27901;3;2
27904;3;0
27908;2;0
27912;5;3
27915;1;1
27919;1;0
27923;4;3
27926;3;0
27930;4;3
27934;3;1
27940;2;3
27941;1;1
27945;2;0
27948;0;2
27952;3;0
27956;2;2
27959;3;1
27963;2;0
27966;4;0
27970;3;3
27974;2;0
27977;3;1
27981;1;0
27985;2;0
27988;5;0
27992;5;1
27996;3;0
27999;0;3
28003;0;0
28007;2;3
28010;1;0
28014;4;0
28017;5;0
28021;3;0
28025;2;2
28028;2;3
28032;3;2
28036;5;0
28039;2;3
28043;2;1
28047;2;0
28050;0;0
28054;2;0
28058;3;0
28061;4;0
28065;1;2
28069;4;0
28072;3;0
28076;2;1
28079;3;3
28083;2;0
28087;1;1
28090;2;1
28094;1;0
28098;4;1
28101;4;1
28105;3;1
28109;1;0
28112;4;0
28116;4;1
28120;0;2
28126;3;0
28127;1;0
28131;1;3
28134;2;0
28138;0;1
28141;3;0
28145;2;1
28149;3;2
28152;1;3
28156;2;1
28160;3;0
28163;5;1
28167;5;0
28171;4;1
28174;4;2
28178;3;1
28182;3;0
28185;1;1
28189;2;0
28192;2;2
28196;1;1
28200;1;1
28203;1;1
28207;6;0
28211;0;0
28214;2;0
28218;1;2
28222;6;0
28225;1;1
28229;2;2
28233;3;0
28236;2;0
28240;2;0
28244;4;1
28247;4;1
28251;2;2
28254;0;0
28258;0;1
28262;3;1
28265;5;0
28269;1;0
28273;2;0
28276;0;0
28280;0;0
28284;4;1
28287;1;0
28291;0;0
28295;2;3
28298;3;0
28302;4;0
28305;4;0
28311;4;1
28313;2;0
28316;2;0
28320;0;2
28324;1;0
28327;2;2
28331;4;1
28335;3;1
28338;0;1
28342;2;0
28346;0;0
28349;3;0
28353;3;1
28357;3;2
28360;1;1
28364;4;0
28367;2;4
28371;1;0
28375;2;0
28378;2;1
28382;3;0
28386;3;1
28389;2;5
28393;1;3
28397;1;2
28400;6;1
28404;0;2
28408;0;1
28411;3;0
28415;0;0
28418;4;3
28422;0;0
28426;4;1
28429;2;1
28433;1;0
28437;5;0
28440;1;2
28444;3;2
28448;2;0
28451;4;2
28455;2;0
28459;4;0
28462;1;1
28466;3;1
28470;4;0
28473;3;0
28477;2;0
28480;3;2
28484;3;0
28488;3;2
28491;2;0
28495;3;1
28501;0;3
28502;1;5
28506;3;0
28510;1;3
28513;1;1
28517;4;1
28521;1;3
28524;2;0
28528;2;0
28532;2;0
28535;1;2
28539;0;0
28542;2;0
28546;3;0
28550;0;0
28553;1;1
28557;2;0
28561;3;1
28564;6;0
28568;1;2
28572;2;0
28575;0;0
28579;2;0
28583;4;1
28586;1;1
28590;3;1
28593;0;0
28597;2;1
28601;3;1
28604;1;0
28608;0;0
28612;4;0
28615;0;0
28619;4;2
28623;0;2
28626;1;0
28630;1;2
28634;1;0
28637;0;0
28641;2;0
28645;2;1
28648;5;2
28652;0;1
28655;0;0
28659;5;0
28663;0;0
28666;1;1
28670;2;0
28674;4;0
28677;2;4
28681;7;0
28687;2;1
28688;2;2
28692;2;3
28696;3;0
28699;0;0
28703;4;1
28706;5;1
28710;0;4
28714;3;0
28717;0;0
28721;0;0
28725;4;0
28728;1;3
28732;0;0
28736;0;2
10130;0;0
10130;3;0
10131;0;0
10131;3;2
10134;1;0
10137;2;0
10141;0;0
10145;0;0
10148;0;0
10152;0;0
10156;0;2
10159;2;0
10163;1;2
10167;2;0
10170;0;0
10174;4;0
10178;0;1
10181;6;0
10185;0;2
10189;4;1
10192;0;0
10196;3;1
10199;3;1
10203;1;0
10207;2;0
10210;4;0
10214;0;0
10218;1;1
10221;0;0
10225;4;1
10229;0;0
10232;0;3
10236;2;1
10240;3;0
10243;4;4
10247;3;1
10253;2;0
10254;1;3
10258;3;0
10261;3;2
10265;1;1
10269;1;2
10272;1;2
10276;2;3
10280;0;0
10283;4;1
10287;3;1
10291;3;0
10294;1;0
10298;0;0
10302;1;2
10305;4;2
10309;4;0
10312;5;0
10316;4;0
10320;4;0
10323;1;0
10327;0;0
10331;1;1
10334;1;2
10338;1;0
10342;3;2
10345;1;1
10349;0;4
10353;1;0
10356;4;0
10360;2;0
10364;2;3
10367;1;0
10371;0;0
10374;1;0
10378;3;0
10382;1;0
10385;1;1
10389;7;1
10393;2;1
10396;5;2
10400;0;0
10404;3;0
10407;0;2
10411;4;0
10415;2;0
10418;3;0
10422;0;3
10425;2;2
10429;4;0
10433;1;0
10439;5;1
10440;3;0
10444;4;0
10447;2;1
10451;2;0
10455;2;0
10458;0;2
10462;0;0
10466;2;5
10469;2;0
10473;4;1
10477;0;4
10480;5;2
10484;0;0
10487;3;2
10491;2;1
10495;2;0
10498;2;0
10502;2;0
10506;0;2
10509;5;2
10513;5;2
10517;0;0
10520;3;1
10524;1;0
10528;2;0
10531;4;1
10535;3;0
10538;1;0
10542;5;0
10546;3;1
10549;2;0
10553;0;0
10557;4;1
10560;0;0
10564;1;0
10568;1;2
10571;0;0
10575;3;2
10579;1;1
10582;5;0
10586;5;0
10590;2;2
10593;1;1
10597;3;1
10600;2;0
10604;3;3
10608;1;0
10611;3;2
10615;0;0
10619;2;0
10625;3;0
10626;1;0
10630;0;0
10633;1;0
10637;4;0
10641;0;0
10644;3;3
10648;5;0
10652;1;3
10655;4;0
10659;2;0
10662;0;0
10666;3;1
10670;2;0
10673;2;3
10677;2;0
10681;3;0
10684;5;0
10688;0;1
10692;1;0
10695;2;2
10699;1;1
10703;2;0
10706;5;1
10710;5;1
10713;0;1
10717;1;1
10721;0;0
10724;4;1
10728;1;1
10732;5;3
10735;0;2
10739;2;0
10743;1;1
10746;0;3
10750;0;3
10754;2;0
10757;6;0
10761;0;0
10765;4;2
10768;0;1
10772;1;3
10775;7;0
10779;5;1
10783;1;3
10786;3;1
10790;1;2
10794;2;0
10797;4;0
10801;1;0
10805;3;2
10808;2;0
10814;1;0
10816;4;0
10819;3;1
10823;5;1
10826;1;0
10830;3;1
10834;3;1
10837;3;2
10841;6;0
10845;4;1
10848;1;1
10852;1;1
10856;2;0
10859;4;0
10863;3;4
10867;4;2
10870;2;3
10874;0;2
10878;1;0
10881;0;3
10885;4;3
10888;5;1
10892;3;0
10896;4;2
10899;1;1
10903;4;2
10907;0;1
10910;6;1
10914;2;1
10918;2;1
10921;0;0
10925;7;0
10929;1;0
10932;1;3
10936;6;0
10939;3;3
10943;2;0
10947;1;1
10950;3;0
10954;1;0
10958;2;1
10961;2;2
10965;1;0
10969;5;0
10972;4;0
10976;0;1
10980;4;0
10983;2;2
10987;4;2
10991;2;0
10994;1;0
11000;1;1
11001;4;3
11005;3;2
11009;3;0
11012;0;0
11016;2;1
11020;0;0
11023;3;0
11027;3;0
11031;2;1
11034;1;2
11038;2;0
11042;0;2
11045;2;0
11049;3;1
11053;2;0
11056;1;1
11060;1;0
11063;4;0
11067;4;0
11071;3;0
11074;2;0
11078;1;2
11082;3;3
11085;0;0
11089;0;0
11093;5;2
11096;0;0
11100;1;2
11104;4;2
11107;0;0
11111;1;0
11114;3;0
11118;2;2
11122;0;1
11125;2;1
11129;2;3
11133;3;2
11136;0;2
11140;0;0
11144;0;1
11147;0;0
11151;3;2
11155;1;0
11158;0;1
11162;2;1
11166;4;0
11169;3;0
11173;3;0
11176;1;2
11180;3;0
11186;2;1
11187;1;1
11191;0;0
11195;2;0
11198;1;1
11202;6;3
11206;1;1
11209;0;0
11213;2;0
11217;1;1
11220;1;2
11224;3;0
11227;2;2
11231;0;1
11235;4;1
11238;2;0
11242;3;0
11246;5;0
11249;2;1
11253;2;2
11257;5;0
11260;5;0
11264;1;0
11268;2;0
11271;2;0
11275;3;0
11279;0;4
11282;1;0
11286;3;1
11289;2;0
11293;2;2
11297;2;0
11300;3;0
11304;2;0
11308;4;0
11311;3;2
11315;1;1
11319;2;0
11322;1;2
11326;2;1
11330;1;2
11333;3;2
11337;4;0
11340;0;0
11344;2;0
11348;2;0
11351;2;0
11355;0;0
11359;0;0
11362;3;2
11366;0;1
11372;1;1
11373;6;3
11377;3;4
11381;2;0
11384;5;4
11388;2;2
11392;0;0
11395;0;0
11399;0;0
11402;2;0
11406;0;2
11410;5;3
11413;5;1
11417;0;3
11421;0;2
11424;3;0
11428;2;0
11432;1;0
11435;4;3
11439;3;1
11443;4;2
11446;1;0
11450;3;1
11454;2;2
11457;1;0
11461;1;0
11464;3;2
11468;4;3
11472;1;0
11475;4;2
11479;2;0
11483;6;0
11486;3;0
11490;4;3
11494;2;2
11497;7;0
11501;2;0
11505;4;3
11508;1;1
11512;2;0
11515;4;0
11519;2;1
11523;0;1
11526;0;0
11530;0;1
11534;0;2
11537;5;3
11541;1;1
11545;4;1
11548;2;1
11552;3;0
11558;6;1
11559;1;1
11563;2;0
11567;1;1
11570;4;0
11574;1;0
11577;1;0
11581;5;3
11585;3;0
11588;0;0
11592;0;0
11596;3;0
11599;0;1
11603;1;0
11607;0;0
11610;2;4
11614;2;0
11618;2;1
11621;0;1
11625;2;0
11628;4;2
11632;0;0
11636;2;0
11639;5;0
11643;2;4
11647;8;0
11650;3;1
11654;2;1
11658;1;0
11661;2;0
11665;0;1
11669;0;2
11672;5;2
11676;0;0
11680;0;0
11683;1;0
11687;2;1
11690;2;1
11694;0;0
11698;3;0
11701;2;1
11705;4;0
11709;1;0
11712;1;0
11716;1;0
11720;3;2
11723;2;2
11727;4;0
11731;0;3
11734;5;2
11738;0;0
11742;4;1
11747;2;2
11749;3;0
11752;2;0
11756;0;1
11760;1;0
11763;0;1
11767;1;2
11771;2;0
11774;2;3
11778;2;2
11782;5;2
11785;2;0
11789;2;1
11793;5;0
11796;2;1
11800;4;2
11803;3;4
11807;0;1
11811;3;0
11814;4;1
11818;1;1
11822;3;0
11825;2;1
11829;1;0
11833;3;1
11836;0;0
11840;1;0
11844;3;0
11847;1;0
11851;3;0
11855;2;0
11858;2;0
11862;4;0
11865;4;1
11869;2;2
11873;2;1
11876;2;0
11880;1;0
11884;1;0
11887;4;0
11891;8;1
11895;0;2
11898;3;2
11902;2;0
11906;3;0
11909;1;0
11913;2;0
11916;0;0
11920;1;0
11924;2;0
11927;3;0
11933;4;0
11935;2;0
11938;0;0
11942;0;0
11946;1;3
11949;3;3
11953;3;0
11957;4;0
11960;3;1
11964;3;1
11968;0;1
11971;2;1
11975;4;0
11978;3;0
11982;1;0
11986;2;0
11989;3;0
11993;3;2
11997;3;0
12000;2;0
12004;2;0
12008;0;3
12011;3;0
12015;2;0
12019;2;0
12022;2;0
12026;3;1
12029;0;0
12033;0;1
12037;0;0
12040;3;0
12044;1;1
12048;1;1
12051;3;2
12055;3;0
12059;2;1
12062;4;2
12066;2;0
12070;4;0
12073;2;0
12077;3;3
12081;5;1
12084;3;0
12088;2;1
12091;2;2
12095;2;1
12099;5;0
12102;0;3
12106;2;1
12110;2;1
12113;4;2
12119;3;0
12121;0;2
12124;1;1
12128;1;0
12132;6;0
12135;1;0
12139;1;1
12143;3;0
12146;3;0
12150;3;3
12153;2;2
12157;2;3
12161;4;0
12164;0;1
12168;1;1
12172;4;1
12175;4;2
12179;2;0
12183;0;0
12186;4;0
12190;0;0
12194;2;1
12197;4;0
12201;0;0
12204;2;0
12208;0;2
12212;5;0
12215;5;0
12219;1;3
12223;1;3
12226;2;1
12230;5;0
12234;4;0
12237;4;2
12241;3;3
12245;0;0
12248;0;0
12252;1;0
12256;0;2
12259;0;2
12263;2;2
12266;3;0
12270;0;0
12274;2;0
12277;4;1
12281;2;3
12285;1;2
12288;2;1
12292;2;0
12296;1;0
12299;4;0
12305;2;2
12307;0;0
12310;0;0
12314;1;2
12317;0;0
12321;3;4
12325;5;0
12328;2;0
12332;0;1
12336;0;0
12339;2;5
12343;1;0
12347;3;0
12350;1;1
12354;2;0
12358;2;0
12361;3;0
12365;6;1
12369;3;2
12372;3;0
12376;4;2
12379;0;1
12383;2;2
12387;3;3
12390;7;0
12394;5;0
12398;2;0
12401;4;1
12405;1;0
12409;0;0
12412;0;0
12416;0;0
12420;3;0
12423;3;0
12427;2;0
12430;5;5
12434;2;2
12438;0;0
12441;7;0
12445;4;2
12449;5;1
12452;1;0
12456;1;0
12460;4;0
12463;2;1
12467;4;0
12471;0;0
12474;4;0
12478;1;3
12482;3;0
12485;5;0
12491;4;1
12492;4;3
12496;2;0
12500;4;0
12503;4;2
12507;5;2
12511;0;0
12514;1;0
12518;1;3
12522;8;1
12525;2;0
12529;3;0
12533;1;2
12536;6;1
12540;2;0
12544;2;0
12547;5;0
12551;1;2
12554;2;1
12558;4;3
12562;0;0
12565;4;2
12569;5;3
12573;5;1
12576;4;0
12580;0;0
12584;3;0
12587;2;1
12591;3;0
12595;2;5
12598;1;0
12602;0;0
12605;7;0
12609;0;0
12613;2;1
12616;4;0
12620;3;0
12624;2;0
12627;5;0
12631;2;0
12635;3;0
12638;5;2
12642;3;2
12646;5;0
12649;3;0
12653;2;0
12657;1;4
12660;2;0
12664;4;1
12667;4;0
12671;5;3
12675;4;0
12681;4;0
12682;2;2
12686;3;1
12689;4;2
12693;1;0
12697;1;0
12700;3;3
12704;3;1
12708;2;1
12711;2;0
12715;4;0
12718;6;2
12722;0;2
12726;2;0
12729;1;0
12733;3;2
12737;1;0
12740;1;2
12744;2;0
12748;3;2
12751;4;2
12755;3;2
12759;1;1
12762;1;3
12766;3;2
12770;0;1
12773;0;1
12777;8;0
12780;2;0
12784;2;0
12788;0;0
12791;3;0
12795;3;0
12799;4;0
12802;2;0
12806;1;2
12810;3;3
12813;2;0
12817;0;1
12821;4;0
12824;0;1
12828;3;0
12831;4;2
12835;5;5
12839;3;1
12842;0;2
12846;0;1
12850;0;0
12853;2;0
12857;4;0
12861;2;3
12867;0;3
12868;2;3
12872;2;3
12875;4;0
12879;4;0
12883;1;3
12886;3;0
12890;3;0
12893;1;0
12897;1;2
12901;5;1
12904;0;0
12908;0;2
12912;0;0
12915;1;0
12919;2;0
12923;2;1
12926;0;0
12930;5;2
12934;3;1
12937;1;2
12941;3;0
12945;3;0
12948;2;1
12952;6;0
12955;4;5
12959;7;0
12963;2;1
12966;6;0
12970;2;1
12974;1;2
12977;1;1
12981;0;2
12985;1;1
12988;2;0
12992;0;0
12996;1;0
12999;2;2
13003;3;1
13006;0;2
13010;2;0
13014;4;0
13017;4;0
13021;3;3
13025;6;0
13028;1;0
13032;0;0
13036;3;0
13039;1;1
13043;0;0
13047;2;0
13053;2;3
13054;0;0
13058;0;0
13061;1;0
13065;2;0
13068;1;0
13072;0;2
13076;3;0
13079;5;0
13083;2;2
13087;0;0
13090;6;2
13094;0;1
13098;0;2
13101;1;0
13105;2;0
13109;4;0
13112;3;0
13116;0;0
13119;4;0
13123;0;1
13127;1;3
13130;2;2
13134;4;3
13138;0;0
13141;2;1
13145;3;3
13149;0;2
13152;1;1
13156;5;2
13160;4;5
13163;1;0
13167;0;0
13171;1;0
13174;4;0
13178;1;0
13181;4;1
13185;3;3
13189;1;0
13192;2;0
13196;6;0
13200;2;0
13203;2;0
13207;5;3
13211;5;0
13214;1;2
13218;2;2
13222;1;1
13225;1;1
13229;0;0
13232;0;0
13239;1;0
13240;0;1
13243;0;0
13247;2;2
13251;1;1
13254;2;0
13258;3;0
13262;1;0
13265;1;2
13269;0;0
13273;2;1
13276;3;2
13280;3;0
13284;1;2
13287;3;0
13291;3;0
13294;2;0
13298;1;1
13302;1;0
13305;0;2
13309;3;0
13313;2;0
13316;0;1
13320;1;0
13324;2;0
13327;4;2
13331;6;2
13335;2;2
13338;0;0
13342;2;0
13346;1;3
13349;7;0
13353;3;0
13356;0;1
13360;2;2
13364;1;0
13367;2;0
13371;0;0
13375;7;0
13378;1;2
13382;0;0
13386;3;0
13389;0;1
13393;2;1
13397;0;0
13400;4;1
13404;2;0
13407;1;2
13411;0;2
13415;0;0
13418;0;0
13424;1;0
13426;2;3
13429;0;2
13433;3;2
13437;4;1
13440;1;2
13444;1;1
13448;4;5
13451;0;0
13455;1;2
13459;1;2
13462;3;1
13466;0;2
13469;4;2
13473;1;0
13477;3;1
13480;3;0
13484;2;1
13488;0;0
13491;0;0
13495;5;3
13499;3;0
13502;1;0
13506;0;1
13510;1;0
13513;1;0
13517;1;1
13520;0;3
13524;4;1
13528;2;1
13531;2;0
13535;4;1
13539;5;0
13542;1;0
13546;0;0
13550;0;0
13553;0;0
13557;0;0
13561;3;2
13564;4;1
13568;0;2
13572;0;2
13575;4;1
13579;6;1
13582;3;0
13586;1;0
13590;0;0
13593;4;2
13597;0;0
13601;3;1
13604;3;2
13608;0;0
13614;1;0
13615;2;1
13619;5;1
13623;1;0
13626;3;1
13630;0;0
13633;4;0
13637;7;2
13641;1;2
13644;1;0
13648;3;3
13652;0;0
13655;0;1
13659;2;0
13663;5;1
13666;1;2
13670;2;2
13674;3;0
13677;1;0
13681;0;1
13685;2;0
13688;2;0
13692;0;0
13695;3;0
13699;4;0
13703;1;1
13706;0;0
13710;3;0
13714;2;0
13717;2;0
13721;4;1
13725;0;0
13728;4;0
13732;1;0
13736;2;1
13739;5;0
13743;3;2
13747;1;0
13750;3;0
13754;0;0
13757;0;2
13761;0;0
13765;3;0
13768;2;0
13772;1;2
13776;4;2
13779;0;0
13783;0;1
13787;3;0
13790;2;0
13794;4;1
13800;2;1
13801;0;2
13805;2;0
13808;0;2
13812;3;3
13816;2;1
13819;2;1
13823;1;0
13827;0;0
13830;0;2
13834;2;2
13838;0;5
13841;2;2
13845;4;2
13849;0;0
13852;4;2
13856;1;0
13860;1;0
13863;4;3
13867;6;0
13870;0;2
13874;4;0
13878;4;0
13881;1;4
13885;3;0
13889;3;3
13892;1;2
13896;3;0
13900;3;0
13903;3;0
13907;2;0
13911;2;0
13914;0;1
13918;2;0
13921;1;1
13925;5;1
13929;0;1
13932;4;0
13936;5;2
13940;7;0
13943;5;0
13947;2;0
13951;8;0
13954;4;2
13958;3;0
13962;2;0
13965;0;0
13969;2;2
13973;1;2
13976;3;1
13980;4;2
13986;4;0
13987;4;0
13991;3;0
13994;3;2
13998;4;1
14002;5;1
14005;0;0
14009;0;0
14013;5;0
14016;6;0
14020;0;0
14024;1;1
14027;0;1
14031;0;0
14035;2;1
14038;2;0
14042;4;0
14045;0;0
14049;3;0
14053;5;1
14056;4;2
14060;1;2
14064;2;0
14067;2;0
14071;3;0
14075;4;1
14078;2;0
14082;1;0
14086;0;1
14089;2;0
14093;1;0
14096;2;3
14100;0;3
14104;3;0
14107;1;0
14111;4;1
14115;2;3
14118;3;0
14122;1;1
14126;1;0
14129;2;0
14133;0;2
14137;2;0
14140;5;0
14144;0;0
14148;2;0
14151;5;0
14155;7;1
14158;1;1
14162;2;5
14166;3;4
14172;2;0
14173;5;0
14177;1;4
14180;0;2
14184;2;0
14188;0;1
14191;2;2
14195;3;0
14199;1;3
14202;2;0
14206;4;2
14209;2;1
14213;3;0
14217;5;3
14220;4;0
14224;3;0
14228;1;2
14231;2;0
14235;4;1
14239;1;0
14242;0;0
14246;4;0
14250;3;1
14253;3;0
14257;3;1
14261;0;0
14264;2;1
14268;4;1
14271;3;3
14275;3;0
14279;0;2
14282;4;1
14286;2;0
14290;1;0
14293;1;0
14297;4;1
14301;2;0
14304;1;0
14308;6;0
14312;0;0
14315;3;0
14319;3;3
14322;0;2
14326;4;1
14330;0;1
14333;3;1
14337;5;0
14341;2;0
14344;0;0
14348;5;0
14352;3;0
14358;0;1
14359;0;0
14363;0;2
14366;4;2
14370;2;0
14374;3;1
14377;5;4
14381;2;0
14384;1;2
14388;2;0
14392;4;0
14395;6;1
14399;6;0
14403;3;2
14406;1;1
14410;2;0
14414;2;1
14417;0;5
14421;4;0
14425;5;0
14428;3;2
14432;2;3
14436;4;0
14439;5;0
14443;6;1
14446;0;1
14450;2;1
14454;0;0
14457;2;0
14461;0;2
14465;1;0
14468;1;0
14472;5;2
14476;6;1
14479;1;0
14483;3;1
14487;0;0
14490;0;0
14494;2;0
14497;1;3
14501;0;0
14505;2;0
14508;0;1
14512;0;0
14516;0;2
14519;6;0
14523;2;0
14527;0;0
14530;3;0
14534;0;1
14538;3;1
14541;3;0
14547;1;1
14549;1;0
14552;2;1
14556;4;0
14559;0;0
14563;2;2
14567;2;0
14570;3;1
14574;2;0
14578;2;1
14581;0;0
14585;1;0
14589;3;0
14592;2;0
14596;4;3
14600;2;0
14603;3;2
14607;4;2
14610;0;2
14614;1;0
14618;1;0
14621;4;1
14625;3;0
14629;3;0
14632;2;1
14636;3;0
14640;0;1
14643;2;3
14647;2;0
14651;1;0
14654;0;1
14658;5;0
14662;3;0
14665;3;1
14669;0;1
14672;4;1
14676;3;0
14680;2;4
14683;0;2
14687;2;0
14691;3;2
14694;2;5
14698;2;1
14702;2;0
14705;2;2
14709;0;0
14713;5;0
14716;2;2
14720;1;2
14723;3;0
14727;2;1
14733;3;1
14734;3;2
14738;6;2
14742;4;0
14745;0;1
14749;3;2
14753;2;0
14756;2;3
14760;3;1
14764;6;0
14767;4;1
14771;1;0
14775;1;1
14778;1;0
14782;0;0
14785;0;0
14789;2;0
14793;0;0
14796;0;1
14800;4;2
14804;2;2
14807;4;2
14811;2;0
14815;0;4
14818;3;0
14822;4;0
14826;3;3
14829;3;0
14833;0;1
14837;3;2
14840;5;0
14844;1;0
14847;3;0
14851;0;0
14855;3;0
14858;5;0
14862;2;1
14866;0;0
14869;7;0
14873;2;0
14877;3;3
14880;0;0
14884;1;0
14888;2;3
14891;1;1
14895;2;1
14898;3;3
14902;2;0
14906;4;0
14909;4;0
14913;2;0
14919;0;1
14920;0;1
14924;0;0
14928;2;0
14931;0;1
14935;2;0
14939;3;0
14942;1;2
14946;4;2
14950;3;5
14953;2;0
14957;4;0
14960;4;0
14964;2;2
14968;5;0
14971;1;0
14975;7;1
14979;5;3
14982;5;0
14986;2;0
14990;0;0
14993;0;0
14997;1;0
15001;6;0
15004;2;1
15008;2;2
15011;3;2
15015;1;0
15019;2;0
15022;2;0
15026;3;0
15030;3;0
15033;1;3
15037;6;0
15041;2;2
15044;2;1
15048;3;0
15052;2;0
15055;3;2
15059;0;1
15063;2;2
15066;4;0
15070;2;0
15073;2;0
15077;0;0
15081;4;2
15084;1;0
15088;4;2
15092;1;1
15095;0;2
15099;2;2
15128;1;1
15128;2;0
15128;0;2
15131;0;1
15135;2;2
15138;2;0
15142;2;2
15146;1;0
15149;4;0
15153;2;1
15157;2;3
15160;1;0
15164;4;1
15168;2;2
15171;2;1
15175;2;0
15179;0;2
15182;1;3
15186;3;1
15189;2;0
15193;8;0
15197;4;2
15200;1;0
15204;0;1
15208;0;0
15211;5;0
15215;2;2
15219;3;0
15222;0;0
15226;3;1
15230;3;0
15233;2;0
15237;5;0
15241;4;0
15244;0;0
15248;3;1
15251;1;0
15255;0;0
15259;1;1
15262;3;2
15266;5;2
15270;3;0
15273;2;0
15277;6;0
15281;4;0
15284;1;0
15288;5;4
15292;3;1
15295;5;4
15299;0;0
15302;1;1
15308;1;2
15310;2;1
15313;0;0
15317;3;0
15321;3;1
15324;4;2
15328;0;0
15332;0;2
15335;0;2
15339;3;0
15343;5;0
15346;2;0
15350;2;0
15354;0;5
15357;3;0
15361;0;0
15364;6;3
15368;3;0
15372;4;0
15375;2;0
15379;3;2
15383;2;2
15386;4;0
15390;1;0
15394;3;0
15397;4;1
15401;0;0
15405;1;0
15408;2;3
15412;2;0
15415;5;0
15419;1;2
15423;1;0
15426;4;2
15430;2;1
15434;2;4
15437;0;0
15441;1;4
15445;0;0
15448;4;0
15452;0;0
15456;3;4
15459;1;0
15463;4;0
15467;1;0
15470;0;1
15474;2;2
15477;2;2
15481;1;2
15485;0;0
15488;4;0
15492;2;2
15498;2;0
15499;3;2
15503;3;0
15507;3;0
15510;1;0
15514;3;0
15518;5;0
15521;3;0
15525;5;0
15528;0;0
15532;2;2
15536;0;0
15539;1;0
15543;5;0
15547;2;0
15550;0;3
15554;1;4
15558;3;0
15561;4;1
15565;0;1
15569;2;0
15572;1;0
15576;3;0
15580;1;0
15583;7;1
15587;1;2
15590;2;0
15594;1;3
15598;5;0
15601;3;1
15605;3;1
15609;2;0
15612;3;0
15616;4;0
15620;0;0
15623;4;0
15627;1;2
15631;2;0
15634;1;2
15638;2;1
15642;2;0
15645;3;0
15649;2;2
15652;2;1
15656;2;0
15660;1;2
15663;1;3
15667;5;0
15671;5;0
15674;0;2
15678;3;2
15684;1;0
15685;1;3
15689;3;0
15693;4;0
15696;0;0
15700;0;0
15703;0;0
15707;1;2
15711;2;1
15714;2;0
15718;0;3
15722;2;2
15725;0;1
15729;1;2
15733;6;0
15736;2;4
15740;1;0
15744;3;0
15747;4;0
15751;4;1
15755;4;3
15758;0;0
15762;0;0
15765;1;0
15769;4;0
15773;3;0
15776;4;1
15780;1;1
15784;4;1
15787;4;2
15791;4;0
15795;2;2
15798;2;1
15802;0;4
15806;3;2
15809;0;1
15813;5;2
15816;3;2
15820;1;3
15824;0;2
15827;0;0
15831;1;1
15835;4;2
15838;4;0
15842;3;0
15846;0;1
15849;3;2
15853;0;0
15857;4;1
15860;1;1
15864;0;2
15870;0;0
15871;2;0
15875;0;1
15878;2;0
15882;1;1
15886;0;2
15889;1;0
15893;5;0
15897;5;0
15900;0;0
15904;0;0
15908;4;1
15911;2;1
15915;0;0
15919;5;0
15922;3;0
15926;1;3
15930;0;2
15933;0;1
15937;1;2
15940;4;1
15944;6;0
15948;0;2
15951;1;1
15955;2;0
15959;3;0
15962;2;3
15966;2;1
15970;2;3
15973;3;2
15977;2;1
15981;5;0
15984;0;1
15988;5;0
15991;4;0
15995;0;0
15999;1;0
16002;6;0
16006;5;0
16010;1;3
16013;4;2
16017;2;0
16021;1;3
16024;2;0
16028;1;0
16032;7;3
16035;0;1
16039;4;0
16043;5;1
16046;4;0
16050;3;0
16056;6;2
16057;3;0
16061;3;2
16064;2;0
16068;2;0
16072;0;0
16075;4;2
16079;4;0
16083;3;2
16086;2;1
16090;1;0
16094;3;0
16097;2;1
16101;1;1
16104;1;0
16108;1;0
16112;3;0
16115;0;0
16119;5;2
16123;0;0
16126;2;0
16130;6;2
16134;7;3
16137;1;0
16141;0;0
16145;0;1
16148;4;2
16152;3;0
16156;0;3
16159;1;0
16163;1;2
16166;0;1
16170;1;0
16174;1;0
16177;2;1
16181;3;3
16185;3;0
16188;2;0
16192;3;0
16196;3;1
16199;2;2
16203;3;1
16207;3;3
16210;0;1
16214;7;0
16217;0;0
16221;3;2
16225;4;0
16228;1;0
16232;1;0
16236;4;1
16241;2;0
16243;0;2
16247;2;0
16250;2;1
16254;2;3
16258;0;0
16261;0;1
16265;3;1
16269;4;0
16272;2;1
16276;0;0
16279;6;1
16283;1;1
16287;0;0
16290;3;0
16294;1;4
16298;0;0
16301;2;0
16305;0;1
16309;4;1
16312;5;1
16316;1;0
16320;4;0
16323;0;0
16327;4;2
16331;0;0
16334;1;0
16338;4;2
16341;3;0
16345;2;3
16349;3;0
16352;2;0
16356;2;2
16360;2;0
16363;0;1
16367;3;0
16371;0;0
16374;1;3
16378;2;0
16382;0;1
16385;0;1
16389;0;0
16392;4;0
16396;2;1
16400;1;0
16403;0;0
16407;0;4
16411;4;1
16414;1;0
16418;0;0
16422;1;0
16425;1;0
16431;2;3
16433;3;0
16436;2;3
16440;1;2
16444;3;0
16447;3;3
16451;1;0
16454;0;0
16458;3;1
16462;2;1
16465;6;0
16469;2;0
16473;3;0
16476;2;1
16480;0;2
16484;5;3
16487;4;4
16491;1;0
16495;3;2
16498;3;2
16502;0;1
16505;4;2
16509;1;0
16513;0;0
16516;3;0
16520;2;0
16524;0;0
16527;6;1
16531;1;3
16535;0;1
16538;1;2
16542;0;2
16546;3;1
16549;3;0
16553;3;0
16557;3;1
16560;0;2
16564;4;0
16567;1;0
16571;5;0
16575;0;2
16578;4;0
16582;1;2
16586;2;0
16589;1;0
16593;2;3
16597;5;3
16600;0;2
16604;5;1
16608;2;0
16611;1;2
16617;2;0
16619;0;2
16622;0;0
16626;4;0
16629;0;0
16633;3;1
16637;1;0
16640;1;1
16644;3;0
16648;1;0
16651;0;3
16655;3;0
16659;1;0
16662;3;0
16666;0;1
16670;2;0
16673;3;0
16677;0;0
16680;2;0
16684;3;0
16688;1;2
16691;3;3
16695;2;0
16699;2;2
16702;3;0
16706;3;0
16710;1;2
16713;7;0
16717;2;3
16721;4;2
16724;3;0
16728;3;1
16732;1;0
16735;5;4
16739;1;0
16742;4;0
16746;0;0
16750;1;3
16753;2;0
16757;3;0
16761;0;0
16764;2;1
16768;1;4
16772;2;0
16775;6;0
16779;2;1
16783;0;0
16786;3;3
16790;1;1
16793;3;1
16797;0;2
16803;3;3
16804;4;0
16808;2;0
16812;0;1
16815;0;0
16819;1;1
16823;5;1
16826;1;0
16830;1;1
16834;2;2
16837;5;2
16841;4;0
16845;4;0
16848;3;0
16852;2;0
16855;2;0
16859;4;0
16863;1;0
16866;0;2
16870;5;0
16874;1;0
16877;2;0
16881;0;0
16885;0;2
16888;0;0
16892;0;0
16896;6;1
16899;4;0
16903;4;0
16906;1;1
16910;3;2
16914;3;1
16917;1;1
16921;4;0
16925;1;2
16928;2;2
16932;5;0
16936;1;3
16939;2;0
16943;2;0
16947;0;0
16950;3;0
16954;2;1
16958;4;0
16961;6;1
16965;2;0
16968;3;0
16972;2;1
16976;4;1
16979;1;4
16983;2;1
16989;4;1
16990;4;0
16994;3;1
16998;3;2
17001;1;2
17005;2;2
17009;4;4
17012;1;1
17016;4;0
17019;3;0
17023;0;0
17027;0;0
17030;2;0
17034;1;2
17038;1;0
17041;0;0
17045;1;0
17049;0;0
17052;0;2
17056;3;2
17060;1;2
17063;0;1
17067;2;1
17071;3;0
17074;8;1
17078;3;0
17081;3;0
17085;2;1
17089;1;4
17092;2;0
17096;6;0
17100;6;0
17103;2;4
17107;1;0
17111;0;0
17114;1;1
17118;5;0
17122;3;2
17125;1;0
17129;3;0
17133;6;2
17136;5;3
17140;2;2
17143;2;3
17147;2;2
17151;2;0
17154;0;2
17158;0;1
17162;2;0
17165;1;3
17169;0;1
17199;2;0
17200;1;2
17200;0;0
17203;2;0
17206;5;0
17210;3;0
17214;4;3
17217;1;0
17221;8;4
17225;2;3
17228;1;1
17232;3;0
17235;0;0
17239;3;0
17243;3;0
17246;0;0
17250;0;1
17254;2;3
17257;2;0
17261;1;0
17265;1;0
17268;2;1
17272;3;0
17276;2;2
17279;0;0
17283;4;0
17286;4;1
17290;4;2
17294;2;0
17297;0;0
17301;2;1
17305;2;1
17308;2;2
17312;0;3
17316;0;0
17319;4;0
17323;1;1
17327;2;0
17330;0;0
17334;0;4
17338;4;0
17341;6;0
17345;1;0
17348;3;2
17352;1;0
17356;1;0
17359;5;5
17363;4;0
17367;0;0
17370;0;2
17374;7;0
17378;4;0
17396;6;2
17396;3;0
17397;0;1
17399;3;0
17403;5;1
17407;4;0
17410;1;0
17414;0;3
17417;0;1
17421;2;0
17425;5;0
17428;0;0
17432;0;0
17436;0;0
17439;3;0
17443;2;1
17447;5;0
17450;2;0
17454;5;0
17458;3;2
17461;1;0
17465;1;2
17468;2;0
17472;4;0
17476;2;1
17479;4;0
17483;3;4
17487;4;0
17490;6;0
17494;4;1
17498;6;0
17501;4;0
17505;1;1
17509;3;0
17512;1;1
17516;2;0
17520;3;2
17523;4;0
17527;3;1
17530;0;0
17534;2;4
17538;5;2
17541;0;0
17545;4;1
17549;2;0
17552;0;0
17556;0;0
17560;5;1
17563;0;0
17567;3;0
17571;0;0
17576;2;2
17578;0;0
17581;4;0
17585;3;0
17589;2;0
17592;2;0
17596;2;0
17600;0;0
17603;4;1
17607;2;1
17611;2;0
17614;4;4
17618;5;0
17622;1;1
17625;2;0
17629;3;0
17633;4;0
17636;0;1
17640;2;0
17643;0;0
17647;2;0
17651;5;0
17654;3;1
17658;4;0
17662;0;2
17665;3;1
17669;3;2
17673;0;0
17676;2;1
17680;1;0
17684;0;0
17687;4;0
17691;0;0
17695;4;1
17698;3;0
17702;1;0
17705;0;2
17709;1;0
17713;1;0
17716;1;1
17720;2;2
17724;4;5
17727;2;0
17731;0;0
17735;1;0
17738;0;5
17742;4;2
17746;2;0
17749;4;0
17753;1;0
17756;0;2
17762;2;2
17764;0;0
17767;1;0
17771;2;2
17775;0;0
17778;2;4
17782;4;2
17786;1;2
17789;1;1
17793;0;0
17797;1;1
17800;0;1
17804;4;0
17808;1;2
17811;1;0
17815;0;4
17818;4;0
17822;0;1
17826;2;0
17829;3;2
17833;3;2
17837;3;1
17840;8;0
17844;2;1
17848;2;0
17851;5;2
17855;5;0
17859;3;0
17862;0;2
17866;5;0
17869;2;0
17873;3;0
17877;1;0
17880;3;0
17884;1;0
17888;1;0
17891;4;0
17895;0;0
17899;1;5
17902;0;0
17906;4;0
17910;3;0
17913;0;2
17917;3;0
17921;2;0
17924;4;0
17928;3;1
17931;3;2
17935;2;0
17939;2;2
17942;7;0
17948;2;3
17950;2;0
17953;0;1
17957;4;0
17961;3;2
17964;2;0
17968;0;0
17972;1;2
17975;2;0
17979;4;0
17983;1;2
17986;7;0
17990;5;2
17993;4;0
17997;5;2
18001;1;2
18004;2;1
18008;2;1
18012;0;2
18015;6;3
18019;3;0
18023;4;0
18026;2;0
18030;0;0
18034;3;2
18037;0;3
18041;4;3
18044;0;0
18048;0;2
18052;0;0
18055;2;0
18059;3;0
18063;2;2
18066;2;2
18070;2;0
18074;1;1
18077;4;1
18081;1;1
18085;6;1
18088;7;2
18092;2;1
18096;0;0
18099;1;0
18103;2;0
18106;5;0
18110;3;0
18114;1;0
18117;0;2
18121;0;0
18125;5;2
18128;0;3
18134;1;3
18136;2;4
18139;3;0
18143;0;0
18147;3;0
18150;0;0
18154;3;0
18157;4;0
18161;0;2
18165;1;0
18168;1;2
18172;6;1
18176;0;1
18179;0;0
18183;2;0
18187;1;2
18190;2;0
18194;3;0
18198;2;0
18201;4;0
18205;4;0
18209;3;2
18212;6;2
18216;0;0
18219;4;2
18223;4;0
18227;0;0
18230;0;2
18234;2;0
18238;2;1
18241;1;1
18245;0;2
18249;0;2
18252;1;1
18256;3;0
18260;1;0
18263;3;0
18267;0;2
18270;2;1
18274;1;2
18278;5;4
18281;0;2
18285;2;0
18289;5;1
18292;2;1
18296;0;2
18300;3;0
18303;5;0
18307;1;0
18311;0;4
18314;1;0
18318;0;4
18324;0;1
18325;2;1
18329;1;0
18332;4;2
18336;4;1
18340;5;0
18343;0;0
18347;5;0
18351;4;0
18354;3;0
18358;0;2
18362;0;0
18365;3;4
18369;0;0
18373;3;0
18376;0;2
18380;0;0
18384;4;1
18387;2;0
18391;0;0
18394;3;2
18398;5;3
18402;4;0
18405;2;0
18409;7;0
18413;0;0
18416;0;0
18420;4;4
18424;1;0
18427;6;3
18431;0;1
18435;0;3
18438;0;1
18442;1;0
18445;3;0
18449;0;0
18453;0;3
18456;3;0
18460;0;1
18464;5;0
18467;3;2
18471;3;0
18475;1;2
18478;5;3
18482;0;0
18486;2;1
18489;2;2
18493;4;2
18497;1;1
18500;1;2
18504;3;0
18510;3;0
18511;1;0
18515;4;0
18518;3;1
18522;2;1
18526;4;3
18529;2;1
18533;2;2
18537;3;0
18540;0;1
18544;1;1
18548;1;2
18551;0;2
18555;0;0
18558;0;0
18562;2;0
18566;0;0
18569;3;3
18573;3;1
18577;3;1
18580;7;0
18584;0;0
18588;2;0
18591;2;0
18595;1;1
18599;5;2
18602;5;0
18606;1;0
18610;3;0
18613;4;0
18617;4;2
18620;2;2
18624;0;0
18628;5;1
18631;0;0
18635;1;0
18639;1;0
18642;2;0
18646;7;0
18650;4;1
18653;1;0
18657;0;0
18661;2;2
18664;0;0
18668;4;1
18671;0;1
18675;0;3
18679;0;0
18682;2;0
18686;2;0
18690;0;0
18696;4;2
18697;4;2
18701;2;1
18704;4;0
18708;0;0
18712;2;0
18715;3;0
18719;1;0
18723;3;0
18726;2;0
18730;6;1
18733;6;2
18737;2;4
18741;2;0
18744;3;0
18748;2;3
18752;2;2
18755;3;2
18759;2;0
18763;3;0
18766;0;1
18770;5;3
18774;2;0
18777;0;0
18781;1;1
18785;2;0
18788;0;2
18792;1;0
18795;3;1
18799;5;0
18803;2;2
18806;4;0
18810;3;4
18814;0;1
18817;3;0
18821;3;1
18825;0;0
18828;0;0
18832;1;0
18836;3;2
18839;0;0
18843;2;0
18846;5;1
18850;2;0
18854;2;0
18857;2;0
18861;0;1
18865;0;0
18868;0;0
18872;2;3
18876;2;0
18882;3;1
18883;1;0
18887;0;0
18890;0;0
18894;4;0
18898;0;0
18901;1;3
18905;1;1
18908;0;2
18912;4;0
18916;2;2
18919;1;0
18923;2;0
18927;1;1
18930;2;0
18934;1;0
18938;2;1
18941;0;2
18945;6;2
18949;4;1
18952;4;0
18956;1;0
18959;2;2
18963;7;2
18967;2;1
18970;1;2
18974;1;0
18978;3;1
18981;1;0
18985;4;0
18989;5;1
18992;2;0
18996;2;1
19000;1;1
19003;2;0
19007;0;1
19011;3;3
19014;3;1
19018;4;2
19021;2;2
19025;1;0
19029;3;2
19032;3;0
19036;0;2
19040;1;1
19043;5;0
19047;0;0
19051;0;0
19054;0;1
19058;7;0
19062;2;0
19067;0;0
19069;3;1
19072;4;2
19076;0;3
19080;4;1
19083;2;2
19087;6;2
19091;4;2
19094;2;1
19098;3;1
19102;2;4
19105;6;0
19109;0;0
19113;2;2
19116;0;0
19120;1;0
19124;2;1
19127;0;0
19131;4;0
19134;2;0
19138;0;0
19142;4;0
19145;4;0
19149;2;3
19153;5;0
19156;7;1
19160;1;0
19164;0;0
19167;4;0
19171;0;1
19175;4;1
19178;1;0
19182;1;0
19186;4;0
19189;2;2
19193;6;2
19196;2;0
19200;3;1
19204;4;0
19207;5;0
19211;2;0
19215;2;2
19218;2;2
19222;0;2
19226;0;1
19229;1;1
19233;0;2
19237;0;0
19240;3;0
19244;2;0
19247;2;0
19251;1;0
19257;4;4
19258;1;2
19262;0;1
19266;2;2
19269;0;0
19273;4;1
19277;0;1
19280;4;5
19284;3;2
19288;1;4
19291;3;0
19295;4;1
19299;1;6
19302;1;0
19306;3;0
19309;1;0
19313;1;2
19317;1;1
19320;2;0
19324;1;1
19328;2;0
19331;3;0
19335;5;0
19339;0;1
19342;5;3
19346;2;0
19350;0;5
19353;4;0
19357;2;0
19360;0;3
19364;3;2
19368;2;2
19371;5;1
19375;1;0
19379;1;0
19382;2;0
19386;4;0
19390;2;1
19393;4;2
19397;0;1
19401;0;0
19404;0;0
19408;1;0
19412;3;0
19415;0;1
19419;5;2
19422;0;0
19426;2;1
19430;0;0
19433;0;0
19437;2;2
19443;2;0
19444;2;1
19448;1;0
19452;6;1
19455;0;0
19459;0;0
19463;2;0
19466;0;1
19470;3;0
19473;1;0
19477;0;0
19481;3;2
19484;2;0
19488;5;0
19492;4;0
19495;2;2
19499;4;0
19503;6;0
19506;3;0
19510;4;2
19514;3;0
19517;0;2
19521;2;0
19525;2;0
19528;3;2
19532;1;0
19535;2;0
19539;5;1
19543;3;2
19546;0;2
19550;2;3
19554;0;2
19557;0;1
19561;2;0
19565;0;1
19568;3;0
19572;2;2
19576;3;0
19579;2;0
19583;4;0
19587;1;0
19590;4;0
19594;1;1
19597;0;0
19601;5;0
19605;2;1
19608;5;0
19612;4;4
19616;0;0
19619;4;0
19623;7;0
19629;0;1
19630;4;2
19634;3;1
19638;0;3
19641;3;1
19645;4;2
19648;1;3
19652;0;2
19656;2;0
19659;4;0
19663;2;0
19667;2;0
19670;0;0
19674;0;1
19678;3;0
19681;0;2
19685;0;0
19689;4;0
19692;0;0
19696;3;2
19700;2;0
19703;0;0
19707;2;2
19710;5;1
19714;1;2
19718;2;1
19721;4;0
19725;2;0
19729;2;1
19732;4;0
19736;3;2
19740;2;0
19743;6;0
19747;0;0
19751;4;1
19754;4;0
19758;0;2
19761;0;1
19765;4;2
19769;4;2
19772;0;0
19776;2;0
19780;3;0
19783;1;0
19787;1;1
19791;5;2
19794;3;1
19798;1;0
19802;4;1
19805;5;2
19809;5;0
19815;2;0
19816;0;1
19820;2;4
19823;0;0
19827;0;4
19831;3;0
19834;0;0
19838;5;0
19842;1;0
19845;3;0
19849;6;0
19853;0;0
19856;0;2
19860;0;3
19864;5;2
19867;2;1
19871;1;0
19874;3;0
19878;0;0
19882;2;0
19885;2;1
19889;1;0
19893;3;0
19896;0;1
19900;4;0
19904;0;0
19907;2;0
19911;1;2
19915;4;3
19918;3;0
19922;2;0
19926;0;0
19929;5;0
19933;0;0
19936;4;0
19940;3;0
19944;1;0
19947;6;1
19951;3;2
19955;1;1
19958;0;0
19962;4;1
19966;5;2
19969;3;3
19973;1;0
19977;4;0
19980;1;0
19984;0;0
19988;5;1
19991;0;3
19995;4;3
20001;5;1
20002;1;1
20006;0;1
20009;4;0
20013;2;0
20017;2;2
20020;0;1
20024;6;1
20028;0;0
20031;1;0
20035;0;2
20039;2;0
20042;3;0
20046;2;0
20049;0;0
20053;0;0
20057;1;0
20060;0;0
20064;5;1
20068;4;1
20071;3;1
20075;2;1
20079;0;2
20082;2;2
20086;0;0
20090;2;2
20093;5;0
20097;3;0
20101;1;0
20104;1;0
20108;1;0
20111;1;0
20115;2;0
20119;4;1
20122;4;2
20126;0;4
20130;0;4
20133;5;0
20137;2;2
20141;6;0
20144;1;4
20148;0;2
20152;2;0
20155;3;0
20159;1;1
20162;1;1
20166;0;1
20170;4;0
20173;3;0
20177;4;0
20181;5;1
20184;2;0
20190;5;1
20192;1;0
20195;2;1
20199;0;0
20203;3;0
20206;3;0
20210;2;0
20214;0;3
20217;3;0
20221;4;1
20224;4;0
20228;0;0
20232;2;1
20235;6;0
20239;0;1
20243;5;1
20246;0;0
20250;3;0
20254;0;0
20257;1;1
20261;0;1
20265;4;2
20268;8;0
20272;2;2
20276;1;2
20279;0;2
20283;2;0
20286;5;0
20290;4;0
20294;0;0
20297;0;1
20301;3;1
20305;3;1
20308;0;3
20312;0;0
20316;3;3
20319;4;0
20323;3;0
20327;0;0
20330;2;0
20334;4;1
20337;0;0
20341;0;0
20345;2;2
20348;1;0
20352;0;0
20356;4;0
20359;1;0
20363;4;1
20367;3;1
20370;3;2
20376;3;2
20378;1;0
20381;3;0
20385;0;2
20389;0;2
20392;0;0
20396;2;0
20399;0;2
20403;4;2
20407;0;1
20410;1;0
20414;3;1
20418;0;0
20421;4;2
20425;5;1
20429;0;0
20432;1;3
20436;6;2
20440;0;0
20443;2;0
20447;6;0
20450;2;0
20454;5;0
20458;3;0
20461;0;1
20465;1;0
20469;2;1
20472;2;0
20476;0;0
20480;1;0
20483;2;1
20487;2;0
20491;2;0
20494;1;0
20498;2;1
20502;8;1
20505;5;0
20509;2;2
20512;1;0
20516;1;2
20520;2;0
20523;2;2
20527;3;0
20531;3;0
20534;1;1
20538;1;0
20542;3;0
20545;2;0
20549;1;0
20553;0;0
20556;4;2
20562;2;1
20563;2;2
20567;3;2
20571;1;0
20574;2;0
20578;4;2
20582;4;1
20585;2;1
20589;2;0
20593;3;0
20596;5;0
20600;2;0
20604;3;0
20607;2;0
20611;2;0
20615;3;1
20618;2;0
20622;6;0
20625;5;1
20629;1;2
20633;2;1
20636;1;0
20640;4;2
20644;0;2
20647;0;0
20651;1;0
20655;0;2
20658;0;0
20662;4;2
20666;5;0
20669;2;2
20673;0;3
20677;5;2
20680;4;0
20684;2;0
20687;2;0
20691;2;0
20695;1;0
20698;0;2
20702;2;1
20706;0;2
20709;4;3
20713;2;1
20717;6;0
20720;2;2
20724;4;0
20728;2;0
20731;0;0
20735;0;0
20738;6;0
20742;0;0
20748;2;0
20749;4;0
20753;4;1
20757;0;0
20760;2;0
20764;0;2
20768;1;0
20771;5;3
20775;0;0
20779;3;1
20782;2;0
20786;2;1
20790;3;0
20793;2;0
20797;2;2
20800;5;1
20804;0;0
20808;2;3
20811;7;1
20815;3;3
20819;4;0
20822;3;0
20826;0;2
20830;5;1
20833;2;0
20837;0;1
20841;5;0
20844;0;2
20848;4;0
20851;3;0
20855;0;0
20859;1;1
20862;2;0
20866;0;4
20870;2;0
20873;1;1
20877;0;0
20881;7;0
20884;0;2
20888;2;1
20892;1;2
20895;5;2
20899;4;3
20903;2;2
20906;4;4
20910;3;1
20913;1;3
20917;3;2
20921;3;0
20924;0;0
20928;2;2
20935;4;1
20935;2;1
20939;0;1
20943;0;0
20946;0;3
20950;2;0
20954;2;2
20957;0;0
20961;2;0
20964;3;1
20968;0;2
20972;2;2
20975;1;0
20979;4;2
20983;2;0
20986;3;0
20990;5;0
20994;3;0
20997;1;0
21001;0;0
21005;3;0
21008;2;0
21012;2;0
21016;5;0
21019;3;1
21023;0;4
21026;5;1
21030;5;2
21034;0;0
21037;1;0
21041;1;0
21045;5;0
21048;4;0
21052;0;4
21056;4;1
21059;1;0
21063;1;1
21067;2;0
21070;3;0
21074;1;0
21078;3;0
21081;0;2
21085;3;0
21088;2;3
21092;2;3
21096;5;0
21099;3;2
21103;3;0
21107;3;0
21110;4;2
21114;0;0
21118;0;1
21124;2;2
21125;4;0
21129;4;2
21132;3;0
21136;2;3
21139;1;0
21143;3;2
21147;0;0
21150;0;0
21154;3;4
21158;0;4
21161;0;1
21165;0;2
21169;2;2
21172;0;0
21176;0;0
21180;3;1
21183;0;0
21187;4;0
21191;0;0
21194;1;1
21198;0;0
21201;6;1
21205;0;0
21209;2;0
21212;0;0
21216;2;1
21220;0;1
21223;1;1
21227;1;0
21231;0;0
21234;0;1
21238;0;0
21242;2;1
21245;4;0
21249;4;2
21252;4;0
21256;5;0
21260;1;0
21263;2;1
21267;0;1
21271;1;1
21274;0;0
21278;0;0
21282;5;0
21285;0;3
21289;0;2
21293;0;1
21296;4;3
21300;2;0
21304;1;3
21309;2;0
21311;1;2
21314;4;4
21318;5;0
21322;2;0
21325;0;0
21329;1;2
21333;3;1
21336;0;0
21340;1;0
21344;3;2
21347;2;0
21351;3;0
21355;1;0
21358;2;4
21362;2;0
21365;2;1
21369;1;0
21373;5;0
21376;6;0
21380;0;0
21384;2;2
21387;4;2
21391;3;0
21395;1;0
21398;6;0
21402;2;0
21406;4;4
21409;5;0
21413;2;0
21417;2;0
21420;1;0
21424;0;0
21427;2;0
21431;0;0
21435;0;0
21438;2;0
21442;2;1
21446;0;2
21449;2;0
21453;0;0
21457;0;0
21460;1;0
21464;0;1
21468;0;0
21471;3;1
21475;3;0
21479;1;1
21482;1;0
21486;1;2
21489;5;0
21495;4;0
21497;1;1
21500;2;2
21504;1;0
21508;5;2
21511;1;0
21515;5;0
21519;2;0
21522;2;0
21526;1;0
21530;0;0
21533;1;2
21537;1;3
21540;0;0
21544;0;1
21548;3;0
21551;2;0
21555;1;1
21559;5;0
21562;2;0
21566;6;1
21570;1;0
21573;0;3
21577;3;1
21581;0;1
21584;6;1
21588;3;1
21592;0;0
21595;1;2
21599;2;2
21602;6;0
21606;4;0
21610;7;1
21613;2;0
21617;5;0
21621;2;0
21624;5;0
21628;2;0
21632;4;0
21635;4;2
21639;3;0
21643;3;0
21646;1;1
21650;2;0
21653;2;1
21657;3;3
21661;1;0
21664;0;0
21668;3;0
21672;2;2
21675;1;0
21681;1;0
21683;3;1
21686;0;2
21690;3;1
21694;0;0
21697;1;0
21701;2;1
21705;1;1
21708;2;0
21712;4;0
21715;4;3
21719;3;0
21723;0;0
21726;3;0
21730;7;0
21734;3;1
21737;1;0
21741;3;1
21745;2;1
21748;2;0
21752;0;3
21756;2;3
21759;0;0
21763;3;3
21766;0;2
21770;0;0
21774;3;3
21777;5;0
21781;2;0
21785;2;0
21788;2;0
21792;2;1
21796;3;1
21799;2;0
21803;1;0
21807;2;4
21810;0;0
21814;2;1
21818;4;0
21821;3;0
21825;0;0
21828;0;0
21832;2;0
21836;7;1
21839;3;0
21843;1;2
21847;0;0
21850;1;1
21854;2;0
21858;1;2
21861;3;0
21867;1;2
21869;0;2
21872;2;2
21876;4;3
21880;3;0
21883;1;0
21887;2;4
21890;6;3
21894;1;1
21898;0;3
21901;3;1
21905;2;3
21909;1;0
21912;3;2
21916;6;2
21920;3;0
21923;0;2
21927;2;0
21931;2;1
21934;1;1
21938;2;0
21941;4;1
21945;5;0
21949;0;1
21952;0;2
21956;3;0
21960;5;0
21963;1;0
21967;3;0
21971;0;2
21974;4;0
21978;2;1
21982;1;0
21985;0;1
21989;3;0
21993;2;1
21996;3;0
22000;0;1
22003;1;2
22007;0;0
22011;4;0
22014;2;0
22018;0;3
22022;2;1
22025;1;0
22029;4;1
22033;0;0
22036;3;0
22040;5;0
22044;3;1
22047;3;2
22051;3;2
22057;4;2
22058;1;0
22062;7;0
22065;0;0
22069;4;2
22073;0;1
22076;0;1
22080;0;0
22084;1;2
22087;2;0
22091;0;0
22095;3;0
22098;1;0
22102;2;1
22106;2;0
22109;2;0
22113;4;1
22116;3;0
22120;3;0
22124;1;2
22127;4;1
22131;2;0
22135;2;0
22138;4;0
22142;4;0
22146;1;0
22149;0;0
22153;3;1
22157;5;0
22160;6;0
22164;2;0
22167;0;0
22171;3;2
22175;1;1
22178;0;2
22182;0;0
22186;3;1
22189;0;0
22193;2;1
22197;0;0
22200;0;2
22204;0;0
22208;1;0
22211;2;0
22215;0;0
22219;2;0
22222;0;0
22226;0;1
22229;0;0
22233;3;0
22237;1;0
22243;3;0
22244;4;0
22248;0;0
22251;2;0
22255;2;3
22259;1;0
22262;4;2
22266;4;0
22270;2;2
22273;0;2
22277;0;0
22281;3;2
22284;1;4
22288;0;1
22291;4;2
22295;2;1
22299;0;0
22302;0;0
22306;0;0
22310;0;0
22313;2;2
22317;2;3
22321;0;0
22324;4;0
22328;4;2
22332;1;2
22335;2;0
22339;3;0
22342;4;0
22346;0;2
22350;2;0
22353;4;0
22357;0;0
22361;1;2
22364;6;2
22368;1;0
22372;3;0
22375;1;2
22379;0;0
22383;0;1
22386;3;0
22390;0;0
22394;2;0
22397;3;0
22401;0;0
22404;2;0
22408;2;0
22412;3;0
22415;4;1
22419;4;0
22423;1;0
22429;0;0
22430;3;0
22434;3;0
22437;2;0
22441;1;2
22445;4;0
22448;0;1
22452;1;0
22455;3;0
22459;6;0
22463;1;0
22466;0;3
22470;0;0
22474;1;2
22477;3;2
22481;5;3
22485;0;1
22488;6;1
22492;0;0
22496;1;0
22499;2;0
22503;6;2
22507;0;0
22510;1;3
22514;4;0
22517;1;0
22521;6;2
22525;1;0
22528;1;0
22532;3;1
22536;1;1
22539;3;1
22543;3;0
22547;0;1
22550;2;3
22554;3;1
22558;0;2
22561;2;5
22565;4;0
22569;0;1
22572;2;1
22576;4;2
22579;2;0
22583;2;2
22587;4;2
22590;0;1
22594;0;1
22598;6;0
22601;0;0
22605;3;0
22609;0;0
22614;1;0
22616;1;0
22620;4;0
22623;0;1
22627;3;3
22630;4;0
22634;0;1
22638;4;3
22641;4;0
22645;1;0
22649;1;2
22652;3;2
22656;2;1
22660;5;0
22663;2;0
22667;0;0
22671;2;3
22674;0;0
22678;0;0
22682;3;1
22685;2;4
22689;0;0
22692;0;0
22696;4;1
22700;1;2
22703;0;0
22707;1;1
22711;1;0
22714;2;2
22718;4;3
22722;0;2
22725;3;0
22729;3;4
22733;1;1
22736;1;0
22740;2;0
22743;2;2
22747;0;1
22751;2;1
22754;3;2
22758;0;1
22762;1;1
22765;1;0
22769;3;1
22773;2;0
22776;6;0
22780;3;0
22784;2;0
22787;3;1
22791;2;1
22795;4;2
22800;0;0
22802;2;1
22805;3;0
22809;0;0
22813;1;0
22816;0;2
22820;3;2
22824;3;2
22827;0;2
22831;3;0
22835;4;3
22838;3;0
22842;4;2
22846;0;0
22849;0;0
22853;2;0
22856;1;0
22860;2;2
22864;3;0
22867;2;0
22871;0;0
22875;6;0
22878;5;2
22882;2;0
22886;2;1
22889;0;0
22893;2;3
22897;0;0
22900;0;2
22904;2;1
22908;0;1
22911;5;2
22915;0;1
22918;0;0
22922;3;0
22926;1;4
22929;6;0
22933;0;1
22937;0;2
22940;1;0
22944;4;4
22948;2;0
22951;0;0
22955;3;1
22959;3;0
22962;1;3
22966;2;0
22970;3;1
22973;4;2
22977;0;2
22980;2;4
22984;2;0
22990;2;3
22991;4;0
22995;4;0
22999;1;0
23002;4;2
23006;0;1
23010;4;0
23013;2;2
23017;1;0
23021;2;2
23024;0;2
23028;0;1
23031;0;0
23035;1;1
23039;3;1
23042;2;2
23046;0;0
23050;0;2
23053;1;2
23057;3;2
23061;2;0
23064;1;0
23068;0;2
23072;2;0
23075;0;0
23079;0;1
23083;3;0
23086;4;0
23090;3;4
23093;1;4
23097;3;1
23101;4;2
23104;0;0
23108;5;0
23112;1;1
23115;0;1
23119;1;1
23123;3;0
23126;3;0
23130;0;2
23134;1;0
23137;3;1
23141;1;0
23144;3;0
23148;0;1
23152;2;2
23155;0;0
23159;1;0
23163;1;1
23166;0;2
23170;4;0
23176;3;1
23177;0;0
23181;5;1
23185;5;2
23188;1;0
23192;1;0
23196;2;0
23199;4;0
23203;0;2
23206;3;0
23210;0;0
23214;0;0
23217;0;1
23221;1;1
23225;5;0
23228;4;1
23232;2;0
23236;1;2
23239;4;1
23243;0;1
23247;0;0
23250;2;2
23254;4;0
23257;1;0
23261;3;0
23265;2;0
23268;2;0
23272;3;0
23276;5;1
23279;2;0
23283;4;1
23287;0;2
23290;2;0
23294;3;2
23298;1;2
23301;1;2
23305;2;1
23309;2;0
23312;2;5
23316;1;0
23319;2;2
23323;0;4
23327;1;0
23330;4;1
23334;5;0
23338;0;0
23341;1;0
23345;0;2
23349;1;3
23352;2;1
23356;2;0
23362;1;2
23363;0;0
23367;1;4
23371;5;0
23374;3;1
23378;5;1
23381;3;2
23385;1;2
23389;4;0
23392;2;0
23396;0;0
23400;0;0
23403;0;0
23407;2;0
23411;5;2
23414;0;2
23418;3;0
23422;3;2
23425;1;0
23429;1;0
23432;3;0
23436;3;1
23440;3;1
23443;2;0
23447;1;0
23451;3;0
23454;0;3
23458;2;0
23462;4;0
23465;2;0
23469;1;0
23473;1;2
23476;3;3
23480;2;0
23484;3;2
23487;2;2
23491;4;1
23494;5;2
23498;1;2
23502;0;2
23505;0;1
23509;3;0
23513;5;1
23516;1;0
23520;2;1
23524;3;0
23527;2;0
23531;1;1
23535;2;1
23538;4;1
23542;0;1
23548;3;0
23549;4;0
23553;2;0
23556;5;2
23560;3;0
23564;0;0
23567;4;0
23571;4;0
23575;1;1
23578;1;0
23582;0;0
23586;2;0
23589;2;2
23593;3;3
23597;4;0
23600;6;1
23604;3;2
23607;0;0
23611;0;2
23615;1;2
23618;4;1
23622;0;0
23626;1;1
23629;0;0
23633;0;3
23637;5;0
23640;0;3
23644;0;0
23648;1;4
23651;2;2
23655;5;0
23658;0;2
23662;2;0
23666;5;0
23669;2;0
23673;2;3
23677;0;0
23680;2;0
23684;4;1
23688;0;0
23691;0;1
23695;0;0
23699;2;0
23702;0;1
23706;2;2
23710;3;4
23713;0;0
23717;2;0
23720;1;0
23724;4;0
23728;0;0
23734;6;0
23735;1;0
23739;1;1
23742;0;0
23746;3;0
23750;1;0
23753;0;1
23757;2;1
23761;3;2
23764;1;0
23768;0;1
23772;2;0
23775;4;0
23779;0;0
23782;3;6
23786;2;3
23790;0;1
23793;4;0
23797;0;0
23801;1;0
23804;3;0
23808;6;0
23812;3;5
23815;0;0
23819;4;1
23823;2;0
23826;5;3
23830;2;0
23833;3;0
23837;1;0
23841;3;5
23844;2;2
23848;3;0
23852;0;0
23855;2;1
23859;0;2
23863;3;0
23866;2;0
23870;1;3
23874;1;1
23877;4;0
23881;6;1
23885;4;0
23888;5;0
23892;5;2
23895;0;0
23899;2;0
23903;5;1
23906;0;0
23910;2;5
23914;1;0
23917;3;2
23923;5;3
23925;3;3
23928;5;3
23932;4;1
23936;4;0
23939;2;1
23943;1;0
23946;3;0
23950;2;1
23954;5;4
23957;1;0
23961;1;0
23965;3;0
23968;0;2
23972;4;0
23976;0;1
23979;2;0
23983;8;0
23987;1;0
23990;2;0
23994;2;2
23998;4;2
24001;2;0
24005;0;0
24008;0;2
24012;4;0
24016;0;1
24019;1;2
24023;0;3
24027;0;0
24030;0;0
24034;1;1
24038;3;1
24041;4;0
24045;0;2
24049;0;0
24052;1;0
24056;1;2
24059;2;0
24063;2;0
24067;2;0
24070;3;0
24074;1;0
24078;2;1
24081;2;0
24085;3;1
24089;0;0
24092;0;0
24096;0;2
24100;6;0
24103;0;0
24109;0;2
24111;4;0
24114;1;0
24118;2;0
24121;5;0
24125;0;0
24129;1;0
24132;2;1
24136;5;3
24140;2;0
24143;1;0
24147;7;5
24151;1;0
24154;2;3
24158;2;5
24162;3;4
24165;1;2
24169;1;0
24173;6;3
24176;3;0
24180;2;1
24183;1;1
24187;3;0
24191;4;0
24194;3;1
24198;1;0
24202;0;2
24205;0;3
24209;0;0
24213;0;1
24216;0;0
24220;3;0
24224;0;1
24227;2;1
24231;1;7
24234;3;0
24238;2;4
24242;1;3
24245;0;1
24249;0;3
24253;0;0
24256;3;0
24260;2;0
24264;2;0
24267;1;0
24271;1;0
24275;1;1
24278;4;0
24282;2;0
24286;1;1
24289;3;1
24295;1;2
24296;5;0
24300;0;1
24304;3;1
24307;1;1
24311;3;1
24315;0;0
24318;1;0
24322;0;1
24326;3;1
24329;4;0
24333;2;1
24337;2;0
24340;2;0
24344;3;0
24347;2;0
24351;5;0
24355;4;3
24358;1;3
24362;2;0
24366;1;0
24369;2;1
24373;4;2
24377;3;1
24380;5;3
24384;8;0
24388;2;1
24391;1;0
24395;1;3
24399;7;1
24402;5;0
24406;2;2
24409;1;0
24413;3;0
24417;0;0
24420;2;1
24424;0;3
24428;1;0
24431;3;2
24435;0;0
24439;3;2
24442;3;0
24446;3;0
24450;3;3
24453;3;1
24457;6;0
24460;5;3
24464;4;1
24468;4;0
24471;2;0
24475;2;0
24481;0;3
24482;0;3
24486;5;1
24490;1;0
24493;1;5
24497;0;3
24501;1;0
24504;7;3
24508;2;0
24512;0;1
24515;4;0
24519;5;4
24522;1;0
24526;2;2
24530;0;3
24533;4;0
24537;4;2
24541;1;0
24544;1;1
24548;0;1
24552;0;0
24555;2;0
24559;4;0
24563;4;1
24566;6;2
24570;0;0
24574;2;0
24577;3;0
24581;3;0
24584;1;0
24588;0;0
24592;3;0
24595;2;2
24599;0;1
24603;5;0
24606;0;3
24610;3;1
24614;2;1
24617;1;0
24621;3;0
24625;1;0
24628;2;2
24632;3;0
24635;2;3
24639;1;0
24643;6;1
24646;5;0
24650;3;4
24654;2;0
24657;6;4
24661;1;0
24667;4;0
24668;1;0
24672;2;0
24676;3;0
24679;4;0
24683;3;0
24687;1;1
24690;1;3
24694;5;0
24697;3;0
24701;0;0
24705;5;4
24708;0;3
24712;0;1
24716;9;1
24719;5;3
24723;5;3
24727;4;0
24730;0;2
24734;6;4
24738;0;0
24741;3;1
24745;8;0
24748;1;1
24752;2;2
24756;1;0
24759;0;0
24763;1;2
24767;2;0
24770;3;0
24774;7;0
24778;5;0
24781;0;0
24785;2;1
24789;0;0
24792;4;1
24796;2;2
24800;1;0
24803;1;0
24807;0;2
24810;7;1
24814;0;2
24818;8;2
24821;0;0
24825;0;0
24829;1;0
24832;3;2
24836;0;0
24840;5;0
24843;1;5
24847;0;0
24851;0;0
24857;1;0
24858;2;0
24862;0;3
24865;3;1
24869;1;0
24872;3;0
24876;6;0
24880;16;3
24883;1;3
24887;0;3
24891;2;1
24894;6;1
24898;5;0
24902;0;3
24905;3;0
24909;4;2
24913;9;0
24916;3;3
24920;1;0
24923;2;0
24927;2;4
24931;0;3
24934;3;7
24938;6;0
24942;2;3
24945;0;0
24949;0;0
24953;1;0
24956;0;0
24960;0;0
24964;8;2
24967;6;0
24971;2;3
24975;1;2
24978;0;2
24982;0;2
24985;8;0
24989;3;0
24993;4;1
24996;4;0
25000;4;1
25004;6;3
25007;2;0
25011;0;5
25015;0;3
25018;6;0
25022;8;2
25026;0;0
25029;4;0
25033;0;0
25036;0;0
25042;4;3
25044;5;0
25047;2;0
25051;3;5
25055;1;6
25058;0;0
25062;1;0
25066;5;5
25069;2;0
25073;0;0
25077;0;1
25080;4;0
25084;4;2
25088;0;0
25091;1;0
25095;3;0
25098;0;3
25102;0;2
25106;2;5
25109;8;1
25113;8;0
25117;0;0
25120;2;3
25124;3;5
25128;3;4
25131;4;0
25135;1;0
25139;0;1
25142;1;0
25146;2;2
25149;0;4
25153;0;0
25157;2;3
25160;5;0
25164;7;4
25168;4;0
25171;9;3
25175;7;0
25179;3;0
25182;0;0
25186;4;0
25190;5;3
25193;7;0
25197;1;3
25201;0;0
25204;4;4
25208;4;3
25211;0;0
25215;6;3
25219;2;4
25222;4;0
25228;2;4
25230;2;0
25233;3;0
25237;1;2
25241;9;0
25244;2;5
25248;1;0
25252;0;0
25255;10;1
25259;7;3
25263;0;0
25266;2;0
25270;0;5
25273;4;7
25277;2;3
25281;3;0
25284;6;5
25288;2;0
25292;7;7
25295;1;0
25299;1;2
25303;3;2
25306;4;2
25310;2;0
25314;7;3
25317;0;0
25321;6;3
25324;8;1
25328;1;3
25332;0;0
25335;0;0
25339;0;0
25343;0;6
25346;0;1
25350;4;2
25354;2;0
25357;0;0
25361;0;4
25365;7;0
25368;2;2
25372;3;0
25376;3;0
25379;5;1
25383;0;0
25386;0;0
25390;7;0
25394;7;6
25397;3;0
25401;4;0
25405;0;0
25408;0;3
25414;1;4
25416;7;3
25419;1;2
25423;3;1
25427;1;4
25430;4;2
25434;0;0
25437;0;0
25441;5;2
25445;5;0
25448;0;5
25452;2;1
25456;1;2
25459;4;9
25463;0;0
25467;3;4
25470;3;0
25474;0;5
25478;0;1
25481;1;1
25485;0;6
25489;20;0
25492;5;0
25496;2;0
25499;4;2
25503;4;8
25507;7;0
25510;0;4
25514;16;0
25518;2;0
25521;5;6
25525;5;3
25529;1;0
25532;7;1
25536;6;0
25540;2;3
25543;1;0
25547;0;0
25550;2;0
25554;0;2
25558;4;2
25561;5;8
25565;0;5
25569;2;4
25572;1;0
25576;0;3
25580;2;1
25583;2;5
25587;1;0
25591;0;0
25594;3;1
25600;4;0
25602;5;0
25605;4;7
25609;0;0
25612;4;0
25616;0;0
25620;0;0
25623;0;5
25627;3;4
25631;1;6
25634;0;2
25638;1;0
25642;4;5
25645;2;0
25649;4;6
25653;0;6
25656;2;0
25660;9;0
25664;8;0
25667;1;0
25671;4;0
25674;0;0
25678;17;1
25682;0;2
25685;8;1
25689;5;0
25693;6;0
25696;1;5
25700;2;0
25704;0;3
25707;0;0
25711;9;0
25715;1;0
25718;7;0
25722;0;0
25725;2;0
25729;0;0
25733;3;3
25736;5;1
25740;0;0
25744;2;0
25747;0;3
25751;4;4
25755;7;0
25758;1;6
25762;0;0
25766;1;7
25769;0;4
25773;3;3
25777;6;0
25780;6;2
25786;0;0
25787;3;4
25791;8;0
25795;0;0
25798;0;4
25802;1;2
25806;19;4
25809;4;6
25813;5;0
25817;1;0
25820;4;0
25824;1;0
25828;4;0
25831;1;1
25835;2;0
25838;5;4
25842;3;0
25846;1;4
25849;0;0
25853;8;0
25857;3;6
25860;0;8
25864;2;4
25868;17;5
25871;0;0
25875;4;0
25879;0;0
25882;3;2
25886;0;7
25890;5;0
25893;1;0
25897;5;0
25900;4;2
25904;0;3
25908;0;0
25911;4;2
25915;6;0
25919;3;4
25922;0;0
25926;0;0
25930;6;1
25933;8;3
25937;5;0
25941;0;0
25944;0;0
25948;5;0
25951;3;3
25955;3;7
25959;1;5
25962;3;0
25966;4;3
25972;5;2
25973;0;0
25977;1;0
25981;4;0
25984;0;0
25988;8;0
25992;0;0
25995;0;1
25999;10;2
26003;5;0
26006;3;6
26010;1;1
26013;1;0
26017;5;0
26021;0;0
26024;0;5
26028;0;2
26032;1;0
26035;3;1
26039;5;0
26043;0;0
26046;7;0
26050;0;6
26054;1;0
26057;0;2
26061;3;1
26065;4;7
26068;0;0
26072;0;0
26075;0;2
26079;8;4
26083;0;0
26086;0;6
26090;3;0
26094;7;0
26097;6;0
26101;5;0
26105;1;3
26108;5;1
26112;2;2
26116;4;0
26119;5;0
26123;0;0
26126;3;1
26130;6;4
26134;18;0
26137;6;2
26141;4;0
26145;6;3
26148;1;8
26152;0;0
26158;6;0
26159;5;0
26163;3;0
26167;1;2
26170;3;3
26174;6;0
26178;1;0
26181;7;0
26185;0;5
26188;1;4
26192;5;0
26196;2;0
26199;1;3
26203;0;0
26207;0;0
26210;4;5
26214;4;7
26218;3;0
26221;9;1
26225;3;0
26229;3;2
26232;8;2
26236;5;0
26239;0;0
26243;4;0
26247;7;0
26250;6;1
26254;16;1
26258;3;0
26261;7;6
26265;17;0
26269;21;0
26272;6;0
26276;2;0
26280;7;1
26283;3;0
26287;0;0
26291;0;0
26294;17;1
26298;2;0
26301;3;6
26305;2;6
26309;0;2
26312;0;4
26316;4;0
26320;2;0
26323;3;3
26327;4;0
26331;3;2
26334;0;0
26338;4;0
26344;0;0
26345;2;0
26349;0;1
26352;2;5
26356;6;2
26360;18;4
26363;7;5
26367;3;3
26371;7;2
26374;7;2
26378;0;0
26382;8;1
26385;9;3
26389;0;0
26393;0;0
26396;0;1
26400;5;3
26404;5;3
26407;7;1
26411;2;0
26414;2;0
26418;0;0
26422;4;5
26425;1;3
26429;1;0
26433;0;0
26436;3;0
26440;6;2
26444;0;4
26447;0;3
26451;7;5
26455;0;1
26458;6;0
26462;0;5
26466;3;0
26469;3;2
26473;0;3
26476;1;2
26480;3;0
26484;7;0
26487;2;0
26491;7;0
26495;0;0
26498;0;9
26502;0;3
26506;0;2
26509;5;2
26513;1;2
26517;1;2
26520;9;0
26524;4;3
26556;1;3
26556;8;0
26556;5;0
26559;1;0
26563;0;0
26566;6;0
26570;5;2
26574;0;3
26577;1;0
26581;6;0
26585;1;0
26588;0;2
26592;0;2
26595;4;0
26599;7;0
26603;0;0
26606;5;4
26610;17;0
26614;3;1
26617;2;3
26621;1;6
26625;6;0
26628;3;2
26632;19;0
26636;0;0
26639;5;5
26643;0;5
26646;4;0
26650;0;1
26654;7;2
26657;2;3
26661;4;2
26665;9;3
26668;7;2
26672;3;3
26676;0;3
26679;0;0
26683;0;0
26687;3;0
26690;6;0
26694;19;0
26698;0;4
26701;0;0
26705;2;8
26708;5;4
26712;2;0
26716;0;1
26719;3;2
26723;0;4
26727;4;1
26730;0;1
26736;3;0
26738;2;0
26741;6;0
26745;5;0
26749;0;1
26752;2;0
26756;5;0
26759;0;3
26763;0;4
26767;0;0
26770;0;0
26774;5;5
26778;2;2
26781;1;0
26785;1;0
26789;8;4
26792;6;0
26796;1;3
26800;0;1
26803;8;1
26807;2;5
26811;3;0
26814;0;5
26818;2;3
26821;2;0
26825;1;0
26829;0;1
26832;3;5
26836;6;0
26840;6;7
26843;2;3
26847;4;2
26851;2;0
26854;0;0
26858;6;0
26862;3;0
26865;0;0
26869;0;0
26872;3;6
26876;4;5
26880;4;0
26883;0;0
26887;5;0
26891;4;0
26894;0;0
26898;2;2
26902;1;5
26905;1;0
26909;6;3
26913;2;0
26916;5;0
26922;7;0
26924;7;2
26927;7;0
26931;1;0
26934;4;0
26938;0;5
26942;4;1
26945;4;3
26949;1;1
26953;4;0
26956;5;2
26960;6;0
26964;1;3
26967;4;1
26971;2;1
26975;2;0
26978;5;0
26982;0;0
26986;8;2
26989;0;1
26993;16;2
26996;4;0
27000;1;4
27004;3;2
27007;1;9
27011;7;0
27015;6;0
27018;17;2
27022;0;0
27026;0;0
27029;3;0
27033;4;1
27037;5;0
27040;4;0
27044;2;5
27047;0;1
27051;4;0
27055;3;1
27058;0;3
27062;0;0
27066;0;1
27069;0;0
27073;2;2
27077;3;0
27080;1;0
27084;5;0
27088;2;4
27091;1;2
27095;2;1
27099;2;0
27102;0;0
27108;3;1
27109;0;1
27113;4;0
27117;2;0
27120;0;0
27124;7;0
27128;5;0
27131;8;2
27135;6;0
27139;1;2
27142;3;0
27146;2;2
27150;1;1
27153;1;0
27157;0;3
27160;5;2
27164;8;0
27168;4;3
27171;1;6
27175;5;0
27179;3;2
27182;7;0
27186;3;0
27190;0;0
27193;0;3
27197;0;1
27201;5;3
27204;0;1
27208;4;1
27212;3;0
27215;5;0
27219;2;0
27222;1;1
27226;0;5
27230;4;3
27233;0;0
27237;0;0
27241;1;0
27244;4;0
27248;3;1
27252;5;2
27255;6;0
27259;0;0
27263;0;1
27266;2;0
27270;5;0
27274;0;2
27277;0;0
27281;0;2
27284;0;1
27288;2;5
27294;2;0
27295;8;3
27299;0;0
27303;5;0
27306;18;0
27310;11;3
27314;5;0
27317;17;0
27321;0;0
27325;7;0
27328;1;3
27332;1;1
27335;4;0
27339;1;3
27343;4;0
27346;4;0
27350;3;0
27354;6;16
27357;2;0
27361;1;2
27365;0;4
27368;1;0
27372;8;7
27376;0;0
27379;4;0
27383;4;1
27387;2;3
27390;7;7
27394;2;0
27397;5;0
27401;6;6
27405;4;2
27408;1;0
27412;1;0
27416;0;7
27419;8;0
27423;0;4
27427;2;5
27430;0;0
27434;0;0
27438;7;3
27441;0;0
27445;1;0
27448;0;0
27452;0;9
27456;3;0
27459;0;0
27463;2;2
27467;0;7
27470;2;0
27474;3;2
27480;0;0
27481;0;3
27485;2;10
27489;2;0
27492;3;5
27496;0;5
27500;2;0
27503;2;1
27507;4;1
27510;5;0
27514;6;0
27518;4;0
27521;0;0
27525;4;0
27529;0;0
27532;1;2
27536;6;4
27540;5;0
27543;4;0
27547;0;0
27551;1;2
27554;5;4
27558;3;0
27561;1;0
27565;0;5
27569;0;5
27572;0;2
27576;3;3
27580;4;1
27583;18;0
27587;2;18
27591;4;7
27594;1;2
27598;5;3
27602;0;1
27605;2;0
27609;1;0
27613;2;3
27616;0;5
27620;2;1
27623;0;0
27627;5;0
27631;5;4
27634;5;2
27638;9;0
27642;1;0
27645;0;2
27649;2;3
27653;2;5
27656;2;0
27660;6;0
27666;4;0
27667;4;5
27671;8;1
27675;1;0
27678;3;5
27682;7;2
27685;3;2
27689;3;0
27693;0;0
27696;8;5
27700;0;5
27704;3;0
27707;2;1
27711;3;0
27715;4;0
27718;0;0
27722;2;5
27726;4;0
27729;1;0
27733;0;0
27736;6;2
27740;0;1
27744;0;0
27747;3;1
27751;0;7
27755;2;0
27758;3;3
27762;0;5
27766;4;4
27769;4;0
27773;2;3
27777;1;0
27780;6;0
27784;3;6
27788;3;0
27791;1;0
27795;3;2
27798;8;1
27802;6;1
27806;0;2
27809;0;1
27813;0;6
27817;0;3
27820;2;8
27824;0;1
27828;0;3
27831;6;0
27835;0;18
27839;0;0
27842;3;2
27846;5;3
27852;6;3
27853;9;0
27857;4;2
27860;3;0
27864;8;0
27868;2;0
27871;5;0
27875;4;0
27879;0;4
27882;3;0
27886;4;4
27890;7;0
27893;1;0
27897;5;1
27901;4;0
27904;0;0
27908;0;0
27911;5;3
27915;6;0
27919;5;3
27922;0;1
27926;18;0
27930;3;0
27933;0;3
27937;4;0
27941;0;3
27944;2;0
27948;2;0
27952;5;2
27955;7;1
27959;6;0
27962;2;2
27966;0;4
27970;6;0
27973;1;5
27977;3;0
27981;7;4
27984;0;18
27988;0;0
27992;3;0
27995;0;2
27999;0;0
28003;0;3
28006;0;0
28010;3;4
28014;8;0
28017;1;0
28021;0;2
28024;18;0
28028;2;0
28032;4;0
28037;0;0
28039;6;0
28043;0;0
28046;2;0
28050;6;1
28054;0;0
28057;4;0
28061;4;5
28065;1;0
28068;3;0
28072;1;1
28076;3;4
28079;2;0
28083;7;0
28086;0;0
28090;3;0
28094;0;5
28097;0;3
28101;0;0
28105;2;0
28108;5;5
28112;0;1
28116;0;5
28119;0;7
28123;1;0
28127;0;3
28130;8;0
28134;0;0
28137;16;0
28141;0;1
28145;8;3
28148;6;0
28152;6;0
28156;3;1
28159;4;2
28163;2;0
28167;19;2
28170;3;0
28174;3;4
28178;0;16
28181;0;2
28185;1;0
28189;0;0
28192;1;1
28196;5;0
28199;0;0
28203;1;0
28207;1;0
28210;2;0
28214;0;0
28218;1;0
28223;3;0
28225;0;2
28229;0;0
28232;0;8
28236;3;1
28240;3;2
28243;0;0
28247;6;0
28250;4;0
28254;0;0
28258;0;4
28261;1;4
28265;5;0
28269;0;2
28272;3;0
28276;2;0
28280;0;0
28283;8;0
28287;16;1
28291;3;3
28294;2;0
28298;1;3
28302;8;3
28305;2;0
28309;0;10
28312;0;0
28316;1;0
28320;6;0
28323;0;0
28327;0;4
28331;3;0
28334;8;1
28338;16;0
28342;2;2
28345;2;1
28349;5;2
28353;18;1
28356;1;3
28360;0;1
28363;7;0
28367;7;0
28371;1;0
28374;1;0
28378;4;0
28382;1;0
28385;0;0
28389;16;0
28393;0;0
28396;0;8
28400;0;0
28404;3;4
28409;0;0
10130;0;0
10130;0;3
10131;3;0
10131;0;0
10134;2;0
10137;2;0
10141;3;5
10145;1;6
10148;1;0
10152;5;0
10156;0;5
10159;3;2
10163;3;0
10167;0;0
10170;2;0
10174;4;2
10178;0;0
10181;2;3
10185;0;1
10189;0;0
10192;0;0
10196;0;0
10199;6;0
10203;3;0
10207;0;0
10210;3;1
10214;7;0
10218;6;2
10221;0;0
10225;4;0
10229;3;0
10232;4;1
10236;2;1
10240;1;0
10243;3;0
10247;1;0
10251;9;4
10254;0;0
10258;2;0
10261;1;0
10265;0;2
10269;1;2
10272;0;0
10276;6;5
10280;0;0
10283;0;2
10287;2;3
10291;0;2
10294;2;3
10298;0;0
10304;2;0
10305;4;2
10309;3;2
10312;0;1
10316;3;2
10320;6;0
10323;2;2
10327;0;0
10331;2;0
10334;2;0
10338;7;2
10342;1;0
10345;0;0
10349;0;0
10353;3;1
10356;6;0
10360;6;1
10364;0;0
10367;2;2
10371;6;2
10374;0;0
10378;1;0
10382;0;0
10385;1;0
10389;0;0
10393;3;0
10396;1;0
10400;1;3
10404;0;3
10407;0;0
10411;1;0
10415;0;3
10418;4;1
10422;1;0
10425;0;3
10429;0;2
10433;4;0
10436;2;0
10440;8;0
10444;0;0
10447;5;0
10451;0;1
10455;6;0
10458;0;0
10462;4;0
10466;6;0
10469;3;3
10473;3;0
10477;1;0
10480;2;0
10484;7;4
10490;2;0
10491;0;0
10495;4;0
10498;0;0
10502;2;5
10506;3;3
10509;5;0
10513;0;0
10517;0;0
10520;0;0
10524;0;0
10528;0;0
10531;0;3
10535;4;0
10538;1;0
10542;3;2
10546;3;1
10549;1;0
10553;0;0
10557;1;2
10560;6;0
10564;6;0
10568;0;1
10571;1;1
10575;1;0
10579;2;0
10582;8;0
10586;0;0
10590;1;3
10593;4;0
10597;0;0
10600;2;2
10604;0;0
10608;0;2
10611;2;4
10615;0;1
10619;2;0
10622;2;4
10626;2;1
10630;7;2
10633;2;1
10637;2;0
10641;0;0
10644;0;0
10648;5;0
10652;3;1
10655;1;2
10659;0;0
10662;6;0
10666;3;2
10670;0;3
10675;3;2
10677;1;1
10681;4;0
10684;4;0
10688;2;0
10692;1;4
10695;2;2
10699;0;2
10703;0;7
10706;0;0
10710;8;4
10713;0;3
10717;6;1
10721;1;3
10724;6;2
10728;2;0
10732;0;3
10735;2;0
10739;0;4
10743;5;1
10746;0;0
10750;3;1
10754;2;2
10757;2;0
10761;3;2
10765;0;0
10768;0;0
10772;4;0
10775;0;0
10779;2;0
10783;2;0
10786;0;0
10790;0;4
10794;0;4
10797;0;3
10801;6;0
10805;0;0
10808;5;1
10812;3;0
10816;0;4
10819;7;5
10823;4;0
10826;0;0
10830;4;3
10834;6;0
10837;0;3
10841;4;2
10845;2;1
10848;5;0
10852;0;0
10856;0;1
10861;5;0
10863;5;0
10867;3;2
10870;1;1
10874;6;0
10878;3;0
10881;0;2
10885;0;1
10888;1;0
10892;7;3
10896;4;0
10899;1;0
10903;0;0
10907;4;1
10910;5;0
10914;0;1
10918;0;1
10921;0;1
10925;1;0
10929;1;0
10932;0;0
10936;6;0
10939;0;0
10943;3;0
10947;4;2
10950;4;4
10954;3;0
10958;3;0
10961;0;0
10965;0;0
10969;0;1
10972;2;1
10976;0;4
10980;0;0
10983;0;2
10987;0;1
10991;6;3
10994;1;0
10998;5;0
11001;0;0
11005;1;3
11009;5;3
11012;0;3
11016;0;0
11020;1;0
11023;0;2
11027;4;0
11031;0;0
11034;5;0
11038;3;0
11042;2;2
11045;5;1
11051;0;0
11053;4;1
11056;0;2
11060;1;0
11063;2;0
11067;3;0
11071;3;4
11074;1;0
11078;3;0
11082;2;0
11085;0;0
11089;3;0
11093;17;0
11096;6;0
11100;2;2
11104;2;2
11107;1;0
11111;2;4
11114;2;0
11118;2;0
11122;0;1
11125;2;3
11129;4;1
11133;1;3
11136;4;4
11140;0;0
11144;2;0
11147;2;0
11151;1;0
11155;3;1
11158;2;0
11162;0;0
11166;3;2
11169;3;0
11173;1;0
11176;0;1
11180;0;2
11184;7;0
11187;1;0
11191;6;3
11195;0;1
11198;2;0
11202;0;3
11206;3;0
11209;0;2
11213;0;2
11217;0;0
11220;0;0
11224;0;0
11227;0;2
11231;3;5
11237;0;0
11238;0;1
11242;4;0
11246;1;4
11249;5;0
11253;4;2
11257;3;0
11260;0;0
11264;1;1
11268;5;0
11271;0;0
11275;0;1
11279;0;1
11282;2;1
11286;4;0
11289;0;2
11293;1;0
11297;4;2
11300;2;1
11304;1;3
11308;2;2
11311;4;0
11315;3;2
11319;7;0
11322;3;3
11326;2;3
11330;0;0
11333;4;0
11337;2;0
11340;2;0
11344;3;2
11348;0;1
11351;2;0
11355;3;0
11359;3;0
11362;3;0
11366;2;1
11370;0;0
11373;1;0
11377;2;6
11381;3;1
11384;3;2
11388;0;0
11392;2;2
11395;4;2
11399;4;0
11402;2;0
11406;4;0
11410;4;2
11413;1;0
11417;4;0
11423;5;0
11424;3;5
11428;4;2
11432;2;2
11435;5;0
11439;2;0
11443;5;2
11446;1;1
11450;3;0
11454;0;0
11457;4;0
11461;0;3
11464;2;0
11468;2;0
11472;4;0
11475;4;0
11479;4;0
11483;0;0
11486;3;0
11490;4;0
11494;0;2
11497;0;3
11501;6;0
11505;1;5
11508;6;0
11512;1;0
11515;4;1
11519;1;0
11523;4;0
11526;0;0
11530;2;2
11534;2;3
11537;1;5
11541;0;0
11545;1;0
11548;0;0
11552;5;1
11556;1;2
11559;4;1
11563;0;4
11567;0;0
11570;2;0
11574;0;0
11577;4;1
11581;3;0
11585;3;0
11588;0;0
11592;1;0
11596;2;0
11599;2;0
11603;0;4
11609;3;3
11610;4;0
11614;0;0
11618;3;3
11621;4;2
11625;2;0
11628;0;0
11632;1;3
11636;4;5
11639;1;1
11643;1;2
11647;6;0
11650;5;0
11654;3;0
11658;7;1
11661;3;3
11665;2;1
11669;7;3
11672;0;0
11676;6;0
11680;4;1
11683;0;0
11687;0;0
11690;1;0
11694;7;0
11698;0;0
11701;2;0
11705;2;5
11709;1;0
11712;7;0
11716;0;0
11720;7;0
11723;0;1
11727;0;5
11731;2;0
11734;5;0
11738;0;3
11742;1;2
11745;2;2
11749;0;1
11752;6;0
11756;0;0
11760;0;1
11763;6;0
11767;0;0
11771;1;1
11774;1;5
11778;2;0
11782;1;0
11785;6;1
11789;2;0
11795;7;1
11796;5;4
11800;3;0
11803;0;0
11807;5;1
11811;0;4
11814;0;0
11818;1;1
11822;5;2
11825;3;0
11829;2;0
11833;1;2
11836;4;5
11840;0;0
11844;6;1
11847;3;0
11851;4;0
11855;0;0
11858;4;0
11862;1;2
11865;0;3
11869;1;3
11873;3;4
11876;3;0
11880;2;3
11884;2;0
11887;3;0
11891;5;1
11895;3;1
11898;0;3
11902;7;0
11906;4;4
11909;1;2
11913;5;1
11916;3;0
11920;6;0
11924;2;4
11927;2;2
11931;0;0
11935;2;0
11938;5;3
11942;0;0
11946;2;0
11949;0;0
11953;3;0
11957;0;0
11960;2;1
11964;4;0
11968;1;2
11971;2;1
11975;2;2
11978;3;2
11984;4;3
11986;4;3
11989;2;2
11993;5;0
11997;2;2
12000;0;0
12004;2;1
12008;4;1
12011;0;1
12015;6;2
12019;1;0
12022;7;0
12026;0;7
12029;0;5
12033;3;0
12037;3;0
12040;0;1
12044;0;0
12048;0;0
12051;1;3
12055;5;0
12059;0;0
12062;0;5
12066;2;0
12070;2;0
12073;4;1
12077;8;0
12081;8;3
12084;0;1
12088;2;1
12091;3;0
12095;6;0
12099;3;0
12102;3;1
12106;4;0
12110;5;0
12113;1;2
12117;4;2
12121;0;4
12124;2;2
12128;6;0
12132;0;0
12135;7;0
12139;2;3
12143;2;1
12146;0;0
12150;7;0
12153;7;0
12157;3;1
12161;5;2
12164;0;0
12170;0;2
12172;2;0
12175;1;1
12179;2;0
12183;4;0
12186;2;0
12190;3;0
12194;2;0
12197;2;2
12201;1;7
12204;2;3
12208;2;0
12212;4;3
12215;7;3
12219;0;3
12223;2;3
12226;7;4
12230;0;5
12234;2;1
12237;1;0
12241;4;0
12245;4;0
12248;6;1
12252;1;6
12256;2;0
12259;2;0
12263;4;2
12266;4;0
12270;3;5
12274;9;0
12277;2;4
12281;0;0
12285;0;0
12288;0;0
12292;5;2
12296;9;0
12299;2;1
12303;4;0
12307;0;3
12310;2;0
12314;3;0
12317;3;1
12321;5;0
12325;2;1
12328;7;1
12332;4;0
12336;4;1
12339;8;3
12343;2;0
12347;3;0
12350;1;0
12356;3;0
12358;0;1
12361;2;0
12365;0;3
12369;0;0
12372;0;0
12376;0;4
12379;3;1
12383;2;3
12387;7;0
12390;0;2
12394;6;0
12398;1;4
12401;0;0
12405;6;2
12409;0;0
12412;6;0
12416;5;1
12420;5;1
12423;4;0
12427;2;3
12430;5;0
12434;1;1
12438;0;0
12441;0;2
12445;1;1
12449;3;0
12452;3;2
12456;0;0
12460;4;5
12463;2;0
12467;1;1
12471;8;4
12474;7;0
12478;3;3
12482;2;0
12485;4;2
12489;0;1
12492;5;3
12496;0;4
12500;0;2
12503;2;0
12507;6;0
12511;1;0
12514;2;1
12518;4;0
12522;0;4
12525;2;0
12529;3;4
12533;3;0
12536;2;4
12542;1;0
12544;1;2
12547;2;1
12551;7;1
12554;4;4
12558;4;0
12562;4;0
12565;0;1
12569;0;0
12573;2;3
12576;6;0
12580;1;0
12584;4;0
12587;0;2
12591;3;3
12595;2;0
12598;0;4
12602;5;0
12605;1;5
12609;2;0
12613;5;3
12616;2;1
12620;0;3
12624;1;0
12627;3;0
12631;6;1
12635;0;0
12638;0;1
12642;1;0
12646;3;2
12649;1;1
12653;2;1
12657;1;1
12660;2;0
12664;2;0
12667;1;0
12671;6;0
12675;0;0
12678;0;0
12682;1;6
12686;6;0
12689;4;3
12693;0;0
12697;1;0
12700;0;1
12704;6;0
12708;1;5
12711;4;1
12715;5;1
12718;4;6
12722;0;2
12728;0;0
12729;9;0
12733;4;1
12737;4;0
12740;8;1
12744;0;0
12748;5;1
12751;5;0
12755;1;3
12759;2;0
12762;0;5
12766;2;1
12770;1;6
12773;0;2
12777;0;2
12780;0;3
12784;0;3
12788;4;0
12791;4;3
12795;1;4
12799;0;2
12802;5;2
12806;0;2
12810;0;0
12813;5;2
12817;3;0
12821;8;0
12824;4;1
12828;1;2
12831;3;0
12835;4;0
12839;5;4
12842;0;5
12846;4;0
12850;3;0
12853;4;5
12857;3;0
12861;4;5
12864;2;6
12868;16;0
12872;3;5
12875;5;0
12879;0;1
12883;5;0
12886;4;1
12890;0;0
12893;3;5
12897;2;0
12901;3;0
12904;2;1
12908;0;0
12914;0;0
12915;0;0
12919;4;1
12923;6;0
12926;4;4
12930;0;4
12934;0;0
12937;0;3
12941;0;0
12945;2;0
12948;1;0
12952;7;5
12955;6;0
12959;0;0
12963;8;1
12966;3;0
12970;4;2
12974;0;2
12977;0;2
12981;0;0
12985;4;0
12988;5;3
12992;1;1
12996;3;3
12999;6;0
13003;0;0
13006;0;2
13010;5;0
13014;0;1
13017;0;3
13021;0;4
13025;0;3
13028;0;3
13032;3;4
13036;1;0
13039;0;3
13043;5;3
13047;3;0
13050;3;3
13054;0;2
13058;8;3
13061;1;3
13065;3;2
13068;6;8
13072;1;0
13076;4;0
13079;5;0
13083;0;2
13087;4;2
13090;0;0
13094;2;0
13098;5;2
13104;2;1
13105;0;2
13109;5;0
13112;1;0
13116;0;1
13119;4;3
13123;2;0
13127;2;0
13130;0;0
13134;1;5
13138;2;0
13141;0;0
13145;0;1
13149;0;2
13152;0;1
13156;5;0
13160;4;0
13163;3;1
13167;1;0
13171;1;2
13174;1;0
13178;4;6
13181;6;4
13185;2;0
13189;3;2
13192;5;1
13196;4;1
13200;2;0
13203;5;1
13207;1;1
13211;1;3
13214;4;1
13218;5;3
13222;3;0
13225;3;2
13229;0;0
13232;5;2
13236;2;0
13240;0;1
13243;1;0
13247;6;0
13251;4;1
13254;4;3
13258;3;4
13262;3;0
13265;3;2
13269;0;1
13273;0;1
13276;4;1
13280;3;0
13284;1;0
13290;3;2
13291;1;1
13294;2;0
13298;1;0
13302;3;1
13305;0;0
13309;0;0
13313;3;1
13316;0;0
13320;1;0
13324;3;1
13327;6;4
13331;2;2
13335;3;0
13338;3;2
13342;1;1
13346;1;3
13349;2;1
13353;2;3
13356;4;0
13360;1;2
13364;2;1
13367;0;0
13371;1;1
13375;2;0
13378;2;1
13382;2;1
13386;2;0
13389;3;0
13393;1;1
13397;3;0
13400;1;0
13404;4;0
13407;0;0
13411;2;0
13415;6;0
13418;3;1
13422;5;2
13426;1;0
13429;4;0
13433;0;0
13437;3;0
13440;0;3
13444;2;2
13448;3;3
13451;1;1
13455;8;1
13459;1;1
13462;4;4
13466;2;1
13469;1;2
13475;2;1
13477;7;0
13480;4;0
13484;3;1
13488;6;0
13491;4;0
13495;3;0
13499;1;0
13502;0;0
13506;3;1
13510;1;3
13513;0;1
13517;5;3
13520;3;0
13524;3;0
13528;4;0
13531;4;1
13535;2;3
13539;0;2
13542;1;0
13546;0;0
13550;2;0
13553;4;1
13557;5;1
13561;1;1
13564;1;2
13568;4;0
13572;5;2
13575;2;0
13579;2;0
13582;4;0
13586;4;0
13590;1;0
13593;3;3
13597;4;0
13601;0;0
13604;1;0
13608;2;0
13612;2;0
13615;1;1
13619;1;0
13623;0;0
13626;4;0
13630;0;0
13633;0;1
13637;2;0
13641;1;0
13644;2;0
13648;2;0
13652;1;0
13655;3;1
13661;2;1
13663;4;0
13666;0;0
13670;6;0
13674;4;0
13677;2;0
13681;2;0
13685;2;3
13688;5;0
13692;1;0
13695;3;2
13699;1;2
13703;6;0
13706;3;1
13710;0;1
13714;2;3
13717;2;0
13721;2;0
13725;5;1
13728;3;4
13732;2;2
13736;5;4
13739;3;0
13743;2;4
13747;4;0
13750;1;2
13754;2;0
13757;5;1
13761;1;3
13765;3;0
13768;0;2
13772;5;4
13776;4;2
13779;5;0
13783;1;1
13787;0;1
13790;1;0
13794;0;2
13798;1;0
13801;2;0
13805;0;0
13808;3;3
13812;4;1
13816;2;1
13819;0;0
13823;2;2
13827;0;3
13830;3;0
13834;1;1
13838;2;2
13841;6;2
13847;0;7
13849;1;0
13852;2;2
13856;3;0
13860;4;3
13863;4;0
13867;4;0
13870;2;0
13874;3;2
13878;0;0
13881;2;4
13885;1;1
13889;7;2
13892;3;0
13896;1;0
13900;2;0
13903;0;2
13907;3;0
13911;1;1
13914;1;1
13918;0;1
13921;3;0
13925;3;1
13929;2;0
13932;0;0
13936;5;1
13940;1;1
13943;4;0
13947;1;8
13951;3;3
13954;2;1
13958;3;2
13962;1;1
13965;3;0
13969;0;3
13973;4;0
13976;2;4
13980;2;0
13983;3;0
13987;0;0
13991;3;1
13994;1;1
13998;4;1
14002;3;0
14005;3;0
14009;6;1
14013;1;0
14016;3;3
14020;4;0
14024;0;1
14027;4;3
14031;1;0
14037;3;2
14038;4;0
14042;0;0
14045;0;2
14049;2;0
14053;1;2
14056;2;2
14060;2;3
14064;2;1
14067;0;0
14071;1;0
14075;3;2
14078;4;5
14082;0;0
14086;5;2
14089;9;0
14093;5;1
14096;8;0
14100;5;0
14104;5;2
14107;6;3
14111;0;0
14115;5;6
14118;2;2
14122;0;3
14126;2;3
14129;0;0
14133;1;0
14137;3;0
14140;2;0
14144;4;3
14148;1;0
14151;0;0
14155;2;0
14158;7;0
14162;0;3
14166;0;4
14169;5;3
14173;2;0
14177;1;0
14180;0;1
14184;2;0
14188;1;0
14191;4;0
14195;8;0
14199;2;2
14202;1;0
14206;3;0
14209;1;0
14213;1;0
14217;0;3
14223;0;0
14224;4;0
14228;4;0
14231;1;3
14235;1;1
14239;2;6
14242;3;0
14246;19;2
14250;0;0
14253;0;0
14257;5;0
14261;7;2
14264;9;1
14268;2;7
14271;5;8
14275;3;0
14279;3;0
14282;4;3
14286;6;0
14290;0;0
14293;4;2
14297;0;1
14301;3;1
14304;3;3
14308;0;0
14312;4;1
14315;1;2
14319;1;0
14322;0;2
14326;5;0
14330;0;0
14333;4;0
14337;3;0
14341;6;0
14344;3;1
14348;1;0
14352;0;1
14355;5;0
14359;6;0
14363;3;0
14366;1;4
14370;4;0
14374;3;0
14377;1;0
14381;5;0
14384;8;1
14388;10;0
14392;3;0
14395;6;1
14399;0;6
14403;4;0
14409;6;3
14410;6;1
14414;0;2
14417;0;0
14421;0;2
14425;0;7
14428;0;0
14432;4;0
14436;1;0
14439;0;0
14443;1;0
14446;3;2
14450;1;0
14454;3;0
14457;1;0
14461;3;0
14465;0;0
14468;5;0
14472;4;0
14476;0;0
14479;5;1
14483;1;1
14487;1;3
14490;0;0
14494;0;6
14497;2;0
14501;1;0
14505;2;3
14508;6;0
14512;0;1
14516;4;0
14519;0;1
14523;7;4
14527;5;2
14530;0;2
14534;7;1
14538;0;0
14541;5;0
14545;0;8
14549;5;0
14552;4;0
14556;0;7
14559;2;0
14563;5;0
14567;5;2
14570;1;0
14574;0;0
14578;7;0
14581;0;2
14585;1;0
14589;1;0
14595;0;1
14596;1;6
14600;4;1
14603;2;0
14607;16;0
14610;2;3
14614;2;0
14618;1;0
14621;5;3
14625;2;0
14629;0;2
14632;0;2
14636;0;1
14640;0;3
14643;2;0
14647;0;2
14651;8;0
14654;0;0
14658;1;0
14662;3;3
14665;0;5
14669;0;2
14672;6;1
14676;0;0
14680;2;0
14683;4;0
14687;3;0
14691;1;0
14694;2;0
14698;3;0
14702;1;7
14705;4;0
14709;4;0
14713;6;1
14716;0;0
14720;1;0
14723;8;0
14727;5;0
14731;6;1
14734;1;0
14738;2;0
14742;0;0
14745;0;1
14749;3;4
14753;6;0
14756;16;0
14760;6;0
14764;1;0
14767;0;2
14771;6;5
14775;2;0
14780;8;5
14782;0;0
14785;7;0
14789;0;2
14793;7;4
14796;0;1
14800;7;1
14804;2;0
14807;0;3
14811;3;1
14815;6;5
14818;2;1
14822;5;2
14826;2;5
14829;0;6
14833;2;4
14837;0;3
14840;5;1
14844;2;0
14847;0;4
14851;0;3
14855;0;3
14858;7;0
14862;3;4
14866;1;0
14869;0;2
14873;3;0
14877;7;1
14880;4;0
14884;0;1
14888;3;0
14891;1;0
14895;1;0
14898;5;0
14902;0;0
14906;0;0
14909;2;0
14913;3;4
14917;2;2
14920;3;0
14924;2;2
14928;4;4
14931;5;2
14935;6;3
14939;0;2
14942;4;2
14946;7;1
14950;0;4
14953;3;0
14957;1;3
14960;0;0
14966;0;1
14968;7;2
14971;3;0
14975;4;3
14979;9;5
14982;2;0
14986;6;0
14990;0;3
14993;0;1
14997;3;0
15001;0;0
15004;0;0
15008;5;1
15011;4;0
15015;9;2
15019;0;0
15022;0;0
15026;5;6
15030;5;2
15033;0;4
15037;8;0
15041;1;0
15044;4;1
15048;6;0
15052;2;6
15055;0;8
15059;0;1
15063;4;0
15066;0;0
15070;4;1
15073;3;5
15077;1;0
15081;0;5
15084;1;0
15088;0;8
15092;18;0
15095;6;0
15099;0;1
15103;1;0
15106;6;1
15110;3;2
15114;6;5
15117;1;1
15121;0;0
15124;0;3
15128;7;1
15132;4;7
15135;0;2
15139;0;1
15143;2;2
15146;3;1
15152;7;4
15154;1;0
15157;2;2
15161;1;1
15165;7;0
15168;0;4
15172;3;0
15176;0;0
15179;7;0
15183;6;0
15186;7;0
15190;4;2
15194;2;0
15197;6;0
15201;0;5
15205;0;0
15208;4;0
15212;4;0
15216;5;0
15219;5;0
15223;5;5
15227;4;0
15230;0;0
15234;6;5
15238;5;3
15241;2;5
15245;5;3
15248;5;3
15252;0;0
15256;0;0
15259;2;6
15263;0;0
15267;1;0
15270;0;0
15274;7;0
15278;6;0
15281;4;2
15285;8;0
15289;3;0
15292;3;2
15296;0;3
15299;4;0
15303;0;0
15307;3;1
15310;0;6
15314;3;6
15318;4;0
15321;0;1
15325;3;0
15329;3;0
15332;0;0
15336;6;0
15342;8;0
15343;5;0
15347;1;2
15351;0;0
15354;0;0
15358;0;0
15361;0;0
15365;0;2
15369;0;0
15372;3;0
15376;1;0
15380;0;0
15383;0;0
15387;0;0
15391;7;0
15394;1;0
15398;5;0
15402;0;0
15405;4;0
15409;0;5
15412;2;5
15416;4;0
15420;8;4
15423;0;2
15427;0;0
15431;10;5
15434;6;0
15438;6;8
15442;1;4
15445;4;0
15449;4;3
15453;0;0
15456;1;2
15460;1;0
15464;0;0
15467;0;1
15471;5;0
15474;0;0
15478;1;0
15482;0;0
15485;19;6
15489;4;0
15493;5;1
15496;1;0
15500;3;0
15504;3;0
15507;0;0
15511;0;2
15515;0;0
15518;5;0
15522;0;0
15528;0;0
15529;3;0
15533;2;0
15536;0;3
15540;4;0
15544;5;1
15547;17;2
15551;4;2
15555;2;3
15558;2;5
15562;0;0
15566;3;1
15569;1;1
15573;7;0
15577;4;0
15580;1;0
15584;4;2
15587;0;2
15591;0;4
15595;6;3
15598;7;0
15602;1;0
15606;1;0
15609;4;0
15613;2;0
15617;6;1
15620;4;5
15624;1;0
15628;8;0
15631;0;0
15635;1;0
15639;2;4
15642;7;2
15646;0;0
15649;0;0
15653;0;3
15657;5;1
15660;0;4
15664;0;1
15668;0;3
15671;6;0
15675;0;0
15679;2;2
15682;1;0
15686;5;1
15690;8;0
15693;3;1
15697;5;0
15700;2;0
15704;0;5
15708;6;0
15714;0;0
15715;0;0
15719;3;1
15722;2;2
15726;1;2
15730;5;0
15733;2;0
15737;4;0
15741;0;2
15744;0;0
15748;4;0
15752;0;0
15755;4;0
15759;3;0
15762;3;0
15766;1;2
15770;17;0
15773;3;0
15777;5;3
15781;1;1
15784;5;1
15788;2;5
15792;19;0
15795;2;2
15799;0;2
15803;0;0
15806;0;0
15810;0;0
15813;2;0
15817;0;0
15821;4;5
15824;0;0
15828;0;0
15832;0;0
15835;8;2
15839;2;3
15843;4;0
15846;1;0
15850;5;0
15854;5;2
15857;11;1
15861;0;0
15865;0;0
15868;0;0
15872;0;0
15875;1;0
15879;0;0
15883;7;6
15886;0;0
15890;0;1
15894;0;1
15900;3;5
15901;4;0
15905;0;0
15908;0;2
15912;0;0
15916;0;0
15919;6;8
15923;7;0
15926;2;0
15930;2;0
15934;2;4
15937;0;0
15941;7;0
15945;1;0
15948;0;2
15952;1;6
15956;0;3
15959;5;0
15963;7;0
15967;3;0
15970;5;3
15974;5;0
15978;6;1
15981;1;0
15985;5;5
15988;17;2
15992;2;0
15996;4;0
15999;2;3
16003;1;5
16007;0;0
16010;0;0
16014;4;3
16018;5;2
16021;0;5
16025;4;4
16029;1;0
16032;2;3
16036;0;0
16040;2;0
16043;7;0
16047;3;0
16050;0;0
16054;0;3
16058;0;3
16061;3;5
16065;1;2
16069;3;3
16072;0;6
16076;0;1
16080;2;0
16086;0;0
16087;3;0
16091;3;2
16094;5;0
16098;2;2
16101;3;0
16105;8;0
16109;2;0
16112;1;1
16116;0;0
16120;1;0
16123;6;0
16127;4;1
16131;0;3
16134;3;0
16138;0;0
16142;0;2
16145;2;1
16149;0;5
16153;16;0
16156;2;1
16160;1;1
16163;1;0
16167;0;2
16171;4;0
16174;0;2
16178;6;1
16182;0;5
16185;3;4
16189;5;0
16193;0;2
16196;0;2
16200;2;2
16204;0;0
16207;2;3
16211;0;0
16214;2;0
16218;0;3
16222;0;0
16225;0;0
16229;1;3
16233;0;0
16236;4;17
16240;0;0
16244;2;7
16247;2;0
16251;5;0
16255;4;0
16258;1;0
16262;3;0
16266;2;0
16271;0;2
16273;0;0
16276;4;0
16280;3;0
16284;4;4
16287;0;4
16291;6;0
16295;2;0
16298;2;3
16302;7;0
16306;0;0
16309;3;3
16313;0;1
16317;1;0
16320;2;3
16324;5;0
16328;2;0
16331;0;0
16335;0;0
16338;0;0
16342;3;0
16346;8;3
16349;16;0
16353;1;0
16357;4;3
16360;0;4
16364;0;0
16368;6;0
16371;5;0
16375;2;0
16379;0;0
16382;0;2
16386;1;2
16389;1;0
16393;6;0
16397;4;3
16400;5;2
16404;0;2
16408;0;1
16411;0;0
16415;4;0
16419;3;1
16422;0;4
16426;3;0
16430;0;2
16433;7;0
16437;1;2
16441;3;4
16444;1;0
16448;0;0
16451;0;1
16457;3;0
16459;2;0
16462;5;0
16466;17;0
16470;4;0
16473;0;3
16477;0;0
16481;3;0
16484;0;0
16488;6;0
16492;0;1
16495;0;7
16499;0;0
16502;4;0
16506;2;2
16510;17;0
16513;5;1
16517;5;2
16521;8;0
16524;2;5
16528;3;4
16532;5;1
16535;7;0
16539;0;0
16543;1;3
16546;1;0
16550;0;7
16554;0;0
16557;0;1
16561;0;0
16564;0;1
16568;0;0
16572;2;7
16575;2;1
16579;0;0
16583;2;0
16586;5;2
16590;4;3
16594;7;3
16597;0;2
16601;3;2
16605;0;0
16608;4;0
16612;2;0
16615;1;0
16619;1;0
16623;0;0
16626;2;0
16630;3;0
16634;0;0
16637;3;0
16643;3;3
16645;2;0
16648;6;3
16652;6;2
16656;2;0
16659;1;4
16663;1;1
16667;3;4
16670;0;7
16674;0;0
16677;3;0
16681;2;0
16685;4;2
16688;0;0
16692;0;0
16696;4;0
16699;6;4
16703;0;0
16707;1;3
16710;0;5
16714;4;2
16718;0;4
16721;2;0
16725;7;0
16729;2;4
16732;0;0
16736;4;0
16739;3;2
16743;0;0
16747;3;0
16750;6;0
16754;1;1
16758;0;0
16761;2;2
16765;8;3
16769;4;0
16772;0;0
16776;0;0
16780;3;4
16783;4;0
16787;0;0
16790;1;0
16794;7;0
16798;1;0
16801;3;1
16805;4;1
16809;6;2
16812;0;4
16816;4;5
16820;5;0
16823;2;1
16829;2;0
16831;0;2
16834;4;1
16838;3;0
16842;0;0
16845;2;0
16849;21;1
16852;3;2
16856;0;5
16860;4;1
16863;0;0
16867;0;2
16871;0;0
16874;0;5
16878;0;4
16882;4;1
16885;0;3
16889;2;1
16893;4;0
16896;4;1
16900;4;0
16903;0;3
16907;1;0
16911;0;1
16914;3;0
16918;3;5
16922;0;0
16925;3;4
16929;8;0
16933;0;0
16936;4;2
16940;10;4
16944;1;0
16947;0;4
16951;1;3
16955;1;5
16958;0;1
16962;0;3
16965;3;0
16969;3;5
16973;2;0
16976;0;0
16980;1;0
16984;5;0
16987;0;0
16991;7;3
16995;2;0
16998;4;3
17002;4;0
17006;4;0
17009;3;4
17015;0;4
17017;0;0
17020;4;0
17024;7;0
17027;0;0
17031;0;2
17035;2;1
17038;0;9
17042;3;0
17046;1;5
17049;1;0
17053;3;5
17057;0;0
17060;0;0
17064;4;0
17068;0;4
17071;0;0
17075;0;0
17078;3;0
17082;4;3
17086;5;2
17089;0;2
17093;0;1
17097;5;0
17100;0;2
17104;0;6
17108;6;0
17111;0;0
17115;0;2
17119;0;3
17122;0;0
17126;2;0
17130;4;0
17133;0;0
17137;17;0
17140;0;0
17144;5;0
17148;4;0
17151;6;0
17155;0;0
17159;3;0
17162;0;5
17166;0;7
17170;0;5
17173;4;0
17177;0;0
17181;0;0
17184;2;2
17188;0;5
17191;3;2
17195;0;3
17201;1;0
17202;5;1
17206;3;0
17210;0;0
17213;0;0
17217;0;5
17221;5;1
17224;5;0
17228;5;0
17232;0;1
17235;17;1
17239;3;0
17243;0;3
17246;3;1
17250;6;2
17253;4;3
17257;0;0
17261;0;2
17264;4;0
17268;1;2
17272;2;1
17275;8;0
17279;0;2
17283;2;4
17286;0;0
17290;3;2
17294;7;2
17297;5;0
17301;5;0
17304;5;2
17308;2;2
17312;2;3
17315;0;0
17319;1;0
17323;5;0
17326;6;1
17330;1;1
17334;4;0
17337;2;2
17341;16;0
17345;0;0
17348;0;0
17352;2;2
17356;7;2
17359;0;0
17363;9;2
17366;9;2
17370;3;4
17374;4;2
17377;5;1
17381;3;0
17387;1;0
17388;0;0
17392;2;4
17396;1;1
17399;1;3
17403;0;0
17407;1;0
17410;4;0
17414;0;0
17417;0;0
17421;0;2
17425;0;1
17428;2;3
17432;1;0
17436;4;0
17439;4;4
17443;1;0
17447;0;0
17450;6;1
17454;0;3
17458;2;0
17461;5;0
17465;4;0
17469;6;4
17472;4;8
17476;0;0
17479;4;3
17483;0;0
17487;0;0
17490;8;6
17494;0;0
17498;1;0
17501;6;0
17505;2;1
17509;2;0
17512;1;3
17516;4;0
17520;0;0
17523;0;1
17527;0;1
17531;0;0
17534;1;2
17538;5;0
17541;0;2
17545;7;0
17549;0;0
17552;4;3
17556;2;0
17560;0;0
17563;0;0
17567;0;3
17573;3;2
17574;5;2
17578;4;0
17582;4;0
17585;1;1
17589;5;0
17592;0;0
17596;0;0
17600;0;0
17603;0;0
17607;5;5
17611;0;0
17614;0;0
17618;8;1
17622;6;4
17625;2;0
17629;1;0
17633;6;1
17636;3;0
17640;5;0
17644;4;0
17647;0;2
17651;0;0
17654;3;0
17658;0;0
17662;6;4
17665;3;0
17669;7;0
17673;0;0
17676;0;0
17680;3;0
17684;0;0
17687;2;5
17691;0;0
17695;5;0
17698;0;0
17702;5;0
17705;1;0
17709;0;0
17713;0;0
17716;3;0
17720;9;0
17724;2;1
17727;0;0
17731;3;1
17735;0;6
17738;4;1
17742;9;0
17746;5;2
17749;4;1
17753;3;0
17759;0;0
17760;0;7
17764;2;1
17767;2;3
17771;4;0
17775;0;2
17778;2;6
17782;6;0
17786;6;0
17789;5;0
17793;0;2
17797;4;2
17800;0;0
17804;0;1
17808;2;6
17811;4;2
17815;6;1
17818;0;0
17822;4;0
17826;1;0
17829;4;3
17833;2;0
17837;3;2
17840;0;0
17844;2;2
17848;4;3
17851;6;2
17855;6;0
17859;0;4
17862;2;0
17866;0;0
17870;0;0
17873;1;0
17877;5;0
17880;0;0
17884;0;0
17888;1;0
17891;4;4
17895;5;1
17899;0;0
17902;0;2
17906;0;1
17910;0;5
17913;1;0
17917;3;3
17921;2;0
17924;2;0
17928;1;0
17932;2;0
17935;0;7
17939;2;0
17942;4;0
17948;4;0
17950;2;0
17953;5;0
17957;3;4
17961;2;4
17964;1;1
17968;0;3
17972;0;0
17975;3;0
17979;0;1
17983;1;1
17986;0;1
17990;2;2
17993;0;0
17997;0;5
18001;3;0
18004;2;0
18008;6;0
18012;10;0
18015;4;0
18019;0;0
18023;2;0
18026;0;4
18030;0;1
18034;0;0
18037;2;4
18041;1;1
18045;1;0
18048;3;0
18052;2;0
18055;5;0
18059;4;0
18063;3;0
18066;8;0
18070;1;0
18074;1;0
18077;5;3
18081;4;4
18085;0;0
18088;3;0
18092;0;1
18096;0;4
18099;4;0
18103;2;2
18106;6;0
18110;0;0
18114;8;3
18117;2;0
18121;4;0
18125;3;1
18128;0;0
18134;1;7
18136;6;7
18139;4;0
18143;3;1
18147;6;0
18150;0;5
18154;2;0
18158;0;1
18161;4;0
18165;3;0
18168;1;2
18172;2;0
18176;4;1
18179;3;0
18183;2;2
18187;0;3
18190;3;1
18194;4;2
18198;5;0
18201;8;0
18205;0;2
18209;9;0
18212;1;0
18216;0;2
18219;6;3
18223;1;0
18227;5;0
18230;1;3
18234;0;0
18238;0;1
18241;5;1
18245;3;3
18249;0;2
18252;3;0
18256;4;0
18260;0;1
18263;0;6
18267;3;0
18271;4;0
18274;7;0
18278;4;2
18281;4;0
18285;2;1
18289;1;2
18292;5;1
18296;3;3
18300;5;2
18303;3;2
18307;2;0
18311;4;0
18314;2;2
18320;5;0
18322;0;3
18325;1;0
18329;3;1
18333;2;0
18336;4;0
18340;1;0
18343;0;0
18347;7;1
18351;2;6
18354;0;0
18358;0;2
18362;1;0
18365;4;1
18369;1;0
18373;5;0
18376;0;0
18380;4;0
18384;3;2
18387;3;4
18391;0;2
18394;3;0
18398;0;0
18402;0;1
18405;7;5
18409;2;0
18413;0;0
18416;0;0
18420;0;1
18424;2;1
18427;6;0
18431;1;2
18435;0;0
18438;7;3
18442;0;0
18446;1;0
18449;4;4
18453;5;0
18456;0;0
18460;3;2
18464;3;4
18467;4;0
18471;2;1
18475;3;3
18478;1;0
18482;7;0
18486;2;0
18489;0;0
18493;7;2
18497;2;0
18500;0;4
18506;2;3
18507;4;1
18511;5;0
18515;4;0
18518;5;1
18522;7;3
18526;4;0
18529;0;0
18533;6;5
18537;1;4
18540;1;5
18544;1;0
18548;5;2
18551;0;3
18555;3;4
18559;2;0
18562;2;0
18566;0;2
18569;4;0
18573;0;0
18577;6;2
18580;5;3
18584;3;0
18588;7;0
18591;0;3
18595;0;0
18599;5;0
18602;0;3
18606;4;0
18610;0;0
18613;5;0
18617;0;1
18621;6;0
18624;3;0
18628;17;1
18631;0;5
18635;2;0
18639;4;3
18642;1;0
18646;2;2
18650;0;0
18653;3;0
18657;3;0
18661;1;0
18664;0;1
18668;1;0
18672;3;0
18675;1;0
18679;0;3
18682;2;5
18686;8;2
18692;4;0
18693;4;0
18697;3;3
18701;0;0
18704;3;0
18708;6;1
18712;0;3
18715;5;3
18719;4;2
18723;6;3
18726;0;2
18730;3;1
18734;5;0
18737;0;7
18741;0;0
18744;3;0
18748;2;7
18752;3;1
18755;3;0
18759;2;0
18763;1;0
18766;4;0
18770;2;3
18774;4;1
18777;3;0
18781;4;0
18785;3;0
18788;8;1
18792;0;2
18795;2;0
18799;6;2
18803;0;1
18806;0;2
18810;4;1
18814;0;1
18817;0;0
18821;0;0
18825;5;3
18828;3;3
18832;5;2
18836;2;0
18839;6;0
18843;0;8
18847;7;1
18850;1;0
18854;4;0
18857;0;2
18861;7;0
18865;3;0
18868;0;7
18872;2;1
18878;2;0
18879;2;0
18883;0;5
18887;2;0
18890;8;5
18894;7;3
18898;5;4
18901;3;0
18905;2;2
18908;1;0
18912;0;1
18916;4;0
18919;2;3
18923;0;0
18927;0;0
18930;3;0
18934;1;0
18938;0;2
18941;2;1
18945;1;0
18949;6;1
18952;2;0
18956;3;2
18960;1;0
18963;0;0
18967;7;4
18970;2;0
18974;5;2
18978;0;2
18981;4;6
18985;1;1
18989;0;0
18992;3;4
18996;0;0
19000;3;3
19003;1;2
19007;3;0
19011;0;1
19014;0;1
19018;0;0
19022;5;0
19025;0;0
19029;5;1
19032;0;3
19036;0;0
19040;4;0
19043;0;0
19047;0;0
19051;0;2
19054;0;2
19058;6;1
19062;0;6
19068;3;0
19069;3;1
19073;3;0
19076;0;1
19080;0;2
19083;6;0
19087;0;0
19091;1;2
19094;3;5
19098;5;17
19102;1;0
19105;0;2
19109;4;0
19113;3;1
19116;4;7
19120;8;1
19124;5;0
19127;8;0
19131;6;0
19135;0;7
19138;0;0
19142;4;2
19145;3;0
19149;2;5
19153;3;0
19156;7;0
19160;0;0
19164;0;1
19167;4;3
19171;3;1
19175;0;3
19178;1;0
19182;3;0
19186;5;0
19189;2;0
19193;3;1
19196;3;6
19200;0;1
19204;1;0
19207;6;0
19211;8;2
19215;0;0
19218;6;2
19222;6;0
19226;4;0
19229;2;0
19233;17;0
19237;8;4
19240;0;3
19244;3;4
19248;0;2
19282;0;0
19282;3;7
19282;1;5
19285;4;0
19289;9;0
19292;6;3
19296;4;2
19300;0;1
19303;0;2
19307;3;3
19311;0;0
19314;5;2
19318;4;0
19322;1;1
19325;1;0
19329;17;2
19332;6;1
19336;1;1
19340;0;1
19343;2;0
19347;2;0
19351;1;3
19354;1;0
19358;3;2
19362;4;0
19365;6;0
19369;0;0
19373;0;0
19376;2;0
19380;0;3
19384;0;3
19387;5;5
19391;0;0
19394;16;3
19398;0;0
19402;0;3
19405;5;1
19409;4;0
19413;5;0
19416;2;1
19420;3;0
19424;0;0
19427;4;5
19431;1;0
19435;3;3
19438;7;0
19442;3;3
19446;1;5
19449;0;0
19453;7;0
19456;0;0
19462;1;4
19464;5;1
19467;0;1
19471;6;0
19475;0;0
19478;4;0
19482;2;3
19486;4;0
19489;6;1
19493;3;0
19497;1;0
19500;6;0
19504;7;0
19507;0;1
19511;2;2
19515;0;0
19518;2;4
19522;5;0
19526;0;5
19529;0;2
19533;4;0
19537;4;0
19540;3;0
19544;3;0
19548;5;0
19551;0;0
19555;1;2
19559;3;0
19562;0;0
19566;2;0
19569;0;0
19573;4;0
19577;4;1
19580;6;4
19584;7;2
19588;2;0
19591;7;0
19595;3;5
19599;7;0
19602;6;4
19606;6;0
19610;0;0
19613;1;2
19617;1;1
19620;18;0
19624;3;0
19628;3;9
19631;4;2
19635;2;2
19639;3;0
19642;0;0
19648;6;7
19650;5;0
19653;1;0
19657;0;3
19661;2;2
19664;0;4
19668;4;0
19672;4;2
19675;1;0
19679;6;2
19682;1;1
19686;0;3
19690;0;3
19693;1;0
19697;5;0
19701;0;1
19704;6;2
19708;0;0
19712;0;0
19715;7;0
19719;0;6
19723;3;0
19726;0;2
19730;0;5
19734;6;0
19737;4;0
19741;4;3
19744;7;1
19748;2;1
19752;1;0
19755;4;0
19759;1;0
19763;1;1
19766;3;0
19770;1;3
19774;7;1
19777;2;3
19781;7;0
19785;3;5
19788;0;0
19792;6;0
19795;5;0
19799;1;2
19803;0;0
19806;1;0
19810;3;0
19814;0;3
19817;5;0
19821;4;1
19825;5;3
19828;3;0
19834;3;1
19836;5;3
19839;0;0
19843;0;1
19847;0;4
19850;1;2
19854;3;1
19857;3;0
19861;0;1
19865;0;0
19868;0;3
19872;0;0
19876;0;0
19879;4;0
19883;5;1
19887;0;0
19890;6;5
19894;4;4
19898;3;0
19901;1;0
19905;8;0
19908;1;0
19912;3;2
19916;4;0
19919;5;1
19923;1;3
19927;1;3
19930;3;3
19934;6;0
19938;2;1
19941;0;2
19945;3;0
19949;0;1
19952;0;0
19956;3;6
19960;6;0
19963;5;2
19967;0;1
19970;0;0
19974;2;1
19978;2;5
19981;5;0
19985;2;2
19989;0;1
19992;1;0
19996;3;0
20000;5;0
20003;1;1
20007;0;2
20011;1;0
20014;2;0
20020;3;0
20022;0;0
20025;2;0
20029;0;0
20032;2;0
20036;2;5
20040;5;0
20043;0;0
20047;0;0
20051;5;3
20054;4;0
20058;6;2
20062;0;0
20065;5;0
20069;0;0
20073;0;0
20076;8;0
20080;5;0
20083;2;1
20087;0;0
20091;1;0
20094;8;1
20098;4;1
20102;1;0
20105;4;0
20109;2;0
20113;0;0
20116;0;6
20120;4;0
20124;1;2
20127;4;0
20131;6;0
20135;0;0
20138;5;0
20142;0;0
20145;3;0
20149;1;0
20153;0;0
20156;5;2
20160;5;0
20164;0;0
20167;1;3
20171;3;0
20175;0;2
20178;0;0
20182;1;1
20186;5;6
20189;4;4
20193;2;0
20196;2;0
20200;0;0
20206;1;3
20207;4;5
20211;17;0
20215;1;0
20218;4;1
20222;0;0
20226;0;0
20229;2;0
20233;0;0
20237;0;0
20240;8;0
20244;0;0
20248;1;3
20251;0;0
20255;0;0
20258;1;0
20262;5;0
20266;6;0
20269;5;0
20273;4;0
20277;6;0
20280;1;1
20284;0;0
20288;0;0
20291;4;3
20295;1;2
20299;0;0
20302;3;0
20306;4;1
20309;0;3
20313;2;0
20317;0;5
20320;1;1
20324;8;1
20328;0;0
20331;0;4
20335;4;0
20339;4;2
20342;0;0
20346;0;0
20350;0;0
20353;0;0
20357;4;0
20361;4;0
20364;18;2
20368;5;2
20371;3;1
20375;0;2
20379;0;5
20382;0;3
20386;5;0
20392;0;0
20393;3;0
20397;6;0
20401;0;0
20404;0;0
20408;0;0
20412;6;1
20415;7;3
20419;2;0
20422;3;4
20426;5;3
20430;1;1
20433;1;2
20437;1;0
20441;3;1
20444;18;0
20448;1;1
20452;4;2
20455;2;0
20459;1;0
20463;2;4
20466;5;5
20470;5;0
20474;0;4
20477;9;0
20481;0;0
20484;3;0
20488;7;0
20492;5;1
20495;0;0
20499;0;4
20503;0;2
20506;3;0
20510;0;3
20514;2;0
20517;2;0
20521;0;0
20525;0;0
20528;0;1
20532;0;4
20536;0;0
20539;5;4
20543;0;1
20546;0;0
20550;0;0
20554;0;0
20557;16;0
20561;4;0
20565;3;2
20568;1;0
20572;0;4
20578;0;2
20579;1;3
20583;1;0
20587;0;1
20590;0;0
20594;3;2
20597;4;1
20601;0;0
20605;5;7
20608;0;1
20612;1;2
20616;2;0
20619;4;2
20623;1;1
20627;5;2
20630;3;0
20634;3;0
20638;8;2
20641;0;1
20645;0;0
20649;0;0
20652;0;3
20656;1;0
20659;3;0
20663;4;1
20667;2;0
20670;0;0
20674;2;0
20678;0;0
20681;4;2
20685;4;0
20689;0;4
20692;3;5
20696;0;1
20700;2;1
20703;7;6
20707;1;2
20710;0;3
20714;8;0
20718;1;5
20721;1;1
20725;3;0
20729;0;0
20732;3;1
20736;1;0
20740;0;1
20743;4;0
20747;1;0
20751;5;0
20754;5;0
20758;6;0
20762;3;0
20767;0;2
20769;1;0
20772;5;0
20776;1;0
20780;1;1
20783;8;0
20787;6;1
20791;0;0
20794;0;0
20798;2;1
20802;16;0
20805;8;5
20809;1;0
20813;3;0
20816;6;2
20820;5;0
20823;6;0
20827;2;0
20831;3;0
20834;2;0
20838;0;1
20842;0;0
20845;2;2
20849;3;0
20853;2;0
20856;0;1
20860;3;0
20864;4;3
20867;3;0
20871;7;3
20875;2;1
20878;5;0
20882;0;6
20885;2;1
20889;0;1
20893;2;0
20896;2;0
20900;3;1
20904;2;2
20907;4;0
20911;0;2
20915;0;0
20918;1;2
20922;6;1
20926;1;0
20929;1;0
20933;1;0
20937;8;0
20940;0;0
20944;3;0
20947;6;0
20953;0;0
20955;4;1
20958;2;1
20962;0;3
20966;0;0
20969;0;1
20973;4;0
20977;4;0
20980;2;4
20984;5;0
20988;9;1
20991;4;0
20995;4;0
20998;7;0
21002;8;2
21006;3;0
21009;2;3
21013;3;1
21017;5;0
21020;1;0
21024;0;0
21028;6;4
21031;2;3
21035;0;0
21039;2;0
21042;0;0
21046;4;0
21050;0;3
21053;0;1
21057;2;1
21060;3;2
21064;4;0
21068;4;2
21071;0;0
21075;4;7
21079;4;2
21082;0;0
21086;2;0
21090;0;4
21093;4;0
21097;5;4
21101;0;0
21104;0;2
21108;0;0
21111;2;0
21115;1;3
21119;6;1
21122;1;0
21126;0;0
21130;0;0
21133;0;0
21139;3;2
21141;5;2
21144;0;0
21148;0;0
21152;1;1
21155;0;0
21159;3;0
21163;4;0
21166;1;1
21170;6;0
21173;1;1
21177;6;0
21181;2;3
21184;2;0
21188;2;0
21192;0;0
21195;0;0
21199;0;0
21203;2;0
21206;1;1
21210;2;0
21214;2;2
21217;2;3
21221;2;0
21224;1;0
21228;3;0
21232;3;1
21235;3;0
21239;2;0
21243;0;0
21246;3;0
21250;2;1
21254;0;0
21257;2;2
21261;3;0
21265;3;2
21268;0;0
21272;1;0
21276;5;0
21279;0;0
21283;3;0
21286;0;1
21290;2;0
21294;3;3
21297;1;0
21301;1;1
21305;2;0
21308;3;0
21312;4;0
21316;1;2
21319;4;0
21325;0;1
21327;4;0
21330;5;1
21334;1;0
21338;4;0
21341;1;0
21345;0;2
21348;6;0
21352;1;0
21356;3;0
21359;4;3
21363;0;0
21367;1;0
21370;3;2
21374;0;0
21378;0;2
21381;2;6
21385;1;0
21389;3;0
21392;0;0
21396;4;0
21399;0;2
21403;0;1
21407;0;0
21410;0;0
21414;0;0
21418;0;0
21421;0;0
21425;2;0
21429;4;0
21432;2;1
21436;4;3
21440;5;7
21443;1;2
21447;1;1
21451;1;3
21454;2;0
21458;0;0
21461;0;0
21465;2;3
21469;0;0
21472;2;0
21476;2;0
21480;1;2
21483;0;1
21487;1;0
21491;2;0
21494;0;2
21498;0;2
21502;1;0
21505;2;0
21511;1;1
21512;2;0
21516;4;0
21520;0;0
21523;0;6
21527;2;4
21531;4;1
21534;1;0
21538;6;0
21542;0;0
21545;0;1
21549;4;0
21553;0;1
21556;0;0
21560;4;0
21564;7;3
21567;7;6
21571;0;1
21574;0;3
21578;0;1
21582;0;0
21585;1;3
21589;0;2
21593;1;2
21596;3;0
21600;3;0
21604;7;3
21607;5;0
21611;4;0
21615;5;0
21618;5;1
21622;2;3
21625;0;2
21629;0;1
21633;0;0
21636;1;7
21640;0;0
21644;6;1
21647;0;0
21651;6;3
21655;0;0
21658;0;0
21662;0;0
21666;8;0
21669;2;1
21673;0;5
21677;0;3
21680;0;5
21684;6;0
21687;0;0
21691;4;3
21697;0;0
21698;7;0
21702;3;0
21706;2;1
21709;2;0
21713;5;0
21717;1;2
21720;4;0
21724;1;4
21728;1;4
21731;2;4
21735;4;0
21739;0;2
21742;0;0
21746;3;1
21749;4;3
21753;0;0
21757;3;1
21760;0;0
21764;2;0
21768;3;2
21771;1;1
21775;1;5
21779;0;5
21782;3;2
21786;3;0
21790;1;0
21793;5;4
21797;4;0
21800;7;0
21804;0;0
21808;3;0
21811;5;0
21815;1;0
21819;3;1
21822;4;0
21826;6;0
21830;2;3
21833;0;0
21837;3;0
21841;1;0
21844;2;1
21848;0;4
21852;6;4
21855;0;0
21859;0;1
21862;0;1
21866;2;5
21870;1;1
21873;0;1
21877;5;0
21881;3;0
21886;1;2
21888;1;2
21892;2;8
21895;5;3
21899;0;0
21903;5;0
21906;2;0
21910;6;1
21913;18;1
21917;5;1
21921;3;0
21924;1;6
21928;0;0
21932;2;3
21935;0;6
21939;0;0
21943;3;2
21946;0;4
21950;0;4
21954;0;0
21957;1;0
21961;2;4
21965;3;1
21968;0;0
21972;0;0
21975;0;3
21979;2;3
21983;4;0
21986;2;0
21990;1;3
21994;4;0
21997;4;0
22001;0;3
22005;0;0
22008;4;6
22012;7;6
22016;2;0
22019;6;0
22023;2;1
22027;6;2
22030;2;0
22034;4;0
22037;0;1
22041;2;0
22045;1;4
22048;3;0
22052;0;0
22056;1;3
22059;1;3
22063;5;5
22067;0;3
22072;2;0
22074;6;0
22078;0;0
22081;1;0
22085;3;0
22088;2;0
22092;0;3
22096;0;0
22099;1;0
22103;2;0
22107;9;0
22110;0;0
22114;1;4
22118;1;1
22121;0;2
22125;2;0
22129;1;4
22132;0;0
22136;4;0
22140;0;0
22143;5;0
22147;0;1
22150;0;2
22154;0;1
22158;0;3
22161;0;0
22165;4;0
22169;2;2
22172;5;5
22176;3;0
22180;0;3
22183;0;3
22187;4;0
22191;3;0
22194;3;0
22198;5;0
22201;2;0
22205;1;0
22209;2;3
22212;3;0
22216;4;7
22220;0;1
22223;0;0
22227;8;0
22231;5;0
22234;7;1
22238;4;0
22242;10;2
22245;0;3
22249;0;0
22253;4;5
22258;2;6
22260;0;1
22263;3;3
22267;0;0
22271;0;0
22274;3;0
22278;0;0
22282;7;3
22285;2;0
22289;0;1
22293;0;2
22296;0;0
22300;5;0
22304;0;0
22307;0;0
22311;7;0
22314;2;0
22318;1;2
22322;0;4
22325;4;2
22329;3;0
22333;1;0
22336;2;2
22340;5;0
22344;6;0
22347;4;1
22351;0;2
22355;3;1
22358;0;0
22362;5;1
22366;1;7
22369;5;2
22373;16;1
22376;0;1
22380;0;0
22384;0;5
22387;0;0
22391;0;0
22395;4;1
22398;1;0
22402;0;2
22406;2;3
22409;5;5
22413;4;0
22417;0;0
22420;7;1
22424;7;0
22428;1;2
22431;1;0
22435;1;0
22438;3;0
22444;0;0
22446;6;0
22449;1;0
22453;2;0
22457;5;0
22460;6;0
22464;0;2
22468;0;0
22471;4;0
22475;3;0
22479;0;0
22482;0;1
22486;1;2
22489;0;1
22493;3;1
22497;5;2
22500;1;2
22504;4;1
22508;0;6
22511;7;3
22515;0;0
22519;0;4
22522;5;3
22526;3;0
22530;0;0
22533;0;0
22537;0;0
22541;8;0
22544;0;0
22548;2;0
22551;6;1
22555;1;4
22559;3;4
22562;5;0
22566;5;1
22570;8;0
22573;4;0
22577;5;0
22581;0;0
22584;8;5
22588;8;2
22592;5;1
22595;1;0
22599;2;0
22602;4;1
22606;4;7
22610;0;0
22613;2;0
22617;1;0
22621;0;0
22624;2;5
22630;0;0
22632;3;0
22635;4;1
22639;0;0
22643;0;8
22646;6;0
22650;4;0
22654;6;0
22657;2;2
22661;0;1
22664;1;0
22668;0;0
22672;1;1
22675;3;0
22679;0;4
22683;1;0
22686;2;0
22690;4;0
22694;3;1
22697;2;0
22701;0;2
22705;0;0
22708;0;0
22712;2;3
22715;0;0
22719;6;4
22723;0;0
22726;0;1
22730;6;0
22734;3;1
22737;0;2
22741;3;0
22745;1;0
22748;0;5
22752;0;2
22756;0;0
22759;2;1
22763;0;0
22767;5;0
22770;6;16
22774;3;0
22777;0;2
22781;0;0
22785;0;6
22788;0;0
22792;5;4
22796;5;4
22799;1;0
22803;4;7
22807;4;0
22810;3;0
22841;0;0
22841;7;0
22841;0;0
22844;7;0
22848;5;0
22851;3;0
22855;2;0
22858;2;0
22862;0;4
22866;3;2
22869;2;2
22873;3;0
22877;0;0
22880;1;0
22884;0;3
22888;0;0
22891;0;0
22895;1;5
22899;4;0
22902;1;0
22906;2;6
22910;0;0
22913;0;0
22917;1;1
22920;0;3
22924;4;2
22928;1;0
22931;0;0
22935;4;0
22939;3;0
22942;16;3
22946;0;2
22950;1;0
22953;3;1
22957;0;0
22961;2;1
22964;3;1
22968;1;0
22971;6;0
22975;3;0
22979;5;0
22982;0;3
22986;0;0
22990;2;2
22993;1;0
22997;3;0
23001;3;0
23004;6;5
23008;2;7
23012;0;0
23015;0;0
23033;6;4
23034;7;2
23034;2;3
23037;0;0
23041;0;1
23044;1;1
23048;4;0
23051;0;0
23055;2;0
23059;2;1
23062;0;1
23066;3;1
23070;3;0
23073;0;0
23077;8;0
23081;0;1
23084;6;0
23088;5;0
23092;2;2
23095;8;4
23099;16;0
23102;2;0
23106;3;0
23110;3;0
23113;5;6
23117;2;0
23121;0;0
23124;5;4
23128;3;0
23132;1;0
23135;3;0
23139;0;0
23143;5;0
23146;0;0
23150;0;4
23154;6;0
23157;2;0
23161;3;0
23164;0;0
23168;5;1
23172;4;1
23175;0;0
23179;0;0
23183;3;2
23186;6;0
23190;8;0
23194;0;0
23197;2;1
23201;0;0
23205;5;0
23208;7;0
23214;0;2
23216;0;5
23219;2;0
23223;5;0
23226;4;0
23230;3;0
23234;1;2
23237;0;3
23241;1;5
23245;0;4
23248;0;0
23252;0;1
23256;4;0
23259;0;0
23263;3;0
23267;0;1
23270;3;2
23274;1;1
23277;1;2
23281;5;5
23285;0;0
23288;7;3
23292;3;0
23296;0;0
23299;5;0
23303;5;0
23307;0;5
23310;3;2
23314;7;2
23318;2;0
23321;4;4
23325;0;6
23329;8;0
23332;0;4
23336;0;0
23339;5;7
23343;8;0
23347;0;0
23350;0;0
23354;5;2
23358;4;0
23361;0;1
23365;0;1
23369;3;1
23372;7;0
23376;1;1
23380;2;0
23383;6;0
23387;0;2
23390;5;0
23394;1;1
23398;1;0
23404;0;0
23405;1;0
23409;1;2
23412;3;0
23416;4;0
23420;0;0
23423;1;0
23427;8;0
23431;9;4
23434;5;0
23438;3;0
23442;3;0
23445;0;1
23449;0;0
23452;0;3
23456;0;5
23460;4;3
23463;6;0
23467;3;0
23471;1;0
23474;6;0
23478;0;1
23482;4;0
23485;2;7
23489;0;2
23493;6;0
23496;0;1
23500;0;3
23503;0;1
23507;8;5
23511;0;0
23514;8;6
23518;2;0
23522;4;1
23525;6;0
23529;2;0
23533;1;1
23536;5;1
23540;0;0
23544;9;1
23547;4;0
23551;3;0
23555;0;0
23558;2;0
23562;2;5
23565;0;8
23569;7;0
23573;0;3
23576;5;2
23580;0;1
23584;0;2
23590;3;0
23591;3;2
23595;8;1
23598;0;0
23602;18;0
23606;2;0
23609;2;2
23613;4;0
23617;3;0
23620;4;0
23624;2;2
23627;4;2
23631;0;0
23635;0;4
23638;0;2
23642;5;0
23646;2;1
23649;2;0
23653;0;3
23657;9;2
23660;16;0
23664;2;3
23668;1;2
23671;2;0
23675;4;1
23678;4;0
23682;0;2
23686;2;7
23689;0;2
23693;5;3
23697;5;0
23700;0;0
23704;4;0
23708;5;0
23711;2;1
23715;2;0
23719;0;1
23722;2;0
23726;2;0
23730;0;1
23733;0;4
23737;2;0
23740;5;0
23744;1;0
23748;4;0
23751;0;0
23755;0;4
23759;0;2
23762;7;1
23766;0;0
23770;0;2
23775;4;0
23777;0;2
23781;6;0
23784;3;5
23788;1;6
23791;0;3
23795;8;0
23799;4;4
23802;6;2
23806;0;0
23810;3;0
23813;5;1
23817;2;3
23821;1;1
23824;0;0
23828;2;0
23832;4;3
23835;0;0
23839;0;0
23843;9;1
23846;0;6
23850;6;2
23853;0;0
23857;0;4
23861;3;0
23864;2;0
23868;3;1
23872;3;0
23875;6;0
23879;3;0
23883;2;3
23886;0;1
23890;4;2
23894;1;1
23897;5;0
23901;1;0
23904;6;4
23908;6;0
23912;1;2
23915;2;5
23919;0;0
23923;5;0
23926;5;0
23930;0;0
23934;0;0
23937;4;2
23941;1;0
23945;4;5
23948;0;0
23952;0;0
23956;2;2
23961;0;2
23963;7;2
23966;2;5
23970;2;0
23974;0;3
23977;0;1
23981;0;0
23985;0;0
23988;2;0
23992;2;3
23996;3;0
23999;1;0
24003;8;3
24007;2;1
24010;5;0
24014;2;0
24018;0;0
24021;0;0
24025;1;1
24028;1;2
24032;0;2
24036;0;2
24039;2;0
24043;5;0
24047;0;0
24050;5;0
24054;4;0
24058;1;2
24061;5;3
24065;5;1
24069;1;0
24072;5;1
24076;3;0
24079;5;1
24083;1;5
24087;6;0
24090;0;3
24094;0;0
24098;7;3
24101;3;2
24105;6;0
24109;2;5
24112;1;0
24116;2;1
24120;0;0
24123;7;0
24127;0;0
24131;4;2
24134;3;1
24138;0;2
24141;3;0
24147;0;0
24149;2;16
24152;0;3
24156;4;0
24160;2;0
24163;5;6
24167;3;1
24171;4;0
24174;0;0
24178;3;0
24182;1;0
24185;0;2
24189;4;0
24192;7;0
24196;4;1
24200;4;3
24203;0;5
24207;2;0
24211;8;2
24214;2;2
24218;5;0
24222;0;3
24225;0;0
24229;1;0
24233;0;0
24236;7;3
24240;3;0
24244;4;0
24247;0;0
24251;0;0
24254;1;0
24258;0;5
24262;4;1
24265;8;0
24269;0;2
24273;0;0
24276;6;1
24280;4;4
24284;2;1
24287;0;0
24291;6;2
24295;2;4
24298;1;0
24302;4;0
24305;1;0
24309;5;4
24313;1;0
24316;2;0
24320;4;1
24324;2;3
24327;1;0
24333;3;1
24335;0;0
24338;0;0
24342;6;1
24346;5;1
24349;0;9
24353;3;5
24357;0;1
24360;0;0
24364;0;2
24367;4;2
24371;0;6
24375;4;7
24378;0;0
24382;5;0
24386;2;0
24389;0;0
24393;2;1
24397;2;0
24400;4;3
24404;0;0
24408;0;2
24411;2;0
24415;0;3
24419;1;0
24422;5;6
24426;5;2
24429;1;0
24433;1;0
24437;3;1
24440;2;2
24444;1;1
24448;3;0
24451;0;1
24455;0;3
24459;0;0
24462;0;3
24466;2;3
24470;3;0
24473;8;1
24477;3;3
24480;1;4
24484;4;1
24488;0;1
24491;4;1
24495;3;2
24499;5;0
24502;7;0
24506;19;0
24510;0;2
24513;1;0
24519;0;4
24521;2;0
24524;1;0
24528;0;0
24532;4;0
24535;2;1
24539;2;0
24542;5;0
24546;0;1
24550;5;0
24553;0;0
24557;1;3
24561;1;0
24564;0;0
24568;4;0
24572;3;0
24575;5;5
24579;9;0
24583;5;1
24586;6;2
24590;2;2
24593;1;0
24597;8;0
24601;0;1
24604;2;1
24608;4;0
24612;6;3
24615;0;0
24619;2;0
24623;3;3
24626;0;0
24630;0;0
24634;5;4
24637;5;0
24641;0;0
24645;2;0
24648;4;3
24652;0;0
24655;6;2
24659;17;1
24663;6;0
24666;0;0
24670;5;3
24674;0;2
24677;1;0
24681;6;5
24685;2;0
24688;5;1
24692;7;0
24696;2;1
24699;7;0
24703;0;0
24709;4;0
24710;4;0
24714;0;0
24717;4;0
24721;2;0
24725;0;2
24728;6;2
24732;1;0
24736;2;1
24739;7;1
24743;7;0
24747;17;5
24750;1;0
24754;0;1
24758;0;4
24761;5;4
24765;1;0
24768;0;1
24772;0;0
24776;0;0
24779;2;1
24783;2;0
24787;0;0
24790;5;1
24794;0;6
24798;3;0
24801;1;0
24805;6;3
24809;3;0
24812;5;1
24816;6;2
24820;0;8
24823;2;0
24827;6;2
24830;8;2
24834;3;0
24838;0;0
24841;1;2
24845;0;0
24849;4;0
24852;7;3
24856;0;1
24860;5;0
24863;2;3
24867;0;0
24871;0;2
24874;2;1
24878;1;5
24881;2;3
24885;0;3
24889;0;0
24895;0;3
24896;2;3
24900;6;2
24903;3;0
24907;5;6
24911;5;0
24914;2;0
24918;5;0
24922;3;0
24925;0;0
24929;1;0
24933;3;1
24936;1;3
24940;7;4
24943;4;0
24947;8;0
24951;3;0
24954;2;0
24958;1;3
24962;0;3
24965;0;5
24969;4;0
24973;4;0
24976;0;0
24980;3;3
24984;4;5
24987;2;3
24991;1;0
24994;0;1
24998;2;2
25002;5;2
25005;2;2
25009;2;4
25013;0;0
25016;0;0
25020;2;1
25024;2;0
25027;7;5
25031;0;0
25035;6;0
25038;1;1
25042;0;0
25046;0;1
25049;2;0
25053;0;0
25056;4;1
25060;1;4
25064;0;0
25067;2;0
25071;2;0
25075;0;0
25081;6;1
25082;3;0
25086;3;0
25089;0;0
25093;0;0
25097;6;1
25100;6;0
25104;0;3
25107;0;0
25111;0;2
25115;1;1
25118;0;0
25122;0;0
25126;5;3
25129;5;0
25133;1;0
25137;0;0
25140;0;1
25144;2;5
25148;6;0
25151;1;3
25155;1;0
25159;3;6
25162;5;1
25166;1;0
25169;1;4
25173;0;1
25177;0;2
25180;3;4
25184;2;1
25188;3;2
25191;0;1
25195;0;0
25199;6;0
25202;1;0
25206;1;0
25210;6;2
25213;5;0
25217;2;1
25221;1;3
25224;0;3
25228;0;4
25231;0;2
25235;1;0
25239;4;3
25242;0;6
25246;0;2
25250;0;1
25253;1;2
25257;2;0
25261;0;6
25267;2;0
25268;2;0
25272;1;0
25275;1;2
25279;0;0
25282;0;0
25286;0;3
25290;1;0
25293;6;0
25297;4;0
25301;3;0
25304;1;6
25308;2;4
25312;0;2
25315;0;1
25319;1;0
25323;6;0
25326;7;2
25330;8;0
25334;0;0
25337;0;0
25341;0;0
25344;3;0
25348;3;0
25352;8;0
25355;0;2
25359;0;1
25363;4;0
25366;3;1
25370;2;0
25374;2;0
25377;2;4
25381;0;2
25385;2;0
25388;3;4
25392;3;0
25395;0;0
25399;3;4
25403;5;0
25406;2;0
25410;2;0
25414;5;0
25417;0;1
25421;0;0
25425;0;4
25428;5;0
25432;4;5
25436;0;3
25439;3;0
25443;0;0
25447;3;0
25452;6;2
25454;2;2
25457;2;0
25461;3;0
25465;3;0
25468;2;8
25472;1;2
25476;4;0
25479;6;0
25483;2;1
25487;1;0
25490;0;4
25494;1;3
25498;5;1
25501;4;0
25505;2;0
25509;1;0
25512;8;2
25516;0;1
25519;0;0
25523;5;0
25527;2;1
25530;0;1
25534;1;0
25538;3;3
25541;5;5
25545;0;0
25549;4;0
25552;1;5
25556;2;0
25560;7;0
25563;6;1
25567;4;7
25570;5;0
25574;1;2
25578;7;1
25581;3;0
25585;18;5
25589;8;0
25592;6;2
25596;3;0
25600;2;2
25603;4;1
25607;3;0
25611;4;9
25614;3;3
25618;7;0
25622;5;0
25625;5;0
25629;0;2
25632;3;1
25638;0;0
25640;2;4
25643;0;2
25647;2;0
25651;3;3
25654;2;0
25658;0;0
25662;0;1
25665;2;4
25669;3;4
25673;1;0
25676;0;1
25680;2;0
25683;3;2
25687;3;0
25691;5;1
25694;0;1
25698;1;1
25702;3;0
25705;0;0
25709;8;3
25713;2;0
25716;3;1
25720;5;1
25724;4;1
25727;2;4
25731;3;0
25735;5;0
25738;5;1
25742;5;3
25745;1;1
25749;1;0
25753;0;2
25756;4;3
25760;4;0
25764;2;2
25767;3;0
25771;4;1
25775;4;2
25778;6;2
25782;3;2
25786;7;0
25789;3;0
25793;0;0
25796;4;2
25800;6;3
25804;5;0
25807;5;7
25811;0;1
25815;1;2
25818;3;0
25822;3;0
25828;4;4
25829;3;1
25833;1;0
25837;3;0
25840;0;2
25844;4;0
25848;4;0
25851;3;1
25855;2;3
25858;0;0
25862;0;0
25866;2;2
25869;6;3
25873;5;0
25877;2;0
25880;4;6
25884;4;1
25888;0;0
25891;2;2
25895;5;0
25899;4;1
25902;2;1
25906;2;1
25910;2;0
25913;1;1
25917;2;1
25920;3;1
25924;6;2
25928;4;1
25931;9;0
25935;1;1
25939;0;1
25942;6;3
25946;1;4
25950;7;4
25953;6;0
25957;0;1
25961;3;7
25964;6;0
25968;4;4
25971;2;4
25975;4;1
25979;3;0
25982;0;1
25986;3;1
25990;2;0
25993;1;1
25997;4;0
26001;3;3
26004;0;6
26008;8;2
26016;1;0
26016;3;2
26019;4;0
26023;1;1
26026;5;17
26030;0;0
26033;4;0
26037;4;5
26041;3;0
26044;3;0
26048;2;2
26052;3;0
26055;6;0
26059;5;3
26063;0;0
26066;0;0
26070;1;0
26074;0;2
26077;6;2
26081;6;0
26084;0;4
26088;2;0
26092;7;2
26095;4;5
26099;4;2
26103;1;0
26106;0;6
26110;2;0
26114;0;3
26117;0;0
26121;2;1
26125;7;3
26128;4;1
26132;1;5
26136;4;3
26139;3;0
26143;0;0
26146;1;0
26150;5;0
26154;2;0
26157;0;0
26161;4;0
26165;6;2
26168;0;0
26172;2;0
26176;2;2
26179;5;1
26183;5;0
26187;0;4
26190;0;2
26194;4;0
26200;1;5
26201;0;2
26205;5;1
26208;6;5
26212;5;0
26216;4;2
26219;4;0
26223;3;2
26227;0;1
26230;2;0
26234;5;2
26238;5;3
26241;22;0
26245;2;0
26249;2;0
26252;0;0
26256;7;0
26259;4;0
26263;0;3
26267;1;0
26270;0;2
26274;7;1
26278;1;0
26281;7;2
26285;3;3
26289;6;0
26292;7;0
26296;8;0
26300;0;1
26303;2;0
26307;5;1
26311;3;0
26314;0;0
26318;0;0
26321;0;0
26325;2;1
26329;3;0
26332;3;5
26336;2;0
26340;7;0
26343;5;0
26347;1;0
26351;4;0
26354;6;3
26358;1;2
26362;1;0
26365;7;4
26369;0;1
26372;8;0
26376;20;0
26380;1;1
26386;4;2
26387;3;1
26391;0;0
26394;2;0
26398;3;0
26402;2;0
26405;0;0
26409;2;0
26413;3;0
26416;3;2
26420;7;1
26424;5;0
26427;0;1
26431;2;0
26434;5;0
26438;0;0
26442;5;2
26445;3;1
26449;2;7
26453;7;0
26456;2;0
26460;0;0
26464;0;3
26467;1;0
26471;4;0
26475;5;0
26478;4;4
26482;0;0
26485;5;0
26489;0;0
26493;1;0
26496;1;0
26500;3;1
26504;3;0
26507;0;0
26511;7;2
26515;6;0
26518;2;0
26522;7;0
26526;3;0
26529;0;1
26533;4;0
26537;5;2
26540;0;4
26544;3;0
26547;3;0
26551;0;1
26555;3;1
26558;2;0
26562;0;0
26566;4;0
26572;0;0
26573;3;2
26577;5;6
26580;2;2
26584;3;6
26588;3;0
26591;2;4
26595;1;0
26598;0;2
26602;4;3
26606;0;1
26609;6;0
26613;5;5
26617;3;0
26620;5;0
26624;0;0
26628;0;0
26631;1;0
26635;1;0
26639;1;0
26642;3;1
26646;0;0
26650;1;4
26653;2;0
26657;3;1
26660;2;0
26664;8;2
26668;3;0
26671;0;0
26675;0;0
26679;0;4
26682;7;0
26686;1;0
26690;5;1
26693;1;1
26697;3;4
26701;3;0
26704;0;0
26708;6;5
26712;5;4
26715;1;5
26719;4;0
26722;0;0
26726;0;0
26730;3;1
26733;1;0
26737;0;0
26741;0;0
26744;7;5
26748;5;2
26752;0;0
26758;5;4
26759;4;0
26763;6;0
26766;0;0
26770;0;5
26773;1;1
26777;7;4
26781;3;0
26784;0;2
26788;0;2
26792;5;1
26795;4;0
26799;9;0
26803;6;6
26806;6;0
26810;0;2
26814;3;3
26817;5;0
26821;6;2
26825;3;1
26828;2;0
26832;6;2
26835;0;0
26839;0;0
26843;0;0
26846;8;0
26850;5;2
26854;0;2
26857;3;6
26861;2;0
26865;6;0
26868;2;0
26872;16;0
26876;1;2
26879;1;0
26883;4;0
26886;0;1
26890;4;8
26894;5;2
26897;0;4
26901;0;0
26905;1;4
26908;0;1
26912;5;0
26916;1;0
26919;0;0
26923;3;0
26927;5;0
26930;0;0
26934;1;0
26938;0;0
26943;5;0
26945;1;5
26948;0;1
26952;2;3
26956;2;2
26959;0;0
26963;7;2
26967;9;1
26970;1;0
26974;3;0
26978;2;3
26981;1;0
26985;0;0
26989;3;2
26992;5;0
26996;0;4
26999;4;0
27003;4;0
27007;8;0
27010;7;4
27014;0;2
27018;2;0
27021;4;2
27025;1;5
27029;3;3
27032;2;3
27036;0;0
27040;7;7
27043;0;0
27047;0;1
27051;3;5
27054;2;0
27058;1;3
27061;4;4
27065;1;2
27069;5;1
27072;2;2
27076;0;4
27080;0;0
27083;0;0
27087;16;0
27091;3;4
27094;3;0
27098;1;0
27102;2;3
27105;2;0
27109;4;2
27113;2;3
27116;5;0
27120;5;0
27123;0;2
27129;5;0
27131;8;3
27134;2;2
27138;6;0
27142;4;6
27145;1;0
27149;5;0
27153;0;2
27156;1;2
27160;3;0
27164;1;0
27167;2;2
27171;1;6
27174;4;0
27178;0;0
27182;0;1
27185;0;3
27189;1;0
27193;5;7
27196;3;7
27200;10;0
27204;0;0
27207;5;4
27211;4;0
27215;8;0
27218;2;5
27222;1;0
27226;0;7
27229;2;0
27233;2;1
27236;8;0
27240;2;3
27244;0;3
27247;2;0
27251;5;1
27255;0;0
27258;0;2
27262;2;0
27266;2;1
27269;0;2
27273;1;1
27277;8;0
27280;6;4
27284;5;3
27287;4;4
27291;3;1
27295;5;0
27298;0;2
27302;0;0
27306;5;3
27309;0;2
27313;5;6
27319;0;0
27320;1;0
27324;4;0
27328;0;3
27331;1;3
27335;3;5
27339;0;0
27342;4;1
27346;0;4
27349;1;0
27353;6;2
27357;1;2
27360;4;4
27364;7;0
27368;7;0
27371;2;0
27375;16;3
27379;5;0
27382;2;2
27386;7;0
27390;0;0
27393;1;0
27397;1;1
27400;6;0
27404;4;0
27408;1;0
27411;1;0
27415;3;1
27419;5;2
27422;2;0
27426;4;4
27430;4;2
27433;0;0
27437;1;0
27441;2;0
27444;6;0
27448;4;4
27452;2;2
27455;1;0
27459;1;0
27462;1;0
27466;7;9
27470;2;2
27473;1;0
27477;2;5
27481;0;0
27484;0;1
27488;4;0
27492;6;4
27495;0;2
27499;0;0
27505;1;0
27506;0;0
27510;3;0
27514;4;0
27517;4;0
27521;0;0
27524;1;5
27528;1;1
27532;16;3
27535;0;0
27539;5;3
27543;0;1
27546;3;2
27550;0;0
27554;1;0
27557;6;0
27561;4;6
27565;3;2
27568;0;1
27572;0;0
27575;1;3
27579;0;0
27583;6;0
27586;3;4
27590;4;0
27594;4;0
27597;3;2
27601;9;1
27605;2;5
27608;5;0
27612;0;0
27616;5;0
27619;6;0
27623;1;0
27627;3;1
27630;7;2
27634;0;0
27637;3;3
27641;3;1
27645;4;3
27648;6;0
27652;1;1
27656;1;3
27659;0;4
27663;0;1
27667;2;2
27670;1;3
27674;4;1
27678;3;0
27681;0;3
27685;0;5
27691;7;4
27692;8;0
27696;4;1
27699;4;6
27703;1;1
27707;0;5
27710;4;0
27714;3;1
27718;1;0
27721;1;4
27725;0;3
27729;6;0
27732;5;5
27736;2;0
27740;5;0
27743;0;0
27747;0;3
27750;3;0
27754;6;0
27758;0;0
27761;19;0
27765;6;2
27769;0;3
27772;0;0
27776;0;0
27780;0;0
27783;2;5
27787;2;4
27791;0;0
27794;3;0
27798;0;0
27802;4;3
27805;6;0
27809;5;3
27812;3;4
27816;0;2
27820;3;0
27823;1;0
27827;1;0
27831;0;3
27834;4;2
27838;4;0
27842;6;0
27845;4;0
27849;0;4
27853;0;0
27856;1;0
27860;0;2
27863;6;0
27867;7;2
27871;0;5
27877;1;0
27878;3;0
27882;2;0
27885;8;0
27889;5;0
27893;5;3
27896;0;4
27900;5;0
27904;0;0
27907;1;2
27911;1;0
27915;0;0
27918;0;0
27922;5;2
27925;1;0
27929;1;0
27933;17;0
27936;2;0
27940;0;4
27944;4;4
27947;7;2
27951;4;0
27955;0;0
27958;4;0
27962;0;2
27966;2;0
27969;4;3
27973;5;1
27976;0;1
27980;2;0
27984;0;3
27987;4;2
27991;4;0
27995;1;0
27998;0;0
28002;3;0
28006;5;4
28009;0;0
28013;5;3
28017;3;5
28020;1;0
28024;0;0
28028;0;0
28031;5;1
28035;2;1
28038;3;6
28042;1;1
28046;2;2
28049;4;1
28053;0;8
28057;3;0
28063;1;0
28064;0;3
28068;1;0
28071;1;0
28075;4;3
28079;4;6
28082;3;0
28086;2;1
28089;1;0
28093;6;2
28097;3;1
28100;7;0
28104;0;1
28108;8;5
28111;4;2
28115;2;1
28119;0;0
28122;2;2
28126;0;0
28130;1;0
28133;2;1
28137;1;2
28141;2;3
28144;0;3
28148;4;0
28151;7;0
28155;1;0
28159;3;6
28162;2;2
28166;0;4
28170;0;0
28173;1;2
28177;0;1
28181;0;4
28184;0;0
28188;1;1
28192;3;0
28195;4;1
28199;0;0
28203;0;3
28206;0;0
28210;4;0
28213;0;0
28217;1;2
28221;2;1
28224;2;3
28228;0;1
28232;5;6
28235;1;1
28239;0;0
28243;0;0
28249;5;2
28250;4;0
28254;0;2
28257;0;7
28261;4;1
28264;2;1
28268;1;0
28272;4;4
28275;7;0
28279;3;3
28283;2;5
28286;1;0
28290;3;0
28294;0;0
28297;2;6
28301;2;1
28305;0;0
28308;2;3
28312;1;0
28316;5;0
28319;3;4
28323;5;2
28326;2;2
28330;0;0
28334;0;1
28337;3;0
28341;6;2
28345;1;5
28348;1;0
28352;17;0
28356;3;0
28359;6;0
28363;1;17
28367;4;0
28370;5;1
28374;1;0
28377;2;3
28381;6;3
28385;1;0
28388;0;3
28392;4;1
5140;0;0
5140;2;0
5141;0;0
5141;0;0
5143;0;0
5147;2;0
5151;1;0
5154;2;1
5158;3;0
5161;3;0
5165;3;0
5171;0;2
5172;3;2
5175;2;3
5179;2;0
5183;1;0
5186;5;0
5190;0;0
5193;0;0
5197;1;0
5200;3;2
5204;1;0
5208;0;1
5211;0;0
5215;2;2
5218;3;0
5222;0;1
5225;2;1
5229;5;0
5232;1;0
5236;0;1
5240;2;0
5243;4;0
5247;4;0
5250;3;0
5254;5;0
5257;4;0
5261;5;0
5264;0;0
5268;2;0
5272;0;2
5275;5;2
5279;1;0
5282;1;0
5286;3;0
5289;1;4
5293;4;0
5296;3;0
5300;1;0
5304;2;0
5307;2;1
5311;0;0
5314;3;0
5318;1;0
5321;4;1
5325;2;1
5329;3;2
5332;0;0
5336;3;2
5339;0;0
5343;2;0
5346;5;1
5350;0;1
5353;3;2
5357;0;0
5361;3;1
5364;0;2
5368;1;0
5374;1;0
5375;0;0
5378;0;0
5382;4;0
5385;1;2
5389;3;2
5393;1;0
5396;2;2
5400;3;0
5403;3;1
5407;3;0
5410;2;0
5414;2;1
5417;2;0
5421;3;0
5425;4;0
5428;4;0
5432;4;0
5435;2;0
5439;0;0
5442;5;0
5446;1;5
5450;4;0
5453;3;1
5457;2;0
5460;1;1
5464;1;0
5467;1;0
5471;2;0
5474;2;0
5478;2;0
5482;1;0
5485;2;0
5489;0;2
5492;3;0
5496;2;1
5499;5;0
5503;3;0
5506;1;1
5510;5;0
5514;4;0
5517;0;0
5521;1;0
5524;0;0
5528;5;0
5531;3;0
5535;4;0
5538;4;2
5542;5;2
5546;1;0
5549;0;2
5553;1;0
5556;3;3
5560;2;1
5563;3;0
5567;5;0
5571;2;3
5576;1;0
5578;1;1
5581;2;2
5585;4;1
5588;3;0
5592;0;0
5595;0;1
5599;1;0
5603;1;0
5606;2;0
5610;2;1
5613;6;1
5617;0;0
5620;2;2
5624;2;0
5627;0;2
5631;1;0
5635;1;0
5638;4;0
5642;4;0
5645;3;0
5649;0;3
5652;1;1
5656;2;0
5659;2;0
5663;2;2
5667;0;3
5670;2;1
5674;3;2
5677;0;0
5681;5;0
5684;0;2
5688;2;0
5692;1;1
5695;2;3
5699;2;1
5702;0;0
5706;0;2
5709;3;0
5713;0;0
5716;0;2
5720;4;0
5724;2;2
5727;2;0
5731;1;0
5734;0;0
5738;0;0
5741;4;1
5745;3;2
5748;1;1
5752;0;0
5756;3;1
5759;3;0
5763;0;0
5766;1;3
5770;0;0
5773;1;0
5779;4;0
5780;0;0
5784;8;0
5788;1;2
5791;0;0
5795;2;1
5798;1;0
5802;2;0
5805;4;1
5809;2;4
5813;0;0
5816;1;1
5820;2;0
5823;2;3
5827;2;0
5830;6;0
5834;4;0
5837;3;3
5841;3;0
5845;3;2
5848;2;2
5852;2;0
5855;4;0
5859;3;2
5862;4;0
5866;2;0
5869;1;1
5873;1;0
5877;1;1
5880;1;0
5884;1;2
5887;2;0
5891;1;0
5894;1;1
5898;2;0
5901;1;1
5905;6;0
5909;4;1
5912;5;2
5916;2;0
5919;1;1
5923;3;0
5926;4;2
5930;3;0
5933;3;2
5937;0;0
5941;2;1
5944;1;1
5948;1;0
5951;1;1
5955;7;0
5958;1;0
5962;0;0
5966;0;1
5969;3;1
5973;3;0
5976;4;0
5982;0;1
5983;4;0
5987;4;1
5990;0;1
5994;0;1
5998;3;0
6001;2;2
6005;2;3
6008;1;0
6012;5;0
6015;3;3
6019;1;1
6022;2;4
6026;1;0
6030;0;1
6033;4;0
6037;2;0
6040;4;2
6044;0;3
6047;1;0
6051;1;0
6054;2;1
6058;3;0
6062;4;0
6065;4;0
6069;4;0
6072;2;0
6076;4;0
6079;3;0
6083;3;0
6087;1;0
6090;0;1
6094;4;0
6097;1;0
6101;2;0
6104;2;0
6108;2;0
6111;2;0
6115;2;0
6119;2;1
6122;4;2
6126;4;2
6129;1;0
6133;7;4
6136;3;0
6140;4;0
6143;1;1
6147;3;1
6151;3;0
6154;5;2
6158;0;0
6161;0;0
6165;2;0
6168;0;0
6172;0;0
6175;0;0
6179;0;0
6185;0;0
6186;2;0
6190;2;1
6193;2;2
6197;3;1
6200;2;0
6204;3;1
6208;4;0
6211;4;0
6215;2;1
6218;0;0
6222;2;1
6225;2;3
6229;0;0
6232;0;2
6236;5;0
6240;1;0
6243;0;0
6247;3;0
6250;1;0
6254;1;1
6257;4;0
6261;2;0
6264;2;0
6268;0;1
6272;0;1
6275;0;0
6279;2;3
6282;4;0
6286;2;0
6289;5;0
6293;2;0
6296;1;0
6300;2;2
6304;3;1
6307;1;2
6311;2;2
6314;4;0
6318;1;0
6321;0;4
6325;5;1
6329;1;0
6332;0;2
6336;0;2
6339;2;0
6343;0;0
6346;4;0
6350;0;1
6353;0;1
6357;2;2
6361;2;0
6364;2;3
6368;0;0
6371;2;0
6375;3;2
6378;0;1
6382;1;3
6388;2;1
6389;3;0
6393;0;2
6396;3;0
6400;0;1
6403;4;0
6407;1;2
6410;2;0
6414;3;1
6417;4;0
6421;2;2
6425;1;0
6428;4;1
6432;0;0
6435;1;0
6439;1;3
6442;4;0
6446;0;0
6450;0;0
6453;1;0
6457;4;0
6460;0;0
6464;1;1
6467;2;0
6471;1;0
6474;2;0
6478;5;1
6482;2;0
6485;0;1
6489;1;5
6492;4;2
6496;0;0
6499;2;0
6503;2;3
6506;3;3
6510;5;2
6514;1;1
6517;0;0
6521;0;2
6524;3;0
6528;1;0
6531;2;2
6535;3;0
6538;4;2
6542;4;0
6546;3;0
6549;4;0
6553;1;1
6556;1;0
6560;0;0
6563;0;0
6567;2;0
6570;3;0
6574;3;1
6578;0;0
6581;4;0
6587;5;2
6588;3;1
6592;3;0
6595;1;0
6599;2;0
6603;0;0
6606;1;0
6610;2;0
6613;6;0
6617;5;2
6620;1;1
6624;5;0
6627;3;0
6631;6;0
6635;3;1
6638;1;0
6642;2;0
6645;1;0
6649;0;0
6652;5;0
6656;1;2
6659;3;0
6663;3;0
6667;0;0
6670;5;2
6674;4;1
6677;0;0
6681;1;1
6684;0;2
6688;0;0
6691;0;1
6695;0;2
6699;5;0
6702;4;1
6706;4;0
6709;3;0
6713;0;2
6716;1;1
6720;4;1
6724;2;0
6727;2;0
6731;0;1
6734;4;0
6738;4;1
6741;2;0
6745;3;0
6748;2;0
6752;3;1
6756;4;2
6759;1;0
6763;2;1
6766;4;0
6770;3;0
6773;0;0
6777;6;0
6780;2;0
6784;2;1
6790;2;1
6791;2;1
6795;0;1
6798;6;1
6802;3;0
6805;1;0
6809;0;1
6812;3;1
6816;1;2
6820;3;1
6823;3;0
6827;3;0
6830;3;4
6834;0;0
6837;3;0
6841;4;0
6845;3;0
6848;2;1
6852;2;0
6855;3;0
6859;3;2
6862;1;1
6866;1;2
6869;0;0
6873;2;1
6877;2;0
6880;1;0
6884;2;1
6887;1;3
6891;3;1
6894;3;0
6898;3;0
6901;0;1
6905;1;1
6909;7;3
6912;2;4
6916;0;0
6919;1;0
6923;0;4
6926;4;0
6930;2;1
6933;3;0
6937;3;2
6941;4;0
6944;0;1
6948;0;1
6951;1;1
6955;0;3
6958;2;2
6962;3;0
6966;3;0
6969;1;0
6973;3;0
6976;3;1
6980;3;4
6983;1;0
6987;1;0
7024;3;2
7024;3;1
7024;1;1
7027;5;0
7030;2;0
7034;2;2
7037;1;0
7041;4;3
7044;2;0
7048;3;1
7051;5;2
7055;3;0
7059;2;0
7062;1;0
7066;0;0
7069;0;0
7073;4;0
7076;1;0
7080;0;0
7084;0;1
7087;0;2
7091;5;0
7094;2;3
7098;0;1
7101;1;0
7105;4;0
7108;5;0
7112;8;1
7116;0;0
7119;1;1
7123;5;3
7126;0;0
7130;3;1
7133;1;0
7137;6;0
7140;0;0
7144;3;0
7148;0;0
7151;7;1
7155;0;2
7158;0;1
7162;0;1
7165;4;1
7169;1;2
7172;1;1
7176;1;2
7180;4;4
7183;1;0
7187;5;2
7190;3;0
7194;1;3
7197;1;0
7201;0;0
7205;1;0
7208;3;1
7212;0;1
7215;1;1
7221;6;2
7222;2;2
7226;2;2
7229;6;0
7233;4;2
7237;0;4
7240;3;4
7244;2;0
7247;2;0
7251;3;3
7254;3;2
7258;2;0
7261;4;0
7265;0;0
7269;3;0
7272;4;0
7276;2;0
7279;0;0
7283;1;1
7286;3;0
7290;5;0
7293;2;0
7297;3;3
7301;3;0
7304;0;0
7308;1;1
7311;5;0
7315;0;0
7318;7;0
7322;3;1
7326;2;2
7329;0;0
7333;2;0
7336;4;1
7340;4;4
7343;3;3
7347;3;0
7350;1;3
7354;2;0
7358;4;0
7361;3;0
7365;2;1
7368;1;0
7372;6;0
7375;3;2
7379;1;0
7382;4;0
7386;1;1
7390;5;0
7393;4;1
7397;3;2
7400;3;0
7404;0;2
7407;5;2
7411;4;2
7414;1;0
7418;2;2
7424;1;1
7425;2;1
7429;0;1
7432;2;0
7436;2;2
7439;2;0
7443;3;1
7446;0;1
7450;2;1
7454;4;0
7457;3;0
7461;0;0
7464;0;0
7468;2;0
7471;4;1
7475;5;0
7479;0;5
7482;5;0
7486;4;2
7489;1;2
7493;3;0
7496;4;0
7500;2;1
7503;0;1
7507;2;2
7511;3;2
7514;4;2
7518;1;2
7521;4;1
7525;0;0
7528;1;0
7532;5;1
7535;3;2
7539;2;0
7543;4;0
7546;2;1
7550;0;5
7553;0;3
7557;3;3
7560;3;0
7564;3;0
7567;0;1
7571;2;1
7575;0;1
7578;0;3
7582;0;3
7585;3;2
7589;0;2
7592;1;0
7596;4;1
7600;0;2
7603;0;2
7607;0;0
7610;5;0
7614;3;0
7617;1;1
7621;1;2
7627;1;1
7628;1;2
7632;1;0
7635;3;2
7639;4;1
7642;4;2
7646;5;0
7649;3;0
7653;0;1
7656;3;2
7660;0;1
7664;1;0
7667;0;1
7671;2;0
7674;2;1
7678;1;0
7681;0;2
7685;4;0
7688;2;0
7692;5;1
7696;5;0
7699;1;2
7703;0;0
7706;0;4
7710;6;2
7713;2;0
7717;2;2
7721;2;0
7724;4;2
7728;3;0
7731;4;0
7735;1;0
7738;2;3
7742;2;2
7745;1;0
7749;1;3
7753;2;0
7756;2;2
7760;2;0
7763;6;1
7767;2;0
7770;2;0
7774;0;3
7777;3;2
7781;2;1
7785;4;4
7788;3;0
7792;1;1
7795;2;2
7799;3;1
7802;3;1
7806;0;2
7809;2;0
7813;1;0
7817;4;0
7820;2;0
7824;4;0
7830;1;1
7831;1;3
7834;4;0
7838;3;0
7842;2;1
7845;5;3
7849;2;0
7852;0;2
7856;2;0
7859;3;3
7863;5;3
7866;3;0
7870;4;0
7874;5;1
7877;0;2
7881;5;2
7884;2;0
7888;4;3
7891;2;2
7895;6;1
7898;4;1
7902;1;1
7906;0;0
7909;2;2
7913;3;0
7916;0;1
7920;0;0
7923;5;2
7927;2;1
7930;3;0
7934;2;2
7938;2;0
7941;1;0
7945;4;2
7948;1;1
7952;3;0
7955;2;1
7959;6;0
7963;1;2
7966;2;0
7970;4;2
7973;4;1
7977;1;0
7980;2;1
7984;0;0
7987;3;3
7991;2;0
7995;3;0
7998;2;2
8002;1;0
8005;4;1
8009;5;0
8012;0;3
8016;2;0
8019;2;2
8023;3;0
8027;5;2
8032;2;0
8034;2;2
8037;0;0
8041;1;1
8044;1;1
8048;3;1
8051;1;1
8055;4;0
8059;2;0
8062;1;0
8066;4;2
8069;3;2
8073;3;2
8076;1;0
8080;4;1
8084;4;1
8087;4;0
8091;3;2
8094;1;0
8098;3;1
8101;2;2
8105;4;1
8108;4;0
8112;0;3
8116;3;1
8119;3;0
8123;2;0
8126;0;3
8130;0;0
8133;0;0
8137;1;0
8140;4;0
8144;3;0
8148;0;2
8151;4;2
8155;3;0
8158;1;1
8162;2;0
8165;2;3
8169;0;2
8172;3;1
8176;6;0
8180;6;1
8183;4;1
8187;2;2
8190;1;3
8194;4;0
8197;3;1
8201;2;0
8204;3;5
8208;5;2
8212;2;0
8215;4;0
8219;2;1
8222;3;2
8226;0;1
8229;1;4
8235;3;2
8237;2;1
8240;0;0
8244;2;1
8247;0;2
8251;2;1
8254;0;0
8258;1;1
8261;5;0
8265;3;2
8269;3;0
8272;1;1
8276;3;0
8279;1;1
8283;5;0
8286;3;0
8290;5;0
8293;2;0
8297;0;1
8301;4;0
8304;2;1
8308;2;2
8311;4;0
8315;3;2
8318;2;0
8322;3;3
8325;2;0
8329;3;3
8333;2;3
8336;1;2
8340;0;3
8343;2;2
8347;1;1
8350;1;1
8354;1;0
8358;3;0
8361;0;0
8365;0;2
8368;0;2
8372;1;3
8375;2;1
8379;4;1
8382;5;0
8386;3;1
8390;2;0
8393;1;1
8397;3;0
8400;2;1
8404;0;0
8407;1;0
8411;5;2
8414;2;0
8418;4;0
8422;1;1
8425;0;0
8429;1;0
8435;1;0
8436;0;2
8439;4;0
8443;6;0
8446;3;0
8450;5;0
8454;1;2
8457;2;0
8461;2;0
8464;4;0
8468;4;0
8471;0;2
8475;1;0
8479;3;2
8482;0;2
8486;1;2
8489;3;1
8493;3;0
8496;3;0
8500;4;0
8503;5;0
8507;4;0
8511;6;0
8514;2;0
8518;0;3
8521;2;0
8525;3;2
8528;0;3
8532;3;0
8535;5;0
8539;5;3
8543;4;0
8546;4;1
8550;1;3
8553;1;2
8557;0;1
8560;4;1
8564;2;0
8567;3;0
8571;2;0
8575;4;0
8578;0;4
8582;1;1
8585;1;0
8589;3;1
8592;5;0
8596;2;2
8600;4;0
8603;3;0
8607;1;3
8610;3;1
8614;2;3
8617;2;1
8621;1;0
8624;0;0
8628;6;0
8632;2;1
8637;2;0
8639;3;2
8642;2;2
8646;3;5
8649;3;2
8653;1;2
8656;4;1
8660;2;0
8664;0;1
8667;3;0
8671;4;2
8674;3;0
8678;1;1
8681;1;1
8685;5;0
8688;0;0
8692;2;0
8696;3;0
8699;0;0
8703;4;0
8706;2;0
8710;2;1
8713;2;2
8717;3;0
8721;4;1
8724;0;3
8728;2;2
8731;0;0
8735;0;2
8738;4;0
8742;1;1
8745;2;4
8749;4;0
8753;5;0
8756;4;0
8760;7;1
8763;2;0
8767;0;1
8770;0;4
8774;1;1
8777;1;0
8781;3;3
8785;1;2
8788;2;0
8792;1;0
8795;5;1
8799;1;3
8802;0;0
8806;0;0
8809;1;4
8813;3;0
8817;2;0
8820;3;0
8824;5;0
8827;3;2
8831;1;3
8834;4;4
8840;0;0
8842;3;1
8845;0;0
8849;4;0
8852;3;0
8856;3;2
8859;0;1
8863;0;2
8866;2;0
8870;2;1
8874;2;0
8877;5;0
8881;1;2
8884;3;0
8888;6;1
8891;6;0
8895;2;0
8898;2;0
8902;3;0
8906;2;0
8909;1;0
8913;2;2
8916;0;0
8920;4;0
8923;2;1
8927;2;0
8930;2;0
8934;0;1
8938;3;0
8941;1;1
8945;2;2
8948;3;1
8952;0;3
8955;1;0
8959;6;1
8962;7;3
8966;5;1
8970;3;0
8973;3;1
8977;2;1
8980;5;0
8984;1;0
8987;3;0
8991;4;1
8995;2;1
8998;0;2
9002;3;0
9005;3;0
9009;5;1
9012;2;0
9016;5;0
9019;3;0
9023;3;1
9027;3;5
9030;5;1
9034;0;0
9037;2;2
9043;2;0
9044;5;1
9048;3;0
9051;1;0
9055;0;2
9059;1;2
9062;0;2
9066;5;2
9069;2;2
9073;0;1
9076;4;1
9080;3;3
9083;2;1
9087;2;1
9091;3;0
9094;3;1
9098;4;0
9101;3;3
9105;0;1
9108;2;2
9112;1;0
9116;2;1
9119;2;0
9123;4;0
9126;3;0
9130;4;1
9133;2;1
9137;5;2
9140;4;2
9144;3;1
9148;0;0
9151;3;3
9155;1;1
9158;3;1
9162;3;0
9165;5;0
9169;1;1
9172;2;0
9176;1;2
9180;1;2
9183;7;2
9187;0;2
9190;1;0
9194;4;2
9197;4;0
9201;0;0
9204;2;1
9208;0;2
9212;4;1
9215;2;0
9219;3;0
9222;3;1
9226;5;0
9229;0;1
9233;1;0
9237;1;0
9240;0;0
9246;2;0
9247;4;1
9251;3;0
9254;3;4
9258;5;0
9261;5;2
9265;5;0
9269;5;0
9272;2;2
9276;2;1
9279;3;0
9283;6;0
9286;0;1
9290;5;0
9293;2;2
9297;6;0
9301;3;3
9304;3;1
9308;0;1
9311;3;0
9315;0;0
9318;2;2
9322;2;0
9325;3;0
9329;1;0
9333;7;0
9336;3;1
9340;4;0
9343;3;1
9347;0;5
9350;3;3
9354;3;1
9358;3;1
9361;0;0
9365;2;2
9368;3;2
9372;0;1
9375;4;1
9379;4;1
9382;2;3
9386;3;0
9390;3;0
9393;3;3
9397;3;0
9400;6;1
9404;2;2
9407;1;0
9411;5;1
9414;3;0
9418;2;1
9422;0;4
9425;6;2
9429;3;0
9432;2;2
9436;1;0
9439;2;0
9443;2;0
9449;3;1
9450;4;0
9454;2;1
9457;1;1
9461;2;0
9464;3;0
9468;0;1
9471;2;0
9475;6;0
9479;4;0
9482;4;1
9486;2;0
9489;1;1
9493;0;1
9496;5;0
9500;0;0
9503;2;0
9507;4;3
9511;3;0
9514;2;0
9518;2;0
9521;3;0
9525;0;0
9528;2;2
9532;4;0
9535;2;0
9539;4;1
9543;3;2
9546;3;0
9550;3;0
9553;4;2
9557;3;2
9560;3;1
9564;3;2
9567;4;0
9571;2;0
9575;3;0
9578;0;1
9582;7;3
9585;6;0
9589;9;2
9592;2;1
9596;3;3
9599;6;0
9603;5;2
9607;6;3
9610;5;2
9614;3;0
9617;5;1
9621;2;3
9624;1;0
9628;0;2
9632;3;0
9635;1;1
9639;3;0
9642;5;1
9646;1;0
9652;3;0
9653;4;0
9656;2;1
9660;1;0
9664;0;0
9667;1;0
9671;0;0
9674;4;1
9678;1;2
9681;1;1
9685;0;2
9688;3;4
9692;4;0
9696;0;1
9699;1;0
9703;4;0
9706;1;0
9710;2;0
9714;5;0
9717;5;0
9721;3;0
9725;2;2
9728;1;2
9732;4;0
9736;3;1
9739;1;1
9743;3;0
9746;4;0
9750;4;0
9754;2;0
9757;3;0
9761;5;0
9765;2;0
9768;0;0
9772;3;0
9776;2;0
9779;1;0
9783;2;0
9787;4;0
9790;1;2
9794;1;1
9797;2;0
9801;2;0
9805;0;0
9808;2;2
9812;2;2
9816;3;1
9819;0;0
9823;0;0
9827;2;2
9830;0;0
9834;4;0
9838;4;0
9841;0;2
9845;1;0
9849;0;0
9852;4;2
9858;1;0
9859;3;0
9863;4;0
9867;7;2
9870;0;2
9874;2;1
9878;2;0
9881;7;1
9885;1;1
9889;3;3
9892;0;1
9896;2;0
9900;4;0
9903;2;0
9907;3;0
9910;1;0
9914;1;0
9918;0;1
9921;1;0
9925;1;2
9929;1;0
9932;0;0
9936;7;1
9940;2;1
9943;1;0
9947;1;0
9951;3;0
9954;0;0
9958;0;0
9962;2;1
9965;5;0
9969;2;0
9972;3;1
9976;3;0
9980;5;0
9983;4;0
9987;2;0
9991;2;0
9994;0;0
9998;2;0
10002;1;2
10005;3;2
10009;4;0
10013;0;0
10016;4;4
10020;0;2
10024;0;0
10027;6;0
10031;2;0
10034;4;3
10038;0;0
10042;2;1
10045;2;0
10049;3;2
10053;2;0
10059;3;0
10060;0;0
10064;3;0
10067;0;1
10071;3;0
10075;1;0
10078;5;2
10082;2;1
10085;2;1
10089;4;0
10093;4;3
10096;1;0
10100;3;0
10104;1;0
10107;0;2
10111;2;1
10115;0;1
10118;1;0
10122;1;0
10126;5;0
10129;4;0
10133;5;0
10137;2;4
10140;0;0
10144;2;1
10147;3;0
10151;0;0
10155;3;0
10158;3;2
10162;0;0
10166;4;1
10169;0;0
10173;4;0
10177;0;3
10180;3;0
10184;1;2
10188;2;1
10191;2;1
10195;1;0
10198;4;0
10202;0;0
10206;4;1
10209;5;1
10213;4;4
10217;2;0
10220;0;0
10224;0;2
10228;1;0
10231;2;0
10235;1;0
10239;1;0
10244;0;0
10246;2;2
10250;4;1
10253;1;0
10257;5;2
10260;3;0
10264;1;2
10268;4;0
10271;0;1
10275;5;1
10279;2;0
10282;1;1
10286;4;0
10290;1;1
10293;2;1
10297;2;0
10301;1;2
10304;3;0
10308;2;0
10311;4;0
10315;0;0
10319;2;0
10322;1;1
10326;3;1
10330;2;2
10333;4;0
10337;0;0
10341;2;0
10344;3;0
10348;1;0
10352;4;0
10355;1;0
10359;5;3
10363;4;0
10366;4;1
10370;5;0
10373;1;0
10377;0;2
10381;1;0
10384;3;0
10388;4;0
10392;2;0
10395;0;0
10399;3;0
10403;1;1
10406;4;0
10410;1;0
10414;2;1
10417;0;1
10421;2;1
10425;4;0
10430;3;1
10432;1;0
10435;0;1
10439;1;0
10443;4;0
10446;1;1
10450;0;2
10454;3;0
10457;0;0
10461;2;1
10465;2;2
10468;0;0
10472;0;1
10476;5;2
10479;3;1
10483;5;0
10486;2;2
10490;1;1
10494;2;0
10497;2;2
10501;2;0
10505;5;3
10508;2;2
10512;0;0
10516;3;1
10519;3;2
10523;1;1
10527;5;2
10530;2;0
10534;2;3
10538;4;2
10541;5;2
10545;2;1
10548;5;0
10552;0;1
10556;1;1
10559;1;2
10563;2;0
10567;4;5
10570;2;0
10574;4;0
10578;3;1
10581;0;2
10585;0;0
10589;6;0
10592;3;0
10596;4;3
10599;3;0
10603;0;4
10607;0;0
10610;2;1
10614;0;0
10620;2;3
10621;1;1
10625;3;1
10629;1;0
10632;1;0
10636;2;0
10640;2;1
10643;4;0
10647;0;2
10651;1;4
10654;0;1
10658;2;0
10661;0;2
10665;1;3
10669;4;0
10672;2;3
10676;4;0
10680;1;6
10683;0;0
10687;2;0
10691;4;4
10694;1;0
10698;5;0
10702;0;5
10705;0;0
10709;2;4
10712;1;2
10716;4;1
10720;1;3
10723;4;2
10727;0;0
10731;4;0
10734;2;1
10738;2;0
10742;2;0
10745;0;0
10749;6;0
10753;1;1
10756;4;0
10760;5;0
10764;7;5
10767;2;1
10771;3;0
10774;0;1
10778;4;1
10782;2;2
10785;0;0
10789;0;0
10793;4;0
10796;0;0
10800;0;1
10806;6;1
10807;2;1
10811;1;0
10815;5;0
10818;0;2
10822;1;0
10826;7;0
10829;4;1
10833;0;1
10836;6;0
10840;1;0
10844;1;0
10847;3;0
10851;2;4
10855;0;1
10858;2;0
10862;2;2
10866;3;2
10869;1;0
10873;3;1
10877;5;0
10880;3;0
10884;5;0
10887;2;0
10891;0;2
10895;2;0
10898;0;1
10902;1;1
10906;1;3
10909;0;0
10913;2;1
10917;2;1
10920;0;0
10924;8;0
10928;0;3
10931;4;0
10935;7;0
10939;5;0
10942;1;1
10946;4;1
10949;0;0
10953;4;3
10957;4;0
10960;0;0
10964;8;3
10968;0;0
10971;3;0
10975;1;5
10979;0;3
10982;2;0
10986;1;2
10992;6;3
10993;1;0
10997;1;0
11000;4;0
11004;4;0
11008;1;0
11011;3;0
11015;4;1
11019;2;1
11022;1;0
11026;2;0
11030;1;1
11033;3;2
11037;0;3
11041;1;0
11044;0;1
11048;0;0
11052;1;0
11055;3;3
11059;1;3
11062;1;0
11066;3;2
11070;0;0
11073;4;3
11077;0;0
11081;2;0
11084;6;1
11088;0;2
11092;4;0
11095;0;0
11099;3;0
11103;1;0
11106;4;0
11110;4;4
11113;4;0
11117;7;1
11121;4;1
11124;2;0
11128;0;0
11132;2;0
11135;2;0
11139;3;0
11143;2;3
11146;5;1
11150;5;0
11154;0;3
11157;1;3
11161;0;3
11165;6;1
11168;3;0
11172;0;0
11178;0;2
11179;0;0
11183;7;4
11186;2;2
11190;2;0
11194;0;2
11197;1;2
11201;4;2
11205;0;0
11208;3;0
11212;0;0
11216;2;0
11219;5;1
11223;1;2
11227;0;0
11230;2;1
11234;2;0
11237;3;0
11241;4;1
11245;1;1
11248;1;0
11252;1;0
11256;1;2
11259;3;0
11263;0;1
11267;1;2
11270;2;0
11274;0;0
11278;2;0
11281;6;3
11285;3;0
11288;0;2
11292;0;0
11296;1;3
11299;2;2
11303;4;2
11307;4;1
11310;4;0
11314;1;2
11318;1;0
11321;0;0
11325;1;0
11329;0;0
11332;6;0
11336;3;1
11340;4;2
11343;2;0
11347;0;0
11350;6;2
11354;0;0
11358;4;0
11364;2;0
11365;3;2
11369;0;2
11372;1;4
11376;3;0
11380;5;0
11383;1;0
11387;2;0
11391;0;5
11394;3;2
11398;2;4
11401;0;0
11405;2;0
11409;6;2
11412;3;0
11416;5;0
11420;1;2
11423;0;0
11427;1;0
11431;3;1
11434;3;2
11438;2;2
11442;6;0
11445;0;2
11449;5;0
11453;2;2
11456;1;0
11460;2;1
11463;2;1
11467;3;3
11471;3;0
11474;4;4
11478;3;3
11482;0;3
11485;0;0
11489;2;1
11493;0;4
11496;0;1
11500;3;0
11504;1;0
11507;3;0
11511;2;0
11514;4;4
11518;0;4
11522;4;0
11525;1;1
11529;1;0
11533;4;2
11536;2;1
11540;3;1
11544;2;0
11547;0;0
11553;6;1
11555;3;0
11558;0;0
11562;4;2
11566;0;0
11569;1;0
11573;4;0
11576;4;0
11580;1;1
11584;1;0
11587;4;2
11591;0;0
11595;3;4
11598;4;1
11602;4;1
11606;4;0
11609;5;0
11613;1;0
11617;4;0
11620;6;3
11624;2;2
11628;3;0
11631;1;3
11635;0;0
11638;3;0
11642;0;0
11646;0;0
11649;4;0
11653;7;0
11657;0;3
11660;4;1
11664;3;7
11668;4;1
11671;0;0
11675;7;2
11679;0;0
11682;3;2
11686;2;0
11689;1;0
11693;4;2
11697;0;0
11700;0;2
11704;5;2
11708;0;1
11711;0;1
11715;2;3
11719;6;0
11722;1;0
11726;0;0
11730;1;0
11733;1;1
11739;2;3
11741;6;1
11744;7;0
11748;0;4
11751;2;0
11755;2;2
11759;5;0
11762;1;0
11766;0;0
11770;1;0
11773;3;2
11777;2;1
11781;2;0
11784;5;0
11788;0;0
11792;4;0
11795;3;4
11799;6;0
11802;3;0
11806;2;0
11810;1;2
11813;1;0
11817;1;0
11821;1;1
11824;4;0
11828;1;0
11832;1;0
11835;2;3
11839;4;0
11843;3;1
11846;6;1
11850;3;0
11854;5;0
11857;4;2
11861;3;0
11864;5;0
11868;4;2
11872;3;3
11875;6;0
11879;1;0
11883;3;1
11886;3;0
11890;0;2
11894;5;0
11897;0;2
11901;3;1
11905;3;0
11908;3;2
11912;3;1
11915;4;2
11919;4;1
11925;2;1
11926;1;0
11930;7;0
11934;2;0
11937;4;0
11941;1;0
11945;6;0
11948;1;0
11952;1;5
11956;2;1
11959;3;0
11963;0;0
11967;1;2
11970;0;4
11974;4;0
11977;3;0
11981;2;0
11985;0;1
11988;2;2
11992;1;2
11996;3;2
11999;3;0
12003;4;2
12007;2;0
12010;2;0
12014;0;0
12018;3;1
12021;0;0
12025;6;2
12029;2;0
12032;1;0
12036;3;1
12039;4;0
12043;1;3
12047;3;0
12050;5;2
12054;2;0
12058;2;0
12061;4;2
12065;3;2
12069;3;2
12072;3;1
12076;0;2
12080;3;1
12083;0;0
12087;9;0
12090;3;2
12094;3;0
12098;2;2
12101;0;1
12105;0;2
12111;0;2
12112;1;1
12116;0;3
12120;4;0
12123;3;2
12127;4;2
12131;2;0
12134;0;0
12138;5;2
12142;0;2
12145;3;2
12149;0;2
12152;0;4
12156;0;5
12160;2;2
12163;2;0
12167;0;0
12171;0;2
12174;3;0
12178;0;4
12182;1;2
12185;2;0
12189;0;0
12193;2;3
12196;2;1
12200;3;0
12203;0;2
12207;2;0
12211;0;0
12214;1;0
12218;3;0
12222;4;0
12225;0;0
12229;4;1
12233;2;1
12236;1;0
12240;0;0
12244;0;2
12247;3;2
12251;3;0
12255;6;0
12258;2;0
12262;4;0
12265;3;0
12269;2;2
12273;2;2
12276;4;0
12280;1;0
12284;1;0
12287;2;0
12291;1;0
12297;0;0
12298;1;1
12302;20;1
12306;0;0
12309;0;1
12313;2;0
12317;2;0
12320;3;0
12324;5;0
12327;3;2
12331;6;0
12335;4;0
12338;0;0
12342;2;0
12346;3;3
12349;2;1
12353;1;0
12357;0;0
12360;5;2
12364;5;0
12368;4;0
12371;6;2
12375;3;2
12378;4;0
12382;2;2
12386;0;0
12389;1;2
12393;6;0
12397;4;0
12400;5;0
12404;3;0
12408;1;2
12411;4;1
12415;3;0
12419;8;2
12422;1;0
12426;0;0
12430;3;3
12433;1;2
12437;0;1
12440;6;0
12444;4;4
12448;1;0
12451;0;0
12455;1;0
12459;0;3
12462;1;1
12466;1;3
12470;1;0
12473;4;4
12477;2;0
12483;4;0
12484;0;5
12488;5;2
12491;2;2
12495;0;3
12499;2;3
12502;3;0
12506;3;2
12510;2;0
12513;1;1
12517;1;0
12521;1;1
12524;4;1
12528;0;0
12532;4;2
12535;0;0
12539;3;0
12543;2;0
12546;6;1
12550;3;3
12553;4;0
12557;0;3
12561;2;2
12564;3;0
12568;0;1
12572;2;0
12575;0;2
12579;2;2
12583;0;1
12586;5;2
12590;0;1
12594;0;0
12597;3;1
12601;3;0
12604;5;1
12608;0;3
12612;2;0
12615;0;0
12619;0;1
12623;0;1
12626;6;0
12630;4;0
12634;0;0
12637;1;0
12641;2;0
12645;0;1
12648;3;2
12652;2;2
12656;8;0
12659;3;0
12663;0;0
12666;0;0
12672;2;0
12674;0;2
12677;0;0
12681;3;2
12685;0;1
12688;1;0
12692;5;0
12696;1;2
12699;3;0
12703;0;0
12707;1;3
12710;0;0
12714;3;2
12718;2;2
12721;3;1
12725;6;0
12728;0;2
12732;4;0
12736;3;0
12739;3;0
12743;2;0
12747;7;4
12750;3;0
12754;1;0
12758;3;1
12761;0;3
12765;2;0
12769;2;0
12772;1;0
12776;4;0
12779;2;0
12783;1;0
12787;2;0
12790;4;4
12794;0;2
12798;7;3
12801;1;0
12805;4;0
12809;4;0
12812;1;0
12816;4;0
12820;0;0
12823;2;0
12827;4;0
12831;5;1
12834;4;1
12838;3;2
12841;2;0
12845;1;1
12849;0;0
12852;0;2
12858;1;0
12860;4;1
12863;0;1
12867;1;0
12871;4;1
12874;1;0
12878;3;0
12882;4;0
12885;1;0
12889;1;2
12892;0;3
12896;0;2
12900;4;1
12903;2;2
12907;1;2
12911;3;2
12914;0;0
12918;0;2
12922;5;1
12925;2;0
12929;0;0
12933;3;1
12936;0;3
12940;0;1
12944;1;0
12947;0;1
12951;1;0
12954;1;0
12958;0;1
12962;3;0
12965;0;1
12969;0;2
12973;2;0
12976;0;1
12980;3;1
12984;2;1
12987;7;1
12991;2;3
12995;6;0
12998;1;1
13002;0;2
13005;3;0
13009;5;0
13013;3;3
13016;2;0
13020;6;0
13024;2;2
13027;4;1
13031;1;2
13035;0;0
13038;0;0
13044;0;1
13046;0;0
13049;2;0
13053;1;0
13057;6;1
13060;3;4
13064;5;4
13067;2;1
13071;1;0
13075;2;0
13078;3;0
13082;3;0
13086;1;2
13089;3;0
13093;0;0
13097;0;2
13100;5;0
13104;2;1
13108;1;0
13111;5;0
13115;3;1
13119;1;0
13122;0;2
13126;5;0
13129;4;1
13133;0;2
13137;4;1
13140;4;0
13144;0;2
13148;3;1
13151;4;0
13155;2;1
13159;3;1
13162;4;0
13166;7;0
13170;3;0
13173;0;2
13177;0;0
13180;2;2
13184;0;2
13188;1;1
13191;2;0
13195;3;1
13199;3;0
13202;8;0
13206;2;0
13210;5;0
13213;2;3
13217;1;0
13221;5;0
13224;1;2
13230;1;0
13232;2;0
13235;3;0
13239;0;1
13242;0;1
13246;2;2
13250;2;2
13253;0;0
13257;0;1
13261;0;3
13264;2;0
13268;1;0
13272;2;0
13275;2;1
13279;0;4
13283;3;0
13286;0;0
13290;0;4
13293;4;2
13297;3;4
13301;0;0
13304;4;1
13308;2;1
13312;4;0
13315;1;0
13319;1;0
13323;2;2
13326;1;0
13330;0;6
13334;3;0
13337;2;0
13341;0;0
13345;8;3
13348;1;1
13352;2;0
13355;4;3
13359;5;2
13363;1;0
13366;0;0
13370;0;3
13374;2;2
13377;2;1
13381;4;0
13385;3;1
13388;1;1
13392;0;0
13396;3;1
13399;1;2
13403;4;1
13406;3;1
13410;1;0
13416;0;0
13417;1;0
13421;3;3
13425;0;1
13428;3;0
13432;2;2
13436;0;0
13439;1;1
13443;0;3
13447;0;0
13450;2;0
13454;0;2
13458;2;2
13461;3;3
13465;3;0
13468;3;5
13472;4;0
13476;4;0
13479;2;2
13483;1;2
13487;0;0
13490;0;1
13494;1;2
13498;3;0
13501;4;3
13505;2;4
13509;2;1
13512;2;3
13516;2;0
13520;5;0
13523;1;0
13527;0;2
13530;4;2
13534;1;0
13538;5;2
13541;6;0
13545;5;3
13549;3;1
13552;0;0
13556;3;2
13560;0;3
13563;2;0
13567;3;0
13571;1;7
13574;1;0
13578;4;0
13581;5;0
13585;1;1
13589;0;0
13592;2;2
13596;1;0
13600;0;0
13606;0;0
13607;1;2
13611;2;1
13614;2;0
13618;0;3
13622;0;1
13625;2;0
13629;3;1
13633;1;2
13636;2;0
13640;2;0
13643;0;0
13647;5;0
13651;3;1
13654;5;0
13658;3;0
13662;1;2
13665;0;2
13669;2;0
13673;2;0
13676;2;3
13680;0;0
13684;1;0
13687;1;3
13691;0;2
13694;0;0
13698;2;4
13702;2;0
13705;0;1
13709;1;0
13713;0;0
13716;7;0
13720;5;1
13724;1;0
13727;1;0
13731;6;1
13735;2;1
13738;1;2
13742;3;1
13746;3;2
13749;0;1
13753;1;1
13756;1;0
13760;4;2
13764;0;3
13767;2;1
13771;1;0
13775;3;0
13778;0;0
13782;1;0
13786;2;0
13792;0;1
13793;0;2
13797;1;0
13800;4;0
13804;4;1
13807;5;0
13811;2;0
13815;3;1
13818;1;0
13822;0;3
13826;1;2
13829;4;0
13833;1;1
13837;0;2
13840;3;4
13844;3;0
13848;4;1
13851;3;0
13855;3;0
13859;2;0
13862;0;0
13866;1;1
13869;1;0
13873;1;3
13877;0;0
13880;1;1
13884;5;1
13888;1;1
13891;5;0
13895;1;3
13899;4;2
13902;3;0
13906;1;2
13910;2;0
13913;3;3
13917;3;3
13921;2;0
13924;3;0
13928;6;2
13931;2;1
13935;0;0
13939;0;1
13942;3;0
13946;3;0
13950;4;0
13953;2;2
13957;1;0
13961;0;0
13964;1;2
13968;3;2
13972;4;1
13977;3;0
13979;3;0
13982;0;1
13986;2;0
13990;4;0
13993;2;0
13997;1;0
14001;0;2
14004;1;0
14008;2;0
14012;0;0
14015;2;1
14019;3;4
14023;6;0
14026;2;0
14030;2;1
14034;1;0
14037;1;2
14041;2;1
14044;0;2
14048;2;0
14052;0;2
14055;1;2
14059;1;0
14063;0;2
14066;2;1
14070;3;1
14074;2;2
14077;2;4
14081;2;1
14085;3;0
14088;1;1
14092;4;2
14095;4;0
14099;1;1
14103;2;4
14106;0;0
14110;2;1
14114;2;1
14117;4;2
14121;4;0
14125;0;0
14128;2;2
14132;1;1
14136;1;1
14139;0;4
14143;0;2
14147;3;0
14150;2;3
14154;4;1
14157;3;0
14163;2;0
14165;5;0
14168;2;3
14172;0;1
14176;1;3
14179;1;0
14183;4;0
14187;5;1
14190;3;3
14194;3;4
14198;5;0
14201;2;0
14205;3;2
14208;2;2
14212;2;1
14216;3;2
14219;1;0
14223;5;2
14227;0;2
14230;2;2
14234;0;2
14238;3;2
14241;4;1
14245;0;1
14249;2;0
14252;2;1
14256;4;0
14260;5;0
14263;4;1
14267;4;0
14270;6;0
14274;2;0
14278;2;0
14281;4;1
14285;3;0
14289;2;3
14292;0;1
14296;1;1
14300;1;5
14303;0;1
14307;4;2
14311;2;0
14314;3;0
14318;0;2
14322;1;0
14325;4;1
14329;4;1
14332;1;1
14336;0;0
14340;1;1
14343;2;0
14349;6;0
14351;5;0
14354;2;1
14358;0;0
14362;2;0
14365;0;3
14369;2;1
14373;4;0
14376;6;1
14380;1;0
14383;2;2
14387;7;0
14391;2;1
14394;2;2
14398;3;2
14402;3;0
14405;2;3
14409;1;0
14413;3;3
14416;4;1
14420;2;0
14424;4;0
14427;0;4
14431;5;0
14435;4;3
14438;2;0
14442;7;0
14445;6;0
14449;5;5
14453;1;0
14456;4;0
14460;5;0
14464;1;0
14467;0;1
14471;3;1
14475;2;0
14478;0;2
14482;3;1
14486;1;1
14489;4;1
14493;4;5
14496;7;0
14500;5;2
14504;2;5
14507;5;0
14511;4;2
14515;2;2
14518;3;0
14522;3;0
14526;3;3
14529;3;2
14533;6;4
14539;1;2
14540;6;2
14544;4;2
14548;2;0
14551;0;0
14555;5;0
14558;2;0
14562;5;1
14566;1;4
14569;6;0
14573;2;2
14577;0;1
14580;5;2
14584;5;0
14588;4;1
14591;1;1
14595;4;0
14599;5;3
14602;1;0
14606;5;2
14609;8;1
14613;3;0
14617;0;3
14620;6;1
14624;5;1
14628;0;1
14631;2;1
14635;0;0
14639;0;3
14642;2;0
14646;6;3
14650;3;0
14653;3;3
14657;0;0
14661;0;1
14664;3;4
14668;1;0
14671;1;3
14675;2;4
14679;0;0
14682;6;0
14686;6;0
14690;1;2
14693;0;0
14697;3;2
14701;2;2
14704;6;3
14708;6;3
14712;6;1
14715;2;0
14719;0;0
14725;4;2
14726;4;1
14730;1;2
14733;0;0
14737;0;1
14741;4;0
14744;3;0
14748;2;2
14752;4;2
14755;0;0
14759;0;3
14763;2;4
14766;0;4
14770;4;0
14774;0;0
14777;0;0
14781;0;0
14784;1;2
14788;3;0
14792;5;0
14795;0;2
14799;0;0
14803;5;1
14806;3;3
14810;0;0
14814;4;0
14817;0;1
14821;4;1
14825;2;0
14828;1;0
14832;8;0
14836;0;0
14839;0;0
14843;0;1
14846;0;3
14850;0;0
14854;0;2
14857;1;2
14861;0;3
14865;2;1
14868;1;4
14872;3;0
14876;4;1
14879;0;2
14883;4;3
14887;5;3
14890;4;1
14894;3;2
14897;3;0
14901;0;3
14905;2;0
14911;2;1
14912;2;2
14916;4;1
14919;1;0
14923;5;0
14927;2;2
14930;1;2
14934;0;3
14938;2;1
14941;6;1
14945;1;0
14949;0;0
14952;2;1
14956;3;1
14959;3;0
14963;0;2
14967;0;2
14970;7;0
14974;6;1
14978;2;2
14981;3;0
14985;3;0
14989;0;3
14992;0;0
14996;2;1
15000;3;2
15003;1;0
15007;4;2
15011;0;0
15014;1;0
15018;5;0
15021;0;0
15025;0;0
15029;3;2
15032;3;0
15036;2;0
15040;3;0
15043;5;1
15047;2;0
15051;6;0
15054;4;0
15058;3;2
15062;1;2
15065;2;3
15069;1;0
15072;0;1
15076;2;3
15080;3;0
15083;1;0
15087;7;0
15091;2;0
15097;4;2
15098;4;0
15102;2;0
15105;2;0
15109;0;1
15113;1;1
15116;1;3
15120;0;3
15124;2;1
15127;5;1
15131;1;0
15134;7;0
15138;3;0
15142;2;0
15145;5;0
15149;4;0
15153;0;2
15156;3;0
15160;0;4
15164;4;0
15167;4;1
15171;1;1
15175;0;0
15178;1;1
15182;2;0
15185;0;1
15189;0;0
15193;2;0
15196;0;2
15200;0;0
15204;6;1
15207;0;0
15211;5;1
15215;2;0
15218;0;0
15222;6;0
15226;4;1
15229;3;5
15233;5;0
15237;3;1
15240;3;0
15244;2;1
15247;0;1
15251;2;0
15255;4;0
15258;0;0
15262;8;2
15266;3;1
15269;8;0
15273;3;0
15277;7;3
15283;5;0
15284;0;3
15288;4;2
15291;5;0
15295;2;4
15298;3;0
15302;4;0
15306;1;2
15309;4;3
15313;1;5
15317;0;0
15320;4;3
15324;4;1
15328;3;0
15331;2;1
15335;0;1
15339;3;1
15342;7;0
15346;0;0
15350;6;0
15353;2;4
15357;2;3
15360;0;0
15364;0;2
15368;2;0
15371;2;4
15375;0;1
15379;0;0
15382;3;0
15386;4;4
15390;3;0
15393;1;1
15397;6;3
15401;1;0
15404;2;4
15408;2;2
15412;1;5
15415;0;0
15419;2;0
15422;7;0
15426;1;0
15430;2;0
15433;2;0
15437;4;3
15441;1;2
15444;3;5
15448;0;0
15452;2;3
15455;5;1
15459;0;0
15463;0;1
15466;1;0
15472;2;2
15473;4;1
15477;0;0
15481;1;0
15484;3;4
15488;0;0
15492;18;0
15495;5;0
15499;4;0
15503;5;5
15506;2;0
15510;0;0
15514;5;0
15517;2;1
15521;1;2
15525;6;4
15528;1;1
15532;3;1
15535;0;1
15539;3;0
15543;1;0
15546;4;0
15550;2;2
15554;1;4
15557;0;0
15561;3;0
15565;0;0
15568;2;0
15572;2;0
15576;6;0
15579;1;0
15583;0;2
15586;5;3
15590;5;1
15594;3;0
15597;5;0
15601;8;0
15605;4;0
15608;0;3
15612;2;0
15616;0;0
15619;0;0
15623;4;1
15627;5;1
15630;2;1
15634;0;1
15638;4;0
15641;4;2
15645;1;3
15648;4;0
15652;0;1
15658;2;0
15659;5;1
15663;4;0
15667;2;2
15670;4;0
15674;0;0
15678;4;0
15681;0;0
15685;1;4
15689;2;0
15692;0;4
15696;1;2
15699;3;0
15703;0;1
15707;2;0
15710;5;0
15714;2;0
15718;6;2
15721;0;1
15725;2;0
15729;2;1
15732;2;0
15736;6;0
15740;6;0
15743;2;0
15747;0;0
15751;3;2
15754;0;1
15758;5;2
15761;5;2
15765;0;1
15769;2;1
15772;0;2
15776;3;0
15780;2;1
15783;4;0
15787;4;1
15791;3;2
15794;4;2
15798;2;1
15802;2;3
15805;2;0
15809;1;0
15813;2;2
15816;1;2
15820;0;2
15823;0;0
15827;0;0
15831;4;0
15834;3;0
15838;0;0
15844;1;0
15845;6;0
15849;0;2
15853;0;2
15856;0;1
15860;1;1
15864;3;2
15867;1;0
15871;6;0
15874;3;0
15878;1;2
15882;0;1
15885;5;2
15889;4;0
15893;0;1
15896;3;0
15900;4;0
15904;2;0
15907;4;1
15911;6;2
15915;2;0
15918;2;0
15922;1;0
15926;3;2
15929;3;0
15933;2;1
15936;3;0
15940;0;0
15944;4;2
15947;0;1
15951;2;0
15955;4;0
15958;4;0
15962;2;0
15966;1;1
15969;4;2
15973;0;1
15977;3;0
15980;3;2
15984;3;0
15987;2;2
15991;4;1
15995;0;2
15998;1;0
16002;1;2
16006;3;5
16009;3;0
16013;3;0
16017;5;0
16020;3;1
16024;7;0
16030;5;4
16031;0;0
16035;0;0
16039;0;0
16042;1;0
16046;2;0
16049;2;2
16053;3;0
16057;0;0
16060;2;0
16064;1;0
16068;1;1
16071;2;0
16075;2;1
16079;0;0
16082;1;0
16086;1;0
16090;4;1
16093;2;2
16097;1;0
16100;4;1
16104;5;4
16108;4;2
16111;1;0
16115;6;3
16119;2;0
16122;3;2
16126;6;1
16130;5;0
16133;5;0
16137;3;0
16141;2;0
16144;3;2
16148;3;0
16152;1;0
16155;2;0
16159;4;0
16162;0;1
16166;3;0
16170;0;0
16173;2;2
16177;0;3
16181;0;1
16184;1;2
16188;8;1
16192;2;0
16195;3;0
16199;0;0
16203;4;0
16206;0;1
16210;5;0
16216;1;0
16217;0;1
16221;0;3
16224;1;3
16228;0;0
16232;0;1
16235;0;0
16239;1;1
16243;1;2
16246;4;0
16250;0;0
16254;2;0
16257;0;1
16261;0;0
16265;3;0
16268;5;2
16272;1;0
16275;1;5
16279;1;0
16283;5;1
16286;0;2
16290;5;2
16294;0;1
16297;2;4
16301;8;4
16305;2;0
16308;0;2
16312;7;0
16316;5;0
16319;0;0
16323;3;1
16327;1;0
16330;1;2
16334;0;1
16337;1;0
16341;2;2
16345;3;0
16348;2;0
16352;2;0
16356;4;0
16359;4;1
16363;3;1
16367;4;3
16370;2;0
16374;2;1
16378;5;0
16381;0;1
16385;3;1
16388;2;0
16392;6;0
16396;1;1
16399;0;0
16405;0;0
16407;0;0
16410;0;0
16414;0;0
16418;8;0
16421;4;0
16425;1;0
16429;3;0
16432;4;2
16436;0;0
16440;0;1
16443;4;1
16447;0;0
16450;0;4
16454;6;3
16458;4;0
16461;3;0
16465;2;0
16469;4;1
16472;1;0
16476;0;2
16480;1;3
16483;0;0
16487;6;5
16491;8;0
16494;4;0
16498;1;2
16501;0;3
16505;7;0
16509;4;0
16512;0;1
16516;3;0
16520;1;2
16523;2;2
16527;0;0
16531;0;0
16534;0;0
16538;2;5
16542;0;0
16545;0;2
16549;3;1
16553;0;0
16556;4;0
16560;3;4
16563;2;0
16567;2;0
16571;2;3
16574;1;1
16578;1;1
16582;8;0
16585;5;0
16591;5;2
16593;0;0
16596;3;1
16600;2;1
16604;5;1
16607;2;0
16611;1;0
16615;0;1
16618;0;1
16622;4;0
16625;2;0
16629;0;0
16633;3;0
16636;3;0
16640;2;0
16644;7;4
16647;4;0
16651;5;0
16655;2;0
16658;4;0
16662;2;0
16666;0;1
16669;2;2
16673;4;0
16676;2;2
16680;4;2
16684;3;0
16687;0;0
16691;5;2
16695;2;1
16698;0;0
16702;2;0
16706;2;2
16709;0;3
16713;2;3
16717;2;0
16720;3;0
16724;6;0
16728;0;2
16731;0;2
16735;2;0
16738;4;3
16742;0;0
16746;0;0
16749;5;1
16753;8;1
16757;2;1
16760;3;3
16764;2;1
16768;0;1
16771;4;0
16777;0;0
16779;4;3
16782;0;2
16786;2;4
16789;2;0
16793;2;0
16797;4;1
16800;2;2
16804;9;1
16808;4;0
16811;0;0
16815;0;1
16819;3;2
16822;0;5
16826;4;1
16830;2;0
16833;3;4
16837;0;0
16841;3;0
16844;0;0
16848;5;1
16851;2;3
16855;2;3
16859;0;0
16862;3;1
16866;7;2
16870;4;2
16873;1;0
16877;4;0
16881;1;1
16884;3;2
16888;3;1
16892;1;2
16895;0;0
16899;1;0
16902;2;1
16906;3;3
16910;2;2
16913;0;1
16917;1;0
16921;0;0
16924;6;1
16928;0;2
16932;2;3
16935;6;0
16939;2;0
16943;3;0
16946;0;2
16950;3;1
16954;2;1
16957;0;0
16963;0;0
16964;1;0
16968;7;2
16972;3;3
16975;4;2
16979;6;0
16983;1;0
16986;3;3
16990;4;1
16994;0;2
16997;3;2
17001;0;0
17005;0;0
17008;2;0
17012;2;0
17016;3;0
17019;2;0
17023;3;0
17026;1;0
17030;3;2
17034;0;2
17037;0;2
17041;2;0
17045;0;3
17048;3;1
17052;2;0
17056;2;3
17059;1;1
17063;4;4
17067;1;4
17070;5;0
17074;2;0
17077;5;0
17081;5;0
17085;6;2
17088;5;0
17092;0;0
17096;1;1
17099;0;0
17103;0;0
17107;17;3
17110;1;1
17114;1;0
17118;0;1
17121;3;1
17125;6;1
17129;8;1
17132;1;3
17136;0;3
17139;2;0
17143;7;1
17149;1;1
17150;0;0
17154;3;0
17158;5;0
17161;1;0
17165;5;0
17169;0;0
17172;0;1
17176;0;0
17180;4;0
17183;0;1
17187;2;2
17190;1;0
17194;2;5
17198;7;1
17201;2;0
17205;1;0
17209;0;1
17212;2;0
17216;3;0
17220;1;4
17223;16;5
17227;0;0
17231;4;1
17234;0;2
17238;1;0
17242;3;0
17245;3;0
17249;4;1
17252;0;0
17256;0;0
17260;0;3
17263;0;6
17267;0;0
17271;0;0
17274;5;3
17278;2;0
17282;2;0
17285;0;0
17289;2;1
17293;2;0
17296;5;2
17300;2;1
17304;0;0
17307;0;2
17311;3;0
17314;0;0
17318;2;1
17322;6;2
17325;6;1
17329;0;1
17335;4;0
17336;3;0
17340;0;2
17344;2;2
17347;5;0
17351;0;1
17355;2;0
17358;3;0
17362;5;0
17365;3;0
17369;0;2
17373;3;0
17376;5;0
17380;4;2
17384;0;0
17387;6;0
17391;4;1
17395;0;1
17398;5;1
17402;5;0
17406;5;2
17409;7;0
17413;2;0
17417;4;0
17420;8;0
17424;2;0
17427;5;1
17431;2;3
17435;2;0
17438;3;1
17442;4;0
17446;0;0
17449;0;4
17453;0;1
17457;0;0
17460;4;3
17464;2;0
17468;4;2
17471;2;1
17475;0;0
17478;1;0
17482;2;0
17486;1;0
17489;1;0
17493;0;0
17497;5;0
17500;4;0
17504;0;2
17508;4;1
17511;0;2
17515;1;2
17519;3;0
17525;3;2
17526;2;1
17530;0;1
17533;2;3
17537;1;0
17540;5;1
17544;6;0
17548;4;4
17551;2;1
17555;4;1
17559;6;1
17562;3;0
17566;4;1
17570;3;0
17573;2;2
17577;3;2
17581;0;5
17584;0;0
17588;7;1
17591;0;2
17595;1;0
17599;1;2
17602;8;0
17606;0;0
17610;0;0
17613;1;0
17617;0;0
17621;7;0
17624;5;1
17628;4;2
17632;6;4
17635;1;0
17639;2;0
17643;4;3
17646;2;2
17650;2;0
17653;0;2
17657;2;0
17661;4;1
17664;0;0
17668;4;3
17672;1;3
17675;5;0
17679;0;0
17683;0;0
17686;1;2
17690;0;0
17694;0;2
17697;2;3
17701;0;0
17705;3;0
17710;0;1
17712;3;0
17715;4;3
17719;2;0
17723;3;1
17726;0;2
17730;0;0
17734;0;2
17737;0;4
17741;0;0
17745;0;0
17748;0;2
17752;7;0
17756;8;1
17759;0;2
17763;0;1
17766;0;0
17770;0;2
17774;6;0
17777;0;0
17781;2;0
17785;2;0
17788;1;0
17792;4;3
17796;3;0
17799;3;0
17803;2;0
17807;0;2
17810;6;0
17814;4;2
17818;0;0
17821;5;1
17825;1;0
17828;1;4
17832;2;2
17836;1;0
17839;0;0
17843;0;0
17847;4;0
17850;1;0
17854;0;0
17858;4;1
17861;3;2
17865;3;0
17869;1;3
17872;1;2
17876;2;0
17879;2;0
17883;3;3
17887;4;0
17890;2;0
17896;3;0
17898;4;4
17901;6;4
17905;1;2
17909;1;0
17912;1;2
17916;2;0
17920;2;0
17923;6;0
17927;5;0
17931;4;0
17934;1;0
17938;3;2
17941;2;0
17945;4;0
17949;0;2
17952;0;1
17956;0;3
17960;7;5
17963;0;0
17967;0;2
17971;2;5
17974;0;0
17978;2;0
17982;1;0
17985;0;2
17989;0;0
17992;0;4
17996;0;0
18000;4;1
18003;2;0
18007;2;3
18011;2;1
18014;1;1
18018;0;1
18022;3;0
18025;1;0
18029;5;1
18033;4;5
18036;6;3
18040;0;0
18044;0;4
18047;4;0
18051;4;0
18054;4;2
18058;3;1
18062;4;1
18065;7;0
18069;0;0
18073;0;2
18076;0;0
18114;2;0
18114;0;1
18115;0;1
18118;1;0
18121;3;1
18125;4;0
18128;0;3
18132;2;4
18136;3;3
18139;4;1
18143;0;0
18147;4;3
18150;5;2
18154;2;2
18158;3;0
18161;2;5
18165;4;1
18169;2;4
18172;1;0
18176;5;1
18179;0;3
18183;4;3
18187;3;0
18190;1;2
18194;3;3
18198;7;1
18201;6;0
18205;8;0
18209;3;0
18212;0;1
18216;0;2
18220;0;4
18223;2;4
18227;2;0
18231;1;0
18234;8;0
18238;1;2
18241;2;2
18245;3;0
18249;1;1
18252;4;1
18256;2;1
18260;0;0
18263;6;0
18267;0;2
18271;4;0
18274;2;2
18278;2;0
18282;1;0
18285;1;1
18289;4;0
18295;1;1
18296;2;2
18300;4;0
18303;1;0
18307;3;0
18311;2;1
18314;1;1
18318;4;0
18322;0;1
18325;0;0
18329;1;2
18333;4;2
18336;5;0
18340;7;2
18344;1;0
18347;1;1
18351;4;3
18354;0;1
18358;4;0
18362;2;0
18365;7;1
18369;1;0
18373;3;2
18376;0;0
18380;3;1
18384;0;5
18387;3;4
18391;0;0
18395;2;0
18398;6;1
18402;5;1
18406;4;0
18409;2;2
18413;7;0
18416;0;1
18420;5;3
18424;5;1
18427;0;3
18431;7;0
18435;0;0
18438;0;1
18442;0;2
18446;2;3
18449;0;0
18453;3;2
18457;3;0
18460;6;0
18464;1;1
18467;3;0
18471;3;0
18475;3;0
18478;0;1
18484;5;1
18486;0;2
18489;5;0
18493;4;2
18497;4;0
18500;0;0
18504;2;2
18508;1;0
18511;6;0
18515;6;2
18519;6;1
18522;1;0
18526;0;4
18529;0;0
18533;3;0
18537;2;0
18540;4;0
18544;0;0
18548;4;0
18551;1;3
18555;3;3
18559;3;2
18562;0;2
18566;1;0
18570;0;1
18573;7;0
18577;3;0
18580;3;2
18584;0;0
18588;3;1
18591;0;1
18595;3;3
18599;0;1
18602;4;0
18606;0;2
18610;4;0
18613;1;0
18617;3;0
18621;3;0
18624;3;2
18628;1;2
18632;0;0
18635;0;4
18639;0;2
18642;6;3
18646;2;1
18650;7;2
18653;7;0
18657;0;2
18661;2;0
18664;2;0
18670;0;4
18672;2;0
18675;17;0
18679;1;0
18683;0;2
18686;6;3
18690;1;0
18694;6;0
18697;4;1
18701;0;0
18704;2;0
18708;1;3
18712;4;4
18715;3;5
18719;2;3
18723;5;1
18726;4;4
18730;2;0
18734;4;0
18737;0;0
18741;0;4
18745;4;2
18748;3;0
18752;4;1
18755;0;2
18759;1;3
18763;5;1
18766;0;0
18770;2;0
18774;2;1
18777;3;2
18781;5;0
18785;3;0
18788;5;1
18792;0;1
18796;0;0
18799;5;0
18803;6;0
18807;0;4
18810;4;1
18814;1;0
18817;2;0
18821;0;0
18825;4;0
18828;0;2
18832;3;2
18836;2;3
18839;2;0
18843;1;3
18847;4;0
18850;0;4
18856;3;0
18858;2;0
18861;0;2
18865;0;2
18868;4;1
18872;5;0
18876;2;1
18879;1;1
18883;3;3
18887;4;2
18890;4;0
18894;0;2
18898;0;0
18901;3;1
18905;4;0
18909;5;2
18912;2;0
18916;2;0
18920;0;0
18923;3;0
18927;2;1
18930;0;1
18934;4;1
18938;1;0
18941;1;2
18945;0;0
18949;6;3
18952;1;0
18956;6;1
18960;2;3
18963;2;2
18967;4;0
18971;7;0
18974;1;2
18978;1;0
18981;4;0
18985;1;0
18989;4;1
18992;2;1
18996;7;0
19000;0;2
19003;1;1
19007;0;2
19011;4;0
19014;5;0
19018;0;0
19022;0;1
19025;3;0
19029;0;0
19033;3;0
19036;3;4
19042;0;1
19043;1;2
19047;3;0
19051;4;2
19054;8;0
19058;0;0
19062;4;2
19065;4;0
19069;2;2
19073;3;2
19076;5;3
19080;0;0
19084;1;2
19087;2;0
19091;4;3
19095;2;0
19098;7;0
19102;6;1
19105;4;0
19109;1;0
19113;0;2
19116;6;3
19120;1;3
19124;3;1
19127;6;0
19131;4;0
19135;0;4
19138;5;2
19142;3;0
19146;4;0
19149;1;0
19153;1;2
19156;0;1
19160;0;2
19164;4;1
19167;1;3
19171;5;0
19175;0;1
19178;6;2
19182;3;2
19186;5;0
19189;1;0
19193;0;0
19197;2;2
19200;4;1
19204;5;0
19208;8;0
19211;3;0
19215;0;1
19218;5;0
19222;1;0
19228;0;3
19229;3;1
19233;4;5
19237;4;0
19240;2;1
19244;1;0
19248;2;1
19251;7;0
19255;0;0
19259;2;0
19262;3;0
19266;1;0
19269;0;2
19273;3;0
19277;2;2
19280;0;6
19284;0;2
19288;4;0
19291;6;3
19295;4;1
19299;5;3
19302;1;0
19306;1;0
19310;5;2
19313;2;0
19317;2;0
19321;1;1
19324;2;1
19328;3;2
19331;1;3
19335;0;1
19339;0;1
19342;1;0
19346;2;1
19350;0;1
19353;2;1
19357;0;0
19361;1;1
19364;0;2
19368;2;0
19372;3;1
19375;5;0
19379;0;1
19382;0;0
19386;0;1
19390;2;0
19393;0;0
19397;0;0
19401;0;1
19404;0;1
19408;0;0
19414;8;0
19415;0;1
19419;1;1
19423;0;2
19426;1;2
19430;1;1
19434;4;0
19437;3;5
19441;0;2
19444;5;0
19448;0;0
19452;3;0
19455;2;2
19459;2;0
19463;2;0
19466;5;2
19470;4;0
19474;6;2
19477;7;0
19481;3;0
19485;0;0
19488;0;0
19492;0;0
19496;0;3
19499;2;3
19503;3;1
19506;4;0
19510;3;3
19514;1;2
19517;4;3
19521;4;0
19525;2;5
19528;3;0
19532;3;1
19536;4;4
19539;0;0
19543;0;1
19547;0;0
19550;2;2
19554;0;0
19557;0;1
19561;2;0
19565;3;0
19568;0;0
19572;2;4
19576;3;0
19579;0;0
19583;3;1
19587;0;0
19590;0;0
19594;2;0
19598;1;0
19603;2;0
19605;6;0
19609;3;0
19612;3;0
19616;0;0
19619;2;1
19623;2;0
19627;3;0
19630;0;0
19634;0;3
19638;2;1
19641;6;3
19645;3;0
19649;2;0
19652;5;1
19656;1;0
19660;0;3
19663;2;1
19667;0;0
19670;1;1
19674;2;3
19678;0;1
19681;0;0
19685;0;0
19689;1;1
19692;0;0
19696;3;0
19700;2;0
19703;6;0
19707;2;1
19711;0;0
19714;3;1
19718;6;0
19722;2;1
19725;2;3
19729;2;0
19732;4;0
19736;7;0
19740;0;0
19743;4;0
19747;6;0
19751;1;0
19754;2;0
19758;2;0
19762;0;0
19765;4;1
19769;3;3
19773;1;1
19776;0;2
19780;1;0
19784;4;3
19789;3;0
19791;2;1
19794;0;0
19798;4;1
19802;1;1
19805;1;1
19809;4;1
19813;4;1
19816;0;2
19820;4;0
19824;4;1
19827;3;2
19831;2;4
19835;0;0
19838;1;0
19842;1;3
19845;1;0
19849;0;3
19853;7;0
19856;0;1
19860;6;0
19864;0;0
19867;6;3
19871;2;0
19875;4;0
19878;0;0
19882;2;3
19886;6;2
19889;0;0
19893;1;0
19897;0;3
19900;0;2
19904;1;0
19907;0;0
19911;2;0
19915;0;1
19918;0;4
19922;4;0
19926;2;0
19929;4;0
19933;2;2
19937;0;0
19940;2;1
19944;2;1
19948;4;2
19951;6;0
19955;7;0
19958;2;4
19962;0;3
19966;2;0
19969;3;0
19975;0;2
19977;0;0
19980;2;2
19984;3;2
19988;2;0
19991;4;1
19995;7;0
19999;16;3
20002;1;2
20006;3;0
20010;2;2
20013;0;0
20017;1;3
20020;2;0
20024;0;1
20028;0;1
20031;6;0
20035;3;0
20039;0;0
20042;3;0
20046;0;2
20050;5;0
20053;4;0
20057;4;2
20061;5;0
20064;5;0
20068;5;1
20071;4;1
20075;0;0
20079;4;0
20082;6;0
20086;5;1
20090;4;0
20093;6;0
20097;2;0
20101;0;2
20104;2;0
20108;5;1
20112;3;3
20115;5;1
20119;0;3
20123;2;2
20126;6;0
20130;4;2
20133;5;2
20137;2;0
20141;6;0
20144;3;2
20148;2;2
20152;5;2
20155;0;0
20161;3;1
20163;7;0
20166;0;0
20170;0;2
20174;1;2
20177;7;1
20181;3;5
20185;6;0
20188;3;0
20192;0;2
20195;4;1
20199;5;1
20203;2;0
20206;0;0
20210;4;1
20214;4;1
20217;2;2
20221;0;0
20225;1;1
20228;0;0
20232;4;3
20236;4;0
20239;6;1
20243;0;1
20246;0;1
20250;2;2
20254;3;0
20257;0;1
20261;1;1
20265;0;0
20268;0;1
20272;1;4
20276;1;0
20279;5;5
20283;0;2
20287;0;2
20290;0;1
20294;3;0
20298;3;2
20301;2;0
20305;0;0
20308;0;0
20312;3;0
20316;8;4
20319;8;0
20323;2;2
20327;2;0
20330;0;0
20334;0;0
20338;0;0
20341;0;3
20347;2;1
20349;4;0
20352;3;1
20356;2;3
20359;0;2
20363;4;2
20367;4;0
20370;1;2
20374;3;0
20378;0;5
20381;3;0
20385;4;1
20389;0;0
20392;3;2
20396;0;0
20400;3;3
20403;3;0
20407;3;0
20411;1;1
20414;0;0
20418;4;3
20421;3;0
20425;0;0
20429;3;0
20432;0;0
20436;5;0
20440;4;0
20443;5;1
20447;0;1
20451;0;2
20454;3;2
20458;0;0
20462;6;3
20465;0;4
20469;6;4
20472;3;0
20476;2;0
20480;2;2
20483;6;1
20487;1;2
20491;0;2
20494;1;0
20498;0;1
20502;0;0
20505;4;1
20509;0;0
20513;4;2
20516;0;2
20520;1;0
20524;0;0
20527;6;3
20531;3;0
20537;0;3
20538;2;2
20542;5;2
20545;4;1
20549;0;3
20553;0;5
20556;0;0
20560;2;3
20564;5;1
20567;4;3
20571;1;0
20575;2;0
20578;2;3
20582;6;3
20586;0;2
20589;2;0
20593;6;2
20596;3;0
20600;6;1
20604;0;0
20607;0;0
20611;2;0
20615;0;3
20618;4;4
20622;1;0
20626;1;1
20629;3;1
20633;4;0
20637;7;2
20640;4;0
20644;2;1
20647;0;0
20651;3;2
20655;0;0
20658;0;0
20662;6;2
20666;4;0
20669;4;0
20673;0;2
20677;1;3
20680;2;0
20684;0;3
20688;6;1
20691;2;0
20695;3;1
20699;6;0
20702;0;0
20706;3;2
20709;2;2
20713;2;2
20717;7;0
20723;5;0
20724;3;0
20728;0;3
20731;4;5
20735;2;0
20739;5;2
20742;2;0
20746;0;2
20750;2;2
20753;0;4
20757;0;0
20760;2;0
20764;3;0
20768;1;0
20771;0;3
20775;2;0
20779;0;1
20782;0;6
20786;4;0
20790;0;0
20793;3;2
20797;0;0
20801;2;0
20804;0;0
20808;2;0
20812;2;0
20815;2;1
20819;0;0
20822;3;0
20826;0;0
20830;5;0
20833;7;2
20837;4;5
20841;4;2
20844;2;2
20848;0;0
20852;0;2
20855;0;0
20859;1;3
20863;5;0
20866;4;0
20870;2;3
20873;3;1
20877;0;3
20881;5;0
20884;2;0
20888;3;0
20892;0;0
20895;7;2
20899;0;0
20903;3;1
20909;2;0
20910;1;0
20914;0;0
20917;0;1
20921;4;1
20925;3;0
20928;0;0
20932;1;1
20935;4;2
20939;3;2
20943;0;0
20946;1;2
20950;0;0
20954;3;0
20957;1;2
20961;3;0
20965;1;1
20968;0;2
20972;6;0
20976;6;0
20979;0;0
20983;1;2
20987;1;0
20990;0;1
20994;2;0
20997;1;2
21001;1;1
21005;0;1
21008;0;2
21012;0;0
21016;6;2
21019;6;2
21023;0;0
21027;1;0
21030;3;1
21034;0;0
21038;3;2
21041;0;1
21045;4;2
21048;1;0
21052;3;2
21056;4;2
21059;1;2
21063;2;0
21067;5;0
21070;2;0
21074;3;4
21078;3;0
21081;2;2
21085;2;1
21089;3;0
21094;0;0
21096;0;1
21100;1;0
21103;2;1
21107;0;0
21110;3;0
21114;7;0
21118;0;0
21121;2;3
21125;6;0
21129;1;0
21132;4;0
21136;4;1
21140;3;0
21143;3;1
21147;1;0
21151;1;1
21154;0;5
21158;2;2
21161;1;2
21165;3;0
21169;2;3
21172;2;0
21176;0;1
21180;4;1
21183;0;2
21187;5;2
21191;0;1
21194;2;0
21198;3;2
21202;0;0
21205;1;3
21209;4;1
21213;0;0
21216;0;0
21220;0;0
21223;2;1
21227;0;4
21231;3;1
21234;4;4
21238;3;2
21242;0;0
21245;0;0
21249;0;1
21253;3;0
21256;0;0
21260;0;0
21264;0;1
21267;0;0
21271;4;0
21274;0;0
21280;0;0
21282;4;4
21285;0;3
21289;0;0
21293;4;1
21296;4;0
21300;0;0
21304;0;0
21307;1;2
21311;0;1
21315;3;1
21318;7;0
21322;8;0
21326;0;1
21329;6;0
21333;2;0
21336;2;2
21340;6;0
21344;3;1
21347;4;0
21351;7;1
21355;6;0
21358;5;0
21362;3;0
21366;4;3
21369;3;1
21373;2;1
21377;0;1
21380;4;0
21384;3;0
21388;1;0
21391;4;2
21395;1;1
21398;4;0
21402;5;2
21406;2;7
21409;2;2
21413;5;0
21417;5;3
21420;3;3
21424;5;0
21428;1;4
21431;0;3
21435;7;2
21439;8;0
21442;5;0
21446;3;2
21449;4;0
21453;3;4
21457;1;1
21460;0;0
21464;4;0
21470;0;1
21471;1;0
21475;6;0
21479;2;2
21482;2;3
21486;2;1
21490;1;0
21493;0;0
21497;1;3
21501;2;1
21504;0;1
21508;5;0
21511;4;0
21515;7;0
21519;2;0
21522;0;0
21526;2;0
21530;2;0
21533;2;1
21537;3;0
21541;3;2
21544;2;3
21548;0;0
21552;0;2
21555;4;0
21559;2;4
21562;4;1
21566;4;0
21570;1;0
21573;1;0
21577;2;4
21581;3;0
21584;4;2
21588;5;3
21592;1;1
21595;5;0
21599;1;0
21603;5;0
21606;1;0
21610;2;0
21614;2;0
21617;3;0
21621;0;0
21624;1;2
21628;0;0
21632;4;3
21635;0;0
21639;2;2
21643;8;0
21646;1;1
21650;2;1
21656;0;0
21657;2;0
21661;0;3
21665;0;3
21668;0;4
21672;0;0
21675;0;0
21679;2;2
21683;3;0
21686;4;2
21690;0;1
21694;1;0
21697;3;0
21701;0;2
21705;3;1
21708;4;1
21712;3;1
21716;5;1
21719;4;1
21723;3;0
21727;1;2
21730;2;0
21734;4;0
21737;0;0
21741;0;0
21745;3;0
21748;2;1
21752;2;2
21756;5;1
21759;5;0
21763;0;0
21767;2;2
21770;2;1
21774;0;2
21778;3;2
21781;1;2
21785;2;0
21789;0;4
21792;2;0
21796;2;2
21799;2;1
21803;1;0
21807;6;0
21810;3;4
21814;2;0
21818;4;0
21821;1;2
21825;6;0
21829;0;0
21832;2;0
21836;2;0
21842;3;0
21843;2;1
21847;2;1
21850;3;2
21854;2;1
21858;5;0
21861;0;2
21865;7;2
21869;0;0
21872;7;2
21876;1;0
21880;2;0
21883;3;2
21887;4;0
21891;0;0
21894;0;0
21898;3;0
21902;1;1
21905;4;1
21909;3;3
21912;8;0
21916;0;3
21920;4;2
21923;0;1
21927;1;0
21931;2;0
21934;0;0
21938;4;2
21942;0;2
21945;0;0
21949;1;3
21953;0;0
21956;0;2
21960;2;3
21963;0;0
21967;18;0
21971;3;0
21974;3;1
21978;3;0
21982;0;0
21985;4;1
21989;3;0
21993;5;1
21996;6;0
22000;1;0
22004;6;2
22007;3;1
22011;5;0
22015;0;0
22018;1;0
22022;6;3
22028;2;0
22029;0;2
22033;2;0
22036;3;3
22040;0;3
22044;3;1
22047;4;1
22051;3;2
22055;0;1
22058;0;0
22062;2;1
22066;6;1
22069;1;0
22073;3;1
22077;5;2
22080;2;1
22084;0;1
22087;6;1
22091;2;1
22095;0;0
22098;4;0
22102;1;0
22106;0;0
22109;2;0
22113;1;0
22117;4;2
22120;8;2
22124;5;0
22128;0;0
22131;0;4
22135;5;5
22138;0;0
22142;2;0
22146;2;0
22149;6;0
22153;2;3
22157;3;0
22160;5;0
22164;0;0
22168;5;1
22171;3;0
22175;6;0
22179;4;0
22182;0;0
22186;4;1
22190;3;4
22193;4;0
22197;0;2
22200;1;0
22204;4;0
22208;5;2
22214;1;0
22215;0;0
22219;0;0
22222;0;2
22226;4;2
22230;3;0
22233;1;1
22237;2;2
22241;1;1
22244;2;5
22248;6;3
22251;1;1
22255;0;0
22259;3;0
22262;4;0
22266;1;1
22270;6;1
22273;0;0
22277;6;3
22281;4;4
22284;4;1
22288;3;1
22292;4;2
22295;4;0
22299;3;1
22303;3;0
22306;4;0
22310;0;0
22313;1;0
22317;3;1
22321;2;1
22324;0;0
22328;0;0
22332;0;0
22335;4;0
22339;2;1
22343;5;0
22346;3;0
22350;0;0
22354;2;0
22357;2;0
22361;4;0
22364;2;1
22368;2;0
22372;0;2
22375;2;0
22379;7;1
22383;0;0
22386;5;0
22390;3;0
22394;5;3
22400;1;0
22401;0;2
22405;5;1
22408;4;0
22412;4;0
22416;1;3
22419;6;0
22423;0;0
22426;1;1
22430;0;2
22434;4;4
22437;4;2
22441;1;3
22445;2;0
22448;0;6
22452;0;2
22456;3;1
22459;5;0
22463;0;2
22467;3;1
22470;2;3
22474;1;0
22478;0;0
22481;0;0
22485;0;0
22488;4;3
22492;9;6
22496;1;1
22499;0;1
22503;0;0
22507;1;1
22510;0;3
22514;2;0
22518;4;0
22521;2;0
22525;6;2
22529;0;2
22532;4;0
22536;1;0
22539;3;2
22543;3;2
22547;4;0
22550;0;2
22554;5;0
22558;1;0
22561;0;0
22565;1;0
22569;4;0
22572;0;0
22576;0;0
22580;6;2
22583;0;1
22589;1;0
22591;7;4
22594;2;2
22598;3;0
22601;1;2
22605;7;1
22609;7;0
22612;2;1
22616;0;2
22620;4;3
22623;0;0
22627;4;0
22631;4;0
22634;2;0
22638;5;0
22642;1;0
22645;1;0
22649;2;2
22652;0;0
22656;1;0
22660;0;0
22663;0;0
22667;3;1
22671;3;2
22674;2;0
22678;7;1
22682;2;4
22685;0;1
22689;2;1
22693;2;2
22696;3;0
22700;4;0
22704;1;0
22707;0;2
22711;0;0
22714;0;2
22718;0;1
22722;3;2
22725;7;0
22729;3;3
22733;2;1
22736;3;0
22740;0;0
22744;5;2
22747;0;1
22751;3;2
22755;4;3
22758;3;0
22762;0;1
22765;0;0
22769;3;0
22775;0;1
22776;0;0
22780;1;1
22784;0;0
22787;6;2
22791;2;1
22795;1;0
22798;2;1
22802;8;0
22806;2;2
22809;2;2
22813;3;0
22817;3;1
22820;0;0
22824;1;0
22827;1;1
22831;0;0
22835;4;1
22838;4;2
22842;8;0
22846;3;0
22849;0;1
22853;8;1
22857;2;0
22860;1;0
22864;0;3
22868;6;0
22871;2;2
22875;2;0
22879;5;0
22882;0;0
22886;1;1
22889;1;4
22893;3;0
22897;0;0
22900;0;2
22904;1;5
22908;1;0
22911;4;2
22915;4;2
22919;8;2
22922;2;3
22926;3;1
22930;1;0
22933;5;4
22937;1;1
22940;4;2
22944;5;0
22948;0;2
22951;1;3
22955;3;0
22961;0;1
22962;2;0
22966;0;1
22970;0;0
22973;0;0
22977;5;0
22981;0;0
22984;0;2
22988;2;1
22992;1;0
22995;0;1
22999;0;0
23002;7;0
23006;3;0
23010;3;0
23013;3;0
23017;0;3
23021;0;1
23024;2;2
23028;0;1
23032;3;5
23035;5;1
23039;3;0
23043;5;0
23046;1;0
23050;5;0
23053;7;5
23057;2;3
23061;5;0
23064;5;3
23068;4;4
23072;2;0
23075;0;0
23079;5;1
23083;3;0
23086;0;0
23090;1;2
23094;3;0
23097;3;1
23101;0;1
23105;5;0
23108;0;0
23112;6;1
23115;1;0
23119;0;3
23123;6;0
23126;4;0
23130;1;1
23134;3;0
23137;1;0
23141;6;0
23147;1;1
23148;0;0
23152;4;0
23156;3;0
23159;2;0
23163;6;0
23166;2;0
23170;1;0
23174;2;0
23177;4;0
23181;0;1
23185;2;0
23188;1;0
23192;7;5
23196;4;0
23199;3;0
23203;0;2
23207;0;2
23210;4;0
23214;1;0
23218;4;1
23221;3;1
23225;0;0
23228;2;0
23232;2;0
23236;3;1
23239;2;0
23243;1;0
23247;0;0
23250;2;0
23254;1;0
23258;2;0
23261;2;0
23265;0;0
23269;2;0
23272;0;2
23276;4;0
23280;5;2
23283;6;1
23287;6;0
23290;1;0
23294;4;0
5140;6;0
5140;3;0
5141;3;0
5141;0;4
5143;1;0
5147;0;0
5151;3;0
5154;0;1
5158;1;1
5161;2;0
5167;5;2
5168;1;2
5172;3;4
5175;0;0
5179;4;0
5183;3;1
5186;3;0
5190;2;1
5193;4;1
5197;0;0
5200;0;3
5204;0;4
5208;2;0
5211;2;0
5215;0;4
5218;1;2
5222;2;2
5225;4;2
5229;1;0
5232;0;0
5236;0;4
5240;3;0
5243;5;1
5247;0;1
5250;5;3
5254;2;2
5257;1;4
5261;0;0
5264;2;1
5268;7;2
5272;1;2
5275;7;3
5279;1;0
5282;0;0
5286;0;0
5289;0;0
5293;2;0
5296;0;0
5300;5;2
5304;1;0
5307;1;0
5311;0;1
5314;0;1
5318;2;2
5321;0;1
5325;5;0
5329;0;0
5332;2;0
5336;8;0
5339;7;0
5343;0;3
5346;0;0
5350;5;3
5353;1;0
5357;4;0
5361;5;3
5364;3;0
5370;1;0
5371;7;0
5375;3;0
5378;0;0
5382;2;0
5385;1;2
5389;0;3
5393;4;1
5396;1;2
5400;2;2
5403;0;0
5407;1;0
5410;1;1
5414;3;0
5417;1;0
5421;0;2
5425;1;0
5428;0;4
5432;2;0
5435;0;0
5439;2;0
5442;3;0
5446;4;3
5450;8;0
5453;0;0
5457;1;0
5460;6;1
5464;3;2
5467;3;1
5471;3;0
5474;0;0
5478;4;0
5482;1;2
5485;2;3
5489;2;1
5492;0;0
5496;0;1
5499;0;3
5503;0;0
5506;0;2
5510;3;1
5514;2;0
5517;3;0
5521;5;1
5524;5;0
5528;5;1
5531;2;2
5535;1;0
5538;0;1
5542;1;2
5546;4;0
5549;4;2
5553;2;0
5556;1;1
5560;3;0
5563;0;0
5567;5;0
5573;5;2
5574;0;1
5578;2;0
5581;0;0
5585;1;1
5588;0;1
5592;0;0
5595;0;0
5599;0;0
5603;1;2
5606;0;2
5610;2;0
5613;5;0
5617;0;1
5620;3;1
5624;0;2
5627;3;0
5631;2;1
5635;2;0
5638;3;4
5642;6;0
5645;2;0
5649;0;2
5652;3;0
5656;0;1
5659;0;1
5663;6;4
5667;0;3
5670;2;2
5674;0;1
5677;1;1
5681;0;0
5684;4;0
5688;0;0
5692;0;0
5695;1;0
5699;4;1
5702;2;3
5706;3;0
5709;1;3
5713;0;0
5716;1;1
5720;3;0
5724;0;0
5727;4;0
5731;3;0
5734;0;0
5738;2;0
5741;2;2
5745;5;3
5748;2;3
5752;0;0
5756;2;0
5759;1;0
5763;2;3
5766;0;2
5770;4;0
5800;3;3
5801;4;2
5801;2;0
5803;3;0
5807;4;1
5810;0;1
5814;1;2
5818;2;2
5821;1;0
5825;3;1
5828;2;1
5832;0;0
5835;6;1
5839;2;1
5842;3;0
5846;8;0
5850;1;1
5853;0;0
5857;4;4
5860;5;2
5864;3;0
5867;0;2
5871;4;0
5874;2;0
5878;2;0
5882;1;0
5885;1;0
5889;6;3
5892;0;0
5896;0;0
5899;8;1
5903;5;1
5907;2;0
5910;0;2
5914;2;1
5917;3;1
5921;2;2
5924;0;0
5928;2;1
5931;4;2
5935;2;0
5939;0;0
5942;1;3
5946;0;1
5949;0;0
5953;4;0
5956;2;0
5960;0;0
5963;0;1
5967;6;0
5971;2;1
5974;2;3
5978;6;0
5981;1;0
5985;3;4
5988;5;4
5992;2;0
6010;3;0
6011;3;0
6011;1;4
6013;3;0
6017;1;0
6020;3;0
6024;0;0
6027;0;1
6031;2;0
6035;4;2
6038;4;0
6042;16;2
6045;1;2
6049;2;2
6052;4;0
6056;3;0
6059;3;3
6063;1;0
6067;5;1
6070;0;0
6074;0;0
6077;2;0
6081;2;1
6084;6;0
6088;5;0
6092;0;0
6095;4;2
6099;4;0
6102;0;1
6106;0;0
6109;1;0
6113;2;2
6116;4;1
6120;0;0
6124;0;2
6127;1;2
6131;0;1
6134;0;2
6138;0;0
6141;2;0
6145;0;2
6148;0;0
6152;3;0
6156;1;4
6159;0;2
6163;0;0
6166;0;0
6170;0;0
6173;8;1
6177;0;0
6180;1;4
6184;6;4
6188;1;0
6191;0;3
6195;1;0
6198;0;0
6202;3;2
6208;5;0
6209;2;0
6213;0;2
6216;4;0
6220;1;1
6223;3;2
6227;0;0
6230;2;6
6234;0;5
6237;3;5
6241;2;0
6245;2;1
6248;2;0
6252;6;0
6255;8;0
6259;3;1
6262;2;1
6266;4;1
6269;1;0
6273;0;1
6277;0;1
6280;7;0
6284;1;1
6287;1;1
6291;4;0
6294;5;0
6298;3;1
6301;2;0
6305;0;0
6309;4;0
6312;0;0
6316;4;0
6319;2;0
6323;4;0
6326;3;0
6330;0;2
6334;1;0
6337;4;1
6341;2;1
6344;3;1
6348;3;1
6351;1;1
6355;1;0
6358;0;0
6362;4;1
6366;3;0
6369;2;0
6373;1;0
6376;2;0
6380;0;1
6383;1;1
6387;4;0
6390;3;0
6394;1;2
6398;4;3
6401;4;5
6405;0;1
6411;0;4
6412;1;2
6415;6;0
6419;5;0
6422;2;0
6426;0;0
6430;6;0
6433;4;0
6437;7;1
6440;6;0
6444;1;0
6447;3;3
6451;3;1
6455;2;0
6458;1;0
6462;3;0
6465;2;0
6469;1;0
6472;4;0
6476;0;1
6479;2;0
6483;1;0
6487;4;3
6490;1;3
6494;2;5
6497;2;0
6501;0;0
6504;5;0
6508;2;4
6511;1;0
6515;2;4
6519;3;2
6522;3;0
6526;0;1
6529;1;0
6533;4;6
6536;0;2
6540;3;2
6543;6;1
6547;0;0
6551;2;3
6554;1;0
6558;6;0
6561;0;0
6565;2;2
6568;1;0
6572;0;0
6575;1;0
6579;0;2
6583;0;2
6586;4;2
6590;1;1
6593;2;3
6597;2;1
6600;0;0
6604;0;2
6608;6;0
6613;0;0
6615;2;0
6618;0;4
6622;0;1
6625;2;0
6629;2;4
6632;0;0
6636;1;0
6640;2;0
6643;0;3
6647;1;3
6650;2;0
6654;0;1
6657;1;2
6661;0;0
6664;2;2
6668;0;0
6672;2;1
6675;2;0
6679;0;0
6682;6;0
6686;0;2
6689;0;0
6693;2;0
6696;4;0
6700;3;2
6704;4;1
6707;2;0
6711;1;2
6714;0;4
6718;0;0
6721;0;0
6725;2;3
6729;2;0
6732;0;0
6736;5;0
6739;7;0
6743;1;0
6746;3;0
6750;1;2
6753;1;0
6757;7;0
6761;3;3
6764;1;0
6768;0;0
6771;0;0
6775;3;0
6778;2;1
6782;4;0
6785;0;0
6789;4;0
6793;7;0
6796;5;0
6800;0;0
6803;3;4
6807;2;0
6813;1;0
6814;2;1
6817;0;0
6821;3;4
6825;5;0
6828;5;2
6832;3;5
6835;5;3
6839;3;3
6842;6;0
6846;2;0
6850;0;0
6853;2;0
6857;5;0
6860;2;0
6864;1;0
6867;5;3
6871;2;0
6874;2;0
6878;2;0
6882;0;1
6885;0;0
6889;2;0
6892;1;1
6896;0;0
6899;0;2
6903;0;1
6906;2;0
6910;4;0
6914;0;0
6917;5;0
6921;1;0
6924;0;0
6928;0;3
6931;3;1
6935;4;1
6938;6;2
6942;7;1
6946;2;1
6949;8;0
6953;1;0
6956;1;3
6960;0;0
6963;0;4
6967;0;0
6971;3;4
6974;0;2
6978;2;0
6981;0;0
6985;0;3
6988;2;1
6992;0;1
6995;2;2
6999;0;1
7003;6;0
7006;1;1
7010;1;3
7016;0;0
7017;0;0
7020;5;0
7024;1;4
7027;1;0
7031;1;0
7035;0;0
7038;4;0
7042;0;0
7045;2;2
7049;2;1
7052;3;0
7056;1;0
7059;2;0
7063;6;3
7067;4;0
7070;0;3
7074;3;0
7077;4;0
7081;3;0
7084;0;2
7088;6;1
7092;0;0
7095;0;2
7099;4;0
7102;3;0
7106;2;2
7109;0;0
7113;2;0
7116;0;2
7120;2;0
7124;4;3
7127;2;1
7131;2;0
7134;2;0
7138;0;0
7141;3;1
7145;4;0
7148;0;0
7152;1;0
7156;4;0
7159;3;0
7163;3;0
7166;5;1
7170;4;0
7173;0;2
7177;0;3
7180;0;0
7184;0;0
7188;7;2
7191;4;0
7195;2;0
7198;0;1
7202;0;2
7205;2;0
7209;0;1
7212;4;0
7218;1;0
7220;5;0
7223;2;0
7227;5;0
7230;1;0
7234;0;2
7237;0;1
7241;0;0
7245;0;2
7248;3;0
7252;2;3
7255;1;1
7259;2;4
7262;3;1
7266;0;1
7269;2;0
7273;4;1
7277;3;2
7280;2;0
7284;4;0
7287;0;3
7291;2;0
7294;2;2
7298;0;0
7301;0;0
7305;0;0
7309;1;0
7312;3;0
7316;3;0
7319;0;1
7323;7;3
7326;0;0
7330;4;2
7333;3;2
7337;0;0
7341;1;3
7344;0;1
7348;1;0
7351;2;1
7355;2;2
7358;2;1
7362;1;0
7366;0;2
7369;1;0
7373;4;0
7376;2;0
7380;0;0
7383;7;2
7387;2;1
7390;1;1
7394;1;0
7398;1;0
7401;1;0
7405;1;0
7408;1;4
7412;7;0
7415;7;0
7421;0;0
7422;1;2
7426;2;0
7430;1;2
7433;3;2
7437;1;1
7440;1;4
7444;0;0
7447;0;1
7451;3;1
7454;2;3
7458;3;0
7462;1;1
7465;2;4
7469;2;0
7472;4;0
7476;3;0
7479;4;0
7483;0;0
7487;4;0
7490;4;0
7494;1;0
7497;8;3
7501;2;0
7504;1;0
7508;0;1
7511;0;0
7515;3;5
7519;2;4
7522;4;0
7526;1;2
7529;3;4
7533;4;4
7536;0;0
7540;2;2
7543;2;1
7547;2;0
7551;0;2
7554;0;0
7558;4;2
7561;5;1
7565;1;0
7568;6;1
7572;2;3
7575;4;0
7579;2;4
7583;7;3
7586;3;0
7590;1;0
7593;3;0
7597;4;2
7600;3;1
7604;1;1
7608;0;0
7611;3;1
7615;2;0
7618;0;0
7624;6;0
7625;2;3
7629;1;0
7632;4;2
7636;4;0
7640;6;2
7643;7;0
7647;3;0
7650;3;1
7654;1;0
7657;3;0
7661;0;0
7664;0;1
7668;0;2
7672;1;0
7675;2;2
7679;3;2
7682;0;2
7686;6;0
7689;0;1
7693;2;0
7696;5;4
7700;2;0
7704;3;1
7707;6;1
7711;3;0
7714;2;0
7718;1;0
7721;3;0
7725;2;0
7729;2;0
7732;0;1
7736;0;0
7739;0;2
7743;0;0
7746;0;1
7750;6;0
7753;0;3
7757;0;0
7761;7;0
7764;0;0
7768;1;2
7771;4;0
7775;1;0
7778;0;0
7782;1;1
7785;2;1
7789;2;1
7793;4;0
7796;0;2
7800;0;0
7803;3;0
7807;3;1
7810;1;0
7814;1;3
7817;2;0
7821;0;1
7827;2;0
7828;5;0
7832;0;0
7835;2;0
7839;0;0
7842;0;0
7846;2;1
7849;0;0
7853;0;2
7857;6;0
7860;0;0
7864;4;0
7867;3;4
7871;0;0
7874;5;0
7878;4;1
7882;7;1
7885;0;0
7889;0;4
7892;8;0
7896;1;0
7899;2;1
7903;2;0
7906;4;0
7910;5;5
7914;6;0
7917;3;0
7921;5;0
7924;3;0
7928;1;1
7931;2;0
7935;0;1
7938;0;1
7942;4;0
7946;4;1
7949;2;1
7953;0;3
7956;0;0
7960;0;0
7963;4;0
7967;2;0
7970;3;0
7974;3;0
7978;0;0
7981;2;0
7985;1;0
7988;4;3
7992;1;2
7995;0;0
7999;8;4
8003;3;4
8006;0;2
8010;0;2
8013;6;0
8017;0;0
8020;2;0
8024;2;0
8030;0;0
8031;0;1
8035;3;0
8038;1;0
8042;3;0
8045;0;3
8049;2;2
8052;0;2
8056;0;2
8059;5;0
8063;0;0
8067;0;0
8070;0;0
8074;0;2
8077;0;0
8081;2;1
8084;1;3
8088;3;6
8091;2;0
8095;1;0
8099;2;0
8102;0;0
8106;6;0
8109;3;0
8113;0;0
8116;0;1
8120;5;2
8124;0;0
8127;0;1
8131;2;2
8134;0;1
8138;2;1
8141;6;0
8145;2;0
8148;0;0
8152;1;0
8156;0;0
8159;4;2
8163;6;1
8166;3;0
8170;0;0
8173;5;3
8177;3;1
8180;3;1
8184;0;0
8188;0;0
8191;3;0
8195;4;0
8198;0;2
8202;4;1
8205;4;0
8209;0;0
8212;2;0
8216;0;3
8220;5;0
8223;0;0
8227;6;0
8233;1;0
8234;3;3
8237;2;3
8241;4;0
8245;7;0
8248;1;1
8252;2;0
8255;0;0
8259;7;0
8262;2;0
8266;0;0
8269;2;0
8273;0;3
8277;3;0
8280;4;0
8284;0;0
8287;3;3
8291;2;3
8294;3;0
8298;3;0
8301;2;1
8305;6;0
8309;2;2
8312;3;3
8316;2;2
8319;5;0
8323;4;1
8326;0;1
8330;0;3
8333;7;0
8337;4;0
8341;2;0
8344;1;0
8348;0;0
8351;0;2
8355;1;0
8358;0;3
8362;4;0
8366;0;0
8369;3;0
8373;0;0
8376;1;0
8380;0;0
8383;0;0
8387;4;3
8390;0;3
8394;4;4
8398;1;0
8401;7;0
8405;8;0
8408;0;0
8412;4;0
8415;2;4
8419;0;1
8422;0;1
8426;0;0
8430;0;0
8437;8;0
8437;5;0
8440;3;0
8444;0;3
8447;1;2
8451;1;1
8454;0;0
8458;5;0
8462;4;0
8465;0;0
8469;0;0
8472;5;0
8476;0;2
8479;1;2
8483;1;0
8487;2;3
8490;3;1
8494;0;1
8497;3;5
8501;1;2
8504;2;8
8508;0;3
8511;2;1
8515;0;1
8519;1;0
8522;3;0
8526;2;3
8529;1;0
8533;2;0
8536;2;1
8540;0;0
8543;3;0
8547;0;0
8551;2;0
8554;1;1
8558;5;0
8561;2;2
8565;0;2
8568;6;2
8572;0;0
8575;0;0
8579;3;0
8583;1;0
8586;1;0
8590;2;1
8593;5;4
8597;0;0
8600;2;0
8604;6;0
8607;3;0
8611;3;0
8615;7;2
8618;3;0
8622;1;1
8625;5;2
8629;5;0
8635;0;3
8636;0;2
8640;0;3
8643;0;0
8647;3;2
8650;0;0
8654;0;0
8657;0;0
8661;1;0
8664;0;0
8668;0;0
8672;4;4
8675;2;0
8679;2;0
8682;2;0
8686;0;0
8689;1;2
8693;3;0
8696;2;0
8700;4;0
8704;0;5
8707;1;1
8711;1;0
8714;6;0
8718;4;0
8721;4;0
8725;2;0
8728;8;0
8732;2;0
8736;3;0
8739;1;2
8743;3;0
8746;2;0
8750;0;0
8753;1;2
8757;0;0
8761;1;0
8764;3;0
8768;1;2
8771;5;1
8775;7;0
8778;2;0
8782;0;1
8785;1;0
8789;0;0
8793;4;2
8796;0;1
8800;2;0
8803;0;0
8807;4;0
8810;4;0
8814;3;3
8817;1;0
8821;0;0
8825;0;0
8828;0;5
8832;1;0
8838;2;2
8839;6;3
8842;0;1
8846;5;3
8849;2;0
8853;6;0
8857;5;1
8860;2;2
8864;0;1
8867;2;0
8871;2;0
8874;0;4
8878;3;2
8882;3;0
8885;0;0
8889;6;0
8892;0;0
8896;3;0
8899;0;0
8903;0;0
8906;1;0
8910;0;1
8914;4;1
8917;7;0
8921;4;0
8924;6;1
8928;2;1
8931;2;1
8935;1;3
8938;5;0
8942;0;0
8946;0;0
8949;1;0
8953;1;3
8956;3;0
8960;0;0
8963;1;0
8967;2;0
8970;5;1
8974;1;2
8978;6;0
8981;1;1
8985;2;0
8988;4;1
8992;4;0
8995;2;2
8999;0;0
9003;2;0
9006;1;0
9010;5;1
9013;5;1
9017;0;0
9020;0;4
9024;3;0
9027;3;0
9031;3;0
9035;0;0
9040;2;2
9042;0;1
9045;3;3
9049;0;1
9052;5;0
9056;3;0
9059;1;0
9063;6;1
9067;3;4
9070;0;1
9074;3;0
9077;1;3
9081;4;2
9084;2;0
9088;1;0
9091;1;0
9095;4;3
9099;1;0
9102;1;1
9106;0;2
9109;2;0
9113;2;0
9116;4;1
9120;2;2
9124;2;1
9127;6;1
9131;5;0
9134;4;0
9138;2;0
9141;3;1
9145;1;0
9148;2;2
9152;4;0
9156;0;0
9159;1;3
9163;1;0
9166;1;0
9170;2;1
9173;4;0
9177;1;0
9180;0;3
9184;0;4
9188;1;1
9191;0;2
9195;4;0
9198;5;1
9202;2;0
9205;1;0
9209;0;0
9212;0;4
9216;1;0
9220;2;2
9223;0;0
9227;1;2
9230;2;0
9234;2;0
9237;0;1
9243;4;2
9245;4;0
9248;7;0
9252;0;0
9255;0;0
9259;7;0
9262;0;0
9266;2;0
9269;0;3
9273;3;1
9277;0;0
9280;0;1
9284;3;0
9287;1;2
9291;2;1
9294;5;0
9298;0;0
9301;0;3
9305;1;0
9309;7;0
9312;4;1
9316;3;0
9319;2;0
9323;6;0
9326;1;0
9330;2;0
9333;2;0
9337;4;2
9341;4;0
9344;3;1
9348;7;1
9351;2;3
9355;1;3
9358;5;5
9362;0;2
9365;2;2
9369;3;0
9373;6;0
9376;2;0
9380;0;1
9383;1;0
9387;1;0
9390;4;2
9394;7;4
9398;7;0
9401;0;0
9405;0;0
9408;2;4
9412;2;0
9415;3;0
9419;1;0
9422;4;2
9426;3;0
9430;0;0
9433;3;2
9437;0;0
9440;2;0
9446;3;2
9447;6;1
9451;6;1
9454;3;1
9458;1;1
9462;5;0
9465;0;2
9469;3;0
9472;6;2
9476;3;1
9479;0;1
9483;1;1
9486;1;0
9490;4;0
9494;17;0
9497;1;0
9501;1;2
9504;3;2
9508;0;0
9511;16;4
9515;3;1
9519;0;0
9522;4;0
9526;2;2
9529;0;0
9533;1;0
9536;2;0
9540;3;0
9543;3;2
9547;0;0
9551;2;0
9554;1;0
9558;2;0
9561;3;0
9565;2;0
9568;1;0
9572;5;1
9575;0;1
9579;5;1
9583;5;0
9586;5;0
9590;4;2
9593;1;0
9597;16;2
9600;2;0
9604;0;0
9607;2;0
9611;3;0
9615;2;2
9618;0;0
9622;2;1
9625;3;1
9629;0;0
9632;2;0
9636;1;0
9640;7;3
9643;2;2
9649;0;0
9650;3;3
9654;1;2
9657;4;0
9661;1;0
9664;2;0
9668;0;0
9672;0;1
9675;2;0
9679;6;0
9682;1;1
9686;0;0
9689;5;0
9693;0;2
9697;1;5
9700;2;2
9704;1;3
9708;4;0
9711;0;4
9715;3;2
9718;5;0
9722;0;1
9726;4;0
9729;1;2
9733;0;0
9737;0;0
9740;0;3
9744;4;0
9748;3;0
9751;4;0
9755;0;0
9759;4;0
9762;0;0
9766;3;0
9770;8;2
9773;0;0
9777;0;0
9780;0;1
9784;3;0
9788;4;0
9791;2;0
9795;1;1
9799;0;0
9802;4;2
9806;4;3
9810;2;2
9813;0;1
9817;0;0
9821;0;0
9824;0;0
9828;0;5
9832;0;1
9835;4;0
9839;2;0
9842;0;0
9846;0;0
9852;0;1
9853;3;0
9857;4;0
9861;0;0
9864;1;4
9868;2;0
9872;0;0
9875;0;0
9879;1;0
9883;2;0
9886;2;3
9890;0;3
9893;4;0
9897;3;1
9901;1;1
9904;2;2
9908;1;0
9912;3;2
9915;0;1
9919;2;2
9923;3;0
9926;1;2
9930;3;0
9934;0;3
9937;0;1
9941;3;0
9945;0;0
9948;0;0
9952;6;0
9955;2;0
9959;0;1
9963;3;2
9966;2;1
9970;2;2
9974;1;2
9977;6;0
9981;0;0
9985;6;0
9988;5;2
9992;4;0
9996;2;0
9999;2;1
10003;3;0
10006;1;0
10010;1;0
10014;3;0
10017;3;0
10021;0;1
10025;3;0
10028;3;0
10032;2;0
10036;0;0
10039;1;0
10043;0;0
10047;0;1
10050;2;1
10056;3;0
10058;2;1
10061;6;0
10065;2;0
10068;5;2
10072;4;0
10076;1;0
10079;2;1
10083;2;0
10087;3;0
10090;1;0
10094;0;0
10098;3;4
10101;3;4
10105;2;0
10109;0;4
10112;0;1
10116;5;3
10119;0;0
10123;4;1
10127;3;0
10130;3;0
10134;7;0
10138;1;0
10141;0;0
10145;4;0
10149;4;0
10152;0;3
10156;7;3
10160;0;2
10163;4;0
10167;2;2
10171;0;1
10174;6;0
10178;0;0
10181;2;0
10185;3;3
10189;0;0
10192;0;3
10196;0;0
10200;0;0
10203;3;0
10207;5;0
10211;0;3
10214;5;1
10218;0;2
10222;0;0
10225;0;0
10229;5;1
10233;2;0
10236;0;0
10242;3;0
10243;6;2
10247;7;0
10251;0;1
10254;0;0
10258;0;0
10262;2;0
10265;4;0
10269;4;0
10273;3;0
10276;2;3
10280;0;3
10284;4;0
10287;1;0
10291;0;1
10294;6;0
10298;3;0
10302;2;0
10305;2;0
10309;3;0
10313;4;0
10316;3;0
10320;0;0
10324;2;0
10327;3;0
10331;2;0
10335;2;2
10338;0;0
10342;0;0
10346;0;1
10349;3;3
10353;0;0
10356;5;0
10360;0;0
10364;5;0
10367;0;0
10371;2;3
10375;3;0
10378;0;0
10382;5;2
10386;3;0
10389;5;0
10393;0;1
10397;2;1
10400;4;2
10404;4;0
10407;2;0
10411;0;4
10415;1;3
10418;2;1
10422;6;0
10428;5;1
10429;2;1
10433;0;0
10437;0;1
10440;6;0
10444;0;1
10448;1;3
10451;0;0
10455;6;2
10459;3;2
10462;5;0
10466;5;1
10469;2;2
10473;4;0
10477;6;1
10480;1;0
10484;4;0
10488;3;4
10491;3;0
10495;3;0
10499;4;0
10502;0;2
10506;5;0
10510;4;1
10513;2;7
10517;0;8
10521;1;1
10524;0;0
10528;3;0
10531;2;0
10535;1;2
10539;3;1
10542;0;0
10546;3;0
10550;1;0
10553;3;3
10557;3;1
10561;6;2
10564;3;0
10568;1;0
10572;0;1
10575;2;0
10579;1;0
10582;7;4
10586;0;1
10590;0;2
10593;0;0
10597;3;2
10601;3;0
10604;1;0
10608;0;0
10614;4;2
10615;1;0
10619;0;0
10623;5;2
10626;5;0
10630;3;3
10634;0;0
10637;4;0
10641;2;1
10644;1;0
10648;3;0
10652;1;3
10655;2;0
10659;4;0
10663;0;3
10666;2;0
10670;7;1
10674;5;0
10677;5;1
10681;0;1
10685;0;2
10688;0;0
10692;2;1
10695;4;0
10699;7;0
10703;4;0
10706;4;0
10710;8;5
10714;0;1
10717;3;0
10721;0;1
10725;0;3
10728;2;1
10732;1;0
10736;3;0
10739;2;2
10743;0;3
10747;2;5
10750;2;0
10754;3;1
10757;5;2
10761;2;2
10765;5;3
10768;1;4
10772;0;1
10776;0;1
10779;6;0
10783;3;0
10787;1;2
10790;1;2
10794;6;2
10798;2;2
10838;2;0
10838;2;0
10838;5;3
10841;1;2
10845;4;2
10848;2;0
10852;0;1
10856;0;0
10859;3;0
10863;5;1
10867;1;0
10870;0;0
10874;1;0
10878;0;1
10881;0;0
10885;3;1
10888;4;0
10892;4;2
10896;4;1
10899;2;4
10903;0;0
10907;2;4
10910;1;0
10914;4;4
10918;0;0
10921;1;0
10925;5;5
10929;1;0
10932;0;0
10936;1;1
10940;3;2
10943;2;3
10947;0;0
10950;0;1
10954;4;0
10958;5;2
10961;0;0
10965;3;0
10969;5;0
10972;3;0
10976;0;2
10980;5;0
10983;3;0
10987;4;1
10991;7;0
10994;4;0
10998;1;3
11001;0;2
11005;1;0
11009;1;0
11012;4;1
11018;3;0
11020;9;0
11023;2;2
11027;0;0
11031;7;0
11034;6;2
11038;5;0
11042;1;0
11045;4;3
11049;0;0
11053;1;0
11056;6;1
11060;2;0
11063;0;1
11067;2;2
11071;8;3
11074;0;0
11078;0;2
11082;5;2
11085;1;0
11089;5;0
11093;5;0
11096;1;3
11100;0;0
11104;2;0
11107;0;2
11111;3;3
11114;7;0
11118;6;0
11122;1;2
11125;2;0
11129;0;2
11133;2;1
11136;2;1
11140;0;3
11144;5;1
11147;7;0
11151;4;2
11155;2;0
11158;2;0
11162;6;3
11166;5;4
11169;0;0
11173;6;3
11176;2;1
11180;1;0
11184;1;1
11187;3;0
11191;0;1
11195;3;0
11198;1;0
11204;0;4
11206;3;0
11209;2;0
11213;0;1
11217;2;1
11220;5;1
11224;8;0
11228;0;4
11231;2;3
11235;0;0
11238;0;0
11242;2;0
11246;7;0
11249;5;2
11253;4;2
11257;3;3
11260;4;0
11264;0;2
11268;4;0
11271;6;0
11275;3;0
11279;3;0
11282;6;0
11286;1;2
11289;2;0
11293;0;2
11297;0;0
11300;0;0
11304;5;0
11308;2;1
11311;5;2
11315;4;4
11319;2;0
11322;2;0
11326;3;2
11330;1;3
11333;3;0
11337;5;1
11341;1;1
11344;0;1
11348;3;0
11351;0;1
11355;6;0
11359;2;3
11362;0;1
11366;1;2
11370;2;0
11373;5;4
11377;2;0
11381;2;0
11384;6;0
11390;0;0
11392;8;1
11395;3;0
11399;3;0
11402;2;6
11406;0;0
11410;4;1
11413;3;2
11417;2;0
11421;0;0
11424;2;0
11428;5;2
11432;8;0
11435;5;0
11439;3;4
11443;6;0
11446;1;1
11450;1;0
11454;0;2
11457;4;2
11461;2;0
11464;3;0
11468;2;0
11472;1;1
11475;6;0
11479;2;0
11483;2;0
11486;4;0
11490;3;0
11494;3;2
11497;1;0
11501;2;0
11505;3;0
11508;1;2
11512;0;0
11515;2;1
11519;4;3
11523;6;1
11526;1;0
11530;5;2
11534;2;1
11537;0;1
11541;5;3
11545;1;2
11548;2;0
11552;2;3
11556;0;0
11559;3;0
11563;3;3
11567;3;1
11570;2;1
11576;3;0
11577;1;1
11581;5;0
11585;3;1
11588;2;0
11592;2;1
11596;6;0
11599;4;3
11603;0;0
11607;1;2
11610;3;0
11614;2;4
11618;1;2
11621;3;2
11625;0;4
11629;4;2
11632;1;0
11636;0;2
11639;6;1
11643;3;0
11647;0;1
11650;3;0
11654;5;0
11658;0;3
11661;0;0
11665;0;0
11669;4;2
11672;2;4
11676;0;0
11680;3;1
11683;2;1
11687;0;2
11690;4;3
11694;3;0
11698;0;3
11701;0;5
11705;1;3
11709;2;0
11712;0;2
11716;6;0
11720;2;0
11723;1;0
11727;0;0
11731;3;0
11734;2;0
11738;0;0
11742;4;1
11745;3;3
11749;4;1
11752;2;0
11756;4;0
11760;0;0
11765;3;0
11767;0;0
11771;4;0
11774;1;0
11778;3;0
11782;4;2
11785;3;0
11789;4;0
11793;0;1
11796;2;0
11800;5;3
11803;4;0
11807;1;0
11811;0;3
11814;1;0
11818;1;1
11822;2;0
11825;1;1
11829;1;2
11833;4;0
11836;7;0
11840;1;0
11844;4;3
11847;3;0
11851;3;3
11855;3;0
11858;0;0
11862;0;4
11865;2;1
11869;1;1
11873;0;2
11876;2;0
11880;4;2
11884;4;0
11887;4;0
11891;0;1
11895;1;0
11898;3;0
11902;2;1
11906;1;0
11909;3;1
11913;2;1
11916;1;1
11920;4;2
11924;2;5
11927;5;0
11931;4;0
11935;2;1
11938;3;2
11942;0;1
11946;5;2
11951;2;2
11953;2;0
11957;2;0
11960;5;0
11964;1;0
11968;1;0
11971;3;3
11975;0;0
11978;4;0
11982;3;1
11986;3;0
11989;5;4
11993;6;0
11997;4;1
12000;0;4
12004;4;0
12008;2;1
12011;0;0
12015;3;0
12019;1;4
12022;3;0
12026;4;1
12030;3;1
12033;7;1
12037;2;4
12040;4;2
12044;4;0
12048;3;0
12051;2;0
12055;1;0
12059;2;0
12062;2;0
12066;1;1
12070;3;0
12073;4;0
12077;0;2
12081;3;1
12084;5;0
12088;0;0
12091;2;1
12095;0;2
12099;0;0
12102;2;0
12106;0;0
12110;3;1
12113;3;0
12117;2;0
12121;3;1
12124;3;0
12128;4;2
12132;3;6
12137;0;2
12139;0;4
12143;2;1
12146;1;1
12150;3;2
12153;6;1
12157;7;2
12161;1;1
12164;5;3
12168;2;0
12172;3;0
12175;5;0
12179;1;0
12183;3;2
12186;1;0
12190;1;2
12194;0;3
12197;5;0
12201;2;2
12204;1;0
12208;2;0
12212;3;1
12215;2;1
12219;3;0
12223;1;1
12226;1;1
12230;0;1
12234;2;0
12237;2;0
12241;1;0
12245;2;3
12248;0;2
12252;0;1
12256;2;2
12259;4;0
12263;1;2
12266;1;0
12270;0;0
12274;0;0
12277;2;2
12281;2;0
12285;1;2
12288;2;1
12292;3;2
12296;0;3
12299;1;1
12303;5;0
12307;3;0
12310;2;2
12314;3;2
12317;2;2
12323;3;3
12325;2;2
12328;3;0
12332;3;1
12336;0;1
12339;2;1
12343;4;1
12347;3;0
12350;0;2
12354;4;0
12358;2;2
12361;4;2
12365;2;3
12369;0;3
12372;6;0
12376;1;6
12379;2;0
12383;4;3
12387;4;3
12390;0;0
12394;0;2
12398;5;0
12401;2;0
12405;1;0
12409;4;0
12412;2;0
12416;4;1
12420;1;0
12423;0;2
12427;4;0
12431;4;3
12434;4;1
12438;3;0
12441;0;1
12445;0;0
12449;1;2
12452;5;0
12456;2;0
12460;0;0
12463;2;1
12467;0;0
12471;5;1
12474;4;0
12478;3;0
12482;4;2
12485;0;0
12489;1;1
12492;2;0
12496;0;4
12500;2;2
12503;1;0
12509;0;1
12511;0;5
12514;5;0
12518;5;3
12522;2;0
12525;4;3
12529;2;0
12533;4;0
12536;0;1
12540;2;0
12544;5;2
12547;4;0
12551;1;4
12554;0;0
12558;4;0
12562;1;0
12565;2;0
12569;2;0
12573;4;3
12576;3;1
12580;4;0
12584;1;0
12587;3;0
12591;3;1
12595;3;0
12598;1;0
12602;2;3
12605;6;0
12609;0;2
12613;2;0
12616;4;1
12620;4;0
12624;5;2
12627;1;0
12631;0;0
12635;2;0
12638;5;0
12642;4;0
12646;1;5
12649;6;0
12653;3;1
12657;1;3
12660;1;0
12664;0;2
12667;2;0
12671;2;0
12675;6;2
12678;1;2
12682;4;3
12686;0;0
12689;5;0
12693;3;2
12699;4;3
12700;0;1
12704;5;0
12708;0;0
12711;4;0
12715;8;0
12718;0;0
12722;3;2
12726;2;1
12729;1;1
12733;4;2
12737;0;2
12740;4;3
12744;0;0
12748;5;0
12751;3;3
12755;6;0
12759;6;3
12762;1;0
12766;1;2
12770;2;1
12773;7;0
12777;2;2
12780;8;3
12784;0;0
12788;5;0
12791;1;1
12795;3;1
12799;6;2
12802;4;0
12806;3;4
12810;1;1
12813;2;0
12817;0;0
12821;3;0
12824;1;1
12828;7;2
12832;4;0
12835;5;1
12839;2;1
12842;7;1
12846;1;0
12850;3;1
12853;1;0
12857;1;2
12861;1;2
12864;0;0
12868;2;0
12872;2;0
12875;5;0
12879;3;3
12885;3;1
12886;7;3
12890;5;2
12893;4;0
12897;1;0
12901;4;0
12904;5;4
12908;0;0
12912;1;0
12915;3;2
12919;0;4
12923;4;3
12926;0;1
12930;2;0
12934;7;0
12937;3;4
12941;0;4
12945;4;1
12948;2;3
12952;6;1
12955;0;3
12959;7;4
12963;2;1
12966;0;0
12970;2;1
12974;7;0
12977;2;2
12981;2;4
12985;1;3
12988;3;1
12992;3;0
12996;1;0
12999;3;2
13003;0;0
13006;3;0
13010;1;0
13014;4;0
13017;4;3
13021;5;0
13025;6;0
13028;1;1
13032;0;0
13036;3;0
13039;5;0
13043;5;0
13047;0;0
13050;2;1
13054;2;4
13058;2;0
13061;2;1
13065;5;0
13071;1;1
13072;2;0
13076;4;0
13079;2;2
13083;0;0
13087;4;1
13090;2;0
13094;2;2
13098;5;0
13101;2;3
13105;1;0
13109;0;0
13112;1;1
13116;0;0
13120;5;1
13123;1;1
13127;3;2
13130;5;0
13134;4;3
13138;3;0
13141;2;0
13145;6;1
13149;4;2
13152;4;0
13156;2;2
13160;3;1
13163;2;2
13167;3;0
13171;3;2
13174;0;0
13178;1;3
13181;3;5
13185;3;2
13189;1;0
13192;3;0
13196;3;2
13200;4;0
13203;2;1
13207;4;1
13211;3;1
13214;2;4
13218;2;5
13222;3;2
13225;0;0
13229;4;0
13233;4;0
13236;0;1
13240;1;2
13243;0;0
13247;3;1
13251;3;2
13257;1;0
13258;0;2
13262;5;1
13265;2;2
13269;4;2
13273;1;3
13276;6;0
13280;5;0
13284;3;2
13287;1;1
13291;1;0
13294;1;0
13298;5;1
13302;6;0
13305;0;0
13309;4;2
13313;5;1
13316;8;1
13320;2;1
13324;1;2
13327;4;0
13331;6;0
13335;0;2
13338;1;2
13342;0;2
13346;2;0
13349;0;1
13353;1;0
13356;2;2
13360;0;4
13364;7;1
13367;7;0
13371;0;0
13375;0;0
13378;1;0
13382;4;0
13386;2;2
13389;1;7
13393;2;0
13397;4;0
13400;0;0
13404;3;0
13407;5;4
13411;0;3
13415;0;3
13418;3;2
13422;1;0
13426;0;0
13429;2;0
13433;5;0
13437;5;1
13442;3;0
13444;2;2
13448;7;3
13451;5;2
13455;0;3
13459;3;0
13462;7;1
13466;3;1
13469;3;1
13473;1;0
13477;6;0
13480;6;1
13484;0;0
13488;5;3
13491;0;2
13495;1;0
13499;0;1
13502;1;0
13506;0;0
13510;1;3
13513;4;0
13517;1;1
13521;3;0
13524;1;4
13528;0;3
13531;1;0
13535;1;4
13539;2;1
13542;6;2
13546;18;0
13550;2;0
13553;4;0
13557;5;0
13561;0;0
13564;7;0
13568;0;1
13572;4;4
13575;7;0
13579;4;3
13582;3;3
13586;2;2
13590;0;0
13593;0;1
13597;2;2
13601;0;2
13604;6;0
13608;1;0
13612;0;0
13615;5;1
13619;2;2
13623;1;1
13626;0;0
13632;4;1
13634;0;0
13637;2;0
13641;1;0
13644;5;4
13648;1;3
13652;4;0
13655;4;0
13659;4;0
13663;2;2
13666;0;0
13670;6;0
13674;5;4
13677;4;0
13681;1;0
13685;4;0
13688;5;0
13692;0;3
13695;1;4
13699;4;1
13703;4;2
13706;1;1
13710;0;2
13714;0;0
13717;4;0
13721;0;2
13725;4;2
13728;8;0
13732;8;2
13736;4;0
13739;0;6
13743;1;0
13747;2;1
13750;0;0
13754;0;1
13757;4;2
13761;0;4
13765;2;2
13768;7;0
13772;3;5
13776;2;0
13779;2;0
13783;1;0
13787;4;0
13790;3;1
13794;2;2
13798;0;3
13801;3;1
13805;5;2
13808;3;0
13812;0;4
13818;6;0
13819;7;0
13823;6;0
13827;0;0
13830;5;0
13834;0;0
13838;4;1
13841;1;0
13845;3;1
13849;3;0
13852;2;0
13856;4;2
13860;2;0
13863;3;0
13867;3;0
13870;2;1
13874;0;0
13878;3;0
13881;2;1
13885;2;0
13889;4;3
13892;3;0
13896;5;1
13900;3;1
13903;3;2
13907;3;0
13911;1;0
13914;3;2
13918;1;0
13922;2;0
13925;0;0
13929;4;1
13932;4;0
13936;2;1
13940;3;6
13943;6;0
13947;4;0
13951;2;0
13954;3;4
13958;2;2
13962;4;0
13965;3;0
13969;2;0
13973;0;2
13976;3;0
13980;7;0
13983;2;0
13987;3;0
13991;4;0
13994;2;0
13998;4;0
14004;0;0
14005;2;1
14009;4;2
14013;4;0
14016;0;2
14020;2;1
14024;0;2
14027;5;3
14031;3;2
14035;1;1
14038;0;1
14042;0;2
14045;0;0
14049;0;4
14053;0;1
14056;0;2
14060;3;2
14064;1;0
14067;0;0
14071;6;1
14075;3;0
14078;2;2
14082;6;1
14086;0;3
14089;3;0
14093;0;0
14096;3;0
14100;0;0
14104;5;0
14107;5;2
14111;4;1
14115;1;0
14118;3;1
14122;1;0
14126;5;0
14129;5;0
14133;0;0
14137;1;1
14140;4;0
14144;0;0
14148;0;0
14151;0;0
14155;0;0
14158;4;0
14162;1;1
14166;4;1
14169;7;0
14173;3;0
14177;7;0
14180;0;0
14184;4;3
14190;0;1
14191;3;0
14195;0;0
14199;0;0
14202;4;0
14206;4;2
14209;3;0
14213;0;4
14217;1;2
14220;2;0
14224;2;5
14228;4;0
14231;1;2
14235;1;0
14239;0;1
14242;3;0
14246;2;0
14250;2;3
14253;2;0
14257;4;1
14261;1;3
14264;3;1
14268;4;0
14271;0;0
14275;0;2
14279;0;1
14282;0;0
14286;5;0
14290;1;0
14293;5;1
14297;0;0
14301;1;1
14304;7;1
14308;5;2
14312;6;4
14315;5;3
14319;1;0
14323;2;1
14326;2;0
14330;2;2
14333;2;0
14337;5;0
14341;0;0
14344;5;0
14348;3;1
14352;0;2
14355;4;0
14359;5;0
14363;1;0
14366;2;2
14370;2;3
14376;4;0
14377;0;0
14381;3;0
14384;4;0
14388;1;0
14392;1;0
14395;1;0
14399;0;1
14403;0;1
14406;2;1
14410;3;1
14414;0;1
14417;1;3
14421;0;2
14425;1;1
14428;6;0
14432;3;1
14436;5;3
14439;0;0
14443;3;2
14446;6;0
14450;3;0
14454;0;0
14457;4;0
14461;4;0
14465;0;0
14468;1;0
14472;0;0
14476;3;2
14479;6;0
14483;4;2
14487;5;1
14490;5;0
14494;2;0
14497;2;0
14501;3;0
14505;3;3
14508;3;0
14512;5;3
14516;0;2
14519;1;3
14523;2;4
14527;5;2
14530;1;4
14534;5;4
14538;4;0
14541;3;1
14545;1;4
14549;0;0
14552;5;1
14556;4;0
14559;1;0
14565;0;0
14567;4;2
14570;3;0
14574;0;3
14578;4;0
14581;4;2
14585;1;0
14589;5;0
14592;0;0
14596;4;1
14600;5;0
14603;5;0
14607;1;1
14610;0;0
14614;4;0
14618;7;1
14621;0;0
14625;7;1
14629;4;4
14632;0;1
14636;4;1
14640;0;0
14643;4;7
14647;0;2
14651;7;0
14654;1;4
14658;0;0
14662;0;0
14665;4;0
14669;4;3
14672;3;3
14676;0;2
14680;0;4
14683;3;0
14687;4;0
14691;3;0
14694;1;2
14698;0;0
14702;4;1
14705;3;3
14709;3;0
14713;0;4
14716;4;2
14720;4;0
14724;1;3
14727;1;2
14731;5;3
14734;0;0
14738;4;4
14742;0;0
14745;0;0
14751;17;2
14753;3;0
14756;4;0
14760;0;0
14764;10;0
14767;0;0
14771;5;1
14775;5;0
14778;5;0
14782;0;0
14785;5;2
14789;4;0
14793;2;0
14796;0;1
14800;0;2
14804;3;0
14807;4;0
14811;0;0
14815;0;1
14818;0;0
14822;0;1
14826;4;0
14829;5;0
14833;5;1
14837;1;1
14840;2;1
14844;2;0
14847;0;0
14851;5;1
14855;3;0
14858;2;0
14862;4;1
14866;7;2
14869;2;0
14873;0;2
14877;4;1
14880;4;0
14884;0;0
14888;3;1
14891;5;0
14895;3;4
14898;0;0
14902;0;0
14906;1;0
14909;4;0
14913;0;3
14917;1;0
14920;2;0
14924;5;4
14928;3;0
14931;3;2
14937;2;0
14939;2;4
14942;6;2
14946;1;0
14950;1;0
14953;2;3
14957;0;1
14960;4;2
14964;4;3
14968;7;1
14971;3;0
14975;3;2
14979;0;6
14982;4;0
14986;3;3
14990;3;1
14993;4;0
14997;6;0
15001;3;0
15004;2;0
15008;1;1
15011;1;0
15015;1;1
15019;0;0
15022;2;1
15026;5;0
15030;2;0
15033;0;0
15037;3;0
15041;0;2
15044;1;2
15048;0;0
15052;0;0
15055;5;3
15059;3;1
15063;0;1
15066;4;2
15070;4;0
15073;3;1
15077;1;0
15081;3;1
15084;3;0
15088;2;3
15092;0;0
15095;5;1
15099;2;0
15103;8;0
15106;3;2
15110;4;0
15114;5;0
15117;2;1
15123;2;0
15125;4;0
15128;1;0
15132;4;2
15135;4;0
15139;3;2
15143;1;1
15146;2;0
15150;0;2
15154;0;1
15157;1;0
15161;4;3
15165;1;0
15168;3;0
15172;2;1
15176;6;0
15179;0;0
15183;3;0
15186;0;0
15190;0;4
15194;5;0
15197;1;0
15201;5;0
15205;2;2
15208;5;1
15212;3;2
15216;1;0
15219;0;0
15223;1;0
15227;5;0
15230;0;4
15234;2;0
15238;0;0
15241;1;0
15245;1;0
15248;2;1
15252;7;1
15256;2;6
15259;3;0
15263;2;3
15267;2;0
15270;1;3
15274;0;0
15278;3;0
15281;0;0
15285;4;0
15289;2;0
15292;0;0
15296;7;0
15299;2;0
15303;0;1
15309;1;2
15310;5;0
15314;2;0
15318;4;1
15321;1;0
15325;0;0
15329;1;0
15332;4;0
15336;4;0
15340;4;3
15343;1;0
15347;3;0
15351;3;0
15354;0;1
15358;0;1
15361;1;0
15365;1;1
15369;2;0
15372;0;1
15376;3;0
15380;1;0
15383;5;0
15387;1;0
15391;0;0
15394;2;0
15398;4;2
15402;4;4
15405;0;2
15409;1;0
15413;1;2
15416;3;0
15420;0;0
15423;4;1
15427;2;0
15431;0;1
15434;2;0
15438;1;1
15442;1;0
15445;6;1
15449;2;2
15453;3;1
15456;4;0
15460;2;2
15464;0;2
15467;2;0
15471;1;0
15474;3;0
15478;2;0
15482;0;1
15485;1;2
15489;6;0
15495;0;2
15496;2;0
15500;0;1
15504;0;3
15507;6;2
15511;1;2
15515;9;1
15518;4;0
15522;0;0
15526;2;0
15529;2;1
15533;0;2
15536;1;0
15540;2;0
15544;6;2
15547;2;0
15551;5;0
15555;2;0
15558;0;0
15562;4;3
15566;8;1
15569;0;1
15573;0;2
15577;0;1
15580;3;3
15584;0;0
15587;4;0
15591;4;0
15595;0;1
15598;1;0
15602;0;2
15606;6;4
15609;4;0
15613;5;0
15617;3;1
15620;2;0
15624;1;2
15628;5;0
15631;2;2
15635;5;1
15639;1;0
15642;4;1
15646;2;0
15649;1;0
15653;3;2
15657;2;1
15660;2;0
15664;0;2
15668;2;0
15671;5;1
15675;0;2
15679;3;4
15685;4;0
15686;1;0
15690;1;0
15693;3;0
15697;2;1
15700;0;1
15704;1;3
15708;3;3
15711;3;2
15715;0;1
15719;2;1
15722;1;0
15726;1;0
15730;4;6
15733;0;3
15737;1;3
15741;0;0
15744;0;1
15748;2;0
15752;4;0
15755;1;3
15759;0;1
15762;0;0
15766;2;0
15770;1;0
15773;0;2
15777;0;1
15781;0;0
15784;6;0
15788;5;3
15792;3;0
15795;3;1
15799;0;0
15803;8;4
15806;0;1
15810;1;1
15814;2;0
15817;2;0
15821;2;0
15824;3;1
15828;1;0
15832;3;2
15835;5;3
15839;2;1
15843;0;2
15846;0;1
15850;1;0
15854;1;1
15857;0;0
15861;4;0
15865;5;3
15870;3;3
15872;4;0
15875;5;0
15879;0;0
15883;1;1
15886;0;0
15890;3;3
15894;2;0
15897;3;1
15901;2;0
15905;1;0
15908;2;2
15912;1;0
15916;0;1
15919;1;1
15923;3;1
15927;3;0
15930;0;0
15934;8;0
15937;2;0
15941;0;0
15945;4;1
15948;1;0
15952;2;0
15956;5;0
15959;2;0
15963;1;0
15967;0;1
15970;0;0
15974;2;4
15978;0;1
15981;2;3
15985;3;0
15988;3;0
15992;1;5
15996;1;0
15999;1;0
16003;2;0
16007;0;0
16010;2;2
16014;4;4
16018;1;0
16021;2;0
16025;2;2
16029;0;0
16032;0;0
16036;8;2
16040;6;2
16043;3;0
16047;3;0
16050;2;0
16056;2;0
16058;3;0
16061;4;0
16065;3;2
16069;7;3
16072;2;0
16076;2;3
16080;3;0
16083;5;2
16087;4;0
16091;2;0
16094;3;0
16098;0;1
16101;0;0
16105;7;1
16109;3;0
16112;3;2
16116;2;1
16120;0;0
16123;1;1
16127;1;0
16131;0;0
16134;1;0
16138;5;2
16142;8;0
16145;0;0
16149;0;3
16153;4;1
16156;2;1
16160;0;2
16163;2;0
16167;0;2
16171;2;0
16174;0;0
16178;0;1
16182;0;1
16185;1;0
16189;1;0
16193;1;2
16196;0;2
16200;3;0
16204;4;2
16207;6;0
16211;2;0
16215;0;4
16218;0;0
16222;3;3
16225;7;0
16229;2;4
16233;3;2
16236;5;1
16242;4;0
16244;3;3
16247;0;1
16251;0;1
16255;2;1
16258;2;0
16262;1;0
16266;4;0
16269;5;0
16273;2;2
16276;1;0
16280;3;0
16284;4;0
16287;2;1
16291;0;0
16295;0;0
16298;0;1
16302;5;2
16306;1;0
16309;1;0
16313;1;0
16317;1;4
16320;3;2
16324;3;0
16328;0;1
16331;1;3
16335;6;1
16338;2;6
16342;3;0
16346;0;2
16349;4;2
16353;0;1
16357;2;0
16360;0;1
16364;5;0
16368;2;0
16371;2;0
16375;4;1
16379;5;0
16382;5;0
16386;0;2
16389;0;0
16393;4;1
16397;4;0
16400;3;5
16404;3;0
16408;2;0
16411;2;0
16415;1;1
16419;0;2
16422;2;2
16428;1;3
16430;0;3
16433;0;2
16437;0;0
16441;4;0
16444;4;0
16448;3;3
16451;0;3
16455;2;3
16459;6;0
16462;1;0
16466;1;2
16470;0;1
16473;3;3
16477;0;0
16481;6;2
16484;7;1
16488;5;1
16492;0;0
16495;1;1
16499;7;0
16502;3;1
16506;2;1
16510;5;2
16513;2;0
16517;2;0
16521;2;0
16524;0;1
16528;0;1
16532;1;1
16535;0;0
16539;4;0
16543;5;3
16546;2;1
16550;3;1
16554;0;4
16557;1;1
16561;0;0
16564;1;2
16568;1;3
16572;0;1
16575;1;0
16579;0;2
16583;1;3
16586;4;0
16590;8;0
16594;6;0
16597;2;3
16601;2;0
16605;0;2
16608;2;0
16612;4;0
16618;0;0
16619;1;0
16623;1;0
16626;3;1
16630;5;0
16634;2;0
16637;1;0
16641;6;2
16645;0;0
16648;5;0
16652;2;0
16656;4;0
16659;0;0
16663;1;1
16667;3;2
16670;0;0
16674;1;3
16677;4;0
16681;1;0
16685;6;3
16688;2;2
16692;4;1
16696;5;1
16699;0;2
16703;3;4
16707;1;0
16710;2;3
16714;2;0
16718;2;0
16721;1;0
16725;5;0
16729;0;1
16732;1;0
16736;2;0
16739;0;3
16743;0;0
16747;6;0
16750;0;0
16754;1;0
16758;0;2
16761;1;0
16765;1;0
16769;2;0
16772;3;2
16776;0;0
16780;0;1
16783;4;0
16787;5;1
16790;0;1
16794;2;0
16798;3;0
16804;0;0
16805;0;4
16809;0;1
16812;3;1
16816;1;0
16820;0;0
16823;3;0
16827;5;0
16831;1;2
16834;2;3
16838;2;1
16842;2;0
16845;2;0
16849;0;0
16852;5;5
16856;2;1
16860;0;0
16863;2;1
16867;8;0
16871;2;0
16874;0;1
16878;5;0
16882;0;1
16885;2;1
16889;3;0
16893;0;2
16896;1;2
16900;2;4
16903;7;0
16907;2;1
16911;2;1
16914;2;2
16918;0;0
16922;2;1
16925;1;2
16929;0;3
16933;7;0
16936;0;2
16940;1;0
16944;2;0
16947;0;0
16951;5;0
16955;0;0
16958;1;0
16962;2;6
16965;0;0
16969;1;4
16973;8;0
16976;0;0
16980;0;0
16984;3;3
16990;2;4
16991;3;0
16995;3;1
16998;3;0
17002;0;0
17006;3;0
17009;3;5
17013;1;1
17017;3;0
17020;2;0
17024;0;1
17027;0;0
17031;0;4
17035;2;0
17038;2;1
17042;2;1
17046;5;2
17049;7;0
17053;5;0
17057;3;0
17060;0;0
17064;3;3
17068;1;0
17071;16;1
17075;0;0
17078;2;0
17082;0;0
17086;1;1
17089;5;0
17093;0;1
17097;0;0
17100;0;1
17104;6;0
17108;0;3
17111;2;4
17115;7;3
17119;0;1
17122;0;0
17126;8;0
17130;0;0
17133;6;2
17137;4;2
17140;3;0
17144;2;0
17148;3;2
17151;2;1
17155;3;0
17159;5;0
17162;0;4
17166;7;0
17170;3;1
17175;7;0
17177;0;5
17181;2;2
17184;0;0
17188;6;0
17191;5;4
17195;4;0
17199;2;1
17202;1;1
17206;1;0
17210;2;0
17213;3;0
17217;4;0
17221;4;2
17224;0;1
17228;5;0
17232;2;2
17235;1;1
17239;0;0
17243;2;3
17246;2;0
17250;0;0
17253;1;1
17257;0;0
17261;0;0
17264;0;0
17268;5;0
17272;1;4
17275;2;0
17279;5;1
17283;1;0
17286;6;0
17290;6;0
17294;2;2
17297;1;0
17301;2;0
17304;2;0
17308;3;0
17312;0;2
17315;2;0
17319;0;1
17323;1;3
17326;1;0
17330;0;0
17334;2;0
17337;2;0
17341;4;0
17345;1;0
17348;4;0
17352;0;2
17356;0;0
17361;1;0
17363;0;4
17366;1;0
17370;3;2
17374;5;1
17377;1;0
17381;6;0
17385;0;3
17388;1;0
17392;4;0
17396;6;3
17399;5;0
17403;4;1
17407;2;2
17410;4;3
17414;5;0
17418;0;0
17421;2;3
17425;1;0
17428;4;0
17432;6;0
17436;8;4
17439;1;0
17443;4;1
17447;2;0
17450;2;0
17454;2;1
17458;1;0
17461;3;2
17465;0;0
17469;0;1
17472;5;1
17476;0;0
17479;0;0
17483;2;0
17487;1;2
17490;0;0
17494;1;1
17498;0;0
17501;2;1
17505;1;0
17509;2;0
17512;0;0
17516;1;0
17520;1;0
17523;0;0
17527;0;2
17531;5;0
17534;1;0
17538;2;1
17541;0;2
17547;0;0
17549;5;2
17552;3;0
17556;8;0
17560;1;0
17563;4;2
17567;0;0
17571;2;0
17574;7;0
17578;1;0
17582;0;3
17585;4;0
17589;5;1
17592;6;0
17596;2;1
17600;2;0
17603;1;5
17607;2;0
17611;0;2
17614;6;1
17618;0;0
17622;4;0
17625;0;0
17629;2;2
17633;2;2
17636;0;1
17640;0;4
17644;0;2
17647;3;3
17651;2;0
17654;1;1
17658;3;0
17662;3;0
17665;1;2
17669;6;4
17673;5;2
17676;2;0
17680;3;0
17684;1;0
17687;4;0
17691;7;0
17695;2;2
17698;2;2
17702;1;0
17706;5;0
17709;0;2
17713;0;2
17716;3;5
17720;0;3
17724;0;2
17727;3;1
17731;3;0
17737;4;0
17738;5;0
17742;0;0
17746;6;3
17749;1;4
17753;5;2
17757;0;0
17760;3;0
17764;3;1
17767;2;0
17771;3;0
17775;5;0
17778;1;0
17782;2;0
17786;2;0
17789;1;1
17793;1;0
17797;3;3
17800;2;0
17804;5;0
17808;2;0
17811;0;0
17815;0;3
17819;0;0
17822;0;0
17826;5;3
17829;5;0
17833;0;0
17837;0;0
17840;3;1
17844;0;2
17848;6;1
17851;0;0
17855;1;1
17859;2;2
17862;0;1
17866;1;0
17870;4;2
17873;5;0
17877;1;0
17880;0;3
17884;6;1
17888;2;1
17891;3;0
17895;0;1
17899;1;0
17902;0;1
17906;5;0
17910;0;0
17913;2;0
17917;0;2
17923;6;0
17924;4;0
17928;3;0
17932;0;0
17935;0;0
17939;4;0
17942;2;2
17946;2;4
17950;0;5
17953;0;0
17957;1;3
17961;6;0
17964;0;0
17968;1;0
17972;1;0
17975;1;0
17979;3;0
17983;0;2
17986;3;0
17990;0;0
17993;0;0
17997;4;0
18001;2;0
18004;4;0
18008;0;1
18012;3;1
18015;4;1
18019;5;4
18023;2;1
18026;3;2
18030;2;0
18034;0;0
18037;5;1
18041;0;2
18045;1;0
18048;5;1
18052;5;0
18055;6;0
18059;3;0
18063;2;2
18066;0;0
18070;1;3
18074;2;0
18077;3;1
18081;0;0
18085;2;0
18088;1;0
18092;3;0
18096;4;2
18099;1;0
18103;2;0
18109;3;1
18110;3;0
18114;4;1
18117;3;0
18121;0;0
18125;1;0
18128;2;1
18132;0;0
18136;5;0
18139;7;0
18143;4;0
18147;0;2
18150;2;0
18154;5;0
18158;0;2
18161;4;1
18165;7;1
18168;2;0
18172;0;0
18176;0;3
18179;0;0
18183;1;1
18187;0;2
18190;1;1
18194;4;0
18198;3;1
18201;3;0
18205;2;0
18209;2;0
18212;3;0
18216;2;0
18220;2;0
18223;3;1
18227;1;0
18230;0;2
18234;6;0
18238;3;1
18241;0;1
18245;0;1
18249;0;2
18252;2;3
18256;3;0
18260;2;0
18263;1;0
18267;4;0
18271;4;0
18274;4;0
18278;3;0
18281;1;4
18285;4;0
18289;3;0
18295;1;2
18296;0;0
18300;0;0
18303;9;2
18307;3;1
18311;3;0
18314;0;0
18318;3;2
18322;1;0
18325;3;0
18329;5;0
18333;2;0
18336;2;4
18340;0;0
18343;7;0
18347;3;5
18351;2;3
18354;3;0
18358;0;2
18362;1;0
18365;4;0
18369;2;3
18373;3;0
18376;1;1
18380;3;0
18384;2;1
18387;2;0
18391;6;2
18394;2;1
18398;0;0
18402;6;0
18405;3;1
18409;1;2
18413;5;0
18416;2;0
18420;0;2
18424;0;1
18427;4;0
18431;0;0
18435;8;0
18438;1;3
18442;0;1
18446;3;2
18449;0;0
18453;3;0
18456;2;1
18460;2;0
18464;1;1
18467;6;0
18471;2;0
18475;4;0
18481;5;2
18482;1;0
18486;7;0
18489;4;1
18493;0;2
18497;0;0
18500;6;0
18504;4;0
18508;7;1
18511;3;0
18515;4;0
18518;1;1
18522;1;1
18526;0;2
18529;1;0
18533;3;0
18537;0;0
18540;1;1
18544;1;1
18548;0;2
18551;4;2
18555;3;0
18559;0;0
18562;3;2
18566;1;1
18569;5;0
18573;1;0
18577;5;0
18580;0;0
18584;0;0
18588;0;2
18591;2;0
18595;4;3
18599;4;0
18602;9;0
18606;0;1
18610;0;1
18613;0;0
18617;0;0
18621;3;1
18624;3;2
18628;7;1
18631;3;3
18635;4;0
18639;3;0
18642;2;4
18646;3;0
18650;1;0
18653;3;1
18657;4;1
18661;2;1
18664;0;2
18670;3;0
18672;0;2
18675;0;2
18679;4;0
18682;5;3
18686;3;0
18690;3;0
18693;1;0
18697;0;0
18701;2;0
18704;3;0
18708;2;0
18712;0;0
18715;3;0
18719;2;2
18723;0;0
18726;2;3
18730;1;2
18734;1;0
18737;0;1
18741;5;0
18744;2;2
18748;4;1
18752;1;0
18755;0;0
18759;4;0
18763;2;0
18766;7;3
18770;1;2
18774;5;0
18777;2;4
18781;4;2
18785;1;0
18788;3;4
18792;0;2
18795;0;2
18799;1;0
18803;4;1
18806;1;2
18810;2;0
18814;6;1
18817;4;0
18821;1;5
18825;2;3
18828;0;2
18832;5;2
18836;1;0
18839;4;1
18843;3;2
18847;2;1
18850;0;5
18856;5;3
18857;5;0
18861;3;0
18865;6;1
18868;4;4
18872;2;3
18876;1;0
18879;1;1
18883;0;3
18887;1;0
18890;3;1
18894;6;2
18898;1;0
18901;0;0
18905;0;3
18909;4;0
18912;8;0
18916;4;0
18919;5;1
18923;0;0
18927;0;2
18930;4;4
18934;0;3
18938;0;1
18941;2;2
18945;2;1
18949;0;3
18952;0;0
18956;0;0
18960;5;1
18963;1;0
18967;2;0
18970;1;0
18974;4;0
18978;0;0
18981;2;4
18985;1;3
18989;2;2
18992;2;0
18996;0;0
19000;6;2
19003;6;1
19007;0;0
19011;2;0
19014;3;0
19018;4;0
19022;3;2
19025;4;0
19029;6;0
19032;0;2
19036;0;0
19042;0;3
19043;1;0
19047;0;0
19051;0;0
19054;3;2
19058;2;1
19062;0;0
19065;1;0
19069;2;1
19073;0;1
19076;6;1
19080;1;0
19083;3;1
19087;3;2
19091;0;0
19094;0;0
19098;1;0
19102;0;2
19105;2;4
19109;7;2
19113;1;0
19116;4;0
19120;5;3
19124;3;0
19127;5;0
19131;6;0
19135;1;0
19138;1;1
19142;4;0
19145;3;2
19149;3;0
19153;5;1
19156;3;0
19160;1;0
19164;0;4
19167;6;0
19171;2;0
19175;0;0
19178;4;1
19182;2;1
19186;3;0
19189;0;0
19193;0;1
19196;5;0
19200;1;0
19204;0;2
19207;2;0
19211;5;1
19215;1;0
19218;0;3
19222;1;0
19228;1;0
19229;1;0
19233;0;2
19237;6;0
19240;0;0
19244;4;0
19248;2;0
19251;5;0
19255;4;2
19258;2;0
19262;0;0
19266;0;1
19269;5;1
19273;0;0
19277;1;1
19280;2;2
19284;4;1
19288;3;2
19291;3;3
19295;3;0
19299;2;0
19302;4;0
19306;0;4
19310;2;0
19313;0;0
19317;1;0
19320;4;2
19324;5;0
19328;0;1
19331;0;0
19335;1;2
19339;0;0
19342;0;0
19346;3;0
19350;1;0
19353;3;2
19357;2;1
19361;1;0
19364;3;3
19368;0;0
19371;3;1
19375;3;1
19379;0;3
19382;2;0
19386;2;0
19390;2;0
19393;0;1
19397;2;4
19401;4;0
19404;5;0
19408;6;0
19414;0;2
19415;0;2
19419;0;1
19423;2;0
19426;3;1
19430;6;3
19433;4;0
19437;5;0
19441;3;0
19444;0;3
19448;0;0
19452;3;0
19455;1;0
19459;2;0
19463;0;0
19466;1;1
19470;0;1
19474;0;2
19477;3;2
19481;6;0
19484;0;0
19488;5;0
19492;0;1
19495;4;3
19499;0;0
19503;1;4
19506;0;0
19510;5;0
19514;0;0
19517;0;3
19521;0;1
19525;2;0
19528;6;1
19532;0;0
19536;0;2
19539;4;2
19543;1;0
19546;6;0
19550;0;4
19554;2;2
19557;6;2
19561;4;0
19565;0;0
19568;1;1
19572;1;1
19576;5;0
19579;4;1
19583;4;1
19587;7;0
19590;3;5
19594;8;0
19597;0;1
19603;2;3
19605;2;0
19608;6;2
19612;3;1
19616;0;0
19619;1;1
19623;0;0
19627;1;0
19630;0;0
19634;1;3
19638;4;0
19641;5;0
19645;4;5
19649;1;0
19652;4;0
19656;4;0
19659;0;0
19663;0;0
19667;5;4
19670;4;0
19674;5;2
19678;5;0
19681;4;0
19685;4;0
19689;3;3
19692;4;0
19696;2;0
19700;5;2
19703;0;1
19707;0;0
19711;2;3
19714;2;2
19718;0;2
19721;2;0
19725;4;3
19729;0;0
19732;1;0
19736;0;1
19740;1;2
19743;2;0
19747;7;3
19751;3;2
19754;1;2
19758;7;1
19762;6;1
19765;0;3
19769;3;0
19772;0;2
19776;4;0
19780;4;0
19783;1;7
19789;3;0
19791;1;0
19794;0;1
19798;6;0
19802;0;0
19805;9;5
19809;0;0
19813;1;0
19816;1;0
19820;2;0
19824;1;2
19827;0;0
19831;2;3
19834;4;5
19838;0;1
19842;3;0
19845;5;0
19849;2;4
19853;2;0
19856;1;0
19860;2;3
19864;1;0
19867;2;0
19871;5;0
19875;5;3
19878;3;0
19882;1;0
19885;0;0
19889;3;2
19893;3;2
19896;5;0
19900;0;0
19904;0;1
19907;1;0
19911;0;3
19915;3;1
19918;0;0
19922;5;1
19926;6;0
19929;1;0
19933;5;2
19937;0;0
19940;1;6
19944;5;2
19947;5;1
19951;5;0
19955;5;5
19958;3;1
19962;3;0
19966;2;4
19969;3;1
19975;2;0
19977;0;0
19980;5;0
19984;4;1
19988;5;0
19991;0;1
19995;3;1
19998;2;0
20002;4;0
20006;3;3
20009;5;0
20013;3;0
20017;4;1
20020;5;5
20024;2;0
20028;4;0
20031;6;0
20035;0;1
20039;3;1
20042;4;0
20046;0;5
20050;3;0
20053;0;2
20057;2;0
20060;2;1
20064;2;3
20068;0;2
20071;3;1
20075;4;0
20079;0;3
20082;2;0
20086;1;0
20090;5;2
20093;2;0
20097;2;1
20101;2;0
20104;0;1
20108;1;0
20112;3;0
20115;6;2
20119;1;1
20122;2;2
20126;4;2
20130;5;3
20133;5;2
20137;8;1
20141;0;0
20144;5;0
20148;7;0
20152;2;1
20155;5;0
20161;5;0
20163;4;0
20166;3;0
20170;6;0
20173;3;0
20177;3;3
20181;0;0
20184;0;3
20188;5;0
20192;3;1
20195;0;0
20199;2;0
20203;5;0
20206;0;0
20210;7;0
20214;3;1
20217;4;3
20221;0;4
20225;2;0
20228;0;1
20232;0;0
20235;0;0
20239;6;2
20243;5;0
20246;3;2
20250;5;2
20254;2;5
20257;0;4
20261;0;0
20265;1;2
20268;4;0
20272;3;0
20276;2;0
20279;2;0
20283;9;1
20286;5;0
20290;6;0
20294;0;1
20297;2;2
20301;7;0
20305;2;0
20308;0;0
20312;3;0
20316;3;3
20319;1;3
20323;3;0
20327;1;0
20330;3;0
20334;0;4
20338;0;0
20341;0;0
20347;1;2
20348;4;0
20352;3;0
20356;2;0
20359;3;0
20363;0;3
20367;2;0
20370;1;1
20374;0;0
20378;2;3
20381;7;0
20385;0;4
20389;2;0
20392;6;2
20396;5;0
20400;6;2
20403;3;0
20407;0;0
20410;1;0
20414;2;0
20418;3;1
20421;7;1
20425;3;0
20429;5;0
20432;3;3
20436;5;0
20440;6;1
20443;4;0
20447;5;2
20451;4;2
20454;0;0
20458;1;3
20461;0;2
20465;1;1
20469;0;2
20472;0;4
20476;1;0
20480;0;0
20483;1;0
20487;2;3
20491;5;2
20494;2;0
20498;2;1
20502;3;0
20505;5;5
20509;1;3
20513;2;0
20516;6;2
20520;0;1
20523;6;2
20527;7;0
20531;3;1
20537;4;2
20538;1;1
20542;2;2
20545;6;1
20549;3;0
20553;5;0
20556;4;3
20560;4;0
20564;2;4
20567;3;1
20571;0;0
20574;0;0
20578;0;2
20582;3;1
20585;1;2
20589;0;0
20593;4;3
20596;2;0
20600;0;1
20604;0;0
20607;0;2
20611;5;1
20615;0;0
20618;0;2
20622;7;0
20626;3;0
20629;0;2
20633;1;1
20636;6;0
20640;0;0
20644;0;2
20647;4;0
20651;2;0
20655;4;0
20658;4;1
20662;3;1
20666;6;1
20669;0;0
20673;4;0
20677;4;2
20680;2;0
20684;2;2
20687;2;0
20691;3;2
20695;0;4
20698;1;0
20702;1;0
20706;1;0
20709;5;3
20713;1;0
20717;4;0
20723;0;0
20724;2;0
20728;5;2
20731;1;0
20735;8;5
20739;0;2
20742;1;3
20746;2;2
20749;4;2
20753;4;1
20757;3;2
20760;2;0
20764;1;4
20768;0;2
20771;4;2
20775;0;3
20779;7;0
20782;2;0
20786;2;0
20790;1;0
20793;4;0
20797;3;0
20801;2;0
20804;1;0
20808;0;0
20811;4;0
20815;3;5
20819;1;5
20822;2;0
20826;0;3
20830;4;0
20833;0;0
20837;2;2
20841;0;0
20844;5;2
20848;2;2
20852;5;1
20855;4;0
20859;0;2
20862;4;1
20866;0;5
20870;0;0
20873;0;4
20877;1;4
20881;0;1
20884;0;0
20888;0;1
20892;2;0
20895;5;1
20899;2;0
20903;1;2
20909;0;0
20910;5;0
20914;0;1
20917;0;2
20921;6;1
20924;1;3
20928;0;0
20932;2;2
20935;0;4
20939;0;1
20943;2;1
20946;1;0
20950;2;0
20954;1;0
20957;0;2
20961;4;0
20965;2;2
20968;3;0
20972;6;0
20975;1;2
20979;5;0
20983;0;4
20986;0;0
20990;1;4
20994;2;1
20997;5;1
21001;4;0
21005;5;0
21008;1;2
21012;0;1
21016;5;1
21019;1;1
21023;6;2
21027;0;0
21030;17;0
21034;0;0
21037;5;0
21041;2;1
21045;0;0
21048;4;0
21052;5;2
21056;2;0
21059;3;0
21063;5;1
21067;2;1
21070;3;0
21074;7;3
21078;0;0
21081;0;0
21085;2;0
21088;4;0
21095;1;0
21096;0;0
21099;2;0
21103;0;0
21107;0;3
21110;5;1
21114;4;1
21118;1;3
21121;1;0
21125;6;0
21129;4;5
21132;5;0
21136;4;3
21140;1;2
21143;0;0
21147;1;0
21150;0;0
21154;3;0
21158;5;1
21161;1;0
21165;4;3
21169;3;1
21172;0;1
21176;0;4
21180;0;1
21183;2;2
21187;0;0
21191;5;0
21194;5;0
21198;2;2
21202;0;1
21205;4;1
21209;0;1
21212;3;4
21216;5;1
21220;3;4
21223;1;0
21227;3;3
21231;0;0
21234;1;2
21238;3;0
21242;0;0
21245;5;4
21249;5;0
21253;2;0
21256;4;0
21260;2;0
21263;3;0
21267;3;2
21271;0;1
21274;1;1
21318;3;0
21319;1;0
21319;1;0
21322;6;0
21325;4;2
21329;5;0
21333;3;0
21336;4;2
21340;0;0
21344;4;2
21347;0;0
21351;2;0
21355;2;0
21358;5;3
21362;2;1
21366;0;1
21369;4;0
21373;2;2
21376;4;5
21380;0;0
21384;4;0
21387;2;0
21391;3;1
21395;0;0
21398;0;0
21402;6;0
21406;5;0
21409;3;2
21413;4;3
21417;0;0
21420;0;0
21424;4;0
21427;2;3
21431;3;2
21435;4;2
21438;0;3
21442;6;0
21446;8;5
21449;0;1
21453;1;0
21457;0;0
21460;5;0
21464;0;2
21468;1;4
21471;4;0
21475;1;0
21479;5;1
21482;4;0
21486;4;0
21489;3;2
21493;3;6
21497;4;0
21503;2;0
21504;0;0
21508;4;0
21511;4;1
21515;5;3
21519;4;2
21522;1;0
21526;4;0
21530;4;0
21533;0;2
21537;4;1
21540;0;0
21544;0;0
21548;6;0
21551;3;0
21555;8;3
21559;0;1
21562;0;0
21566;5;0
21570;0;2
21573;1;0
21577;0;3
21581;1;0
21584;1;0
21588;1;0
21592;6;3
21595;1;0
21599;2;1
21602;5;0
21606;1;0
21610;2;2
21613;4;3
21617;2;4
21621;0;0
21624;4;0
21628;3;2
21632;3;0
21635;0;0
21639;16;3
21643;1;2
21646;6;0
21650;2;3
21653;2;3
21657;5;0
21661;3;0
21664;2;0
21668;4;0
21672;1;0
21675;5;1
21679;1;0
21683;6;1
21688;5;4
21690;1;1
21694;0;0
21697;6;0
21701;2;0
21705;2;1
21708;0;3
21712;0;0
21715;3;0
21719;3;4
21723;2;0
21726;4;0
21730;2;2
21734;2;3
21737;1;0
21741;0;0
21745;2;2
21748;4;5
21752;0;3
21756;1;0
21759;0;3
21763;5;1
21767;1;2
21770;0;0
21774;1;4
21777;2;1
21781;0;0
21785;5;0
21788;2;1
21792;1;0
21796;3;0
21799;2;6
21803;6;5
21807;3;3
21810;1;2
21814;1;1
21818;3;0
21821;4;0
21825;7;0
21828;5;0
21832;0;0
21836;1;0
21839;2;0
21843;0;0
21847;1;0
21850;4;1
21854;0;1
21858;1;1
21861;3;2
21865;0;0
21869;4;0
21874;5;3
21876;7;0
21880;1;3
21883;0;4
21887;5;6
21890;1;0
21894;0;1
21898;2;0
21901;4;3
21905;3;0
21909;5;0
21912;1;2
21916;4;3
21920;0;0
21923;2;2
21927;2;4
21931;1;0
21934;1;4
21938;0;0
21941;3;1
21945;1;1
21949;2;1
21952;0;1
21956;2;0
21960;2;0
21963;0;0
21967;5;3
21971;2;1
21974;0;0
21978;4;0
21982;3;0
21985;0;0
21989;2;0
21993;4;3
21996;4;2
22000;4;0
22003;0;2
22007;4;0
22011;1;2
22014;3;0
22018;0;1
22022;2;0
22025;1;3
22029;3;3
22033;3;0
22036;1;0
22040;2;1
22044;3;0
22047;3;1
22051;2;0
22055;0;4
22060;0;0
22062;1;0
22065;0;3
22069;4;0
22073;5;0
22076;2;3
22080;0;3
22084;5;0
22087;3;0
22091;0;1
22095;2;0
22098;4;0
22102;3;0
22106;0;2
22109;3;0
22113;2;0
22116;0;1
22120;0;1
22124;4;3
22127;3;0
22131;2;1
22135;1;0
22138;6;3
22142;3;1
22146;5;2
22149;3;0
22153;4;0
22157;2;1
22160;0;3
22164;0;2
22168;2;1
22171;4;0
22175;1;0
22178;1;0
22182;4;4
22186;0;0
22189;1;0
22193;4;2
22197;2;2
22200;5;1
22204;0;0
22208;0;1
22211;4;0
22215;0;4
22219;3;0
22222;3;0
22226;6;0
22229;1;0
22233;2;4
22237;0;5
22240;0;0
22246;1;0
22248;0;0
22251;2;0
22255;1;3
22259;3;0
22262;5;4
22266;1;0
22270;1;1
22273;0;1
22277;4;0
22281;2;1
22284;2;0
22288;3;0
22291;2;1
22295;6;0
22299;2;2
22302;2;0
22306;0;4
22310;2;1
22313;3;0
22317;4;2
22321;3;2
22324;0;0
22328;2;0
22332;2;0
22335;3;0
22339;4;0
22342;0;0
22346;1;1
22350;1;1
22353;1;0
22357;3;0
22361;2;0
22364;2;2
22368;0;2
22372;1;3
22375;1;1
22379;0;0
22383;4;0
22386;2;2
22390;1;1
22394;4;0
22397;8;1
22401;3;1
22404;1;1
22408;2;0
22412;0;0
22415;2;1
22419;3;0
22423;2;0
22426;4;2
22432;2;1
22434;0;0
22437;1;0
22441;4;3
22445;0;1
22448;3;3
22452;1;0
22456;6;0
22459;2;1
22463;0;0
22466;3;2
22470;2;0
22474;2;0
22477;0;0
22481;2;0
22485;3;0
22488;2;0
22492;1;2
22496;0;0
22499;2;0
22503;8;2
22507;0;0
22510;0;4
22514;4;0
22517;8;2
22521;1;0
22525;4;1
22528;6;0
22532;2;0
22536;3;0
22539;5;2
22543;2;0
22547;0;1
22550;0;4
22554;1;1
22558;3;1
22561;0;0
22565;2;0
22569;0;2
22572;4;0
22576;2;0
22579;0;0
22583;1;2
22587;1;0
22590;1;0
22594;7;5
22598;0;1
22601;1;1
22605;3;1
22609;1;1
22612;2;1
22616;1;2
22622;1;4
22623;4;3
22627;1;0
22630;1;0
22634;2;0
22638;0;0
22641;5;0
22645;1;1
22649;5;3
22652;0;0
22656;1;2
22660;0;2
22663;3;1
22667;0;1
22671;0;2
22674;5;0
22678;1;3
22682;0;0
22685;3;1
22689;4;0
22692;4;0
22696;0;2
22700;3;0
22703;3;2
22707;3;7
22711;0;1
22714;5;0
22718;0;0
22722;5;1
22725;0;2
22729;4;0
22733;4;3
22736;1;0
22740;5;1
22743;0;0
22747;3;1
22751;3;0
22754;0;0
22758;3;0
22762;4;1
22765;1;4
22769;3;0
22773;0;0
22776;3;0
22780;1;2
22784;4;0
22787;0;0
22791;2;3
22795;2;4
22798;2;0
22802;6;0
22808;6;0
22809;2;0
22813;2;2
22816;0;0
22820;0;1
22824;2;4
22827;1;1
22831;6;2
22835;8;2
22838;6;1
22842;2;0
22846;0;1
22849;4;2
22853;1;0
22857;0;0
22860;5;0
22864;0;0
22867;3;1
22871;3;3
22875;4;0
22878;0;0
22882;2;0
22886;1;3
22889;3;2
22893;0;1
22897;6;0
22900;4;0
22904;3;0
22908;2;1
22911;8;0
22915;0;0
22918;2;1
22922;1;0
22926;4;0
22929;0;2
22933;0;1
22937;0;0
22940;3;3
22944;5;1
22948;4;0
22951;0;0
22955;4;4
22959;5;0
22962;1;0
22966;1;0
22970;2;0
22973;4;0
22977;3;0
22980;5;0
22984;1;2
22988;0;4
22994;5;1
22995;7;0
22999;0;1
23002;4;0
23006;0;0
23010;0;0
23013;2;0
23017;6;0
23021;0;0
23024;1;1
23028;3;1
23031;6;0
23035;0;1
23039;1;2
23042;7;0
23046;0;0
23050;2;0
23053;5;0
23057;1;0
23061;3;0
23064;5;0
23068;0;0
23072;1;2
23075;6;2
23079;3;0
23083;3;2
23086;3;0
23090;0;0
23093;3;2
23097;3;0
23101;0;0
23104;6;0
23108;0;3
23112;4;0
23115;1;2
23119;6;1
23123;0;0
23126;0;1
23130;0;0
23134;0;0
23137;3;0
23141;4;0
23144;3;1
23148;3;3
23152;8;0
23155;6;0
23159;3;2
23163;0;5
23166;1;0
23170;3;0
23174;0;0
23179;0;0
23181;3;3
23185;4;1
23188;1;0
23192;4;0
23196;1;2
23199;1;2
23203;1;2
23206;3;3
23210;0;5
23214;6;2
23217;7;3
23221;3;1
23225;2;0
23228;1;1
23232;4;1
23236;5;0
23239;2;0
23243;5;3
23247;1;0
23250;4;2
23254;1;2
23258;4;2
23261;5;0
23265;3;1
23268;5;3
23272;1;4
23276;3;1
23279;1;0
23283;2;2
23287;4;0
23290;5;0
23294;1;1
23298;0;0
23301;5;0
23305;4;0
23309;0;0
23312;4;0
23316;1;2
23319;5;0
23323;0;3
23327;1;4
23330;0;1
5490;4;0
5490;4;1
5491;2;0
5491;1;0
5493;2;8
5497;1;2
5501;2;0
5504;2;0
5508;2;0
5512;3;4
5515;0;0
5518;1;2
5522;2;0
5525;4;2
5529;2;0
5533;2;0
5536;3;2
5540;3;4
5543;2;1
5547;1;0
5550;2;5
5554;2;3
5558;4;4
5561;4;4
5565;2;1
5568;4;0
5572;1;1
5575;3;1
5579;4;1
5582;4;1
5586;3;0
5590;1;2
5593;4;5
5597;0;1
5600;2;0
5604;3;4
5607;4;0
5611;1;3
5614;2;1
5618;1;1
5622;5;2
5625;1;2
5629;2;0
5632;3;0
5636;0;0
5639;5;0
5643;3;0
5646;5;1
5650;4;0
5654;1;0
5657;2;0
5661;1;0
5664;4;0
5668;5;0
5671;7;1
5675;3;0
5679;0;0
5682;6;0
5686;3;0
5689;1;0
5693;3;2
5696;3;0
5700;2;0
5703;3;6
5707;2;0
5711;3;0
5716;5;0
5718;3;3
5721;2;1
5725;1;4
5728;1;1
5732;2;0
5735;1;0
5739;6;0
5743;2;4
5746;4;2
5750;2;0
5753;0;0
5757;0;1
5760;3;4
5764;4;4
5767;5;0
5771;5;1
5775;2;0
5778;1;2
5782;1;2
5785;2;4
5789;3;2
5792;0;1
5796;3;2
5800;4;2
5803;1;0
5807;1;1
5810;1;1
5814;2;1
5817;4;0
5821;2;2
5824;3;1
5828;6;0
5832;3;1
5835;4;0
5839;1;3
5842;3;0
5846;6;0
5849;3;1
5853;4;0
5856;2;0
5860;0;0
5864;1;0
5867;4;0
5871;2;0
5874;4;2
5878;3;0
5881;4;0
5885;6;0
5888;6;0
5892;2;1
5896;3;0
5899;2;0
5903;2;0
5906;2;0
5910;5;2
5913;4;1
5919;4;0
5921;1;0
5924;1;0
5928;4;0
5931;1;0
5935;2;0
5938;2;0
5942;0;0
5945;4;0
5949;2;0
5953;5;0
5956;6;2
5960;3;2
5963;0;0
5967;0;0
5970;5;1
5974;4;1
5977;1;2
5981;3;1
5985;3;3
5988;3;0
5992;4;4
5995;4;3
5999;2;1
6002;2;0
6006;4;1
6009;4;0
6013;5;0
6017;3;1
6020;2;0
6024;0;2
6027;4;0
6031;4;1
6034;0;1
6038;1;0
6042;3;4
6045;6;0
6049;3;2
6052;4;0
6056;3;0
6059;2;1
6063;1;0
6066;4;0
6070;4;4
6074;2;0
6077;2;0
6081;5;0
6084;2;0
6088;2;0
6091;5;2
6095;2;0
6098;4;0
6102;2;0
6106;3;0
6109;3;0
6113;4;0
6116;3;2
6122;2;1
6123;2;3
6127;2;0
6130;3;5
6134;5;0
6138;4;1
6141;0;0
6145;3;1
6148;2;0
6152;2;0
6155;0;0
6159;4;4
6162;4;2
6166;3;2
6170;5;0
6173;3;4
6177;3;2
6180;3;5
6184;3;0
6187;2;4
6191;2;3
6195;0;5
6198;3;3
6202;3;0
6205;3;2
6209;3;3
6212;0;2
6216;1;3
6219;2;1
6223;3;2
6227;5;0
6230;1;0
6234;0;0
6237;4;0
6241;3;1
6244;2;2
6248;3;5
6251;2;1
6255;4;0
6259;2;0
6262;2;2
6266;0;0
6269;6;0
6273;0;1
6276;0;0
6280;3;2
6283;5;2
6287;6;0
6291;0;1
6294;1;0
6298;1;2
6301;0;0
6305;4;2
6308;8;0
6312;2;0
6316;2;0
6319;4;4
6325;3;3
6326;3;0
6330;4;2
6333;4;0
6337;0;0
6340;2;0
6344;4;2
6348;3;0
6351;3;0
6355;2;3
6358;2;0
6362;2;0
6365;2;0
6369;4;2
6372;3;2
6376;4;0
6380;2;1
6383;5;0
6387;5;0
6390;5;1
6394;1;1
6397;2;2
6401;0;1
6404;2;1
6408;3;0
6412;3;0
6415;3;0
6419;3;0
6422;4;0
6426;4;3
6429;1;1
6433;2;0
6437;5;0
6440;2;0
6444;2;0
6447;3;0
6451;4;1
6454;4;0
6458;3;0
6461;3;0
6465;5;0
6469;4;0
6472;1;2
6476;5;5
6479;4;4
6483;3;2
6486;4;2
6490;6;1
6493;5;0
6497;4;0
6501;3;2
6504;2;0
6508;2;0
6511;0;1
6515;1;0
6518;3;4
6522;3;3
6528;4;0
6529;3;0
6533;4;0
6536;3;3
6540;3;2
6543;5;1
6547;6;0
6550;5;1
6554;2;0
6558;1;0
6561;1;1
6565;2;4
6568;3;1
6572;2;2
6575;4;6
6579;1;1
6582;0;2
6586;2;3
6590;1;2
6593;0;0
6597;5;4
6600;2;3
6604;4;7
6607;6;1
6611;3;0
6614;2;0
6618;2;0
6622;3;0
6625;1;0
6629;2;0
6632;1;0
6636;3;0
6639;0;1
6643;2;1
6646;3;1
6650;4;0
6654;0;2
6657;5;2
6661;2;0
6664;5;3
6668;3;0
6671;3;1
6675;3;0
6679;4;1
6682;2;0
6686;4;1
6689;3;0
6693;3;0
6696;1;2
6700;4;1
6703;4;2
6707;4;2
6711;4;1
6714;3;0
6718;2;7
6721;7;0
6725;3;2
6731;4;0
6732;4;0
6735;3;0
6739;3;1
6743;2;0
6746;4;2
6750;3;5
6753;4;1
6757;4;3
6760;3;2
6764;3;2
6767;4;0
6771;3;1
6775;3;0
6778;2;4
6782;3;0
6785;4;1
6789;2;1
6792;3;0
6796;5;2
6799;3;0
6803;4;0
6807;1;1
6810;4;0
6814;3;2
6817;3;0
6821;2;1
6824;2;0
6828;5;3
6832;0;1
6835;2;0
6839;1;3
6842;2;5
6846;3;2
6849;4;1
6853;2;2
6856;4;0
6860;4;3
6864;5;3
6867;3;3
6871;1;0
6874;3;0
6878;2;2
6881;6;0
6885;4;0
6888;1;1
6892;2;1
6896;2;4
6899;4;0
6903;5;0
6906;3;0
6910;6;1
6913;2;3
6917;0;0
6920;0;0
6924;5;0
6928;2;0
6933;3;2
6935;1;3
6938;6;1
6942;2;2
6945;3;3
6949;3;1
6953;3;1
6956;3;0
6960;2;0
6963;4;0
6967;4;1
6970;4;0
6974;5;0
6977;3;3
6981;5;0
6985;5;0
6988;4;2
6992;2;1
6995;0;1
6999;3;1
7002;4;0
7006;5;0
7009;3;0
7013;4;0
7017;3;3
7020;1;0
7024;3;3
7027;5;0
7031;1;0
7034;2;0
7038;4;2
7041;5;0
7045;6;3
7049;2;0
7052;4;0
7056;2;2
7059;3;0
7063;5;2
7066;4;0
7070;1;0
7074;7;0
7077;2;2
7081;0;7
7084;3;3
7088;2;5
7091;7;3
7095;0;3
7098;3;0
7102;5;0
7106;5;2
7109;4;4
7113;2;4
7116;2;0
7120;2;4
7123;5;3
7127;3;0
7133;2;2
7134;3;0
7138;1;5
7141;5;5
7145;7;3
7148;7;0
7152;3;1
7155;3;0
7159;2;0
7162;4;1
7166;3;2
7170;1;1
7173;2;0
7177;2;3
7180;6;5
7184;3;0
7187;6;0
7191;5;3
7195;0;1
7198;3;1
7202;2;0
7205;3;0
7209;6;0
7212;4;2
7216;0;2
7219;1;0
7223;3;0
7227;3;3
7230;7;1
7234;4;1
7237;3;7
7241;2;0
7244;4;1
7248;2;3
7251;2;4
7255;4;2
7259;2;3
7262;1;0
7266;3;2
7269;2;0
7273;2;0
7276;3;0
7280;5;2
7283;1;0
7287;3;1
7291;2;3
7294;1;1
7298;2;0
7301;4;0
7305;4;0
7308;3;0
7312;3;2
7316;5;0
7319;2;1
7323;5;0
7326;3;1
7330;5;0
7336;1;0
7337;1;0
7340;2;3
7344;3;2
7348;5;2
7351;2;0
7355;3;0
7358;2;0
7362;7;0
7365;6;2
7369;5;2
7372;5;0
7376;1;3
7380;1;2
7383;2;0
7387;3;0
7390;7;1
7394;1;1
7397;3;1
7401;4;0
7404;4;0
7408;5;3
7412;3;2
7415;2;0
7419;3;0
7422;2;4
7426;3;0
7429;4;0
7433;4;1
7437;6;1
7440;3;0
7444;5;2
7447;3;0
7451;4;0
7454;0;3
7458;2;1
7461;3;3
7465;5;0
7469;3;0
7472;2;0
7476;5;0
7479;2;5
7483;2;0
7486;3;0
7490;4;2
7493;0;0
7497;3;0
7501;3;0
7504;5;3
7508;4;0
7511;4;0
7515;0;3
7518;3;0
7522;2;0
7525;5;0
7529;2;0
7533;0;0
7538;4;2
7540;3;3
7543;4;0
7547;7;4
7550;1;0
7554;2;0
7557;3;0
7561;2;4
7565;4;2
7568;2;0
7572;2;2
7575;4;0
7579;2;0
7582;3;0
7586;2;0
7590;3;2
7593;1;1
7597;0;0
7600;0;2
7604;3;0
7607;4;0
7611;5;1
7614;4;3
7618;4;4
7622;3;1
7625;3;1
7629;3;0
7632;3;0
7636;2;1
7639;5;1
7643;2;0
7646;8;0
7650;2;2
7654;3;4
7657;3;0
7661;4;2
7664;2;0
7668;1;1
7671;5;6
7675;2;2
7678;2;0
7682;6;0
7686;5;3
7689;5;0
7693;3;3
7696;2;4
7700;2;1
7703;3;1
7707;5;0
7711;7;0
7714;1;0
7718;3;0
7721;4;2
7725;2;2
7728;7;3
7732;4;0
7735;3;0
7741;7;0
7743;5;0
7746;4;0
7750;1;0
7753;0;0
7757;2;4
7760;1;1
7764;5;0
7767;2;5
7771;4;0
7775;4;0
7778;1;0
7782;0;0
7785;2;1
7789;1;1
7792;1;0
7796;4;0
7799;0;0
7803;6;0
7807;3;2
7810;0;4
7814;3;4
7817;3;0
7821;5;0
7824;0;0
7828;0;1
7832;3;0
7835;0;0
7839;2;0
7842;3;2
7846;2;4
7849;2;0
7853;0;2
7856;2;0
7860;2;5
7864;3;3
7867;3;0
7871;1;0
7874;1;3
7878;1;0
7881;3;0
7885;3;0
7888;3;2
7892;0;1
7896;3;0
7899;1;2
7903;0;1
7906;0;0
7910;4;0
7913;0;2
7917;1;0
7920;3;0
7924;5;0
7928;1;0
7931;1;4
7935;0;0
7938;1;2
7944;4;2
7945;0;0
7949;1;0
7953;1;3
7956;2;0
7960;3;1
7963;0;1
7967;0;3
7970;1;2
7974;2;4
7977;1;3
7981;1;0
7985;5;3
7988;1;1
7992;0;0
7995;0;2
7999;3;1
8002;0;0
8006;1;0
8009;0;0
8013;4;0
8017;2;0
8020;6;0
8024;6;1
8027;2;0
8031;6;0
8034;0;0
8038;6;0
8041;4;0
8045;5;0
8049;3;2
8052;0;2
8056;0;2
8059;0;0
8063;5;5
8066;0;0
8070;3;1
8074;4;2
8077;2;2
8081;5;1
8084;4;1
8088;2;2
8091;4;0
8095;3;0
8098;4;0
8102;6;0
8106;4;0
8109;3;0
8113;2;1
8116;3;0
8120;0;0
8123;8;1
8127;2;4
8130;1;2
8134;0;2
8138;2;0
8141;1;1
8147;0;0
8148;0;2
8152;2;0
8155;2;1
8159;0;0
8162;4;1
8166;1;0
8170;2;0
8173;3;0
8177;1;0
8180;6;0
8184;4;0
8187;1;0
8191;5;0
8194;1;0
8198;2;0
8202;0;0
8205;2;0
8209;2;0
8212;1;1
8216;1;0
8219;4;2
8223;1;0
8227;0;0
8230;2;0
8234;0;0
8237;1;1
8241;1;1
8244;7;2
8248;7;3
8251;2;0
8255;5;0
8259;1;1
8262;2;1
8266;2;0
8269;2;0
8273;0;3
8276;0;0
8280;4;0
8283;2;2
8287;1;4
8291;0;3
8294;5;0
8298;4;0
8301;6;2
8305;1;0
8308;2;0
8312;4;0
8315;0;0
8319;5;0
8323;2;0
8326;4;1
8330;2;1
8333;0;0
8337;5;0
8340;2;0
8344;6;0
8350;1;0
8351;2;1
8355;2;0
8358;1;0
8362;1;1
8365;4;0
8369;4;0
8372;3;0
8376;3;4
8380;3;5
8383;0;0
8387;2;0
8390;2;0
8394;0;2
8397;2;0
8401;1;0
8404;3;0
8408;5;4
8412;4;2
8415;0;0
8419;4;0
8422;0;2
8426;2;0
8429;1;2
8433;1;0
8436;0;3
8440;3;2
8444;5;1
8447;1;1
8451;4;0
8454;2;0
8458;1;2
8461;2;0
8465;2;3
8469;6;0
8472;0;0
8476;1;0
8479;4;0
8483;2;0
8486;1;3
8490;1;2
8493;2;0
8497;2;1
8501;2;0
8504;0;1
8508;4;2
8511;1;0
8515;7;0
8518;3;2
8522;0;0
8525;1;0
8529;0;2
8533;0;1
8536;0;2
8540;4;4
8543;0;0
8547;7;0
8553;6;2
8554;1;0
8557;0;0
8561;2;0
8565;2;2
8568;2;0
8572;3;0
8575;3;0
8579;0;0
8582;4;0
8586;2;0
8590;4;0
8593;5;0
8597;1;0
8600;3;0
8604;5;0
8607;1;0
8611;0;1
8614;3;3
8618;4;3
8622;4;2
8625;3;2
8629;0;0
8632;1;2
8636;4;2
8639;0;1
8643;0;0
8646;1;1
8650;0;1
8654;0;1
8657;0;0
8661;3;1
8664;5;0
8668;2;0
8671;3;0
8675;0;3
8678;4;0
8682;8;2
8686;0;0
8689;1;0
8693;3;0
8696;6;2
8700;4;0
8703;0;0
8707;0;0
8711;3;0
8714;0;3
8718;5;0
8721;2;0
8725;3;0
8728;1;1
8732;2;3
8735;3;0
8739;1;1
8743;0;2
8746;5;2
8750;1;0
8756;5;0
8757;2;1
8760;5;2
8764;2;0
8767;2;0
8771;4;0
8775;4;0
8778;6;4
8782;4;5
8785;1;0
8789;0;0
8792;1;0
8796;2;3
8799;1;0
8803;1;4
8807;1;0
8810;2;0
8814;2;0
8817;5;0
8821;0;0
8824;0;3
8828;0;0
8832;4;2
8835;2;0
8839;3;3
8842;5;0
8846;0;3
8849;2;0
8853;4;0
8856;3;5
8860;3;2
8864;2;2
8867;4;0
8871;6;0
8874;3;0
8878;1;0
8881;2;0
8885;0;1
8888;5;4
8892;3;1
8896;6;0
8899;0;3
8903;3;0
8906;5;2
8910;3;2
8913;3;0
8917;2;0
8920;2;3
8924;1;1
8928;1;0
8931;2;1
8935;0;0
8938;3;0
8942;3;0
8945;6;0
8949;1;0
8955;2;0
8956;4;3
8960;3;0
8963;0;0
8967;2;0
8970;3;2
8974;1;0
8977;1;0
8981;3;0
8985;5;0
8988;4;4
8992;0;0
8995;2;1
8999;0;1
9002;8;5
9006;3;3
9009;3;0
9013;2;5
9017;0;2
9020;3;0
9024;5;1
9027;2;0
9031;4;0
9034;2;0
9038;2;7
9041;5;3
9045;3;1
9049;3;0
9052;3;2
9056;4;0
9059;1;1
9063;2;0
9066;2;0
9070;4;0
9073;0;0
9077;2;4
9081;2;1
9084;2;0
9088;1;3
9091;0;0
9095;2;1
9098;4;0
9102;3;0
9106;3;1
9109;4;2
9113;1;3
9116;0;6
9120;1;0
9123;3;0
9127;1;2
9130;0;2
9134;1;5
9138;3;7
9141;3;4
9145;3;1
9148;6;3
9152;4;0
9158;3;0
9159;4;4
9162;3;1
9166;0;3
9170;2;0
9173;2;3
9177;4;0
9180;2;0
9184;4;0
9187;6;0
9191;2;0
9194;5;4
9198;3;1
9202;3;0
9205;2;2
9209;0;0
9212;2;0
9216;1;2
9219;0;2
9223;3;2
9227;5;0
9230;1;0
9234;2;1
9237;2;0
9241;0;0
9244;0;0
9248;3;1
9251;1;0
9255;0;6
9259;2;0
9262;0;0
9266;1;4
9269;2;0
9273;6;0
9276;0;0
9280;0;1
9283;4;3
9287;5;5
9291;3;1
9294;0;0
9298;0;0
9301;0;1
9305;1;0
9308;6;3
9312;7;2
9315;0;3
9319;0;0
9323;3;0
9326;6;0
9330;3;2
9333;5;1
9337;2;1
9340;1;1
9344;6;1
9348;4;1
9351;5;0
9355;0;2
9361;1;0
9362;2;2
9365;3;0
9369;2;3
9372;3;0
9376;0;0
9380;2;0
9383;5;0
9387;2;1
9390;6;3
9394;2;2
9397;0;4
9401;2;0
9404;2;0
9408;0;3
9412;2;0
9415;0;0
9419;1;1
9422;3;3
9426;3;4
9429;3;1
9433;0;2
9436;0;0
9440;2;0
9444;3;0
9447;2;4
9451;4;1
9454;1;0
9458;4;0
9461;2;0
9465;7;1
9469;3;0
9472;3;1
9476;0;2
9479;2;0
9483;0;1
9486;2;0
9490;6;0
9493;1;0
9497;1;0
9501;2;0
9504;3;1
9508;3;0
9511;3;2
9515;0;0
9518;0;0
9522;3;1
9525;4;3
9529;3;2
9533;2;0
9536;2;4
9540;2;1
9543;5;0
9547;5;3
9550;0;3
9554;2;0
9557;1;0
9563;6;0
9565;1;0
9568;6;4
9572;6;0
9575;3;1
9579;1;1
9582;3;0
9586;3;0
9589;5;1
9593;0;0
9597;0;3
9600;3;1
9604;2;0
9607;4;3
9611;0;0
9614;0;4
9618;3;0
9622;3;2
9625;5;4
9629;0;0
9632;1;0
9636;2;1
9639;0;2
9643;3;0
9646;3;0
9650;3;0
9654;2;0
9657;1;4
9661;0;1
9664;4;0
9668;6;5
9671;0;0
9675;0;0
9678;1;0
9682;5;0
9686;1;0
9689;3;0
9693;0;0
9696;3;2
9700;4;0
9703;0;0
9707;1;0
9710;0;0
9714;2;0
9718;1;2
9721;6;0
9725;4;1
9728;2;2
9732;2;0
9735;1;0
9739;3;4
9743;2;1
9746;5;3
9750;0;0
9753;2;0
9757;1;2
9761;4;0
9766;1;1
9768;4;0
9772;2;0
9775;2;0
9779;3;0
9782;0;0
9786;5;0
9790;1;0
9793;4;0
9797;2;5
9801;2;0
9804;2;2
9808;6;1
9812;4;0
9815;4;0
9819;5;2
9823;0;1
9826;2;0
9830;1;0
9833;0;0
9837;2;2
9841;3;3
9844;3;2
9848;5;1
9852;0;0
9855;1;0
9859;0;0
9863;0;0
9866;2;4
9870;1;2
9874;3;4
9877;0;1
9881;4;1
9885;0;0
9888;0;4
9892;4;1
9895;0;1
9899;0;0
9903;1;3
9906;0;2
9910;3;2
9914;1;0
9917;1;0
9921;4;0
9925;4;2
9928;6;2
9932;5;0
9936;0;1
9939;5;2
9943;6;1
9946;0;5
9950;2;0
9954;0;2
9957;2;5
9961;0;2
9965;3;0
9968;2;0
9974;0;0
9976;0;0
9979;2;1
9983;5;1
9987;2;0
9990;2;0
9994;1;2
9998;5;0
10001;4;0
10005;2;0
10008;0;3
10012;2;2
10016;1;0
10019;1;6
10023;3;1
10027;1;0
10030;5;0
10034;2;0
10038;2;2
10041;0;0
10045;0;0
10049;6;0
10052;0;3
10056;4;3
10060;2;1
10063;1;0
10067;2;3
10070;0;1
10074;1;0
10078;0;4
10081;1;2
10085;2;0
10089;2;0
10092;0;0
10096;0;3
10100;3;0
10103;0;1
10107;0;3
10111;0;0
10114;3;0
10118;2;1
10121;4;0
10125;1;1
10129;4;1
10132;0;1
10136;4;1
10140;0;0
10143;3;0
10147;0;0
10151;2;4
10154;4;2
10158;3;6
10164;2;0
10165;4;0
10169;5;1
10173;5;1
10176;1;0
10180;2;2
10183;1;1
10187;3;2
10191;1;0
10194;1;1
10198;4;0
10202;0;0
10205;3;0
10209;0;0
10213;0;0
10216;1;2
10220;3;0
10224;2;0
10227;3;5
10231;0;4
10234;2;0
10238;0;3
10242;4;0
10245;5;5
10249;0;4
10253;2;0
10256;2;0
10260;0;1
10264;3;0
10267;4;0
10271;5;2
10275;3;0
10278;0;1
10282;2;0
10286;9;0
10289;2;1
10293;3;0
10296;0;1
10300;3;3
10304;1;0
10307;3;0
10311;0;2
10315;0;0
10318;0;2
10322;0;0
10326;3;1
10329;5;0
10333;4;0
10337;2;1
10340;1;0
10344;2;0
10350;1;0
10351;2;1
10355;0;1
10358;0;0
10362;3;0
10366;3;4
10369;5;2
10373;1;3
10377;0;1
10380;1;0
10384;3;0
10388;3;0
10391;0;0
10395;2;0
10399;2;2
10402;1;0
10406;3;0
10409;6;0
10413;1;0
10417;2;0
10420;4;1
10424;3;0
10428;4;0
10431;1;2
10435;0;0
10439;2;0
10442;2;2
10446;3;1
10450;0;0
10453;4;4
10457;4;0
10461;5;0
10464;3;1
10468;4;3
10471;0;1
10475;3;5
10479;3;0
10482;1;3
10486;1;0
10490;1;2
10493;0;0
10497;3;0
10501;8;2
10504;3;0
10508;2;2
10512;4;1
10515;0;0
10519;2;3
10522;3;3
10526;1;2
10530;5;1
10536;0;0
10537;2;2
10541;5;1
10544;2;0
10548;4;0
10552;1;4
10555;0;0
10559;0;0
10563;2;0
10566;2;0
10570;3;3
10574;0;0
10577;2;0
10581;4;0
10584;5;0
10588;3;0
10592;2;0
10595;4;1
10599;1;2
10603;0;0
10606;4;2
10610;1;1
10614;0;4
10617;0;0
10621;5;2
10625;2;0
10628;5;0
10632;3;2
10635;0;2
10639;1;0
10643;0;0
10646;5;6
10650;4;0
10654;5;2
10657;0;3
10661;2;4
10665;3;0
10668;3;1
10672;1;0
10676;4;0
10679;3;0
10683;0;2
10687;3;2
10690;0;8
10694;0;0
10697;3;0
10701;4;0
10705;4;0
10708;5;1
10712;2;0
10716;0;0
10719;6;0
10725;5;4
10727;0;0
10730;3;1
10734;0;2
10738;2;3
10741;5;0
10745;2;3
10748;1;2
10752;0;1
10756;1;3
10759;4;0
10763;3;0
10767;4;0
10770;4;0
10774;0;2
10778;2;0
10781;2;0
10785;0;4
10789;4;0
10792;0;0
10796;1;1
10800;4;2
10803;2;2
10807;2;0
10810;1;0
10814;0;2
10818;0;0
10821;3;1
10825;2;3
10829;4;0
10832;1;1
10836;0;2
10840;2;4
10843;3;0
10847;1;0
10851;2;0
10854;1;0
10858;2;3
10862;1;3
10865;3;0
10869;4;0
10872;3;1
10876;0;0
10880;0;2
10883;4;3
10887;0;4
10891;1;0
10894;0;1
10898;1;0
10902;3;0
10905;6;1
10911;0;2
10913;1;0
10916;3;0
10920;4;2
10923;0;0
10927;6;0
10931;3;0
10934;0;2
10938;0;1
10942;4;2
10945;2;3
10949;3;3
10953;2;0
10956;1;3
10960;2;4
10964;4;0
10967;3;0
10971;0;0
10975;2;0
10978;0;0
10982;3;0
10985;0;2
10989;3;0
10993;2;1
10996;2;0
11000;0;0
11004;0;0
11007;4;1
11011;0;0
11015;4;1
11018;0;0
11022;3;6
11026;2;3
11029;4;1
11033;2;3
11036;0;2
11040;0;2
11044;3;0
11047;4;0
11051;2;0
11055;3;0
11058;0;5
11062;3;0
11066;4;0
11069;3;0
11073;0;3
11077;2;0
11080;2;0
11084;4;0
11088;4;0
11091;5;2
11097;1;0
11098;2;0
11102;3;2
11106;1;0
11109;3;5
11113;1;4
11117;1;0
11120;1;1
11124;5;0
11128;1;1
11131;4;2
11135;2;1
11139;1;0
11142;2;0
11146;4;0
11149;2;0
11153;1;5
11157;3;0
11160;2;0
11164;0;0
11168;2;2
11171;1;2
11175;0;0
11179;0;1
11182;1;0
11186;2;0
11190;4;0
11193;1;0
11197;3;0
11201;3;2
11204;3;0
11208;0;0
11211;3;0
11215;1;2
11219;3;2
11222;3;0
11226;8;3
11230;7;1
11233;3;1
11237;1;3
11241;1;0
11244;4;0
11248;6;1
11252;5;2
11255;3;0
11259;2;4
11263;5;0
11266;5;0
11270;5;2
11273;4;1
11277;1;5
11283;1;0
11284;4;2
11288;0;1
11292;4;3
11295;2;0
11299;1;1
11303;5;0
11306;1;0
11310;3;2
11314;6;3
11317;2;0
11321;0;0
11324;3;0
11328;0;0
11332;1;0
11335;1;4
11339;0;1
11343;0;0
11346;1;2
11350;1;0
11354;0;0
11357;3;0
11361;3;0
11365;2;0
11368;3;2
11372;3;2
11376;0;5
11379;2;1
11383;1;0
11386;5;0
11390;2;0
11394;2;2
11397;2;2
11401;3;0
11405;1;2
11408;3;0
11412;2;2
11416;4;0
11419;3;0
11423;2;4
11427;4;0
11430;6;1
11434;3;2
11437;2;0
11441;0;0
11445;0;1
11448;5;0
11452;3;6
11456;5;0
11459;1;0
11463;2;2
11469;1;0
11470;6;6
11474;0;6
11478;2;2
11481;5;0
11485;3;3
11489;6;3
11492;1;1
11496;5;1
11499;0;0
11503;3;0
11507;4;2
11510;0;0
11514;4;0
11518;0;1
11521;1;0
11525;1;1
11529;3;0
11532;0;0
11536;5;0
11540;2;2
11543;2;0
11547;5;0
11551;0;2
11554;0;0
11558;3;0
11561;3;0
11565;7;0
11569;3;3
11572;4;1
11576;3;0
11580;2;0
11583;0;0
11587;4;2
11591;0;4
11594;3;3
11598;1;0
11602;4;3
11605;5;4
11609;4;2
11612;5;0
11616;5;0
11620;0;0
11623;0;5
11627;1;4
11631;1;1
11634;2;0
11638;2;0
11642;2;0
11645;1;0
11649;2;6
11653;5;1
11658;3;0
11660;2;4
11664;2;0
11667;4;0
11671;2;0
11674;2;3
11678;3;3
11682;1;0
11685;4;4
11689;6;0
11693;0;0
11696;2;1
11700;3;0
11704;5;8
11707;4;0
11711;3;0
11715;3;4
11718;5;0
11722;2;3
11725;2;7
11729;5;0
11733;0;4
11736;0;4
11740;1;1
11744;2;0
11747;2;0
11751;1;0
11755;4;1
11758;0;0
11762;3;0
11766;4;0
11769;5;2
11773;1;0
11777;2;5
11780;4;4
11784;5;1
11787;5;4
11791;1;0
11795;0;2
11798;0;0
11802;0;6
11806;2;0
11809;1;0
11813;5;0
11817;5;1
11820;3;1
11824;6;2
11828;0;3
11831;3;2
11835;3;0
11838;0;2
11844;5;0
11846;3;0
11849;1;0
11853;6;0
11857;5;0
11860;3;0
11864;1;0
11868;4;2
11871;6;6
11875;4;1
11879;1;3
11882;1;0
11886;2;4
11890;3;1
11893;4;3
11897;3;3
11900;2;0
11904;2;2
11908;3;0
11911;1;0
11915;0;0
11919;0;2
11922;4;2
11926;6;1
11930;6;0
11933;2;0
11937;0;1
11941;2;4
11944;5;0
11948;4;2
11952;2;3
11955;4;2
11959;1;2
11962;0;0
11966;5;0
11970;4;2
11973;2;0
11977;0;0
11981;1;0
11984;1;0
11988;5;2
11992;1;2
11995;3;1
11999;5;0
12003;1;0
12006;1;0
12010;3;4
12013;0;1
12017;5;1
12021;5;0
12024;0;1
12030;4;0
12032;0;0
12035;3;4
12039;0;0
12043;0;0
12046;6;0
12050;1;0
12054;2;0
12057;1;0
12061;1;1
12065;1;4
12068;3;0
12072;0;0
12075;3;0
12079;3;0
12083;1;0
12086;4;2
12090;0;1
12094;1;4
12097;2;3
12101;3;0
12105;8;1
12108;1;0
12112;2;0
12116;4;4
12119;0;1
12123;7;1
12126;2;0
12130;3;2
12134;1;5
12137;0;6
12141;2;0
12145;2;1
12148;5;0
12152;1;5
12156;0;2
12159;0;0
12163;3;0
12167;2;0
12170;2;1
12174;0;0
12178;4;1
12181;3;4
12185;4;1
12188;2;0
12192;2;0
12196;1;0
12199;2;2
12203;2;0
12207;2;1
12210;0;0
12216;0;0
12218;2;0
12221;5;2
12225;1;1
12229;4;0
12232;3;0
12236;4;2
12239;2;0
12243;5;0
12247;7;0
12250;4;0
12254;0;4
12258;5;0
12261;2;0
12265;1;0
12269;1;3
12272;4;0
12276;0;0
12280;4;0
12283;2;1
12287;3;0
12291;1;3
12294;4;4
12298;5;0
12301;4;2
12305;2;0
12309;0;2
12312;4;0
12316;2;0
12320;4;2
12323;5;2
12327;1;0
12331;2;0
12334;4;0
12338;4;6
12342;2;0
12345;5;0
12349;1;2
12353;0;3
12356;1;0
12360;2;2
12363;4;2
12367;5;3
12371;0;0
12374;3;0
12378;0;0
12382;2;4
12385;1;0
12389;1;0
12393;0;1
12396;4;0
12402;3;1
12404;2;0
12407;5;5
12411;2;3
12414;2;5
12418;0;3
12422;3;2
12425;6;0
12429;5;2
12433;2;0
12436;2;0
12440;0;1
12444;4;0
12447;1;0
12451;2;0
12455;2;0
12458;4;4
12462;5;2
12466;3;3
12469;2;2
12473;1;3
12476;1;0
12480;0;1
12484;0;2
12487;3;0
12491;3;0
12495;0;2
12498;4;2
12502;1;0
12506;6;6
12509;5;0
12513;2;0
12517;4;1
12520;4;1
12524;2;0
12527;6;0
12531;3;0
12535;4;0
12538;2;2
12542;5;0
12546;4;1
12549;5;1
12553;4;1
12557;4;6
12560;3;0
12564;3;2
12568;2;3
12571;3;0
12575;2;1
12579;5;0
12582;3;0
12586;1;3
12617;1;5
12617;3;3
12618;1;1
12620;0;4
12624;5;1
12628;3;1
12631;2;0
12635;0;0
12639;0;1
12642;4;1
12646;8;3
12650;6;2
12653;1;3
12657;1;2
12661;4;1
12664;1;0
12668;4;0
12671;2;0
12675;1;0
12679;3;6
12682;1;4
12686;4;1
12690;3;0
12693;6;1
12697;0;0
12701;3;3
12704;3;0
12708;3;1
12712;1;0
12715;3;0
12719;0;0
12722;4;1
12726;2;1
12730;2;0
12733;1;0
12737;0;0
12741;3;0
12744;0;0
12748;3;1
12752;3;0
12755;3;3
12759;1;0
12763;3;0
12766;2;1
12770;0;0
12774;0;0
12777;0;0
12781;1;0
12784;5;0
12788;4;0
12792;4;0
12810;2;4
12810;2;0
12811;2;0
12813;3;0
12817;4;0
12821;3;2
12824;1;0
12828;3;6
12832;0;0
12835;1;0
12839;3;2
12843;1;0
12846;0;0
12850;2;0
12854;1;1
12857;2;0
12861;2;0
12864;4;2
12868;3;0
12872;2;0
12875;3;0
12879;3;0
12883;4;2
12886;2;0
12890;2;0
12894;1;0
12897;0;2
12901;5;2
12905;3;0
12908;5;0
12912;0;2
12916;2;0
12919;2;0
12923;1;2
12926;3;1
12930;0;0
12934;0;0
12937;1;0
12941;3;0
12945;1;0
12948;6;0
12952;1;2
12956;3;0
12959;4;0
12963;3;0
12967;2;0
12970;5;2
12974;0;0
12977;1;2
12981;3;3
12985;4;1
12991;2;2
12992;0;2
12996;3;0
12999;3;3
13003;3;3
13007;1;1
13010;4;1
13014;2;1
13018;0;1
13021;0;0
13025;5;0
13029;2;2
13032;1;0
13036;1;0
13039;1;0
13043;0;0
13047;2;6
13050;3;3
13054;1;2
13058;2;1
13061;1;0
13065;4;4
13069;3;2
13072;3;1
13076;3;4
13080;5;0
13083;4;0
13087;3;0
13091;2;3
13094;2;0
13098;2;0
13101;3;1
13105;4;2
13109;1;0
13112;2;4
13116;4;5
13120;1;3
13123;5;0
13127;1;0
13131;0;3
13134;2;1
13138;0;0
13142;3;1
13145;1;0
13149;2;2
13152;2;4
13156;5;0
13160;1;0
13163;2;0
13167;3;6
13171;2;0
13177;3;0
13178;1;0
13182;4;3
13185;1;2
13189;3;2
13193;2;1
13196;1;0
13200;2;5
13204;2;4
13207;3;0
13211;6;1
13214;3;0
13218;1;1
13222;2;0
13225;2;5
13229;3;0
13233;3;0
13236;1;2
13240;7;0
13244;3;0
13247;4;0
13251;5;0
13255;2;0
13258;3;0
13262;0;2
13265;2;0
13269;1;0
13273;6;2
13276;3;0
13280;3;2
13284;4;3
13287;3;0
13291;2;0
13295;2;2
13298;3;0
13302;4;4
13306;3;1
13309;5;0
13313;1;0
13317;3;0
13320;5;1
13324;2;1
13327;3;0
13331;2;2
13335;6;3
13338;3;0
13342;5;0
13346;6;1
13349;4;3
13353;6;3
13357;3;3
13363;7;0
13364;3;2
13368;4;0
13371;4;1
13375;2;0
13378;4;4
13382;4;2
13386;3;0
13389;1;0
13393;1;3
13397;2;0
13400;3;1
13404;4;1
13408;5;4
13411;6;4
13415;5;1
13419;5;5
13422;4;0
13426;3;0
13430;5;0
13433;0;0
13437;3;0
13440;3;4
13444;5;0
13448;4;1
13451;0;0
13455;4;0
13459;3;4
13462;5;1
13466;2;0
13470;3;0
13473;3;0
13477;2;3
13481;4;0
13484;4;0
13488;6;4
13492;4;0
13495;2;0
13499;0;0
13502;3;0
13506;8;1
13510;4;0
13513;2;0
13517;5;2
13521;4;0
13524;3;0
13528;2;0
13532;2;2
13535;3;0
13539;1;0
13543;1;0
13546;6;1
13552;2;0
13553;1;0
13557;1;0
13561;0;2
13564;1;2
13568;7;0
13572;0;3
13575;2;1
13579;4;0
13583;5;0
13586;4;0
13590;4;3
13594;3;1
13597;4;1
13601;3;0
13605;2;1
13608;5;0
13612;2;0
13615;3;2
13619;1;0
13623;0;4
13626;2;4
13630;5;0
13634;1;2
13637;1;1
13641;5;1
13645;2;1
13648;1;1
13652;1;1
13656;1;0
13659;2;2
13663;0;0
13666;1;0
13670;2;1
13674;1;0
13677;3;1
13681;3;2
13685;3;0
13688;2;0
13692;0;5
13696;2;0
13699;2;4
13703;7;2
13707;5;1
13710;3;2
13714;1;0
13718;2;5
13721;1;0
13725;4;0
13728;3;3
13732;2;0
13738;4;0
13739;1;2
13743;2;0
13747;7;2
13750;4;3
13754;3;0
13758;2;0
13761;3;0
13765;4;2
13769;3;2
13772;3;3
13776;3;2
13779;1;1
13783;3;2
13787;3;0
13790;5;2
13794;2;0
13798;1;0
13801;3;1
13805;1;2
13809;2;1
13812;1;5
13816;3;0
13820;1;2
13823;3;1
13827;4;0
13831;5;2
13834;0;2
13838;4;1
13841;1;0
13845;7;0
13849;3;0
13852;2;0
13856;0;2
13860;2;1
13863;5;0
13867;5;2
13871;2;0
13874;8;1
13878;3;5
13882;4;0
13885;4;1
13889;3;0
13893;2;0
13896;5;4
13900;3;6
13903;3;0
13907;4;0
13911;1;3
13914;1;0
13918;0;2
14019;4;0
14020;4;1
14020;2;0
14023;6;1
14026;4;2
14030;4;0
14034;4;0
14037;2;3
14041;5;0
14045;0;0
14048;2;0
14052;0;2
14056;5;1
14059;3;0
14063;2;3
14066;1;0
14070;1;1
14074;2;0
14077;2;0
14081;2;1
14085;0;0
14088;5;0
14092;2;0
14096;3;0
14099;1;0
14103;4;4
14107;3;0
14110;1;1
14114;4;1
14118;4;1
14121;4;0
14125;0;0
14128;4;5
14132;0;1
14136;2;0
14139;0;0
14143;3;4
14147;4;1
14150;3;0
14154;0;0
14158;4;3
14161;1;2
14165;1;2
14169;3;0
14172;2;0
14176;0;1
14179;0;2
14183;1;2
14187;4;1
14190;1;0
14194;0;0
14287;2;1
14287;5;3
14288;3;2
14290;1;0
14294;0;3
14298;3;2
14301;1;0
14305;1;0
14309;6;3
14312;3;0
14316;3;5
14320;3;0
14323;5;0
14327;2;0
14331;2;3
14334;3;0
14338;1;0
14341;0;0
14345;4;0
14349;2;3
14352;3;1
14356;3;0
14360;2;0
14363;0;3
14367;4;0
14371;1;2
14374;0;0
14378;2;4
14382;4;0
14385;6;1
14389;5;0
14393;0;0
14396;1;0
14400;0;1
14403;3;0
14407;4;4
14411;0;1
14414;1;2
14418;0;1
14422;3;0
14425;2;2
14429;1;6
14433;0;0
14436;3;0
14440;2;0
14444;1;0
14447;6;4
14451;4;0
14454;4;0
14458;1;0
14462;0;0
14487;2;2
14487;3;1
14487;2;1
14490;4;0
14494;7;1
14497;0;5
14501;1;0
14505;5;0
14508;3;0
14512;4;1
14516;1;4
14519;4;3
14523;4;0
14526;2;0
14530;2;0
14534;0;2
14537;0;0
14541;3;4
14545;2;0
14548;3;0
14552;3;0
14556;2;0
14559;0;2
14563;3;3
14567;0;4
14570;2;1
14574;1;0
14578;0;0
14581;2;2
14585;2;2
14588;4;0
14592;3;1
14596;3;0
14599;2;2
14603;2;1
14607;5;2
14610;3;1
14614;4;3
14618;5;0
14621;6;3
14625;2;0
14629;7;5
14632;1;0
14636;2;0
14640;6;0
14643;3;0
14647;2;2
14650;0;0
14654;3;0
14658;0;3
14661;3;0
14665;1;0
14671;1;0
14672;0;2
14676;1;0
14680;6;2
14683;2;2
14687;3;0
14691;0;0
14694;1;2
14698;3;3
14701;1;2
14705;3;4
14709;5;5
14712;1;2
14716;0;0
14720;3;3
14723;2;0
14727;3;0
14731;1;1
14734;0;5
14738;4;0
14742;4;0
14745;0;0
14749;4;0
14753;0;1
14756;1;3
14760;3;0
14763;4;2
14767;2;2
14771;4;0
14774;6;1
14778;2;1
14782;1;0
14785;4;0
14789;1;0
14793;0;0
14796;0;3
14800;2;4
14804;3;0
14807;2;3
14811;1;0
14814;5;0
14818;1;2
14822;5;0
14825;1;0
14829;3;0
14833;1;0
14836;2;1
14840;4;3
14844;3;2
14847;1;4
14851;3;0
14857;3;2
14858;4;0
14862;1;0
14866;2;0
14869;7;1
14873;4;1
14876;4;2
14880;4;2
14884;3;2
14887;1;0
14891;2;2
14895;6;4
14898;3;0
14902;2;3
14906;7;0
14909;5;0
14913;5;2
14917;1;4
14920;2;0
14924;2;0
14927;0;0
14931;2;2
14935;3;0
14938;1;2
14942;3;3
14946;4;1
14949;4;1
14953;5;1
14957;0;0
14960;2;0
14964;3;0
14968;2;0
14971;0;1
14975;1;3
14979;5;0
14982;2;1
14986;1;0
14989;1;1
14993;2;2
14997;3;2
15000;3;0
15004;3;0
15008;0;0
15011;3;0
15015;4;2
15019;4;6
15022;1;5
15026;2;1
15030;3;1
15033;1;0
15037;1;3
15043;1;0
15044;4;1
15048;5;0
15051;2;0
15055;4;0
15059;1;0
15062;3;0
15066;3;4
15070;4;7
15073;1;3
15077;0;0
15081;4;0
15084;4;3
15088;0;3
15092;0;1
15095;3;5
15099;1;4
15102;4;1
15106;1;0
15110;5;2
15113;3;0
15117;1;0
15121;5;0
15124;4;2
15128;0;0
15132;0;0
15135;3;0
15139;3;0
15143;4;0
15146;0;0
15150;0;0
15154;3;3
15157;1;0
15161;6;4
15164;2;0
15168;0;0
15172;2;0
15175;0;0
15179;0;0
15183;0;0
15186;2;0
15190;0;1
15194;1;3
15197;0;0
15201;3;0
15205;6;1
15208;5;1
15212;3;1
15215;1;3
15219;2;3
15223;4;0
15229;1;0
15230;4;5
15234;2;0
15237;3;8
15241;2;0
15245;1;0
15248;1;1
15252;2;0
15256;4;0
15259;3;0
15263;0;1
15267;1;4
15270;3;0
15274;3;0
15277;1;0
15281;2;0
15285;3;0
15288;3;0
15292;1;0
15296;3;3
15299;4;1
15303;4;1
15307;2;2
15310;2;0
15314;4;3
15318;2;2
15321;6;4
15325;2;0
15329;4;0
15332;4;1
15336;2;0
15339;2;0
15343;3;0
15347;1;0
15350;3;0
15354;0;3
15358;2;0
15361;4;0
15365;3;3
15369;4;1
15372;3;2
15376;3;3
15380;2;0
15383;4;1
15387;3;2
15390;3;0
15394;4;2
15398;3;1
15401;1;1
15405;4;1
15409;2;3
15415;2;1
15416;4;2
15420;4;3
15423;5;0
15427;4;3
15431;4;0
15434;3;1
15438;2;0
15442;2;1
15445;3;0
15449;4;5
15452;3;0
15456;2;2
15460;3;0
15463;3;2
15467;6;0
15471;3;0
15474;3;1
15478;1;2
15482;2;0
15485;5;0
15489;4;0
15493;2;0
15496;2;1
15500;1;1
15503;3;0
15507;5;1
15511;1;0
15514;2;2
15518;1;0
15522;4;0
15525;1;2
15529;2;1
15533;0;2
15536;1;3
15540;5;2
15544;4;0
15547;2;0
15551;6;0
15555;1;0
15558;0;0
15562;3;0
15565;1;3
15569;0;2
15573;4;0
15576;0;0
15580;4;3
15584;4;0
15587;5;0
15591;6;0
15595;2;2
15598;4;0
15605;4;0
15606;2;0
15609;3;0
15613;7;2
15616;1;0
15620;4;3
15624;2;0
15627;4;0
15631;0;0
15635;5;0
15638;1;5
15642;3;0
15646;3;0
15649;1;1
15653;1;0
15657;4;4
15660;2;0
15664;1;4
15668;0;0
15671;1;0
15675;2;0
15678;2;4
15682;0;3
15686;0;1
15689;0;2
15693;3;0
15697;2;0
15700;3;0
15704;0;2
15708;6;0
15711;0;0
15715;4;2
15719;4;1
15722;3;3
15726;2;1
15730;0;2
15733;1;0
15737;3;0
15740;2;0
15744;1;0
15748;1;0
15751;4;0
15755;0;1
15759;1;0
15762;2;1
15766;4;1
15770;5;0
15773;1;1
15777;6;0
15781;1;0
15784;3;0
15790;2;0
15791;1;0
15795;0;0
15799;3;1
15802;5;0
15806;2;0
15810;1;0
15813;4;1
15817;4;0
15821;4;0
15824;2;2
15828;0;3
15832;2;2
15835;3;0
15839;7;1
15843;1;0
15846;2;0
15850;0;0
15853;0;0
15857;6;0
15861;6;2
15864;1;0
15868;0;0
15872;4;2
15875;3;3
15879;6;2
15883;7;2
15886;0;3
15890;4;5
15894;3;1
15897;1;0
15901;0;0
15904;0;0
15908;2;1
15912;4;3
15915;0;1
15919;0;6
15923;2;2
15926;2;0
15930;7;0
15934;4;4
15937;4;0
15941;0;0
15945;0;5
15948;2;1
15952;3;3
15956;2;6
15959;0;0
15963;2;0
15966;2;0
15970;4;0
15976;1;0
15977;0;0
15981;3;2
15985;1;0
15988;0;0
15992;0;0
15996;4;1
15999;0;0
16003;3;0
16007;6;0
16010;0;0
16014;1;0
16017;7;0
16021;0;0
16025;3;1
16028;7;1
16032;1;2
16036;4;0
16039;4;2
16043;4;0
16047;1;7
16050;2;1
16054;0;4
16058;0;1
16061;0;3
16065;5;0
16069;7;3
16072;1;3
16076;4;3
16079;3;0
16083;2;0
16087;1;0
16090;8;0
16094;2;0
16098;6;4
16101;5;0
16105;5;1
16109;6;0
16112;1;2
16116;0;0
16120;3;0
16123;5;0
16127;2;3
16131;2;0
16134;0;0
16138;2;0
16141;4;1
16145;4;0
16149;0;0
16152;4;1
16156;2;16
16162;7;1
16163;0;0
16167;2;0
16171;3;0
16174;1;0
16178;2;0
16182;0;0
16185;2;2
16189;6;0
16192;3;0
16196;1;4
16200;7;1
16203;0;6
16207;0;1
16211;4;0
16214;2;0
16218;1;2
16222;1;0
16225;4;0
16229;6;0
16233;4;0
16236;0;0
16240;2;1
16244;1;2
16247;2;0
16251;0;6
16254;4;0
16258;3;0
16262;1;4
16265;0;1
16269;8;2
16273;2;0
16276;0;3
16280;1;2
16284;0;0
16287;3;0
16291;3;7
16295;3;0
16298;1;3
16302;3;3
16305;0;2
16309;3;2
16313;4;0
16316;1;2
16320;3;2
16324;3;0
16327;2;2
16331;4;0
16335;0;0
16338;6;0
16342;0;1
16348;5;0
16349;0;1
16353;0;4
16357;4;0
16360;1;3
16364;3;3
16367;4;0
16371;1;1
16375;0;2
16378;6;1
16382;6;0
16386;3;2
16389;1;0
16393;0;3
16397;0;1
16400;2;1
16404;3;0
16408;6;2
16411;0;3
16415;3;4
16418;2;0
16422;0;1
16426;0;1
16429;0;6
16433;0;0
16437;2;2
16440;0;4
16444;0;3
16448;3;0
16451;3;0
16455;1;1
16459;6;0
16462;5;0
16466;4;1
16470;5;1
16473;0;1
16477;4;0
16480;4;0
16484;7;2
16488;5;6
16491;2;0
16495;3;3
16499;2;1
16502;1;2
16506;0;0
16510;2;1
16513;2;0
16517;3;3
16521;0;0
16524;0;1
16528;1;0
16534;6;0
16535;0;5
16539;0;3
16542;6;5
16546;1;3
16550;4;0
16553;0;1
16557;8;0
16561;3;0
16564;0;4
16568;5;0
16572;4;5
16575;0;2
16579;4;3
16583;0;4
16586;0;1
16590;1;6
16593;0;0
16597;1;0
16601;3;1
16604;3;0
16608;3;0
16612;5;4
16615;6;0
16619;2;0
16623;0;0
16626;6;1
16630;5;1
16634;7;0
16637;5;0
16641;3;3
16645;5;3
16648;0;2
16652;1;0
16655;2;6
16659;3;0
16663;2;2
16666;4;2
16670;4;0
16674;0;0
16677;2;0
16681;1;1
16685;1;4
16688;2;0
16692;0;2
16696;1;0
16699;2;3
16703;3;0
16706;3;2
16710;4;0
16714;0;0
16717;3;0
16724;2;2
16725;1;0
16728;2;1
16732;2;0
16736;0;0
16739;5;0
16743;1;0
16747;5;0
16750;4;1
16754;4;0
16758;3;1
16761;3;0
16765;0;6
16768;1;0
16772;4;0
16776;5;1
16779;5;3
16783;4;4
16787;3;0
16790;3;0
16794;1;1
16798;1;0
16801;1;0
16805;3;3
16809;2;2
16812;1;2
16816;3;0
16819;1;0
16823;4;0
16827;5;3
16830;3;0
16834;6;0
16838;1;0
16841;5;1
16845;1;2
16849;1;0
16852;2;1
16856;2;2
16860;2;2
16863;2;0
16867;4;0
16871;3;1
16874;5;3
16878;4;0
16881;0;1
16885;3;0
16889;6;0
16892;1;2
16896;4;1
16900;2;0
16903;0;2
16909;0;0
16911;1;3
16914;3;2
16918;4;0
16922;0;4
16925;2;1
16929;2;2
16933;6;3
16936;1;0
16940;0;0
16943;1;3
16947;6;0
16951;8;0
16954;2;0
16958;0;2
16962;4;4
16965;0;1
16969;1;0
16973;0;1
16976;6;0
16980;2;0
16984;4;0
16987;2;1
16991;3;2
16994;1;4
16998;4;3
17002;8;1
17005;6;2
17009;3;2
17013;0;0
17016;7;0
17020;0;2
17024;5;1
17027;6;2
17031;0;1
17035;0;1
17038;5;0
17042;2;0
17046;2;2
17049;2;3
17053;3;5
17056;2;5
17060;2;0
17064;5;0
17067;4;4
17071;6;0
17075;3;0
17078;5;1
17082;1;4
17086;2;0
17089;0;5
17095;2;0
17097;5;0
17100;5;0
17104;1;0
17107;2;4
17111;3;1
17115;5;0
17118;3;3
17122;7;0
17126;0;1
17129;0;5
17133;0;0
17137;4;0
17140;2;1
17144;1;2
17148;2;2
17151;4;0
17155;0;0
17159;3;0
17162;3;0
17166;3;0
17169;5;2
17173;1;1
17177;1;0
17180;0;0
17184;5;0
17188;4;1
17191;0;0
17195;0;3
17199;2;2
17202;4;3
17206;1;1
17210;4;1
17213;1;0
17217;5;0
17220;2;0
17224;5;0
17228;6;4
17231;2;1
17235;3;0
17239;2;0
17242;2;0
17246;0;2
17250;6;3
17253;0;0
17257;3;1
17261;6;0
17264;3;4
17268;3;0
17272;2;0
17275;2;0
17281;0;4
17282;3;2
17286;6;0
17290;1;0
17293;3;1
17297;6;2
17301;2;0
17304;5;0
17308;1;3
17312;1;3
17315;2;0
17319;0;0
17323;8;2
17326;0;3
17330;6;1
17334;0;2
17337;2;0
17341;5;1
17344;1;0
17348;2;0
17352;0;2
17355;3;3
17359;0;0
17363;0;3
17366;2;0
17370;5;2
17374;0;0
17377;6;0
17381;1;0
17385;0;5
17388;2;1
17392;4;2
17395;1;1
17399;0;2
17403;4;1
17406;4;2
17410;0;0
17414;0;0
17417;4;2
17421;0;0
17425;4;1
17428;1;0
17432;3;0
17436;1;0
17439;2;0
17443;7;0
17447;0;0
17450;3;2
17454;1;0
17457;3;2
17461;1;0
17467;5;2
17468;2;0
17472;4;1
17476;4;2
17479;3;0
17483;2;0
17487;1;0
17490;5;0
17494;1;0
17498;0;0
17501;8;0
17505;7;0
17508;2;0
17512;5;0
17516;4;0
17519;5;4
17523;0;1
17527;6;0
17530;2;1
17534;1;1
17538;1;6
17541;1;3
17545;1;2
17549;5;0
17552;4;0
17556;1;0
17560;1;6
17563;3;6
17567;2;0
17570;2;3
17574;4;3
17578;1;3
17581;0;4
17585;1;0
17589;3;4
17592;0;0
17596;3;4
17600;4;0
17603;5;0
17607;2;0
17611;9;3
17614;4;0
17618;1;0
17622;1;1
17625;1;0
17629;0;0
17632;1;0
17636;0;0
17640;0;1
17643;0;2
17647;4;0
17651;6;2
17657;4;2
17658;4;5
17662;2;1
17665;3;0
17669;0;2
17673;0;2
17676;2;0
17680;7;0
17683;1;0
17687;5;0
17691;0;6
17694;5;3
17698;2;0
17702;0;0
17705;4;0
17709;1;0
17713;1;0
17716;4;0
17720;0;5
17724;0;1
17727;3;0
17731;2;0
17735;0;2
17738;5;0
17742;0;1
17745;0;2
17749;3;0
17753;0;0
17756;0;0
17760;0;1
17764;2;0
17767;4;1
17771;0;4
17775;3;3
17778;3;2
17782;2;0
17786;3;3
17789;0;0
17793;0;4
17796;1;2
17800;0;5
17804;2;0
17807;3;0
17811;0;4
17815;0;0
17818;0;1
17822;0;1
17826;0;0
17829;2;2
17833;0;2
17837;0;2
17843;3;4
17844;6;3
17848;6;0
17851;0;0
17855;2;1
17858;3;0
17862;2;0
17866;1;4
17869;0;0
17873;6;1
17877;3;1
17880;5;0
17884;2;4
17888;3;3
17891;0;0
17895;2;0
17899;1;3
17902;0;1
17906;6;0
17909;1;0
17913;1;0
17917;2;3
17920;7;2
17924;1;6
17928;0;0
17931;4;2
17935;6;0
17939;1;1
17942;5;0
17946;1;0
17950;3;0
17953;6;1
17957;0;4
17961;0;0
17964;0;2
17968;3;1
17971;0;3
17975;3;1
17979;0;0
17982;3;0
17986;5;1
17990;0;2
17993;3;1
17997;5;0
18001;1;6
18004;1;3
18008;8;0
18012;3;3
18015;0;0
18019;3;3
18023;1;2
18028;2;0
18030;1;0
18033;3;0
18037;3;2
18041;4;3
18044;0;0
18048;0;1
18052;0;4
18055;1;3
18059;1;3
18063;4;0
18066;5;1
18070;1;3
18074;4;4
18077;3;0
18081;3;0
18084;1;0
18088;1;0
18092;5;4
18095;1;3
18099;0;4
18103;3;0
18106;4;3
18110;0;0
18114;3;2
18117;0;1
18121;3;0
18125;1;0
18128;2;1
18132;0;0
18136;0;1
18139;1;3
18143;2;5
18146;3;1
18150;8;3
18154;0;5
18157;3;1
18161;1;0
18165;4;0
18168;3;1
18172;1;5
18176;3;0
18179;3;0
18183;0;0
18187;3;0
18190;3;0
18194;3;3
18197;1;4
18201;0;0
18205;0;0
18208;0;0
18214;4;0
18216;1;1
18219;5;1
18223;6;1
18227;3;5
18230;6;1
18234;7;1
18238;0;5
18241;4;0
18245;2;2
18249;0;4
18252;1;0
18256;0;2
18259;3;0
18263;2;0
18267;2;1
18270;0;0
18274;0;1
18278;1;1
18281;1;2
18285;8;2
18289;2;2
18292;2;2
18296;0;4
18300;0;0
18303;2;0
18307;4;0
18310;3;1
18314;4;4
18318;1;0
18321;0;0
18325;0;3
18329;1;3
18332;0;0
18336;0;0
18340;3;1
18343;5;4
18347;8;3
18351;0;1
18354;2;0
18358;0;1
18362;1;0
18365;0;0
18369;1;1
18372;4;0
18376;4;0
18380;2;1
18383;3;1
18387;4;3
18391;0;3
18394;1;0
18400;5;0
18402;0;0
18405;5;0
18409;3;3
18413;6;1
18416;1;1
18420;2;0
18424;0;0
18427;2;1
18431;0;0
18434;3;0
18438;2;2
18442;1;2
18445;0;1
18449;3;5
18453;0;0
18456;0;2
18460;0;0
18464;3;5
18467;3;4
18471;3;0
18475;1;0
18478;3;4
18482;3;0
18485;2;3
18489;2;0
18493;0;2
18496;0;0
18500;1;0
18504;1;2
18507;6;0
18511;5;0
18515;1;1
18518;4;6
18522;4;0
18526;0;0
18529;3;0
18533;2;0
18537;6;0
18540;3;0
18544;0;0
18547;5;4
18551;0;2
18555;0;0
18558;3;1
18562;0;2
18566;0;0
18569;0;2
18573;7;0
18577;4;0
18580;0;0
18584;2;0
18590;4;0
18591;0;2
18595;4;3
18598;0;0
18602;4;0
18606;0;0
18609;2;0
18613;4;0
18617;2;0
18620;0;1
18624;1;0
18628;5;0
18631;0;0
18635;3;5
18639;0;2
18642;0;0
18646;1;0
18650;6;3
18653;0;2
18657;3;0
18660;1;2
18664;2;1
18668;6;2
18671;0;2
18675;5;0
18679;2;1
18682;2;2
18686;1;0
18690;2;2
18693;4;0
18697;3;0
18701;0;0
18704;0;1
18708;0;1
18711;3;1
18715;1;1
18719;8;0
18722;2;0
18726;0;0
18730;0;6
18733;5;5
18737;7;0
18741;4;1
18744;0;1
18748;3;2
18752;2;1
18755;1;5
18759;3;0
18763;4;0
18766;0;2
18770;5;0
18776;3;2
18777;3;4
18781;0;0
18784;1;0
18788;3;0
18792;7;0
18795;2;3
18799;0;1
18803;0;0
18806;3;4
18810;1;4
18814;2;0
18817;2;1
18821;5;2
18825;3;0
18828;2;3
18832;3;1
18835;3;6
18839;0;3
18843;5;3
18846;2;1
18850;2;3
18854;1;2
18857;2;5
18861;5;1
18865;1;3
18868;3;1
18872;2;3
18876;4;2
18879;3;0
18883;6;0
18886;4;1
18890;0;0
18894;0;0
18897;2;2
18901;6;0
18905;2;2
18908;4;0
18912;1;0
18916;0;1
18919;3;5
18923;6;0
18927;0;0
18930;0;0
18934;4;6
18938;0;3
18941;5;2
18945;3;4
18948;3;0
18952;1;0
18956;3;1
18962;1;0
18963;2;2
18967;0;3
18970;5;0
18974;1;4
18978;2;0
18981;2;0
18985;2;0
18989;7;0
18992;0;0
18996;3;0
18999;3;2
19003;4;0
19007;5;0
19010;0;0
19014;0;0
19018;0;0
19021;0;0
19025;0;0
19029;2;1
19032;1;0
19036;2;4
19040;3;0
19043;0;2
19047;4;2
19051;5;2
19054;1;0
19058;5;4
19061;1;2
19065;0;0
19069;0;1
19072;0;0
19076;1;1
19080;1;0
19083;0;4
19087;3;0
19091;3;0
19094;3;0
19098;0;0
19102;0;1
19105;4;0
19109;2;1
19112;2;0
19116;0;0
19120;4;1
19123;3;5
19127;3;0
19131;2;0
19134;1;0
19138;5;0
19142;3;6
19148;0;3
19149;5;0
19153;2;0
19156;2;0
19160;5;1
19164;0;0
19167;6;0
19171;1;0
19174;0;0
19178;2;0
19182;4;1
19185;3;0
19189;4;4
19193;3;0
19196;2;0
19200;8;0
19204;3;3
19207;0;3
19211;3;0
19215;1;0
19218;0;3
19222;5;0
19226;0;0
19229;1;0
19233;2;6
19236;2;0
19240;0;2
19244;5;0
19247;7;3
19251;1;1
19255;2;0
19258;5;2
19262;2;2
19266;0;0
19269;2;0
19273;3;4
19277;3;3
19280;6;2
19284;1;2
19287;1;0
19291;3;0
19295;5;1
19298;6;1
19302;4;0
19306;0;0
19309;4;0
19313;1;2
19317;4;1
19320;4;1
19324;1;0
19328;5;0
19334;4;0
19335;4;0
19339;2;1
19342;7;1
19346;4;0
19349;2;0
19353;3;0
19357;3;7
19360;2;3
19364;2;0
19368;4;2
19371;3;0
19375;3;5
19379;2;1
19382;0;1
19386;1;0
19390;4;2
19393;3;0
19397;2;0
19400;3;3
19404;6;1
19408;5;2
19411;3;1
19415;4;0
19419;2;0
19422;3;1
19426;0;0
19430;1;1
19433;4;3
19437;6;2
19441;0;0
19444;5;4
19448;2;0
19452;4;2
19455;4;0
19459;4;4
19462;1;0
19466;7;0
19470;0;0
19473;0;1
19477;5;1
19481;4;1
19484;4;0
19488;0;1
19492;3;2
19495;5;0
19499;0;0
19503;0;1
19506;3;2
19510;4;0
19513;6;1
19517;4;0
19523;6;0
19524;5;0
19528;3;3
19532;3;0
19535;1;0
19539;3;1
19543;3;5
19546;2;1
19550;1;0
19554;4;1
19557;0;0
19561;0;4
19565;6;0
19568;0;6
19572;0;5
19575;4;0
19579;3;3
19583;4;1
19586;3;0
19590;3;2
19594;1;0
19597;6;1
19601;0;0
19605;2;0
19608;2;2
19612;6;4
19616;1;0
19619;5;1
19623;0;1
19627;0;0
19630;6;0
19634;2;2
19637;5;5
19641;5;2
19645;0;0
19648;2;0
19652;0;2
19656;0;4
19659;0;4
19663;0;3
19667;3;1
19670;5;1
19674;5;0
19678;2;1
19681;1;1
19685;16;0
19688;2;3
19692;5;2
19696;3;2
19699;3;3
19703;3;0
19709;3;2
19710;1;3
19714;5;0
19718;3;3
19721;4;1
19725;3;5
19729;2;0
19732;5;0
19736;6;5
19740;0;0
19743;7;0
19747;0;1
19750;6;0
19754;5;0
19758;4;1
19761;1;0
19765;6;2
19769;0;3
19772;5;3
19776;2;1
19780;2;1
19783;2;0
19787;3;0
19791;0;0
19794;4;1
19798;1;4
19801;2;0
19805;1;2
19809;4;2
19812;4;0
19816;0;0
19820;2;0
19823;2;0
19827;9;0
19831;1;0
19834;0;0
19838;1;3
19842;2;0
19845;4;2
19849;8;3
19853;0;0
19856;1;5
19860;3;3
19863;1;2
19867;5;0
19871;2;2
19874;6;0
19878;5;0
19882;5;5
19885;6;0
19889;2;2
19895;4;1
19896;4;0
19900;2;1
19904;2;1
19907;0;5
19911;1;1
19915;0;3
19918;1;0
19922;0;3
19925;1;0
19929;3;1
19933;1;2
19936;5;0
19940;2;0
19944;1;0
19947;5;0
19951;5;0
19955;2;3
19958;2;0
19962;6;2
19966;2;0
19969;5;0
19973;0;0
19976;5;2
19980;2;0
19984;4;0
19987;4;3
19991;0;1
19995;0;2
19998;5;0
20002;5;1
20006;5;3
20009;6;1
20013;8;0
20017;8;1
20020;2;0
20024;5;2
20028;4;1
20031;1;2
20035;3;4
20038;3;0
20042;2;1
20046;2;3
20049;0;0
20053;4;0
20057;4;0
20060;2;1
20064;4;4
20068;2;0
20071;3;2
20075;2;1
20081;6;2
20082;2;0
20086;2;2
20089;2;0
20093;3;0
20097;0;6
20100;4;3
20104;5;1
20108;1;0
20111;5;2
20115;0;2
20119;4;1
20122;5;0
20126;6;0
20130;5;1
20133;2;0
20137;3;7
20141;0;0
20144;4;0
20148;4;0
20151;0;0
20155;5;1
20159;2;1
20162;5;1
20166;6;0
20170;3;0
20173;4;3
20177;0;0
20181;2;5
20184;0;0
20188;4;0
20192;3;1
20195;4;3
20199;8;3
20202;4;2
20206;0;3
20210;0;0
20213;3;1
20217;1;0
20221;2;4
20224;0;6
20228;1;4
20232;4;2
20235;3;1
20239;3;3
20243;1;1
20246;0;2
20250;3;0
20254;3;1
20257;3;2
20261;0;3
20267;2;1
20268;5;0
20272;1;0
20275;0;0
20279;4;0
20283;1;1
20286;2;1
20290;0;0
20294;0;3
20297;0;1
20301;2;1
20305;1;1
20308;4;2
20312;1;0
20316;0;6
20319;5;0
20323;2;0
20326;1;4
20330;0;0
20334;5;2
20337;2;5
20341;2;0
20345;5;0
20348;3;1
20352;1;1
20356;4;5
20359;3;0
20363;4;0
20367;6;0
20370;0;2
20374;7;1
20377;4;0
20381;3;3
20385;0;4
20388;4;0
20392;0;4
20396;1;5
20399;3;5
20403;7;0
20407;0;2
20410;3;0
20414;1;0
20418;0;0
20421;1;0
20425;2;2
20429;3;0
20432;0;4
20436;3;0
20439;0;0
20443;0;0
20447;0;5
20450;4;4
20456;2;0
20458;5;2
20461;2;2
20465;5;0
20469;3;0
20472;1;0
20476;2;0
20480;2;1
20483;0;0
20487;0;2
20490;3;0
20494;1;0
20498;0;2
20501;1;0
20505;5;0
20509;2;0
20512;1;0
20516;1;5
20520;0;4
20523;0;0
20527;4;3
20531;3;0
20534;3;7
20538;5;0
20542;2;1
20545;4;1
20549;3;4
20552;4;0
20556;4;1
20560;0;0
20563;3;1
20567;4;0
20571;5;0
20574;0;0
20578;0;0
20582;4;0
20585;4;4
20589;1;1
20593;0;1
20596;2;1
20600;7;0
20603;0;7
20607;6;0
20611;2;3
20614;3;4
20618;0;0
20622;7;0
20625;4;0
20629;3;0
20633;2;4
20636;6;2
20642;2;1
20644;2;0
20647;0;2
20651;4;2
20655;2;0
20658;0;0
20662;0;0
20665;4;1
20669;2;0
20673;2;0
20676;3;0
20680;4;3
20684;4;5
20687;7;4
20691;6;0
20695;6;5
20698;0;2
20702;1;1
20706;2;4
20709;0;0
20713;1;0
20717;0;1
20720;5;3
20724;4;0
20727;2;0
20731;1;6
20735;3;4
20738;6;0
20742;3;4
20746;3;3
20749;2;0
20753;3;4
20757;4;0
20760;1;0
20764;2;0
20768;2;2
20771;4;2
20775;8;0
20778;3;1
20782;1;2
20786;2;3
20789;0;0
20793;2;5
20797;0;0
20800;1;6
20804;2;3
20808;3;3
20811;0;0
20815;7;1
20819;0;0
20822;2;0
20828;0;5
20830;1;5
20833;4;0
20837;6;2
20840;7;0
20844;5;2
20848;4;0
20851;0;0
20855;2;2
20859;6;1
20862;2;2
20866;3;0
20870;8;0
20873;2;1
20877;2;0
20881;7;1
20884;0;0
20888;4;2
20891;3;0
20895;3;1
20899;5;1
20902;0;0
20906;4;3
20910;5;0
20913;2;0
20917;5;0
20921;0;0
20924;4;0
20928;1;0
20932;1;0
20935;1;2
20939;3;3
20943;1;1
20946;3;0
20950;0;1
20953;6;6
20957;4;1
20961;1;3
20964;2;0
20968;0;4
20972;1;1
20975;7;0
20979;1;2
20983;0;0
20986;3;0
20990;0;0
20994;2;2
20997;3;0
21001;3;0
21004;0;0
21008;3;0
21014;3;3
21015;5;3
21019;1;0
21023;1;0
21026;2;0
21030;6;0
21034;4;0
21037;4;0
21041;2;0
21045;4;2
21048;0;0
21052;7;1
21056;2;0
21059;4;1
21063;5;0
21066;1;0
21070;6;3
21074;3;1
21077;1;0
21081;5;0
21085;2;1
21088;5;3
21092;1;0
21096;4;1
21099;0;2
21103;2;2
21107;4;0
21110;4;0
21114;3;5
21118;2;1
21121;0;5
21125;2;0
21128;0;0
21132;2;1
21136;3;5
21139;3;1
21143;5;0
21147;0;2
21150;3;2
21154;2;1
21158;1;0
21161;7;0
21165;6;5
21169;2;1
21172;6;3
21176;0;2
21179;4;0
21183;0;0
21187;5;4
21190;4;0
21194;0;3
21200;2;3
21201;4;2
21205;1;2
21209;6;3
21212;2;2
21216;1;1
21220;0;0
21223;4;0
21227;5;0
21231;2;0
21234;2;2
21238;6;0
21241;4;2
21245;3;1
21249;8;3
21252;4;0
21256;6;0
21260;1;0
21263;5;2
21267;0;5
21271;4;0
21274;2;0
21278;0;1
21282;3;0
21285;0;1
21289;1;0
21292;0;3
21296;2;1
21300;0;2
21303;1;0
21307;1;0
21311;4;2
21314;3;0
21318;2;2
21322;0;1
21325;0;0
21329;2;0
21333;1;0
21336;3;0
21340;4;0
21344;0;0
21347;0;2
21351;4;5
21354;2;1
21358;0;0
21362;0;1
21365;1;4
21369;0;2
21373;0;1
21376;1;0
21380;1;2
21384;2;2
21390;5;2
21391;0;0
21395;2;0
21398;0;0
21402;1;0
21405;0;2
21409;3;3
21413;0;0
21416;3;3
21420;6;0
21424;5;0
21427;4;1
21431;2;4
21435;2;0
21438;3;0
21442;3;1
21446;0;1
21449;0;2
21453;0;0
21457;2;0
21460;0;0
21464;3;0
21467;5;2
21471;1;3
21475;0;0
21478;5;1
21482;2;3
21486;2;2
21489;2;5
21493;0;3
21497;3;0
21500;2;0
21504;3;4
21508;0;0
21511;2;0
21515;6;3
21519;4;0
21522;6;0
21526;2;0
21529;2;0
21533;2;1
21537;0;0
21540;0;0
21544;0;0
21548;3;0
21551;1;7
21555;2;4
21559;0;0
21562;0;0
21566;4;0
21570;6;0
21576;3;1
21577;2;0
21580;1;0
21584;1;0
21588;2;0
21591;6;0
21595;3;0
21599;0;0
21602;2;0
21606;4;1
21610;3;0
21613;1;0
21617;1;0
21621;0;0
21624;3;1
21628;1;0
21632;2;0
21635;3;2
21639;2;2
21642;4;0
21646;1;3
21650;5;0
21653;1;2
21657;2;0
21661;0;0
21664;1;1
21668;7;0
21672;6;0
21675;2;7
21679;4;0
21683;0;0
21686;3;4
21690;2;3
21693;0;0
21697;7;2
21701;0;2
21704;3;3
21708;5;0
21712;0;2
21715;4;3
21719;3;3
21723;0;0
21726;5;0
21730;1;1
21734;0;0
21737;5;2
21741;2;0
21745;0;3
21748;5;1
21752;0;4
21755;3;1
21761;1;0
21763;3;3
21766;5;2
21770;2;0
21774;4;1
21777;1;0
21781;0;1
21785;0;0
21788;5;0
21792;2;0
21796;3;3
21799;6;2
21803;2;0
21806;0;0
21810;0;2
21814;4;0
21817;3;0
21821;2;1
21825;0;0
21828;4;1
21832;2;3
21836;4;0
21839;2;1
21843;6;4
21847;8;0
21850;2;0
21854;1;2
21858;4;0
21861;5;2
21865;5;0
21868;6;2
21872;4;0
21876;4;1
21879;7;3
21883;1;4
21887;0;1
21890;4;2
21894;2;2
21898;0;1
21901;1;2
21905;3;1
21909;1;3
21912;5;4
21916;0;2
21920;3;2
21923;3;2
21927;0;2
21930;3;2
21934;7;0
21938;1;0
21941;0;0
21947;0;0
21949;0;1
21952;2;3
21956;3;2
21960;5;0
21963;2;0
21967;6;1
21971;0;5
21974;0;0
21978;7;0
21981;4;3
21985;0;6
21989;2;0
21992;7;2
21996;0;2
22000;2;0
22003;3;3
22007;2;0
22011;2;0
22014;2;0
22018;0;0
22022;0;0
22025;2;1
22029;4;0
22033;1;0
22036;1;4
22040;1;0
22043;3;1
22047;5;1
22051;4;2
22054;3;3
22058;4;4
22062;5;1
22065;8;0
22069;4;1
22073;4;5
22076;6;2
22080;3;0
22084;2;2
22087;2;2
22091;6;0
22094;2;1
22098;1;2
22102;1;1
22105;4;1
22109;0;0
22113;4;0
22116;2;1
22120;5;6
22124;0;0
22127;2;0
22133;1;1
22135;3;3
22138;2;0
22142;2;2
22146;1;1
22149;0;2
22153;0;0
22156;3;3
22160;0;4
22164;5;0
22167;4;0
22171;7;0
22175;0;0
22178;0;0
22182;0;6
22186;1;2
22189;3;0
22193;2;1
22197;2;2
22200;1;0
22204;0;0
22207;0;4
22211;3;1
22215;2;0
22218;2;0
22222;0;1
22226;1;0
22229;0;3
22233;0;0
22237;6;0
22240;6;1
22244;2;2
22248;1;0
22251;2;0
22255;2;6
22259;3;0
22262;1;3
22266;0;0
22269;0;0
22273;4;0
22277;0;4
22280;6;4
22284;0;0
22288;1;0
22291;0;1
22295;3;1
22299;2;3
22302;2;0
22306;3;0
22310;0;0
22313;2;0
22317;4;0
22323;5;3
22324;5;1
22328;2;0
22331;1;0
22335;3;0
22339;3;0
22342;4;0
22346;7;1
22350;7;2
22353;1;0
22357;4;0
22361;6;1
22364;2;0
22368;6;0
22372;2;2
22375;0;2
22379;0;1
22382;0;0
22386;0;4
22390;2;0
22393;0;2
22397;3;0
22401;5;2
22404;1;0
22408;0;0
22412;1;2
22415;6;0
22419;2;2
22423;3;0
22426;6;0
22430;0;0
22434;0;0
22437;5;0
22441;3;0
22444;0;2
22448;3;0
22452;1;0
22455;2;0
22459;0;2
22463;1;0
22466;0;3
22470;0;2
22474;2;0
22477;0;0
22481;5;2
22485;4;0
22488;1;1
22492;3;1
22495;1;0
22499;0;4
22503;2;0
22509;3;0
22510;0;0
22514;2;2
22517;0;0
22521;5;0
22525;4;1
22528;0;0
22532;3;0
22536;4;2
22539;0;2
22543;4;2
22547;2;2
22550;3;3
22554;3;6
22557;3;0
22561;4;4
22565;1;1
22568;6;4
22572;2;4
22576;2;2
22579;3;3
22583;0;0
22587;6;2
22590;0;0
22594;8;1
22598;0;0
22601;3;6
22605;1;3
22609;0;0
22612;5;2
22616;5;2
22619;0;2
22623;4;0
22627;6;3
22630;4;0
22634;0;0
22638;4;3
22641;3;0
22645;4;0
22649;0;0
22652;9;0
22656;4;1
22660;0;3
22663;4;0
22667;2;1
22670;0;2
22674;3;0
22678;2;0
22681;2;0
22685;1;2
22689;6;1
22695;2;0
22696;1;0
22700;1;0
22703;0;0
22707;3;1
22711;2;0
22714;0;0
22718;2;0
22722;3;0
22725;2;0
22729;6;0
22732;2;0
22736;0;0
22740;1;6
22743;10;0
22747;8;3
22751;0;0
22754;7;0
22758;3;0
22762;4;0
22765;0;0
22769;4;0
22773;0;3
22776;1;2
22780;3;1
22783;3;0
22787;1;0
22791;0;0
22794;0;1
22798;5;0
22802;0;1
22805;2;1
22809;3;2
22813;1;4
22816;2;0
22820;5;1
22824;2;0
22827;2;0
22831;0;0
22835;3;0
22838;1;2
22842;3;5
22845;1;6
22849;3;3
22853;0;2
22856;0;0
22860;0;3
22864;3;0
22867;2;0
22871;0;0
22875;4;1
22881;6;0
22882;2;0
22886;6;5
22889;0;3
22893;4;0
22896;5;5
22900;5;0
22904;7;1
22907;0;5
22911;3;4
22915;2;2
22918;4;5
22922;0;2
22926;0;1
22929;3;1
22933;1;0
22937;0;4
22940;4;0
22944;4;4
22948;5;6
22951;0;1
22955;4;0
22958;0;1
22962;2;0
22966;0;0
22969;0;1
22973;1;2
22977;0;0
22980;2;0
22984;2;0
22988;0;0
22991;8;0
22995;5;1
22999;3;0
23002;3;0
23006;0;0
23010;5;0
23013;5;0
23017;1;0
23020;4;3
23024;0;6
23028;2;0
23031;0;0
23035;0;3
23039;1;1
23042;4;0
23046;1;2
23050;0;2
23053;2;1
23057;1;1
23061;2;4
23067;6;0
23068;4;0
23071;1;0
23075;2;1
23079;5;0
23082;3;0
23086;0;1
23090;6;1
23093;1;2
23097;0;0
23101;5;0
23104;1;5
23108;2;0
23112;3;0
23115;4;3
23119;0;0
23123;4;1
23126;3;5
23130;0;4
23133;2;0
23137;5;0
23141;1;2
23144;3;1
23148;2;2
23152;0;0
23155;1;1
23159;0;0
23163;0;2
23166;1;3
23170;0;1
23174;1;0
23177;6;0
23181;0;6
23184;8;0
23188;3;0
23192;3;1
23195;2;3
23199;2;0
23203;3;0
23206;5;0
23210;2;1
23214;3;1
23217;0;0
23221;1;0
23225;2;3
23228;0;0
23232;4;0
23236;1;0
23239;7;0
23243;1;2
23246;0;0
23252;3;0
23254;0;0
23257;2;0
23261;5;3
23265;6;0
23268;0;0
23272;0;2
23276;2;2
23279;0;0
23283;2;0
23287;3;0
23290;0;2
23294;3;1
23297;2;4
23301;0;0
23305;3;0
23308;0;0
23312;3;0
23316;2;0
23319;0;0
23323;0;1
23327;1;5
23330;3;2
23334;2;1
23338;0;0
23341;4;1
23345;3;0
23349;0;0
23352;0;4
23356;3;0
23359;3;0
23363;3;0
23367;0;2
23370;1;4
23374;2;0
23378;3;2
23381;2;0
23385;1;0
23389;3;1
23392;0;0
23396;2;0
23400;2;0
23403;2;0
23407;7;0
23411;1;2
23414;2;0
23418;5;0
23421;4;1
23425;3;3
23429;0;3
23432;5;0
23436;0;1
23442;5;0
23443;0;0
23447;2;0
23451;4;0
23454;5;3
23458;2;4
23462;3;0
23465;3;0
23469;3;0
23472;4;0
23476;0;2
23480;3;0
23483;2;0
23487;4;0
23491;0;0
23494;3;1
23498;2;0
23502;0;1
23505;0;0
23509;2;2
23513;4;1
23516;1;0
23520;3;0
23524;7;3
23527;1;0
23531;1;4
23534;2;1
23538;2;4
23542;3;0
23545;0;0
23549;0;0
23553;1;1
23556;3;0
23560;0;1
23564;2;0
23567;6;2
23571;1;2
23575;4;0
23578;2;4
23582;2;2
23585;5;0
23589;5;0
23593;2;4
23596;0;3
23600;0;0
23604;1;0
23607;0;4
23611;3;0
23615;0;0
23618;3;2
23622;7;1
23628;2;0
23629;3;4
23633;3;1
23637;1;2
23640;2;0
23644;1;0
23647;0;2
23651;0;0
23655;3;2
23658;3;1
23662;2;1
23666;0;2
23669;1;0
23673;5;0
23677;2;0
23680;3;4
23684;2;0
23688;0;0
23691;4;0
23695;0;4
23698;2;0
23702;2;2
23706;0;4
23709;2;1
23713;0;2
23717;0;1
23720;0;4
23724;0;0
23728;0;0
23731;4;1
23735;0;6
23739;0;0
23742;2;0
23746;4;1
23750;2;1
23753;1;0
23757;0;1
23760;0;3
23764;2;1
23768;2;0
23771;4;3
23775;6;0
23779;3;1
23782;5;0
23786;0;4
23790;4;0
23793;2;0
23797;8;0
23801;4;0
23804;2;4
23808;0;4
23814;2;0
5520;2;0
5520;0;0
5521;0;1
5521;1;0
5523;0;0
5527;2;1
5531;2;0
5534;3;0
5538;0;0
5541;1;0
5545;1;0
5548;2;2
5552;4;0
5555;0;0
5559;5;0
5563;3;0
5566;4;3
5570;2;0
5573;0;1
5577;2;0
5580;2;0
5584;2;1
5588;0;3
5591;3;1
5595;0;3
5598;4;0
5602;0;0
5605;1;0
5609;1;0
5612;3;2
5616;2;4
5620;0;1
5623;2;0
5627;2;3
5630;2;1
5634;5;0
5637;1;1
5641;1;3
5644;0;0
5648;1;1
5652;2;0
5655;0;0
5659;0;2
5662;1;0
5666;0;0
5669;1;0
5673;1;0
5676;4;3
5680;3;0
5684;2;0
5687;3;0
5691;3;0
5694;1;5
5698;2;1
5701;5;3
5705;2;0
5712;0;3
5712;0;3
5716;1;0
5719;6;0
5723;0;0
5726;3;0
5730;2;3
5733;0;0
5737;1;1
5741;5;0
5744;2;0
5748;1;1
5751;0;1
5755;0;0
5758;0;2
5762;2;0
5765;0;0
5769;0;0
5773;3;0
5776;1;0
5780;0;2
5783;1;2
5787;3;0
5790;6;2
5794;3;0
5797;4;1
5801;0;0
5805;0;3
5808;1;2
5812;0;0
5815;0;1
5819;1;0
5822;4;0
5826;1;2
5830;0;0
5833;3;0
5837;2;0
5840;4;1
5844;1;0
5847;1;1
5851;1;0
5854;3;0
5858;2;3
5862;0;0
5865;0;3
5869;6;0
5872;2;0
5876;2;0
5879;4;0
5883;8;0
5886;0;1
5890;0;0
5894;0;0
5897;0;1
5901;3;1
5904;1;1
5908;3;0
5913;3;0
5915;1;2
5918;5;2
5922;2;1
5926;0;1
5929;2;0
5933;0;0
5936;2;0
5940;2;1
5943;0;1
5947;3;0
5951;3;0
5954;0;0
5958;3;1
5961;2;1
5965;1;2
5968;2;0
5972;3;0
5975;2;0
5979;0;0
5983;1;2
5986;0;1
5990;3;0
5993;3;1
5997;0;0
6000;2;0
6004;0;3
6007;0;0
6011;0;1
6015;0;0
6018;1;1
6022;0;2
6025;0;1
6029;1;0
6032;5;1
6036;2;1
6039;3;0
6043;2;3
6047;0;0
6050;0;0
6054;0;0
6057;7;0
6061;0;0
6064;1;0
6068;2;0
6072;2;2
6075;1;0
6079;0;1
6082;2;3
6086;1;0
6089;2;2
6093;1;0
6096;1;0
6100;7;0
6104;0;0
6107;4;0
6111;0;2
6116;1;3
6118;3;0
6121;5;0
6125;2;0
6128;5;0
6132;3;1
6136;4;0
6139;6;4
6143;5;0
6146;4;2
6150;6;0
6153;3;2
6157;2;4
6160;1;3
6164;1;0
6168;3;0
6171;5;0
6175;1;1
6178;3;2
6182;3;0
6185;1;1
6189;0;1
6192;2;0
6196;1;0
6200;2;5
6203;1;0
6207;1;0
6210;2;0
6214;3;1
6217;3;2
6221;0;3
6225;1;3
6228;3;4
6232;2;2
6235;0;0
6239;3;2
6242;4;3
6246;3;1
6249;0;1
6253;3;1
6257;2;0
6260;2;1
6264;2;0
6267;2;0
6271;4;0
6274;1;0
6278;3;0
6281;6;1
6285;5;0
6289;5;1
6292;0;1
6296;3;0
6299;7;0
6303;1;0
6306;0;2
6310;1;0
6316;3;0
6317;0;0
6321;3;0
6324;0;2
6328;2;1
6331;0;0
6335;1;2
6338;0;0
6342;4;2
6346;0;0
6349;0;0
6353;6;0
6356;3;1
6360;2;1
6363;5;2
6367;4;3
6370;1;3
6374;6;0
6378;2;2
6381;1;1
6385;0;0
6388;3;0
6392;0;0
6395;1;2
6399;0;0
6402;0;1
6406;1;0
6410;0;0
6413;4;2
6417;4;0
6420;3;1
6424;0;1
6427;6;2
6431;4;0
6434;4;0
6438;7;3
6442;2;1
6445;0;5
6449;0;3
6452;2;3
6456;1;6
6459;0;0
6463;1;1
6467;4;3
6470;0;3
6474;0;0
6477;1;0
6481;4;1
6484;0;0
6488;1;2
6491;3;2
6495;4;0
6499;6;0
6502;2;2
6506;3;1
6509;3;0
6513;1;0
6519;3;0
6520;1;0
6523;2;0
6527;0;0
6531;3;0
6534;0;0
6538;4;1
6541;0;2
6545;3;0
6548;0;0
6552;4;1
6555;4;0
6559;1;0
6563;2;1
6566;4;1
6570;3;3
6573;3;0
6577;2;4
6580;5;0
6584;0;0
6588;0;0
6591;3;1
6595;4;3
6598;3;4
6602;5;1
6605;3;0
6609;0;0
6612;0;0
6616;1;4
6620;2;1
6623;6;1
6627;0;0
6630;0;0
6634;1;0
6637;2;0
6641;5;1
6644;0;0
6648;2;3
6652;5;0
6655;5;5
6659;2;0
6662;0;0
6666;5;0
6669;2;2
6673;0;2
6676;4;0
6680;2;0
6684;1;2
6687;3;5
6691;3;2
6694;1;0
6698;7;4
6701;1;0
6705;2;0
6709;1;5
6712;1;1
6716;2;0
6721;0;0
6723;1;3
6726;0;2
6730;0;0
6733;4;0
6737;0;2
6741;6;0
6744;2;2
6748;1;0
6751;0;2
6755;4;3
6758;1;1
6762;4;0
6765;7;0
6769;5;3
6773;1;0
6776;2;2
6780;1;2
6783;3;0
6787;5;0
6790;1;0
6794;3;4
6797;0;0
6801;3;2
6805;2;5
6808;3;5
6812;4;0
6815;2;0
6819;1;0
6822;1;0
6826;5;0
6829;2;1
6833;1;0
6837;0;0
6840;1;1
6844;8;0
6847;0;0
6851;2;0
6854;1;4
6858;1;4
6862;0;5
6865;0;3
6869;0;0
6872;7;0
6876;5;0
6879;0;1
6883;4;0
6886;6;1
6890;0;1
6894;6;0
6897;0;2
6901;8;0
6904;0;0
6908;0;0
6911;4;3
6915;0;0
6918;0;2
6924;1;0
6926;1;0
6929;1;0
6933;2;0
6936;9;0
6940;0;3
6943;4;0
6947;2;0
6950;0;0
6954;4;0
6958;2;1
6961;0;0
6965;0;0
6968;1;3
6972;1;2
6975;6;1
6979;2;0
6983;0;0
6986;0;1
6990;2;1
6993;2;0
6997;1;0
7000;0;1
7004;4;2
7007;1;3
7011;5;0
7015;2;4
7018;3;0
7022;4;0
7025;0;0
7029;6;3
7032;0;0
7036;2;0
7039;1;0
7043;0;0
7047;0;1
7050;4;0
7054;3;0
7057;0;4
7061;0;0
7064;0;0
7068;0;0
7071;6;3
7075;1;6
7079;5;0
7082;1;0
7086;0;0
7089;1;0
7093;3;7
7096;2;0
7100;2;0
7104;1;0
7107;0;0
7111;0;0
7114;5;0
7118;0;0
7121;1;1
7127;0;2
7128;1;0
7132;3;0
7136;2;1
7139;3;0
7143;0;5
7146;3;0
7150;5;2
7153;3;0
7157;2;0
7160;3;2
7164;0;1
7168;3;1
7171;0;0
7175;0;0
7178;2;0
7182;6;1
7185;5;4
7189;0;0
7192;1;0
7196;0;2
7200;8;0
7203;0;0
7207;1;2
7210;0;0
7214;2;1
7217;0;0
7221;0;2
7225;4;4
7228;5;0
7232;4;0
7235;4;0
7239;3;2
7242;3;0
7246;4;1
7249;4;3
7253;1;0
7257;6;0
7260;3;0
7264;0;0
7267;0;5
7271;5;5
7274;4;1
7278;5;0
7281;4;5
7285;0;0
7289;3;0
7292;2;1
7296;7;0
7299;3;3
7303;5;0
7306;3;2
7310;2;0
7313;3;3
7317;6;0
7321;0;1
7324;0;0
7330;3;0
7331;1;3
7335;4;3
7338;0;0
7342;4;0
7346;0;0
7349;0;3
7353;3;0
7356;1;1
7360;2;0
7363;6;5
7367;2;0
7370;1;0
7374;0;0
7378;3;4
7381;0;0
7385;3;0
7388;4;1
7392;0;3
7395;3;4
7399;2;1
7402;3;1
7406;0;0
7410;2;0
7413;3;0
7417;1;3
7420;1;0
7424;4;1
7427;0;1
7431;3;0
7434;2;1
7438;0;1
7442;1;2
7445;4;0
7449;5;1
7452;0;2
7456;0;1
7459;2;0
7463;8;0
7467;0;0
7470;4;1
7474;4;1
7477;4;2
7481;2;1
7484;0;0
7488;5;1
7491;4;1
7495;5;0
7499;5;0
7502;1;4
7506;3;4
7509;4;1
7513;0;0
7516;3;0
7520;3;3
7523;8;0
7527;0;2
7533;5;2
7534;0;5
7538;0;0
7541;2;0
7545;4;1
7548;6;0
7552;0;3
7555;8;2
7559;4;0
7563;3;1
7566;1;1
7570;5;0
7573;2;0
7577;0;0
7580;2;2
7584;0;1
7587;0;2
7591;4;1
7595;2;0
7598;7;4
7602;0;0
7605;2;2
7609;2;0
7612;1;0
7616;0;0
7620;3;0
7623;4;0
7627;5;4
7630;2;0
7634;4;2
7637;1;0
7641;2;3
7644;4;5
7648;1;4
7652;2;0
7655;2;0
7659;2;3
7662;1;1
7666;5;0
7669;1;0
7673;1;1
7676;3;0
7680;0;1
7684;4;3
7687;3;0
7691;2;1
7694;0;0
7698;4;0
7701;3;0
7705;2;0
7708;3;0
7712;5;0
7716;1;0
7719;1;6
7723;4;2
7726;3;0
7730;1;0
7736;1;0
7737;4;0
7741;3;0
7744;2;1
7748;3;3
7751;3;1
7755;3;0
7758;1;1
7762;2;2
7765;0;2
7769;3;1
7773;2;0
7776;4;0
7780;2;0
7783;3;0
7787;1;0
7790;1;0
7794;6;3
7797;8;1
7801;5;0
7805;1;2
7808;6;0
7812;1;2
7815;7;1
7819;1;0
7822;1;0
7826;8;1
7829;2;0
7833;5;1
7837;0;0
7840;4;2
7844;2;1
7847;2;0
7851;4;0
7854;2;0
7858;5;2
7862;0;5
7865;0;4
7869;1;2
7872;2;0
7876;0;0
7879;0;2
7883;1;2
7886;0;4
7890;1;0
7894;4;4
7897;1;0
7901;0;0
7904;0;0
7908;0;2
7911;3;0
7915;0;2
7918;4;2
7922;3;1
7926;1;1
7929;4;0
7933;1;2
7938;2;0
7940;0;4
7943;3;0
7947;0;0
7950;5;0
7954;1;6
7958;1;0
7961;2;2
7965;3;1
7968;3;1
7972;6;2
7975;3;1
7979;3;0
7983;2;5
7986;2;3
7990;1;1
7993;0;3
7997;5;4
8000;5;0
8004;0;3
8007;6;0
8011;0;2
8015;5;5
8018;0;0
8022;4;1
8025;0;0
8029;4;0
8032;6;5
8036;1;0
8039;0;2
8043;0;0
8047;0;0
8050;0;0
8054;2;2
8057;4;1
8061;1;0
8064;5;2
8068;0;0
8071;6;0
8075;0;0
8079;5;3
8082;0;0
8086;6;0
8089;0;0
8093;1;2
8096;1;1
8100;2;2
8104;3;2
8107;0;4
8111;1;0
8114;0;0
8118;4;2
8121;0;1
8125;0;1
8128;0;0
8132;1;2
8138;0;0
8139;1;1
8143;3;3
8146;3;2
8150;0;1
8153;6;0
8157;5;2
8160;4;0
8164;0;2
8168;2;0
8171;3;2
8175;6;2
8178;2;0
8182;0;3
8185;0;0
8189;5;0
8192;1;2
8196;0;0
8200;0;0
8203;3;0
8207;0;3
8210;0;1
8214;1;0
8217;5;2
8221;2;0
8224;6;0
8228;2;0
8232;0;1
8235;3;2
8239;2;0
8242;1;0
8246;0;0
8249;8;1
8253;2;1
8257;2;0
8260;1;0
8264;2;3
8267;0;0
8271;4;0
8274;0;0
8278;5;0
8281;2;4
8285;3;0
8289;1;0
8292;5;0
8296;2;7
8299;2;3
8303;0;0
8306;7;0
8310;5;0
8313;1;4
8317;5;0
8321;0;4
8324;4;0
8328;0;2
8331;4;1
8335;4;3
8341;1;0
8342;2;5
8345;1;0
8349;2;0
8353;4;4
8356;5;2
8360;4;0
8363;1;3
8367;0;0
8370;1;0
8374;1;1
8378;7;0
8381;0;1
8385;0;2
8388;0;0
8392;3;0
8395;0;0
8399;7;0
8402;3;2
8406;2;2
8410;0;3
8413;5;3
8417;3;2
8420;3;0
8424;1;0
8427;1;0
8431;10;0
8434;2;0
8438;3;1
8442;1;1
8445;0;2
8449;0;0
8452;4;0
8456;0;0
8459;2;0
8463;0;0
8466;6;4
8470;0;0
8474;4;0
8477;3;0
8481;2;2
8484;16;0
8488;2;0
8491;5;0
8495;0;5
8499;5;3
8502;0;6
8506;4;1
8509;0;0
8513;0;0
8516;10;0
8520;0;0
8523;4;0
8527;1;4
8531;2;3
8534;0;0
8538;5;0
8544;0;0
8545;1;0
8548;4;0
8552;0;2
8555;0;1
8559;5;3
8563;0;0
8566;1;1
8570;7;0
8573;3;2
8577;2;2
8580;0;0
8584;1;2
8587;0;0
8591;3;0
8595;3;2
8598;3;2
8602;0;2
8605;2;0
8609;4;0
8612;2;0
8616;2;0
8620;0;0
8623;4;0
8627;0;3
8630;6;0
8634;1;0
8637;0;0
8641;1;0
8644;1;4
8648;0;0
8652;0;0
8655;6;0
8659;0;0
8662;0;3
8666;0;1
8669;5;0
8673;1;1
8676;1;0
8680;4;0
8684;2;1
8687;4;2
8691;3;1
8694;0;0
8698;1;1
8701;1;0
8705;7;0
8708;1;0
8712;1;0
8716;3;1
8719;4;5
8723;2;0
8726;0;1
8730;0;0
8733;4;0
8737;0;2
8741;1;3
8746;5;0
8748;3;0
8751;2;0
8755;0;2
8758;0;0
8762;2;0
8765;0;0
8769;1;4
8773;0;0
8776;6;0
8780;3;1
8783;0;2
8787;5;4
8790;7;0
8794;0;3
8797;3;3
8801;0;0
8805;0;2
8808;0;0
8812;2;2
8815;3;3
8819;1;0
8822;0;2
8826;0;2
8829;1;0
8833;0;0
8837;2;2
8840;2;0
8844;1;4
8847;4;0
8851;0;0
8854;0;0
8858;2;0
8862;0;0
8865;0;0
8869;0;0
8872;2;0
8876;4;2
8879;2;0
8883;0;6
8886;3;2
8890;5;0
8894;1;2
8897;0;0
8901;1;0
8904;2;0
8908;1;0
8911;2;5
8915;3;1
8918;2;2
8922;2;0
8926;0;1
8929;0;2
8933;1;1
8936;1;0
8940;2;3
8943;0;0
8949;0;1
8950;1;0
8954;4;3
8958;0;3
8961;0;4
8965;5;0
8968;0;0
8972;0;0
8975;2;3
8979;0;0
8982;0;0
8986;5;0
8990;5;0
8993;3;0
8997;3;2
9000;2;2
9004;0;2
9007;1;1
9011;3;3
9015;2;0
9018;3;1
9022;0;3
9025;2;2
9029;2;0
9032;4;1
9036;1;0
9039;4;1
9043;1;4
9047;2;2
9050;0;3
9054;0;0
9057;4;1
9061;5;0
9064;2;0
9068;1;2
9071;3;0
9075;1;2
9079;3;0
9082;2;0
9086;0;1
9089;0;0
9093;1;0
9096;0;3
9100;3;1
9103;4;1
9107;2;1
9111;0;0
9114;0;0
9118;0;3
9121;3;1
9125;1;0
9128;3;1
9132;5;0
9136;3;0
9139;5;0
9143;2;3
9146;0;0
9152;3;0
9153;2;0
9157;6;1
9160;0;1
9164;5;0
9168;2;2
9171;2;2
9175;3;1
9178;3;2
9182;4;0
9185;2;2
9189;3;0
9192;3;2
9196;0;0
9200;2;1
9203;2;1
9207;4;2
9210;5;2
9214;3;0
9217;5;0
9221;2;0
9224;4;0
9228;0;0
9232;4;5
9235;3;0
9239;2;2
9242;0;0
9246;4;2
9249;2;0
9253;2;2
9257;1;2
9260;3;0
9264;1;0
9267;3;2
9271;2;0
9274;7;1
9278;4;2
9281;0;0
9285;1;3
9289;1;0
9292;2;2
9296;3;2
9299;0;1
9303;2;0
9306;1;0
9310;1;1
9313;2;0
9317;0;5
9321;1;3
9324;2;1
9328;4;0
9331;2;0
9335;3;3
9338;0;1
9342;2;4
9345;0;1
9351;3;0
9353;1;2
9356;1;1
9360;0;1
9363;4;0
9367;2;3
9370;2;2
9374;2;0
9378;0;0
9381;4;2
9385;0;2
9388;1;3
9392;4;2
9395;0;1
9399;4;0
9402;5;0
9406;6;4
9410;4;1
9413;4;3
9417;6;0
9420;1;1
9424;5;0
9427;3;0
9431;2;0
9434;3;4
9438;2;0
9442;2;2
9445;1;3
9449;6;0
9452;1;0
9456;2;0
9459;5;2
9463;0;1
9466;4;5
9470;1;0
9474;3;0
9477;3;2
9481;3;1
9484;0;0
9488;3;1
9491;0;0
9495;4;1
9499;1;0
9502;1;1
9506;1;0
9509;1;0
9513;1;2
9516;4;2
9520;0;1
9523;0;0
9527;2;2
9531;6;2
9534;2;0
9538;2;2
9541;5;0
9545;2;0
9548;3;0
9554;4;0
9555;4;1
9559;5;3
9563;0;0
9566;1;1
9570;3;0
9573;0;0
9577;2;0
9580;1;0
9584;2;2
9587;1;2
9591;3;0
9595;5;2
9598;1;1
9602;3;0
9605;6;0
9609;5;0
9612;0;0
9616;3;0
9619;1;3
9623;5;4
9627;0;0
9630;3;0
9634;0;0
9637;1;0
9641;1;1
9644;3;1
9648;1;1
9652;3;0
9655;3;1
9659;5;3
9662;3;1
9666;2;2
9669;3;0
9673;2;3
9676;0;2
9680;1;1
9684;3;0
9687;2;0
9691;0;0
9694;0;0
9698;2;4
9701;1;2
9705;3;0
9708;2;3
9712;1;0
9716;5;1
9719;4;2
9723;3;3
9726;2;0
9730;0;0
9733;3;0
9737;1;1
9740;1;0
9744;4;2
9748;2;3
9751;4;0
9757;3;1
9758;4;0
9762;2;0
9766;2;0
9769;0;2
9773;4;1
9777;2;2
9780;3;3
9784;1;3
9788;2;2
9791;4;1
9795;1;1
9799;2;0
9802;4;0
9806;1;1
9809;4;4
9813;3;4
9817;3;1
9820;1;5
9824;0;0
9828;3;0
9831;1;0
9835;5;1
9839;1;0
9842;2;1
9846;4;0
9850;2;1
9853;4;2
9857;4;2
9861;3;0
9864;3;2
9868;6;2
9871;1;0
9875;4;0
9879;1;1
9882;3;2
9886;2;0
9890;5;4
9893;1;0
9897;2;2
9901;2;0
9904;3;1
9908;1;0
9912;2;3
9915;4;0
9919;8;1
9923;0;0
9926;1;0
9930;3;1
9933;3;0
9937;0;0
9941;1;0
9944;3;1
9948;1;4
9952;2;2
9955;1;1
9959;3;2
9965;2;3
9966;4;2
9970;3;3
9974;3;1
9977;6;5
9981;3;0
9984;1;0
9988;5;0
9992;0;0
9995;2;0
9999;2;2
10003;5;4
10006;0;1
10010;5;0
10014;2;0
10017;3;0
10021;0;0
10025;4;0
10028;2;3
10032;3;0
10036;2;1
10039;5;0
10043;3;1
10046;1;0
10050;5;0
10054;2;2
10057;3;1
10061;3;1
10065;4;0
10068;2;0
10072;4;0
10076;3;0
10079;5;2
10083;3;0
10087;3;0
10090;3;3
10094;4;0
10097;3;0
10101;0;0
10105;2;0
10108;0;0
10112;0;4
10116;4;0
10119;3;0
10123;4;0
10127;1;1
10130;1;0
10134;4;1
10138;1;1
10141;2;0
10145;1;2
10149;3;0
10154;3;0
10156;5;0
10159;3;1
10163;4;0
10167;2;2
10170;1;0
10174;3;0
10178;4;0
10181;3;0
10185;1;0
10189;1;2
10192;4;0
10196;2;1
10200;5;2
10203;1;0
10207;5;2
10210;0;0
10214;3;0
10218;0;2
10221;2;0
10225;6;1
10229;2;0
10232;3;1
10236;1;2
10240;2;1
10243;4;0
10247;3;0
10251;1;2
10254;1;3
10258;1;0
10262;2;0
10265;3;2
10269;1;0
10272;0;0
10276;0;0
10280;1;0
10283;2;0
10287;0;0
10291;1;0
10294;3;2
10298;2;0
10302;0;0
10305;2;0
10309;4;2
10313;1;2
10316;0;2
10320;2;0
10324;1;4
10327;0;1
10331;1;0
10334;2;0
10338;0;0
10344;4;0
10345;3;4
10349;2;0
10353;0;2
10356;3;1
10360;1;4
10364;1;0
10367;0;0
10371;3;0
10375;7;1
10378;2;1
10382;0;4
10385;2;0
10389;4;1
10393;3;1
10396;3;1
10400;1;0
10404;3;0
10407;3;1
10411;4;0
10415;4;2
10418;0;6
10422;2;1
10426;1;2
10429;2;0
10433;3;0
10437;3;1
10440;2;0
10444;3;0
10447;2;0
10451;5;2
10455;1;0
10458;2;1
10462;6;0
10466;1;1
10469;2;0
10473;0;1
10477;1;1
10480;4;0
10484;1;0
10488;0;0
10491;2;0
10495;0;0
10498;1;0
10502;3;0
10506;3;0
10509;2;0
10513;1;0
10517;3;1
10520;2;2
10524;0;0
10530;1;0
10531;0;0
10535;0;0
10539;5;2
10542;4;0
10546;3;3
10550;3;0
10553;1;4
10557;3;4
10560;2;0
10564;0;1
10568;0;0
10571;2;0
10575;0;0
10579;4;0
10582;1;1
10586;1;1
10590;2;0
10593;0;2
10597;3;0
10601;3;0
10604;3;0
10608;1;0
10612;4;2
10615;3;0
10619;3;1
10622;0;0
10626;0;2
10630;0;2
10633;4;2
10637;2;3
10641;6;3
10644;2;3
10648;3;3
10652;0;1
10655;2;0
10659;4;1
10663;4;3
10666;0;0
10670;2;0
10673;2;1
10677;2;0
10681;1;4
10684;0;0
10688;3;0
10692;3;1
10695;5;2
10699;3;3
10703;2;0
10706;2;0
10710;2;0
10716;3;1
10717;5;0
10721;4;0
10725;1;3
10728;3;0
10732;2;3
10735;0;3
10739;5;1
10743;2;0
10746;1;2
10750;4;2
10754;3;0
10757;2;2
10761;2;0
10765;0;0
10768;0;0
10772;3;1
10776;1;0
10779;3;4
10783;1;0
10786;3;1
10790;3;0
10794;2;1
10797;0;0
10801;4;5
10805;3;0
10808;3;0
10812;1;1
10816;3;1
10819;3;2
10823;2;1
10827;3;3
10830;3;2
10834;3;4
10838;2;0
10841;2;4
10845;3;0
10848;2;0
10852;1;0
10856;0;1
10859;1;2
10863;2;2
10867;0;0
10870;0;0
10874;3;0
10878;5;0
10881;1;3
10885;4;1
10889;2;0
10892;0;0
10896;3;4
10902;3;1
10903;5;3
10907;2;2
10910;2;0
10914;3;0
10918;1;5
10921;5;4
10925;3;0
10929;1;2
10932;1;0
10936;2;1
10940;5;3
10943;6;2
10947;0;0
10951;3;1
10954;2;0
10958;4;2
10961;4;1
10965;3;1
10969;3;0
10972;3;3
10976;3;0
10980;4;0
10983;0;1
10987;1;1
10991;5;0
10994;1;0
10998;2;1
11002;0;2
11005;1;0
11009;3;1
11013;5;2
11016;4;1
11020;3;0
11023;3;2
11027;3;0
11031;2;0
11034;2;1
11038;3;1
11042;3;0
11045;3;0
11049;1;0
11053;3;1
11056;0;2
11060;5;2
11064;2;1
11067;1;1
11071;6;0
11074;5;0
11078;2;1
11082;0;0
11088;1;2
11089;4;2
11093;0;3
11096;1;0
11100;1;1
11104;2;0
11107;1;0
11111;4;1
11115;4;1
11118;6;1
11122;4;1
11126;0;0
11129;1;1
11133;3;1
11136;3;2
11140;3;1
11144;3;5
11147;0;0
11151;0;1
11155;1;2
11158;1;3
11162;2;1
11166;1;0
11169;2;1
11173;3;0
11177;1;2
11180;6;0
11184;4;0
11187;6;0
11191;0;1
11195;0;3
11198;5;5
11202;1;0
11206;3;0
11209;5;0
11213;1;3
11217;4;2
11220;1;0
11224;2;0
11228;4;4
11231;3;0
11235;4;3
11239;3;1
11242;4;2
11246;4;0
11249;2;2
11253;2;3
11257;1;1
11260;4;3
11264;2;1
11268;0;2
11271;0;0
11277;3;0
11279;5;2
11282;3;2
11286;3;0
11290;3;1
11293;3;0
11297;1;3
11300;0;2
11304;2;0
11308;2;1
11311;0;2
11315;3;0
11319;4;2
11322;6;4
11326;1;0
11330;0;0
11333;1;0
11337;0;3
11341;6;0
11344;0;1
11348;0;0
11352;2;0
11355;2;8
11359;4;0
11362;2;1
11366;0;0
11370;1;5
11373;0;0
11377;5;0
11381;1;4
11384;5;0
11388;1;0
11392;0;2
11395;1;0
11399;3;1
11403;3;1
11406;2;0
11410;0;2
11414;2;0
11417;1;3
11421;3;1
11424;2;0
11428;0;3
11432;2;2
11435;5;1
11439;3;1
11443;4;1
11446;3;0
11450;4;5
11454;5;2
11457;3;0
11463;5;4
11465;4;0
11468;1;1
11472;0;2
11475;3;1
11479;3;0
11483;3;2
11486;3;6
11490;2;0
11494;2;0
11497;3;6
11501;2;0
11505;2;1
11508;1;0
11512;1;0
11516;0;2
11519;3;0
11523;3;0
11527;4;2
11530;3;0
11534;1;5
11537;1;0
11541;2;1
11545;3;1
11548;3;0
11552;2;7
11556;0;0
11559;1;2
11563;2;3
11567;2;2
11570;2;0
11574;1;4
11578;4;1
11581;4;1
11585;5;5
11588;3;2
11592;3;0
11596;1;1
11599;4;0
11603;4;2
11607;3;2
11610;0;2
11614;3;2
11618;6;1
11621;4;0
11625;2;2
11629;6;1
11632;4;0
11636;5;0
11640;2;3
11643;1;0
11649;2;3
11650;2;2
11654;0;1
11658;1;2
11661;3;4
11665;4;1
11669;5;1
11672;3;0
11676;3;0
11680;2;0
11683;8;0
11687;3;0
11691;0;0
11694;4;2
11698;2;2
11701;1;0
11705;4;4
11709;2;2
11712;4;0
11716;4;1
11720;1;0
11723;3;3
11727;4;0
11731;0;0
11734;5;2
11738;5;2
11742;2;0
11745;1;3
11749;6;0
11753;3;3
11756;0;2
11760;4;2
11763;5;2
11767;0;4
11771;3;0
11774;2;0
11778;3;2
11782;5;1
11785;2;0
11789;2;1
11793;5;3
11796;0;1
11800;5;3
11804;2;3
11807;3;2
11811;0;4
11815;0;3
11818;1;1
11822;5;1
11825;3;1
11829;1;2
11835;4;2
11836;0;0
11840;0;0
11844;3;2
11847;3;0
11851;1;0
11855;1;0
11858;5;2
11862;4;1
11866;3;1
11869;3;0
11873;0;0
11876;3;5
11880;0;0
11884;2;0
11887;0;0
11891;2;2
11895;3;1
11898;0;1
11902;4;0
11906;4;2
11909;1;1
11913;2;0
11917;2;0
11920;3;0
11924;4;3
11928;0;1
11931;0;0
11935;0;0
11938;5;0
11942;4;1
11946;0;1
11949;1;2
11953;5;0
11957;3;1
11960;3;0
11964;1;0
11968;0;3
11971;5;0
11975;3;4
11979;5;4
11982;2;0
11986;1;2
11989;2;0
11993;4;0
11997;3;0
12000;4;3
12004;2;1
12008;5;0
12011;4;3
12015;4;0
12021;2;1
12022;5;3
12026;2;4
12030;0;0
12033;2;3
12037;6;0
12041;2;0
12044;4;0
12048;2;1
12051;0;0
12055;2;2
12059;4;0
12062;2;2
12066;5;2
12070;3;2
12073;1;1
12077;1;1
12081;2;1
12084;1;1
12088;2;2
12092;1;0
12095;3;0
12099;3;4
12102;2;0
12106;5;0
12110;3;2
12113;4;0
12117;4;0
12121;1;0
12124;0;1
12128;4;0
12132;2;1
12135;2;1
12139;3;1
12143;2;0
12146;0;2
12150;0;0
12154;4;0
12157;1;0
12161;0;4
12164;5;0
12168;0;3
12172;4;2
12175;4;0
12179;3;5
12183;3;0
12186;4;0
12190;0;0
12194;4;1
12197;5;0
12201;0;1
12205;0;3
12210;2;0
12212;3;2
12216;2;4
12219;0;1
12223;2;3
12226;5;4
12230;0;3
12234;3;0
12237;0;0
12241;5;0
12245;1;4
12248;3;0
12252;5;0
12256;3;0
12259;0;0
12263;3;1
12267;1;1
12270;2;2
12274;3;0
12277;6;0
12281;5;3
12285;0;1
12288;3;3
12292;0;0
12296;3;1
12299;3;1
12303;2;2
12307;1;2
12310;2;0
12314;1;2
12318;0;0
12321;0;0
12325;3;1
12329;0;1
12332;0;0
12336;3;2
12339;1;1
12343;2;0
12347;2;1
12350;1;1
12354;1;0
12358;2;1
12361;1;2
12365;2;5
12369;2;3
12372;5;0
12376;2;0
12380;2;0
12383;4;3
12387;3;2
12390;5;0
12396;5;1
12398;3;5
12401;3;0
12405;3;0
12409;0;1
12412;0;2
12416;2;3
12420;5;2
12423;1;3
12427;4;3
12431;3;0
12434;6;1
12438;1;2
12442;1;0
12445;5;2
12449;3;2
12452;2;1
12456;1;4
12460;5;1
12463;2;1
12467;2;2
12471;1;2
12474;1;2
12478;3;0
12482;1;0
12485;2;0
12489;1;5
12493;2;0
12496;3;3
12500;4;2
12503;3;0
12507;5;3
12511;2;0
12514;2;0
12518;2;1
12522;1;2
12525;2;4
12529;2;0
12533;2;2
12536;2;0
12540;3;0
12544;0;2
12547;0;0
12551;1;0
12555;1;2
12558;4;2
12562;0;0
12565;5;1
12569;2;1
12573;4;3
12576;5;3
12582;3;0
12584;5;0
12587;1;0
12591;3;0
12595;1;1
12598;1;0
12602;1;0
12606;0;0
12609;2;0
12613;2;1
12617;0;0
12620;1;0
12624;3;0
12627;0;1
12631;2;1
12635;0;1
12638;4;0
12642;0;1
12646;2;1
12649;0;1
12653;3;0
12657;0;0
12660;2;0
12664;1;0
12668;4;2
12671;3;1
12675;6;2
12678;3;0
12682;3;2
12686;1;0
12689;4;0
12693;2;0
12697;2;2
12700;8;0
12704;2;2
12708;2;2
12711;4;0
12715;3;3
12719;1;0
12722;3;0
12726;0;3
12730;2;5
12733;6;0
12737;1;1
12740;2;0
12744;3;0
12748;0;1
12751;3;1
12755;3;1
12759;3;1
12762;0;1
12768;4;0
12770;1;0
12773;2;3
12777;1;1
12781;1;3
12784;1;0
12788;0;0
12791;0;7
12795;0;0
12799;5;0
12802;2;1
12806;2;0
12810;0;1
12813;2;3
12817;0;1
12821;2;2
12824;2;0
12828;0;0
12832;4;3
12835;1;0
12839;1;1
12843;3;1
12846;4;2
12850;4;2
12853;0;1
12857;3;0
12861;3;0
12864;3;3
12868;1;0
12872;2;3
12875;2;0
12879;0;0
12883;1;0
12886;1;4
12890;2;0
12894;2;2
12897;3;2
12901;4;1
12905;2;1
12908;3;0
12912;3;4
12915;3;2
12919;0;0
12923;2;0
12926;1;4
12930;3;4
12934;4;0
12937;2;2
12941;0;2
12945;3;0
12948;1;2
12954;1;3
12956;3;0
12959;4;0
12963;5;2
12966;2;3
12970;4;1
12974;1;0
12977;1;3
12981;2;0
12985;2;1
12988;5;0
12992;1;1
12996;4;1
12999;0;0
13003;3;1
13007;2;1
13010;5;2
13014;2;1
13018;2;0
13021;1;3
13025;1;0
13028;1;0
13032;0;0
13036;3;1
13039;0;5
13043;3;0
13047;0;0
13050;0;2
13054;4;3
13058;2;3
13061;4;1
13065;3;2
13069;2;0
13072;3;0
13076;5;2
13079;1;0
13083;1;1
13087;3;2
13090;1;1
13094;1;1
13098;1;2
13101;4;1
13105;3;2
13109;3;2
13112;6;0
13116;0;2
13120;1;0
13123;4;1
13127;2;0
13131;1;1
13134;3;1
13138;0;1
13144;5;2
13145;5;0
13149;2;3
13152;2;2
13156;3;1
13160;2;0
13163;0;0
13167;1;1
13171;3;2
13174;4;2
13178;1;3
13182;0;5
13185;1;0
13189;2;3
13192;1;2
13196;0;1
13200;5;2
13203;3;0
13207;3;1
13211;1;0
13214;5;0
13218;0;0
13222;3;4
13225;0;0
13229;5;2
13233;2;3
13236;4;0
13240;2;0
13244;4;0
13247;2;0
13251;7;0
13254;2;2
13258;3;3
13262;2;2
13265;1;0
13269;1;0
13273;1;1
13276;2;0
13280;1;0
13284;8;0
13287;3;0
13291;1;0
13295;3;2
13298;1;0
13302;5;1
13306;2;0
13309;2;0
13313;2;0
13316;2;0
13320;2;4
13324;4;0
13330;1;0
13331;3;2
13335;2;0
13338;1;0
13342;4;0
13346;2;0
13349;4;0
13353;1;0
13357;3;0
13360;1;0
13364;2;0
13367;3;1
13371;6;1
13375;0;1
13378;7;2
13382;4;2
13386;2;4
13389;0;1
13393;1;0
13397;6;2
13400;1;1
13404;0;0
13408;5;0
13411;4;3
13415;1;1
13419;4;1
13422;1;0
13426;1;0
13429;3;2
13433;0;1
13437;1;0
13440;3;4
13444;3;3
13448;3;2
13451;1;1
13455;1;0
13459;7;0
13462;0;0
13466;0;0
13470;2;0
13473;1;1
13477;6;0
13480;0;0
13484;3;0
13488;2;2
13491;0;1
13495;1;0
13499;3;0
13502;3;0
13506;6;0
13510;0;2
13515;4;0
13517;3;1
13521;2;4
13524;0;0
13528;2;1
13532;2;0
13535;2;2
13539;3;3
13542;4;0
13546;2;0
13550;2;5
13553;4;0
13557;2;0
13561;0;0
13564;6;0
13568;2;0
13572;0;0
13575;2;4
13579;5;1
13583;2;0
13586;1;3
13590;2;0
13593;0;0
13597;1;0
13601;2;2
13604;1;0
13608;3;0
13612;2;1
13615;1;2
13619;4;1
13623;1;1
13626;4;3
13630;2;1
13634;3;2
13637;0;2
13641;5;0
13645;1;0
13648;0;1
13652;4;0
13655;2;3
13659;2;3
13663;2;4
13666;2;2
13670;1;2
13674;2;0
13677;1;0
13681;0;0
13685;3;2
13688;2;0
13692;2;1
13696;2;3
13701;5;0
13703;2;1
13707;1;1
13710;3;1
13714;3;0
13717;0;0
13721;5;2
13725;3;1
13728;5;0
13732;0;0
13736;1;2
13739;3;3
13743;2;1
13747;4;2
13750;6;2
13754;0;2
13758;3;0
13761;2;1
13765;2;0
13768;3;0
13772;2;2
13776;2;0
13779;5;0
13783;3;1
13787;2;0
13790;0;0
13794;1;1
13798;2;5
13801;2;2
13805;1;4
13809;2;3
13812;0;0
13816;2;0
13820;1;0
13823;1;0
13827;0;5
13830;4;1
13834;1;0
13838;2;0
13841;0;0
13845;3;0
13849;2;0
13852;2;0
13856;2;0
13860;3;0
13863;2;0
13867;2;2
13871;1;0
13874;5;0
13878;2;4
13881;2;2
13887;2;1
13889;3;0
13892;3;4
13896;2;0
13900;5;0
13903;0;0
13907;0;0
13911;4;3
13914;0;2
13918;2;1
13922;5;1
13925;1;0
13929;2;0
13933;1;1
13936;3;0
13940;2;0
13943;0;1
13947;1;0
13951;1;0
13954;3;1
13958;0;2
13962;2;2
13965;5;0
13969;3;0
13973;2;1
13976;3;0
13980;3;0
13984;0;0
13987;1;5
13991;0;1
13994;0;0
13998;0;0
14002;0;0
14005;1;0
14009;0;0
14013;4;0
14016;3;0
14020;1;0
14024;1;0
14027;4;0
14031;4;0
14035;3;1
14038;2;2
14042;0;2
14046;3;1
14049;0;0
14053;4;0
14056;1;2
14060;2;2
14064;4;0
14067;3;0
14071;1;0
14077;0;1
14078;3;0
14082;0;0
14086;5;0
14089;2;0
14093;2;3
14097;1;0
14100;2;0
14104;3;0
14108;1;0
14111;1;1
14115;0;2
14118;5;4
14122;1;2
14126;1;0
14129;3;0
14133;1;0
14137;3;2
14140;1;1
14144;4;0
14148;3;1
14151;3;0
14155;5;1
14159;1;3
14162;2;0
14166;1;2
14169;2;3
14173;2;0
14177;2;0
14180;4;0
14184;4;0
14188;2;0
14191;5;0
14195;2;0
14199;1;0
14202;2;0
14206;1;2
14210;1;0
14213;1;0
14217;2;0
14221;4;0
14224;1;3
14228;2;0
14231;0;0
14235;2;0
14239;3;1
14242;2;1
14246;2;1
14250;0;1
14253;2;0
14257;3;0
14263;2;2
14264;1;0
14268;3;0
14272;6;0
14275;2;0
14279;0;3
14282;1;2
14286;0;2
14290;0;1
14293;4;5
14297;5;0
14301;4;0
14304;3;0
14308;3;0
14312;0;0
14315;2;0
14319;1;0
14323;0;0
14326;1;3
14330;2;1
14334;2;1
14337;2;0
14341;2;0
14344;5;0
14348;4;0
14352;4;0
14355;0;0
14359;3;0
14363;1;0
14366;0;2
14370;2;1
14374;0;0
14377;3;0
14381;0;0
14385;2;0
14388;2;0
14392;0;0
14395;1;1
14399;0;0
14403;0;4
14406;1;1
14410;3;2
14414;2;0
14417;3;0
14421;3;1
14425;1;0
14428;2;1
14432;0;2
14436;3;0
14439;2;0
14443;1;0
14449;2;0
14450;1;2
14454;1;0
14457;2;0
14461;4;2
14465;4;0
14468;2;2
14472;2;0
14476;7;2
14479;4;0
14483;1;0
14487;2;0
14490;4;2
14494;2;1
14498;5;0
14501;5;0
14505;3;2
14509;1;0
14512;4;1
14516;4;2
14519;2;6
14523;0;0
14527;0;0
14530;4;1
14534;0;2
14538;7;2
14541;4;3
14545;0;2
14549;2;3
14552;2;2
14556;3;1
14560;2;1
14563;3;0
14567;3;1
14570;4;3
14574;2;3
14578;0;0
14581;5;0
14585;3;0
14589;1;0
14592;0;0
14596;3;0
14600;1;0
14603;2;1
14607;4;0
14611;3;1
14614;4;0
14618;2;3
14622;0;0
14625;0;0
14629;2;0
14635;4;0
14636;0;3
14640;2;3
14643;2;0
14647;0;5
14651;3;0
14654;2;2
14658;1;0
14662;1;3
14665;0;0
14669;1;0
14673;4;0
14676;2;0
14680;0;1
14683;1;0
14687;1;0
14691;2;4
14694;2;0
14698;1;0
14702;1;0
14705;0;3
14709;1;0
14713;2;0
14716;5;0
14720;0;1
14724;3;2
14727;0;4
14731;3;2
14735;6;1
14738;1;3
14742;4;0
14745;0;1
14749;0;2
14753;5;0
14756;0;3
14760;4;2
14764;2;0
14767;0;0
14771;1;1
14775;2;0
14778;0;2
14782;4;2
14786;3;0
14789;2;0
14793;0;3
14796;2;2
14800;1;3
14804;5;4
14807;2;0
14811;4;0
14815;2;1
14821;0;1
14822;2;1
14826;0;0
14829;2;0
14833;0;0
14837;0;0
14840;4;3
14844;2;0
14848;0;3
14851;0;0
14855;2;0
14858;3;3
14862;2;1
14866;1;0
14869;1;2
14873;2;4
14877;0;4
14880;1;0
14884;4;0
14888;3;0
14891;0;1
14895;2;1
14899;4;2
14902;1;0
14906;3;1
14910;3;0
14913;1;1
14917;2;2
14920;2;2
14924;5;0
14928;4;0
14931;3;2
14935;3;4
14939;1;6
14942;4;0
14946;4;5
14950;2;0
14953;1;3
14957;3;3
14961;2;0
14964;3;1
14968;0;0
14971;1;1
14975;2;4
14979;3;1
14982;1;0
14986;4;0
14990;0;1
14993;0;1
14997;2;2
15001;2;0
15004;2;0
15010;3;0
15012;2;0
15015;2;3
15019;1;0
15023;4;1
15026;2;1
15030;2;2
15033;5;3
15037;2;2
15041;1;4
15044;3;0
15048;4;0
15052;2;0
15055;0;2
15059;0;2
15063;1;1
15066;1;0
15070;0;0
15074;3;0
15077;1;0
15081;5;0
15084;5;0
15088;2;2
15092;3;0
15095;4;2
15099;1;4
15103;1;0
15106;4;2
15110;5;0
15114;4;0
15117;1;0
15121;3;3
15125;2;0
15128;2;0
15132;6;0
15136;3;3
15139;2;0
15143;4;0
15146;3;4
15150;4;0
15154;4;0
15157;0;0
15161;1;0
15165;3;0
15168;3;0
15172;1;0
15176;1;0
15179;2;0
15183;6;4
15187;1;2
15190;3;4
15196;4;2
15198;2;1
15201;4;2
15205;0;3
15208;1;1
15212;5;0
15216;4;1
15219;2;1
15223;2;0
15227;5;0
15230;1;0
15234;1;0
15238;1;1
15241;3;0
15245;3;2
15249;3;1
15252;2;0
15256;0;2
15259;4;1
15263;2;2
15267;2;2
15270;2;1
15274;3;0
15278;3;0
15281;3;2
15285;0;1
15289;1;0
15292;3;0
15296;1;0
15300;2;0
15303;4;0
15307;2;1
15311;3;4
15314;2;1
15318;5;0
15321;2;0
15325;2;0
15329;2;0
15332;2;2
15336;0;0
15340;1;1
15343;2;0
15347;4;0
15351;3;1
15354;3;3
15358;5;0
15362;3;1
15365;0;0
15369;1;3
15372;2;1
15376;2;0
15383;3;5
15384;3;0
15387;0;0
15391;3;2
15394;2;3
15398;5;0
15402;5;0
15405;5;0
15409;2;0
15413;2;3
15416;2;2
15420;4;0
15424;3;2
15427;5;0
15431;2;0
15434;4;4
15438;4;0
15442;1;0
15445;5;5
15449;2;0
15453;0;0
15456;0;1
15460;4;0
15464;3;0
15467;4;0
15471;2;0
15475;0;0
15478;3;0
15482;1;1
15485;4;1
15489;1;1
15493;0;0
15496;0;3
15500;1;3
15504;6;1
15507;3;1
15511;2;0
15515;6;0
15518;0;0
15522;1;0
15526;2;5
15529;2;0
15533;3;5
15537;2;0
15540;4;3
15544;5;2
15547;3;0
15551;3;0
15555;3;1
15558;4;0
15562;2;0
15568;3;0
15569;0;0
15573;0;3
15577;2;2
15580;1;0
15584;1;0
15588;0;0
15591;2;0
15595;3;3
15599;6;0
15602;2;2
15606;3;2
15609;3;5
15613;1;2
15617;6;0
15620;0;1
15624;0;2
15628;0;5
15631;3;0
15635;3;2
15639;0;2
15642;0;1
15646;2;1
15650;0;3
15653;0;2
15657;8;1
15660;3;5
15664;3;0
15668;3;4
15671;0;0
15675;3;4
15679;4;2
15682;2;0
15686;1;2
15690;1;0
15693;3;0
15697;4;3
15701;6;2
15704;2;2
15708;4;0
15712;4;2
15715;4;2
15719;3;0
15722;4;4
15726;3;0
15730;2;1
15733;2;0
15737;2;2
15741;2;6
15744;6;0
15748;0;0
15754;3;2
15755;3;1
15759;3;2
15763;2;2
15766;0;0
15770;1;3
15773;1;0
15777;2;1
15781;4;0
15784;3;3
15788;0;4
15792;2;2
15795;1;4
15799;0;2
15803;0;1
15806;1;2
15810;3;0
15814;3;4
15817;3;0
15821;1;2
15825;2;4
15828;3;0
15832;0;3
15835;2;0
15839;3;2
15843;2;1
15846;1;3
15850;1;0
15854;3;1
15857;2;0
15861;1;0
15865;0;2
15868;4;2
15872;5;0
15876;2;2
15879;5;0
15883;3;3
15886;6;0
15890;0;0
15894;0;2
15897;1;1
15901;1;0
15905;0;0
15908;2;0
15912;1;1
15916;0;0
15919;1;0
15923;2;0
15927;2;2
15930;2;3
15934;2;0
15938;1;2
15943;1;2
15945;3;0
15948;4;0
15952;0;4
15956;1;2
15959;4;0
15963;6;2
15967;0;0
15970;1;1
15974;0;0
15978;0;3
15981;3;1
15985;3;2
15989;2;2
15992;4;0
15996;2;1
16000;2;0
16003;1;2
16007;3;0
16010;3;1
16014;2;2
16018;4;0
16021;4;0
16025;1;3
16029;3;2
16032;5;0
16036;4;0
16040;2;3
16043;5;0
16047;3;0
16051;4;0
16054;2;1
16058;2;2
16061;2;3
16065;4;0
16069;0;0
16072;3;0
16076;2;0
16080;2;2
16083;4;2
16087;2;1
16091;4;0
16094;0;0
16098;4;0
16102;4;2
16105;0;0
16109;0;0
16113;2;1
16116;0;0
16120;1;2
16123;2;0
16129;0;0
16131;2;0
16134;2;0
16138;2;1
16142;0;2
16145;5;0
16149;2;0
16153;4;2
16156;2;2
16160;3;2
16164;1;0
16167;2;0
16171;4;0
16174;0;0
16178;0;0
16182;4;0
16185;4;0
16189;0;1
16193;1;0
16196;3;1
16200;5;0
16204;2;0
16207;2;2
16211;1;0
16215;0;2
16218;2;0
16222;3;0
16226;0;0
16229;1;0
16233;3;0
16236;3;0
16240;0;0
16244;0;0
16247;0;0
16251;0;0
16255;3;1
16258;3;0
16262;4;0
16266;1;0
16269;4;1
16273;2;0
16277;4;1
16280;1;2
16284;1;1
16287;3;1
16291;5;0
16295;0;0
16298;1;2
16302;1;0
16306;0;0
16309;3;0
16315;2;2
16317;3;0
16320;3;1
16324;6;0
16328;2;3
16331;2;0
16335;0;1
16339;3;0
16342;2;4
16346;1;1
16349;0;0
16353;3;0
16357;3;0
16360;4;0
16364;4;0
16368;0;0
16371;2;0
16375;2;1
16379;1;0
16382;6;0
16386;3;4
16390;3;0
16393;1;1
16397;3;2
16401;0;2
16404;3;1
16408;1;2
16411;2;0
16415;4;0
16419;5;0
16422;4;1
16426;5;4
16430;4;0
16433;4;0
16437;4;0
16441;4;1
16444;5;2
16448;0;2
16452;1;1
16455;2;1
16459;4;1
16462;1;1
16466;0;3
16470;2;1
16473;3;0
16477;4;0
16481;1;2
16484;3;0
16488;1;1
16492;3;3
16495;2;0
16501;5;3
16503;2;0
16506;3;0
16510;4;0
16514;7;0
16517;0;2
16521;2;0
16524;0;1
16528;0;0
16532;3;2
16535;2;0
16539;0;3
16543;0;0
16546;1;0
16550;4;2
16554;4;2
16557;3;1
16561;2;0
16565;2;0
16568;0;0
16572;0;2
16575;0;0
16579;3;0
16583;0;0
16586;4;2
16590;3;1
16594;0;2
16597;3;3
16601;2;2
16605;3;0
16608;3;4
16612;6;2
16616;0;0
16619;0;2
16623;1;0
16627;2;0
16630;3;0
16634;1;2
16637;0;1
16641;0;1
16645;3;2
16648;0;0
16652;4;5
16656;5;2
16659;1;1
16663;0;2
16667;4;2
16670;2;0
16674;0;0
16678;0;0
16681;1;0
16687;3;0
16689;1;1
16692;1;0
16696;5;0
16699;2;0
16703;4;0
16707;1;1
16710;1;2
16714;0;0
16718;0;0
16721;2;0
16725;2;0
16729;4;3
16732;7;0
16736;0;0
16740;1;3
16743;4;0
16747;1;1
16750;2;0
16754;2;0
16758;0;0
16761;1;6
16765;5;4
16769;1;0
16772;3;0
16776;1;0
16780;4;1
16783;2;3
16787;2;0
16791;1;0
16794;0;2
16798;2;0
16802;2;1
16805;2;0
16809;4;3
16812;0;0
16816;6;1
16820;6;0
16823;1;0
16827;0;2
16831;1;0
16834;3;0
16838;2;1
16842;0;0
16845;3;1
16849;0;0
16853;5;0
16856;1;2
16860;0;1
16863;6;0
16867;3;0
16871;2;1
16877;5;2
16878;1;0
16882;2;0
16885;0;0
16889;0;0
16893;2;2
16896;1;2
16900;1;0
16904;3;0
16907;3;1
16911;1;0
16915;5;0
16918;3;0
16922;1;0
16925;1;0
16929;3;1
16933;1;4
16936;3;1
16940;0;4
16944;3;1
16947;2;0
16951;0;0
16955;3;2
16958;4;0
16962;0;3
16966;2;0
16969;2;0
16973;0;2
16976;3;1
16980;5;0
16984;3;0
16987;6;0
16991;0;2
16995;2;0
16998;2;0
17002;0;0
17006;2;1
17009;2;1
17013;4;0
17017;2;1
17020;3;0
17024;2;4
17028;3;0
17031;6;0
17035;2;2
17038;3;0
17042;0;0
17046;5;1
17049;0;2
17053;2;2
17057;4;1
17063;3;1
17064;1;0
17068;2;1
17071;4;2
17075;0;0
17079;0;0
17082;0;2
17086;3;2
17089;3;2
17093;1;1
17097;0;1
17100;2;0
17104;0;1
17108;0;2
17111;3;0
17115;5;0
17119;1;2
17122;5;3
17126;1;1
17130;1;1
17133;4;0
17137;4;3
17141;0;2
17144;3;2
17148;3;3
17151;0;1
17155;2;0
17159;0;0
17162;0;0
17166;3;0
17170;1;0
17173;3;2
17177;3;2
17181;2;1
17184;0;0
17188;1;5
17192;0;3
17195;2;0
17199;2;0
17203;0;0
17206;0;0
17210;3;6
17213;1;0
17217;2;3
17221;4;0
17224;6;2
17228;3;2
17232;0;0
17235;3;3
17239;3;0
17243;0;0
17249;2;0
17250;0;3
17254;4;2
17257;1;0
17261;1;0
17264;1;0
17268;0;4
17272;4;3
17275;5;1
17279;4;0
17283;0;1
17286;5;0
17290;0;0
17294;5;0
17297;0;1
17301;3;1
17305;0;1
17308;2;2
17312;7;3
17316;0;2
17319;5;1
17323;1;0
17326;4;0
17330;1;0
17334;0;2
17337;0;0
17341;1;2
17345;6;0
17348;0;3
17352;4;0
17356;0;0
17359;1;0
17363;1;0
17367;7;2
17370;4;1
17374;0;0
17377;3;0
17381;2;0
17385;0;0
17388;2;0
17392;0;0
17396;2;0
17399;3;0
17403;0;0
17407;3;0
17410;5;1
17414;1;0
17418;1;2
17421;2;2
17425;3;2
17429;2;2
17434;2;0
17436;1;0
17439;3;0
17443;1;1
17447;0;0
17450;1;0
17454;4;0
17458;2;3
17461;2;0
17465;4;2
17469;4;1
17472;2;0
17476;2;0
17480;0;1
17483;7;2
17487;3;0
17490;3;0
17494;1;1
17498;0;0
17501;4;2
17505;3;0
17509;3;0
17512;3;1
17516;4;1
17520;4;0
17523;2;3
17527;0;1
17531;3;0
17534;1;0
17538;3;2
17542;4;0
17545;1;0
17549;2;2
17552;1;0
17556;0;0
17560;5;3
17563;2;2
17567;4;0
17571;2;2
17574;2;0
17578;3;1
17582;4;0
17585;5;0
17589;5;0
17593;2;1
17596;3;0
17600;0;1
17604;3;1
17607;0;1
17611;5;3
17614;6;3
17620;2;0
17622;0;0
17625;3;0
17629;0;4
17633;0;2
17636;5;0
17640;2;0
17644;1;1
17647;0;2
17651;2;0
17655;1;2
17658;0;1
17662;4;0
17665;0;4
17669;3;0
17673;2;3
17676;0;1
17680;4;0
17684;5;3
17687;2;3
17691;3;3
17695;5;1
17698;4;0
17702;3;3
17706;3;0
17709;1;2
17713;0;1
17717;1;1
17720;3;1
17724;1;0
17727;0;1
17731;3;1
17735;2;1
17738;4;2
17742;0;0
17746;1;0
17749;3;3
17753;3;0
17757;1;2
17760;2;1
17764;1;0
17768;2;4
17771;1;0
17775;1;2
17778;1;2
17782;3;6
17786;5;0
17789;1;2
17793;4;2
17797;6;2
17800;3;0
17804;5;1
17830;2;0
17830;1;0
17831;4;0
17834;1;1
17837;2;1
17841;4;3
17844;2;0
17848;0;0
17852;0;0
17855;2;2
17859;2;1
17863;1;3
17866;1;0
17870;2;3
17874;0;1
17877;1;2
17881;2;1
17885;0;0
17888;5;0
17892;1;2
17895;4;1
17899;3;3
17903;2;3
17906;4;0
17910;3;0
17914;3;1
17917;2;1
17921;3;0
17925;2;3
17928;4;3
17932;0;1
17936;5;2
17939;3;2
17943;1;4
17947;2;2
17950;0;0
17954;5;0
17957;0;3
17961;5;2
17965;0;0
17968;1;0
17972;3;0
17976;4;2
17979;3;1
17983;4;1
17987;0;1
17990;0;1
17994;1;4
17998;4;1
18001;3;0
18005;4;0
18011;5;1
18012;0;0
18016;8;2
18019;2;1
18023;2;2
18027;5;3
18030;4;0
18034;2;0
18038;6;2
18041;2;0
18045;1;1
18049;0;0
18052;3;1
18056;0;5
18060;5;0
18063;0;0
18067;2;0
18070;2;3
18074;3;1
18078;6;1
18081;0;2
18085;7;0
18089;0;2
18092;4;2
18096;2;0
18100;2;2
18103;3;2
18107;4;0
18111;6;4
18114;4;0
18118;0;2
18122;0;3
18125;2;0
18129;2;1
18132;4;2
18136;8;0
18140;1;2
18143;3;1
18147;3;0
18151;3;0
18154;2;2
18158;6;3
18162;2;1
18165;1;1
18169;3;3
18173;5;0
18176;0;1
18180;5;1
18183;4;3
18187;3;3
18191;5;3
18197;4;0
18198;3;0
18202;4;1
18205;3;0
18209;2;0
18213;3;4
18216;3;4
18220;4;2
18224;1;2
18227;4;0
18231;1;4
18235;4;4
18238;3;1
18242;2;2
18245;4;0
18249;4;2
18253;2;0
18256;4;2
18260;2;0
18264;3;0
18267;1;0
18271;3;1
18275;0;3
18278;2;3
18282;3;0
18286;2;1
18289;0;0
18293;4;4
18296;2;2
18300;2;2
18304;1;0
18307;0;3
18311;7;0
18315;1;0
18318;3;0
18322;3;1
18326;3;0
18329;5;0
18333;1;2
18337;2;0
18340;2;0
18344;4;0
18348;7;0
18351;3;2
18355;2;0
18358;0;2
18362;4;1
18366;2;2
18369;3;0
18373;3;2
18377;3;0
18382;0;0
18384;1;3
18388;2;4
18391;2;1
18395;2;3
18399;3;0
18402;0;1
18406;3;0
18410;1;0
18413;0;4
18417;7;0
18420;2;0
18424;7;1
18428;5;3
18431;3;0
18435;6;0
18439;0;0
18442;5;0
18446;1;5
18450;3;0
18453;3;2
18457;4;0
18461;4;1
18464;5;2
18468;4;2
18471;0;3
18475;0;1
18479;3;3
18482;5;2
18486;1;3
18490;3;3
18493;0;1
18497;2;0
18501;2;0
18504;4;2
18508;1;3
18512;0;2
18515;4;0
18519;5;0
18523;1;2
18526;3;3
18530;0;0
18533;2;2
18537;2;2
18541;0;0
18544;4;0
18548;2;2
18552;2;3
18555;0;2
18559;1;0
18563;1;0
18568;1;0
18570;1;0
18574;4;0
18577;0;2
18581;4;0
18584;0;0
18588;5;0
18592;3;1
18595;2;0
18599;2;0
18603;4;3
18606;3;3
18610;0;0
18614;5;0
18617;4;0
18621;2;3
18625;2;4
18628;0;0
18632;5;1
18636;2;2
18639;1;1
18643;3;0
18646;0;0
18650;0;1
18654;3;1
18657;5;0
18661;2;0
18665;0;0
18668;2;1
18672;1;2
18676;5;0
18679;1;0
18683;2;3
18687;1;0
18690;3;0
18694;3;1
18698;3;0
18701;5;2
18705;2;0
18708;0;2
18712;3;5
18716;4;0
18719;3;0
18723;3;3
18727;4;2
18730;2;1
18734;3;0
18738;5;2
18741;0;0
18745;6;0
18749;1;0
18752;2;1
18758;5;0
18759;1;4
18763;2;0
18767;2;1
18770;2;0
18774;3;0
18778;2;4
18781;1;3
18785;5;3
18789;3;4
18792;2;0
18796;4;1
18800;5;1
18803;4;2
18807;1;0
18811;4;1
18814;0;0
18818;0;0
18821;5;0
18825;5;0
18829;4;0
18832;4;4
18836;3;0
18840;4;0
18843;7;0
18847;4;1
18851;1;0
18854;2;4
18858;3;0
18862;3;1
18865;3;0
18869;3;3
18872;2;1
18876;3;0
18880;1;1
18883;2;0
18887;4;0
18891;3;2
18894;0;0
18898;3;1
18902;3;1
18905;0;2
18909;0;0
18913;1;1
18916;1;0
18920;2;1
18924;4;1
18927;1;0
18931;1;2
18934;2;3
18938;1;2
18945;1;0
18946;4;0
18949;4;4
18953;0;1
18956;5;0
18960;3;1
18964;3;0
18967;2;0
18971;2;0
18975;0;0
18978;3;1
18982;5;2
18985;2;3
18989;4;3
18993;4;3
18996;0;3
19000;0;3
19004;1;0
19007;5;1
19011;1;2
19015;1;0
19018;5;1
19022;3;1
19026;4;0
19029;1;1
19033;6;1
19037;1;7
19040;2;1
19044;4;0
19047;2;3
19051;3;5
19055;1;3
19058;3;0
19062;2;1
19066;2;3
19069;2;0
19073;2;2
19077;4;4
19080;3;3
19084;4;2
19088;3;0
19091;5;1
19095;0;0
19099;1;5
19102;5;1
19106;2;3
19109;0;0
19113;5;0
19117;2;0
19120;1;4
19124;0;2
19130;1;0
19131;3;0
19135;2;1
19139;3;2
19142;2;2
19146;2;0
19150;3;1
19153;2;1
19157;2;0
19160;3;0
19164;0;1
19168;1;3
19171;6;1
19175;0;2
19179;4;2
19182;3;2
19186;3;2
19190;4;2
19193;0;1
19197;3;0
19201;3;0
19204;4;6
19208;1;1
19212;2;0
19215;0;2
19219;4;3
19222;2;2
19226;1;1
19230;1;0
19233;0;3
19237;4;0
19241;3;4
19244;1;0
19248;0;4
19252;4;0
19255;1;3
19259;1;1
19263;2;0
19266;2;3
19270;4;1
19273;4;0
19277;3;2
19281;0;3
19284;6;0
19288;1;0
19292;0;3
19295;1;0
19299;3;1
19303;0;0
19306;2;3
19310;0;2
19316;5;2
19317;4;0
19321;5;5
19325;3;3
19328;4;1
19332;3;0
19335;3;4
19339;3;0
19343;4;1
19346;4;3
19350;0;0
19354;0;0
19357;7;0
19361;1;2
19365;5;2
19368;0;0
19372;4;1
19376;5;2
19379;3;1
19383;2;1
19386;4;1
19390;1;2
19394;3;0
19397;2;0
19401;2;0
19405;4;1
19408;1;0
19412;1;0
19416;5;0
19419;6;3
19423;4;2
19427;2;0
19430;2;0
19434;4;0
19438;2;2
19441;0;1
19445;1;2
19448;1;0
19452;4;0
19456;4;0
19459;1;0
19463;1;1
19467;0;0
19470;2;0
19474;3;0
19478;2;1
19481;3;0
19485;4;0
19489;1;0
19492;0;3
19496;1;0
19502;3;1
19503;4;0
19507;1;0
19510;1;3
19514;2;0
19518;3;0
19521;4;1
19525;2;2
19529;2;3
19532;0;0
19536;1;0
19540;2;1
19543;3;0
19547;1;2
19551;2;0
19554;3;3
19558;5;1
19561;7;0
19565;1;0
19569;1;0
19572;2;2
19576;5;2
19580;1;1
19583;5;0
19587;3;1
19591;5;1
19594;5;0
19598;2;0
19602;3;0
19605;2;0
19609;0;0
19613;4;0
19616;6;2
19620;2;1
19623;5;0
19627;3;3
19631;2;0
19634;4;1
19638;5;0
19642;6;4
19645;7;0
19649;4;0
19653;4;0
19656;1;2
19660;5;4
19664;4;2
19667;2;1
19671;3;0
19674;5;2
19678;0;0
19682;0;5
19685;5;1
19691;2;0
19693;4;0
19696;4;4
19700;0;0
19704;3;1
19707;1;3
19711;3;0
19715;2;5
19718;3;0
19722;0;0
19726;4;1
19729;3;0
19733;4;0
19736;2;4
19740;2;1
19744;4;0
19747;0;5
19751;0;0
19755;3;0
19758;1;3
19762;0;1
19766;1;1
19769;3;0
19773;3;0
19777;6;2
19780;1;2
19784;6;0
19787;2;0
19791;2;0
19795;4;0
19798;4;2
19802;3;2
19806;7;2
19809;1;0
19813;4;0
19817;4;0
19820;2;3
19824;2;0
19828;3;4
19831;1;3
19835;1;2
19839;6;1
19842;5;0
19846;2;0
19849;1;0
19853;5;4
19857;0;0
19860;2;4
19864;3;1
19868;4;0
19871;1;0
19877;2;0
19879;1;5
19882;2;3
19886;3;2
19890;4;1
19893;0;1
19897;0;1
19901;3;0
19904;3;2
19908;0;0
19911;1;0
19915;2;0
19919;1;0
19922;2;1
19926;0;2
19930;1;2
19933;2;0
19937;1;3
19941;1;1
19944;3;0
19948;4;1
19952;5;2
19955;3;1
19959;3;2
19962;4;0
19966;2;0
19970;4;0
19973;5;0
19977;0;1
19981;6;2
19984;1;2
19988;4;4
19992;4;2
19995;3;1
19999;1;1
20003;0;0
20006;2;0
20010;3;2
20014;3;0
20017;1;0
20021;2;0
20024;1;1
20028;5;2
20032;5;0
20035;5;1
20039;2;0
20043;2;0
20046;3;0
20050;2;3
20054;5;3
20057;1;0
20063;0;1
20065;2;3
20068;0;1
20072;3;0
20075;7;3
20079;2;2
20083;3;0
20086;3;0
20090;1;0
20094;3;1
20097;1;3
20101;1;0
20105;1;1
20108;3;1
20112;3;1
20116;5;2
20119;3;0
20123;0;1
20127;0;0
20130;0;1
20134;3;2
20137;1;2
20141;3;2
20145;2;0
20148;3;0
20152;5;0
20156;0;2
20159;3;1
20163;8;1
20167;0;0
20170;7;2
20174;3;4
20178;3;0
20181;5;0
20185;5;2
20188;4;3
20192;2;0
20196;2;0
20199;5;0
20203;3;2
20207;2;2
20210;0;0
20214;2;0
20218;4;2
20221;2;1
20225;2;0
20229;0;0
20232;4;1
20236;5;0
20240;1;1
20243;4;0
20249;2;1
20250;1;2
20254;1;1
20258;2;2
20261;2;4
20265;0;1
20269;1;1
20272;0;6
20276;9;1
20280;3;1
20283;0;1
20287;3;0
20291;5;0
20294;4;0
20298;2;2
20302;5;2
20305;4;0
20309;3;1
20312;0;3
20316;2;0
20320;3;2
20323;4;1
20327;0;4
20331;2;0
20334;1;1
20338;5;1
20342;0;1
20345;3;1
20349;4;2
20353;5;1
20356;2;1
20360;5;0
20363;1;1
20367;4;0
20371;7;0
20374;4;0
20378;1;1
20382;1;0
20385;2;2
20389;1;2
20393;3;4
20396;0;0
20400;3;1
20404;1;5
20407;3;0
20411;3;1
20415;0;1
20418;2;0
20422;3;0
20425;3;3
20429;0;1
20435;3;2
20436;3;6
20440;5;0
20444;1;1
20447;2;3
20451;5;2
20455;2;2
20458;2;0
20462;3;1
20466;5;2
20469;5;2
20473;4;0
20476;2;5
20480;3;0
20484;0;0
20487;5;1
20491;6;0
20495;4;0
20498;1;2
20502;2;4
20506;3;1
20509;0;3
20513;1;3
20517;0;0
20520;5;5
20524;2;0
20528;1;0
20531;4;2
20535;7;2
20538;4;0
20542;7;1
20546;3;2
20549;3;0
20553;6;1
20557;0;1
20560;2;0
20564;2;1
20568;3;1
20571;3;5
20575;5;4
20579;5;0
20582;2;1
20586;1;0
20589;3;4
20593;4;0
20597;6;1
20600;3;0
20604;1;1
20608;2;0
20611;7;0
20615;0;2
20619;4;0
20625;5;0
20626;2;7
20630;4;0
20633;5;1
20637;5;0
20641;3;1
20644;2;0
20648;1;0
20651;5;1
20655;2;2
20659;2;0
20662;3;4
20666;0;2
20670;0;2
20673;7;0
20677;1;0
20681;2;0
20684;5;0
20688;2;0
20692;6;2
20695;3;0
20699;2;1
20703;3;0
20706;4;4
20710;1;2
20713;0;2
20717;4;2
20721;2;0
20724;1;2
20728;1;0
20732;3;0
20735;3;0
20739;1;0
20743;2;0
20746;1;0
20750;5;3
20754;4;3
20757;2;1
20761;2;0
20764;1;0
20768;3;3
20772;5;1
20775;3;1
20779;2;0
20783;2;2
20786;4;0
20790;1;0
20794;3;1
20797;2;3
20801;2;1
20805;1;1
20810;1;2
20812;1;0
20816;4;4
20819;5;2
20823;4;1
20826;2;0
20830;0;0
20834;3;7
20837;6;1
20841;0;1
20845;3;3
20848;6;3
20852;2;0
20856;2;0
20859;1;0
20863;0;1
20867;0;0
20870;0;0
20874;3;2
20877;3;3
20881;1;0
20885;2;0
20888;2;0
20892;0;1
20896;0;2
20899;2;0
20903;2;2
20907;3;1
20910;2;6
20914;3;3
20918;1;0
20921;0;0
20925;1;3
20929;3;0
20932;3;2
20936;0;2
20939;0;2
20943;3;3
20947;7;3
20950;2;0
20954;3;1
20958;4;2
20961;3;1
20965;2;1
20969;3;1
20972;3;0
20976;3;2
20980;3;1
20983;4;0
20987;4;0
20991;2;2
20996;2;3
20998;0;2
21001;4;1
21005;2;2
21009;3;4
21012;3;1
21016;3;3
21020;3;2
21023;2;2
21027;2;1
21031;4;0
21034;5;2
21038;5;0
21042;6;2
21045;3;1
21049;0;2
21052;0;0
21056;5;1
21060;5;1
21063;1;2
21067;1;4
21071;1;0
21074;2;1
21078;6;0
21082;3;1
21085;1;0
21089;4;0
21093;2;2
21096;0;0
21100;2;1
21104;5;0
21107;2;2
21111;0;1
21114;5;0
21118;3;0
21122;0;2
21125;0;3
21129;3;1
21133;4;1
21136;2;0
21140;6;0
21144;7;0
21147;2;3
21151;1;4
21155;1;0
21158;0;1
21162;5;2
21165;0;1
21169;1;0
21173;2;2
21176;2;4
21182;3;0
21184;16;3
21187;3;1
21191;3;0
21195;3;2
21198;1;0
21202;4;2
21206;6;3
21209;1;1
21213;7;0
21217;1;1
21220;0;2
21224;3;1
21227;5;2
21231;1;1
21235;1;0
21238;3;2
21242;3;2
21246;0;3
21249;0;3
21253;3;2
21257;4;0
21260;2;0
21264;4;1
21268;1;0
21271;2;1
21275;4;1
21278;0;3
21282;1;2
21286;0;0
21289;3;5
21293;3;0
21297;1;0
21300;6;2
21304;6;0
21308;3;6
21311;4;1
21315;4;4
21319;1;4
21322;3;0
21326;0;0
21330;2;2
21333;6;3
21337;1;1
21340;1;3
21344;2;0
21348;1;0
21351;3;1
21355;2;1
21359;5;1
21362;1;0
21368;3;4
21370;2;2
21373;3;3
21377;3;0
21381;1;1
21384;0;4
21388;4;0
21392;3;0
21395;1;0
21399;1;1
21402;0;3
21406;2;3
21410;2;1
21413;0;4
21417;5;1
21421;2;4
21424;1;0
21428;5;0
21432;4;2
21435;3;2
21439;6;0
21443;0;1
21446;3;0
21450;1;1
21453;1;2
21457;2;2
21461;3;0
21464;3;0
21468;5;1
21472;1;2
21475;2;1
21479;2;2
21483;1;1
21486;4;4
21490;1;0
21494;1;1
21497;0;0
21501;5;1
21505;2;2
21508;1;2
21512;4;0
21515;2;2
21519;7;3
21523;2;5
21526;5;0
21530;4;0
21534;1;3
21537;3;3
21541;2;0
21545;0;2
21548;3;1
21552;0;0
21558;3;3
21559;3;0
21563;3;0
21566;5;2
21570;9;0
21574;0;1
21577;0;0
21581;2;1
21585;3;0
21588;2;0
21592;4;0
21596;2;1
21599;4;1
21603;0;1
21607;3;0
21610;2;1
21614;2;1
21618;3;0
21621;0;0
21625;4;0
21628;0;0
21632;4;0
21636;2;2
21639;1;0
21643;3;1
21647;2;0
21650;5;2
21654;2;1
21658;2;0
21661;2;1
21665;5;2
21669;4;3
21672;5;0
21676;2;1
21679;2;0
21683;2;2
21687;1;2
21690;0;3
21694;5;1
21698;6;1
21701;6;0
21705;6;1
21709;3;0
21712;4;3
21716;0;0
21720;4;2
21723;1;1
21727;1;1
21731;2;0
21734;3;0
21738;1;0
21744;1;0
21745;4;0
21749;5;1
21752;2;0
21756;3;2
21760;1;0
21763;0;1
21767;2;0
21771;4;0
21774;3;2
21778;5;0
21782;3;0
21785;6;1
21789;4;2
21793;2;1
21796;1;1
21800;0;0
21803;7;2
21807;2;2
21811;2;2
21814;3;0
21818;0;2
21822;0;2
21825;0;1
21829;0;6
21833;1;1
21836;2;1
21840;4;4
21844;4;1
21847;4;1
21851;6;0
21854;2;0
21858;1;1
21862;5;2
21865;3;0
21869;0;0
21873;8;1
21876;2;0
21880;3;1
21884;4;0
21887;6;0
21891;0;0
21895;3;0
21898;4;4
21902;7;2
21906;2;3
21909;0;0
21913;4;1
21916;2;0
21920;3;4
21924;3;0
21930;3;2
21931;3;2
21935;3;2
21938;0;0
21942;3;0
21946;3;3
21949;1;2
21953;8;0
21957;8;4
21960;4;0
21964;4;0
21967;1;0
21971;4;1
21975;6;4
21978;3;0
21982;4;0
21986;0;0
21989;5;0
21993;3;3
21997;0;0
22000;2;1
22004;4;0
22008;1;0
22011;3;0
22015;5;1
22019;3;0
22022;3;0
22026;2;0
22029;1;0
22033;3;2
22037;5;0
22040;7;1
22044;0;2
22048;4;0
22051;1;4
22055;5;2
22059;6;0
22062;4;1
22066;7;2
22070;1;4
22073;0;1
22077;0;2
22080;4;2
22084;5;3
22088;3;0
22091;0;2
22095;3;2
22099;0;0
22102;2;1
22106;2;6
22110;4;4
22116;0;3
22117;4;0
22121;5;0
22124;2;1
22128;3;0
22132;7;3
22135;5;4
22139;3;0
22142;0;2
22146;3;2
22150;2;1
22153;3;0
22157;5;2
22161;2;3
22164;4;1
22168;3;0
22172;6;1
22175;1;3
22179;2;1
22183;1;0
22186;1;2
22190;0;1
22194;3;2
22197;3;4
22201;3;0
22204;3;2
22208;1;0
22212;4;1
22215;3;0
22219;0;2
22223;1;1
22226;3;3
22230;4;3
22234;3;3
22237;1;1
22241;5;0
22245;5;1
22248;2;2
22252;0;2
22255;4;1
22259;2;2
22263;3;1
22266;2;2
22270;4;0
22274;2;0
22277;0;0
22281;7;2
22285;3;5
22288;4;0
22292;5;0
22296;4;1
22301;1;3
22303;2;0
22307;3;2
22310;1;0
22314;3;3
22317;5;0
22321;0;2
22325;0;1
22328;0;2
22332;3;1
22336;1;2
22339;3;3
22343;3;2
22347;4;3
22350;2;0
22354;2;1
22358;1;1
22361;1;5
22365;1;2
22368;3;3
22372;3;4
22376;6;0
22379;1;2
22383;2;5
22387;2;1
22390;1;0
22394;2;0
22398;2;6
22401;2;0
22405;4;0
22409;0;0
22412;6;0
22416;1;2
22420;2;6
22423;3;1
22427;4;0
22430;2;0
22434;2;3
22438;2;1
22441;1;2
22445;5;4
22449;5;0
22452;3;2
22456;2;0
22460;3;0
22463;1;0
22467;1;0
22471;4;3
22474;5;0
22478;5;2
22481;0;0
22485;0;2
22491;2;0
22492;1;0
22496;4;0
22500;4;0
22503;0;1
22507;0;0
22511;1;1
22514;1;2
22518;3;2
22522;1;2
22525;1;0
22529;1;0
22533;2;2
22536;0;0
22540;4;1
22543;0;1
22547;3;0
22551;2;1
22554;2;0
22558;3;4
22562;3;2
22565;0;0
22569;2;2
22573;6;0
22576;1;1
22580;1;0
22584;2;1
22587;3;3
22591;0;0
22595;3;3
22598;3;0
22602;0;2
22605;3;0
22609;1;0
22613;0;2
22616;1;1
22620;2;1
22624;2;0
22627;2;1
22631;5;0
22635;3;0
22638;3;0
22642;6;0
22646;1;0
22649;1;0
22653;1;1
22656;1;3
22660;3;0
22664;0;0
22667;4;3
22671;3;0
22677;6;0
22678;2;0
22682;4;0
22686;1;2
22689;3;4
22693;0;0
22697;0;0
22700;3;0
22704;0;0
22708;3;0
22711;0;1
22715;6;1
22718;2;0
22722;0;0
22726;3;0
22729;3;0
22733;0;1
22737;5;3
22740;5;3
22744;2;0
22748;1;0
22751;0;1
22755;5;3
22759;0;0
22762;1;3
22766;1;3
22769;4;3
22773;6;1
22777;2;5
22780;0;1
22784;3;1
22788;2;0
22791;5;0
22795;3;1
22799;5;2
22802;1;1
22806;0;0
22810;2;0
22813;0;1
22817;0;3
22821;2;0
22824;0;0
22828;2;1
22831;3;0
22835;2;1
22839;5;4
22842;1;4
22846;2;0
22850;1;2
22853;2;0
22857;4;0
22863;2;0
22864;3;0
22868;3;0
22872;2;1
22875;3;1
22879;0;4
22882;3;0
22886;0;2
22890;3;0
22893;2;2
22897;4;1
22901;3;0
22904;4;3
22908;0;2
22912;2;3
22915;4;2
22919;4;1
22923;1;0
22926;0;0
22930;2;3
22934;0;0
22937;3;4
22941;1;2
22944;3;4
22948;1;0
22952;0;0
22955;5;0
22959;4;5
22963;3;3
22966;0;3
22970;3;0
22974;0;0
22977;2;0
22981;2;0
22985;1;0
22988;2;2
22992;0;0
22996;4;3
22999;1;0
23003;1;1
23006;0;0
23010;1;2
23014;1;3
23017;1;2
23021;2;0
23025;4;1
23028;0;1
23032;3;4
23036;1;0
23039;1;0
23043;3;2
23049;3;2
23050;2;1
23054;3;0
23057;0;0
23061;4;4
23065;4;3
23068;1;0
23072;4;0
23076;2;0
23079;3;3
23083;0;0
23087;1;0
23090;1;1
23094;4;1
23098;2;2
23101;4;0
23105;1;0
23109;1;0
23112;0;2
23116;3;0
23119;2;1
23123;2;0
23127;0;0
23130;4;0
23134;4;2
23138;2;3
23141;2;0
23145;4;0
23149;5;0
23152;2;0
23156;1;2
23160;5;0
23163;3;4
23167;3;0
23170;3;4
23174;2;1
23178;0;2
23181;3;0
23185;4;2
23189;4;3
23192;0;3
23196;4;2
23200;1;0
23203;2;0
23207;0;2
23211;1;0
23214;3;0
23218;1;1
23222;3;1
23225;0;3
23229;4;0
23235;1;0
23236;2;1
23240;2;1
23243;2;0
23247;3;0
23251;1;0
23254;4;2
23258;3;0
23262;5;0
23265;1;2
23269;0;0
23273;3;2
23276;2;0
23280;0;2
23284;2;4
23287;4;2
23291;4;1
23294;3;0
23298;5;0
23302;2;3
23305;0;2
23309;5;0
23313;0;1
23316;4;1
23320;2;2
23324;3;1
23327;3;2
23331;2;3
23335;2;1
23338;1;0
23342;2;0
23345;0;3
23349;1;2
23353;1;1
23356;3;3
23360;3;2
23364;3;3
23367;4;2
23371;0;1
23375;1;2
23378;0;1
23382;5;0
23386;0;0
23389;0;0
23393;0;2
23397;3;0
23400;2;3
23404;0;0
23407;2;3
23411;1;2
23415;0;0
23418;0;3
23424;0;3
23426;0;2
23429;2;0
23433;6;1
23437;1;3
23440;5;0
23444;1;0
23448;7;4
23451;2;0
23455;0;0
23458;0;1
23462;0;3
23466;4;1
23469;6;0
23473;2;2
23477;1;0
23480;4;1
23484;2;0
23488;3;0
23491;6;5
23495;5;2
23499;0;0
23502;0;1
23506;2;0
23510;2;1
23513;3;1
23517;1;0
23520;4;1
23524;3;0
23528;3;3
23531;4;0
23535;3;1
23539;0;0
23542;3;2
23546;3;0
23550;4;1
23553;2;0
23557;5;0
23561;1;0
23564;1;2
23568;0;0
23571;2;1
23575;5;4
23579;3;5
23582;2;3
23586;1;1
23590;2;0
23593;2;3
23597;4;0
23601;1;0
23604;1;0
23610;2;0
23612;0;0
23615;6;2
23619;2;1
23623;1;0
23626;3;1
23630;3;0
23633;3;2
23637;2;2
23641;1;2
23644;1;2
5480;0;4
5480;0;0
5481;8;3
5481;6;2
5483;0;5
5487;23;0
5491;0;0
5494;0;2
5498;17;0
5501;7;0
5505;29;0
5508;0;2
5512;0;2
5515;4;0
5519;7;0
5523;0;0
5526;5;0
5530;17;0
5533;0;0
5537;4;0
5540;7;1
5544;2;2
5548;0;0
5551;0;0
5555;9;4
5558;0;0
5562;3;0
5565;18;0
5569;0;0
5572;0;7
5576;3;2
5580;8;0
5583;9;0
5587;0;0
5590;3;2
5594;0;4
5597;0;5
5601;0;6
5604;20;0
5608;20;0
5612;6;0
5615;0;4
5619;0;2
5622;2;0
5629;1;0
5630;0;8
5633;1;5
5636;16;1
5640;0;0
5644;2;0
5647;0;0
5651;0;0
5654;10;0
5658;0;2
5661;0;4
5665;0;1
5669;0;0
5672;3;2
5676;7;2
5679;0;0
5683;0;4
5686;2;0
5690;9;0
5693;5;0
5697;8;0
5701;6;3
5704;20;1
5708;6;5
5711;0;0
5715;2;0
5718;18;4
5722;3;1
5725;7;0
5729;4;0
5733;19;0
5736;0;2
5740;8;0
5743;0;3
5747;7;6
5750;0;0
5754;0;4
5757;0;1
5761;7;5
5765;0;0
5768;7;4
5772;0;0
5775;5;0
5779;0;0
5782;2;1
5786;1;4
5790;0;0
5793;5;2
5797;0;0
5800;6;0
5804;1;6
5807;0;0
5811;0;0
5814;6;4
5818;0;1
5822;5;2
5827;3;0
5829;4;0
5832;0;0
5836;4;4
5839;7;0
5843;0;0
5846;0;0
5850;5;0
5854;20;0
5857;0;0
5861;4;0
5864;0;0
5868;5;0
5871;3;0
5875;0;0
5878;0;1
5882;2;0
5886;0;2
5889;0;0
5893;1;0
5896;4;1
5900;0;0
5903;8;0
5907;3;2
5911;7;3
5914;2;1
5918;0;0
5921;0;0
5925;5;0
5928;8;2
5932;2;5
5935;0;1
5939;0;0
5943;8;1
5946;7;1
5950;3;0
5953;0;4
5957;2;0
5960;1;0
5964;0;0
5967;2;2
5971;7;5
5975;3;6
5978;1;0
5982;18;0
5985;4;0
5989;0;0
5992;8;5
5996;0;1
5999;0;1
6003;0;0
6007;3;1
6010;6;2
6014;5;0
6017;1;0
6021;20;3
6027;6;1
6028;0;0
6032;0;5
6035;2;0
6039;0;0
6042;5;0
6046;0;0
6049;3;0
6053;0;0
6056;1;6
6060;4;0
6064;0;2
6067;1;2
6071;1;0
6074;7;4
6078;4;2
6081;0;0
6085;5;0
6088;0;1
6092;3;2
6096;0;0
6099;0;6
6103;0;2
6106;0;0
6110;0;0
6113;19;0
6117;6;0
6120;0;0
6124;4;0
6128;2;0
6131;4;2
6135;5;2
6138;0;0
6142;8;0
6145;16;8
6149;4;0
6152;8;1
6156;6;0
6160;0;0
6163;8;6
6167;4;0
6170;2;0
6174;20;0
6177;0;0
6181;4;1
6185;0;0
6188;0;4
6192;0;0
6195;0;1
6199;21;0
6202;9;3
6206;18;0
6209;0;0
6213;4;0
6217;1;0
6220;1;0
6224;0;0
6229;11;3
6231;0;0
6234;0;4
6238;6;0
6241;8;0
6245;1;0
6249;4;0
6252;0;0
6256;2;0
6259;3;2
6263;5;3
6266;0;0
6270;17;6
6273;1;0
6277;0;0
6281;0;0
6284;0;5
6288;3;0
6291;0;0
6295;7;0
6298;0;3
6302;10;0
6306;0;0
6309;0;0
6313;3;4
6316;1;0
6320;0;0
6323;1;0
6327;0;0
6330;2;3
6334;3;0
6338;0;0
6341;0;1
6345;0;0
6348;4;6
6352;1;6
6355;0;0
6359;1;0
6362;0;2
6366;1;5
6370;6;5
6373;3;0
6377;0;1
6380;10;0
6384;0;0
6387;4;2
6391;0;5
6394;19;0
6398;0;18
6402;2;0
6405;18;1
6409;3;0
6412;0;0
6416;0;1
6419;0;0
6423;3;6
6429;18;1
6430;4;0
6434;5;5
6437;7;0
6441;2;10
6444;1;2
6448;4;5
6451;0;1
6455;2;1
6459;0;5
6462;0;0
6466;8;4
6469;0;2
6473;1;1
6476;1;0
6480;2;2
6483;4;0
6487;2;0
6491;5;0
6494;0;1
6498;0;0
6501;2;2
6505;6;2
6508;2;5
6512;1;6
6515;0;0
6519;8;0
6523;18;1
6526;0;3
6530;0;0
6533;1;4
6537;1;0
6540;0;0
6544;4;1
6548;4;4
6551;1;0
6555;0;0
6558;3;0
6562;0;0
6565;4;1
6569;0;0
6572;3;0
6576;0;2
6580;1;0
6583;2;0
6587;6;0
6590;0;4
6594;3;0
6597;0;3
6601;2;0
6604;1;2
6608;8;0
6612;6;2
6615;7;2
6619;5;0
6622;0;2
6628;5;0
6629;2;0
6633;2;1
6636;0;0
6640;19;2
6644;5;0
6647;0;1
6651;5;0
6654;3;0
6658;3;2
6661;8;0
6665;5;0
6669;0;0
6672;0;0
6676;6;2
6679;2;0
6683;1;0
6686;5;0
6690;5;0
6693;9;0
6697;2;3
6701;0;0
6704;0;2
6708;2;3
6711;6;4
6715;4;0
6718;0;1
6722;6;6
6725;0;0
6729;3;0
6733;2;0
6736;0;0
6740;3;0
6743;22;0
6747;0;0
6750;0;2
6754;0;0
6757;0;0
6761;4;0
6765;0;0
6768;0;3
6772;1;0
6775;3;0
6779;0;0
6782;0;8
6786;7;1
6790;8;4
6793;2;2
6797;7;5
6800;0;1
6804;1;1
6807;0;17
6811;0;0
6814;1;1
6818;2;4
6822;6;0
6825;6;0
6831;1;1
6832;8;0
6836;0;0
6839;8;2
6843;2;0
6846;0;2
6850;6;4
6854;7;0
6857;0;0
6861;3;1
6864;0;3
6868;2;0
6871;1;3
6875;5;0
6878;0;0
6882;6;6
6886;0;5
6889;4;0
6893;8;8
6896;5;1
6900;8;3
6903;3;0
6907;9;0
6910;4;5
6914;8;1
6918;16;8
6921;1;0
6925;9;0
6928;0;0
6932;5;1
6935;16;0
6939;0;0
6943;9;0
6946;0;0
6950;3;2
6953;1;6
6957;1;3
6960;7;0
6964;3;6
6967;0;6
6971;1;0
6975;0;7
6978;6;0
6982;0;0
6985;5;0
6989;4;5
6992;2;1
6996;4;1
6999;6;7
7003;2;0
7007;0;5
7010;3;0
7014;16;0
7017;0;0
7021;9;5
7024;18;3
7030;0;5
7031;3;0
7035;7;3
7039;3;0
7042;0;2
7046;3;0
7049;17;0
7053;1;4
7056;0;0
7060;8;0
7064;16;0
7067;1;0
7071;0;0
7074;18;0
7078;5;2
7081;3;1
7085;1;0
7088;0;5
7092;0;4
7096;4;0
7099;0;0
7103;0;0
7106;1;0
7110;4;7
7113;0;2
7117;0;0
7120;2;0
7124;1;1
7128;9;0
7131;2;2
7135;3;0
7138;0;3
7142;17;2
7145;6;0
7149;4;4
7152;1;1
7156;0;0
7160;3;4
7163;0;4
7167;4;2
7170;1;0
7174;1;0
7177;9;0
7181;0;2
7185;4;0
7188;2;2
7192;0;5
7195;4;6
7199;2;0
7202;0;6
7206;0;3
7209;2;0
7213;5;16
7217;0;1
7220;18;1
7224;6;1
7227;0;0
7233;3;1
7234;1;18
7238;3;5
7241;6;5
7245;2;0
7249;0;6
7252;5;6
7256;8;0
7259;7;7
7263;0;3
7266;17;2
7270;7;3
7273;0;2
7277;0;3
7281;7;3
7284;8;0
7288;1;6
7291;4;3
7295;4;0
7298;0;1
7302;2;0
7306;2;3
7309;0;17
7313;5;0
7316;2;0
7320;0;0
7323;2;2
7327;2;0
7330;1;0
7334;0;5
7338;0;3
7341;0;0
7345;2;8
7348;5;0
7352;2;0
7355;16;0
7359;0;1
7362;8;0
7366;0;0
7370;5;3
7373;2;0
7377;4;2
7380;5;0
7384;0;0
7387;2;1
7391;0;0
7394;1;0
7398;7;0
7402;2;2
7405;5;0
7409;1;3
7412;0;5
7416;2;0
7419;0;4
7423;0;0
7427;8;0
7432;2;4
7434;0;6
7437;5;0
7441;0;2
7444;3;0
7448;2;0
7451;4;2
7455;7;4
7459;0;0
7462;2;0
7466;3;0
7469;0;0
7473;0;0
7476;7;3
7480;0;0
7483;0;0
7487;2;1
7491;3;0
7494;1;6
7498;6;0
7501;0;6
7505;3;0
7508;1;2
7512;3;3
7515;0;0
7519;8;1
7523;6;0
7526;4;7
7530;0;1
7533;0;0
7537;7;0
7540;2;16
7544;6;0
7547;5;3
7551;2;0
7555;5;4
7558;6;4
7562;2;0
7565;0;0
7569;6;2
7572;2;0
7576;7;1
7580;5;0
7583;3;1
7587;3;0
7590;2;0
7594;0;2
7597;7;0
7601;0;0
7604;0;0
7608;0;4
7612;0;0
7615;4;3
7619;0;0
7622;7;1
7626;0;3
7629;3;0
7635;0;2
7636;3;0
7640;3;1
7644;0;4
7647;0;3
7651;3;0
7654;0;0
7658;1;2
7661;0;0
7665;8;1
7668;1;3
7672;1;1
7676;0;0
7679;0;0
7683;0;0
7686;18;0
7690;4;2
7693;0;0
7697;0;1
7701;3;0
7704;8;0
7708;1;3
7711;0;0
7715;0;0
7718;0;0
7722;1;0
7725;0;1
7729;3;0
7733;5;0
7736;5;0
7740;0;4
7743;4;0
7747;1;0
7750;0;0
7754;6;0
7757;5;4
7761;0;0
7765;3;5
7768;8;5
7772;0;0
7775;0;2
7779;5;0
7782;0;1
7786;2;1
7789;4;0
7793;0;8
7797;2;2
7800;0;1
7804;19;1
7807;0;1
7811;2;1
7814;0;0
7818;1;1
7822;0;0
7825;0;0
7829;5;1
7832;5;0
7838;5;0
7839;17;7
7843;3;5
7846;2;20
7850;1;0
7854;0;1
7857;0;0
7861;7;20
7864;1;0
7868;4;1
7871;0;2
7875;8;0
7878;3;2
7882;2;0
7886;0;0
7889;3;0
7893;1;0
7896;1;3
7900;0;4
7903;7;1
7907;0;0
7910;2;0
7914;7;2
7918;4;2
7921;1;2
7925;4;3
7928;2;0
7932;8;3
7935;17;0
7939;0;0
7943;3;0
7946;5;6
7950;1;3
7953;4;0
7957;9;0
7960;8;0
7964;0;0
7967;0;0
7971;0;8
7975;0;16
7978;1;0
7982;2;0
7985;2;0
7989;6;0
7992;0;7
7996;2;2
7999;0;0
8003;7;0
8007;0;0
8010;9;7
8014;0;0
8017;5;0
8021;2;0
8024;0;0
8028;0;8
8031;0;0
8037;2;2
8039;6;0
8042;16;2
8046;11;0
8049;9;0
8053;7;0
8056;2;0
8060;0;3
8064;1;4
8067;1;10
8071;6;5
8074;0;0
8078;0;0
8081;19;0
8085;1;1
8088;7;0
8092;11;0
8096;0;7
8099;0;6
8103;0;0
8106;4;0
8110;4;7
8113;3;3
8117;5;0
8120;0;0
8124;5;3
8128;0;0
8131;0;0
8135;2;1
8138;0;17
8142;0;0
8145;0;5
8149;0;0
8152;18;0
8156;0;2
8160;0;2
8163;5;1
8167;5;0
8170;5;1
8174;5;2
8177;0;0
8181;0;4
8184;0;3
8188;5;0
8192;0;0
8195;2;0
8199;0;6
8202;3;9
8206;3;4
8209;0;17
8213;0;0
8217;0;1
8220;3;0
8224;0;0
8227;6;0
8231;0;0
8237;8;4
8238;7;0
8241;2;3
8245;8;8
8249;8;0
8252;7;2
8256;0;0
8259;8;7
8263;0;9
8266;0;0
8270;7;1
8273;16;4
8277;0;2
8281;0;0
8284;0;0
8288;0;3
8291;7;0
8295;6;4
8298;0;21
8302;0;6
8305;0;1
8309;0;0
8313;0;1
8316;9;0
8320;2;8
8323;18;0
8327;18;2
8330;0;0
8334;8;0
8338;0;4
8341;9;0
8345;0;0
8348;0;0
8352;3;3
8355;20;2
8359;0;4
8362;4;3
8366;0;0
8370;23;0
8373;0;3
8377;19;0
8380;18;6
8384;0;4
8387;3;3
8391;2;5
8394;21;0
8398;8;0
8402;6;0
8405;2;0
8409;5;0
8412;0;1
8416;0;3
8419;9;0
8423;7;2
8426;0;7
8430;0;0
8436;0;0
8437;0;4
8441;18;0
8444;0;0
8448;24;0
8451;0;2
8455;0;3
8459;6;1
8462;3;9
8466;21;8
8469;19;0
8473;1;6
8476;3;2
8480;7;0
8483;6;0
8487;2;0
8491;4;0
8494;2;1
8498;0;1
8501;4;0
8505;19;0
8508;1;0
8512;7;6
8515;19;0
8519;5;0
8523;2;3
8526;1;2
8530;0;1
8533;6;0
8537;6;2
8540;0;0
8544;8;0
8547;5;2
8551;6;0
8555;3;1
8558;2;4
8562;3;0
8565;2;0
8569;3;0
8572;3;0
8576;8;0
8580;7;2
8583;3;0
8587;5;1
8590;2;0
8594;6;0
8597;0;0
8601;6;2
8604;3;8
8608;18;6
8612;5;1
8615;1;0
8619;0;2
8622;0;0
8626;3;0
8629;0;5
8635;1;0
8636;3;0
8640;6;0
8644;0;0
8647;2;3
8651;0;2
8654;0;5
8658;6;5
8661;0;0
8665;8;0
8668;0;18
8672;0;0
8676;6;2
8679;5;1
8683;0;0
8686;5;0
8690;4;1
8693;2;2
8697;5;0
8701;5;1
8704;9;0
8708;0;0
8711;4;0
8715;4;0
8718;0;5
8722;20;0
8725;0;8
8729;7;0
8733;0;1
8736;4;2
8740;8;0
8743;1;0
8747;3;4
8750;0;2
8754;3;0
8757;0;0
8761;0;0
8765;5;0
8768;2;2
8772;1;0
8775;0;6
8779;2;0
8782;1;0
8786;7;4
8789;0;0
8793;6;0
8797;0;0
8800;6;1
8804;6;0
8807;7;1
8811;2;1
8814;2;0
8818;16;4
8822;3;0
8825;8;0
8829;6;2
8835;0;4
8836;5;0
8839;0;3
8843;0;1
8846;2;0
8850;7;1
8854;1;0
8857;0;0
8861;0;0
8864;2;0
8868;3;2
8871;0;0
8875;3;0
8878;0;0
8882;0;0
8886;0;4
8889;3;2
8893;4;0
8896;0;2
8900;6;2
8903;0;2
8907;1;0
8910;5;0
8914;3;4
8918;0;5
8921;8;1
8925;0;0
8928;1;0
8932;4;1
8935;0;1
8939;1;1
8942;2;0
8946;8;1
8950;0;1
8953;0;0
8957;6;0
8960;0;4
8964;0;0
8967;0;0
8971;3;4
8975;0;2
8978;0;4
8982;0;2
8985;0;0
8989;2;2
8992;4;0
8996;7;0
8999;0;0
9003;3;2
9007;6;0
9010;3;0
9014;3;0
9017;4;1
9021;1;0
9024;4;0
9028;0;2
9031;0;1
9037;3;2
9039;2;2
9042;6;3
9046;0;1
9049;3;0
9053;1;2
9056;2;1
9060;1;0
9063;2;1
9067;0;4
9071;3;3
9074;2;0
9078;4;2
9081;4;3
9085;3;0
9088;7;0
9092;2;0
9096;3;4
9099;2;0
9103;0;0
9106;3;2
9110;2;0
9113;0;1
9117;1;0
9120;0;0
9124;3;5
9128;0;3
9131;2;0
9135;1;0
9138;4;0
9142;2;0
9145;0;0
9149;1;0
9152;5;1
9156;3;0
9160;4;0
9163;3;0
9167;9;0
9170;0;1
9174;0;0
9177;2;6
9181;8;0
9184;5;0
9188;4;1
9192;5;0
9195;1;0
9199;0;3
9202;2;0
9206;0;0
9209;3;0
9213;0;2
9217;1;3
9220;4;4
9224;4;0
9227;1;3
9231;8;0
9234;0;0
9240;0;1
9241;5;0
9245;5;0
9249;3;0
9252;1;0
9256;2;0
9259;0;6
9263;6;0
9266;0;0
9270;5;1
9273;3;3
9277;0;0
9281;6;0
9284;2;0
9288;7;4
9291;1;2
9295;1;5
9298;3;2
9302;2;0
9305;1;0
9309;2;0
9313;0;0
9316;1;3
9320;3;0
9323;0;4
9327;1;0
9330;4;2
9334;0;3
9338;0;0
9341;4;0
9345;2;0
9348;3;3
9352;4;0
9355;3;2
9359;0;5
9362;0;0
9366;2;1
9370;2;0
9373;0;0
9377;3;0
9380;2;0
9384;4;4
9387;1;0
9391;0;0
9394;5;2
9398;0;0
9402;2;0
9405;0;3
9409;0;0
9412;4;4
9416;3;1
9419;4;0
9423;5;0
9426;6;1
9430;0;1
9434;0;6
9437;9;4
9443;0;0
9444;4;2
9448;9;5
9451;5;0
9455;0;1
9459;0;2
9462;0;2
9466;0;0
9469;4;1
9473;0;0
9476;2;5
9480;0;7
9483;1;0
9487;5;4
9491;3;1
9494;0;1
9498;3;0
9501;7;0
9505;0;2
9508;3;0
9512;6;0
9515;2;6
9519;5;0
9523;0;4
9526;5;7
9530;0;0
9533;6;4
9537;0;0
9540;16;0
9544;2;2
9547;3;0
9551;1;0
9555;7;6
9558;21;0
9562;3;8
9565;2;1
9569;7;0
9572;0;1
9576;0;0
9579;3;0
9583;0;2
9587;6;1
9590;6;9
9594;6;0
9597;6;0
9601;1;2
9604;6;0
9608;6;0
9612;20;4
9615;5;0
9619;1;0
9622;0;4
9626;11;0
9629;0;3
9633;18;1
9636;1;1
9642;4;4
9644;3;0
9647;3;0
9651;0;0
9654;2;2
9658;0;0
9661;1;4
9665;5;6
9668;5;0
9672;3;1
9676;3;0
9679;0;0
9683;0;0
9686;1;3
9690;5;0
9693;0;3
9697;0;0
9700;16;8
9704;0;0
9708;0;0
9711;5;3
9715;0;0
9718;0;3
9722;3;4
9725;0;1
9729;1;4
9733;8;7
9736;20;0
9740;4;0
9743;1;7
9747;0;0
9750;24;0
9754;6;5
9758;17;0
9761;7;0
9765;0;1
9769;7;7
9772;0;1
9776;8;0
9779;1;2
9783;1;0
9787;19;0
9790;0;0
9794;0;7
9798;0;5
9801;6;5
9805;9;0
9809;4;1
9812;5;4
9816;0;0
9820;2;5
9823;0;0
9827;0;0
9831;0;4
9834;0;0
9838;0;0
9841;4;3
9847;17;5
9849;4;0
9852;5;3
9856;0;4
9860;1;0
9863;0;7
9867;3;1
9871;2;0
9874;0;0
9878;0;0
9882;5;1
9885;9;8
9889;4;10
9892;0;9
9896;1;3
9900;3;0
9903;1;19
9907;2;3
9911;6;0
9914;0;0
9918;0;3
9922;0;1
9925;2;0
9929;2;0
9933;9;0
9936;8;6
9940;3;0
9944;0;0
9947;0;1
9951;0;0
9954;7;0
9958;8;0
9962;0;0
9965;20;0
9969;7;0
9973;0;5
9976;5;0
9980;5;3
9984;6;0
9987;5;0
9991;1;6
9995;0;0
9998;2;2
10002;10;0
10005;3;0
10009;0;0
10013;2;6
10016;0;0
10020;0;0
10024;0;2
10027;0;1
10031;7;4
10035;17;7
10038;4;0
10042;8;0
10048;0;7
10049;6;0
10053;5;9
10057;3;0
10060;3;0
10064;0;6
10067;8;0
10071;6;2
10075;0;1
10078;0;0
10082;2;1
10086;0;6
10089;3;0
10093;0;7
10097;1;0
10100;6;0
10104;5;0
10108;7;6
10111;6;3
10115;6;5
10119;0;0
10122;19;0
10126;1;6
10129;1;0
10133;0;0
10137;0;0
10140;1;0
10144;1;0
10148;2;0
10151;17;0
10155;0;1
10159;1;5
10162;7;6
10166;0;3
10170;3;3
10173;4;2
10177;0;8
10180;2;2
10184;3;0
10188;5;0
10191;2;6
10195;0;0
10199;16;0
10202;2;0
10206;2;0
10210;2;1
10213;1;0
10217;0;0
10221;2;1
10224;0;4
10228;0;1
10234;19;2
10235;4;0
10239;0;0
10242;2;0
10246;0;4
10250;0;4
10253;2;1
10257;0;1
10261;0;0
10264;0;0
10268;4;3
10272;0;0
10275;4;0
10279;2;0
10283;6;0
10286;0;0
10290;3;4
10293;4;0
10297;0;0
10301;0;4
10304;0;0
10308;2;1
10312;0;2
10315;0;0
10319;0;0
10323;8;0
10326;0;0
10330;7;0
10334;0;0
10337;4;0
10341;3;0
10345;8;2
10348;1;1
10352;2;3
10355;3;0
10359;4;2
10363;3;1
10366;0;0
10370;2;0
10374;1;1
10377;17;0
10381;0;4
10385;6;0
10388;0;1
10392;0;0
10396;0;1
10399;5;3
10403;0;1
10407;17;0
10410;4;3
10414;0;3
10420;0;4
10421;1;1
10425;0;4
10428;2;2
10432;3;3
10436;1;2
10439;1;0
10443;1;0
10447;0;1
10450;4;4
10454;2;2
10458;2;0
10461;3;4
10465;0;2
10468;4;2
10472;3;0
10476;5;0
10479;1;0
10483;2;0
10487;4;5
10490;6;0
10494;1;0
10498;3;0
10501;0;0
10505;0;0
10509;0;0
10512;2;1
10516;3;5
10520;1;8
10523;4;4
10527;2;0
10530;2;1
10534;1;1
10538;2;2
10541;20;0
10545;2;3
10549;4;0
10552;5;2
10556;2;2
10560;1;2
10563;2;0
10567;0;1
10571;0;0
10574;1;0
10578;0;2
10581;6;0
10585;5;4
10589;3;5
10592;1;0
10596;0;0
10600;0;0
10606;5;0
10607;3;0
10611;0;0
10614;7;2
10618;0;3
10622;0;0
10625;6;2
10629;0;0
10633;4;2
10636;2;4
10640;4;3
10643;0;0
10647;4;0
10651;0;0
10654;0;0
10658;6;2
10662;3;0
10665;4;1
10669;1;0
10673;0;0
10676;0;1
10680;1;2
10684;0;0
10687;0;0
10691;3;0
10694;0;0
10698;2;1
10702;2;1
10705;3;2
10709;1;1
10713;1;2
10716;0;4
10720;0;3
10724;2;0
10727;6;1
10731;3;0
10735;0;0
10738;5;0
10742;4;4
10746;2;0
10749;9;1
10753;0;0
10756;0;1
10760;1;4
10764;2;0
10767;0;0
10771;3;2
10775;0;1
10778;3;1
10782;1;1
10786;5;0
10792;5;1
10793;1;1
10797;0;0
10800;2;0
10804;0;1
10808;4;0
10811;3;3
10815;2;0
10818;0;0
10822;5;0
10826;1;3
10829;0;2
10833;3;0
10837;4;2
10840;1;0
10844;0;1
10848;3;0
10851;0;0
10855;2;0
10859;0;0
10862;0;2
10866;0;2
10869;4;0
10873;0;0
10877;3;1
10880;0;0
10884;2;0
10888;0;1
10891;3;1
10895;3;3
10899;3;0
10902;7;3
10906;3;0
10910;2;0
10913;0;4
10917;17;0
10921;0;0
10924;0;7
10928;2;0
10931;0;2
10935;0;0
10939;8;3
10942;5;2
10946;5;4
10950;3;0
10953;5;0
10957;1;0
10961;1;0
10964;1;1
10968;1;4
10972;0;0
10977;0;3
10979;5;0
10982;0;1
10986;2;0
10990;0;0
10993;0;1
10997;4;2
11001;2;5
11004;0;3
11008;2;2
11012;7;0
11015;2;3
11019;3;1
11023;1;0
11026;0;0
11030;0;0
11034;4;0
11037;5;1
11041;7;0
11044;0;2
11048;3;1
11052;2;0
11055;0;4
11059;0;0
11063;5;2
11066;0;2
11070;0;0
11074;2;4
11077;2;4
11081;1;7
11085;2;0
11088;0;0
11092;0;6
11095;0;3
11099;5;1
11103;0;3
11106;0;3
11110;5;0
11114;3;1
11117;0;3
11121;6;1
11125;0;2
11128;0;0
11132;1;0
11136;3;0
11139;0;2
11143;0;0
11147;4;0
11150;0;0
11154;5;5
11157;0;0
11163;0;0
11165;0;0
11168;6;0
11172;5;3
11176;4;0
11179;2;0
11183;6;0
11187;5;0
11190;2;1
11194;2;4
11198;2;0
11201;0;2
11205;4;0
11209;8;4
11212;6;0
11216;0;4
11219;5;0
11223;2;0
11227;3;0
11230;0;0
11234;0;0
11238;0;5
11241;1;0
11245;6;2
11249;7;2
11252;3;1
11256;8;2
11260;5;0
11263;4;3
11267;0;0
11270;2;3
11274;0;0
11278;3;5
11281;1;6
11285;4;2
11289;1;0
11292;1;3
11296;3;2
11300;3;0
11303;6;4
11307;1;0
11311;1;4
11314;0;0
11318;7;0
11322;0;0
11325;0;1
11329;0;0
11332;18;0
11336;4;0
11340;0;0
11343;0;0
11349;2;5
11351;17;1
11354;7;1
11358;0;0
11362;0;2
11365;3;1
11369;0;1
11373;18;0
11376;7;0
11380;0;0
11383;3;0
11387;4;2
11391;0;0
11394;3;0
11398;7;1
11402;0;0
11405;3;1
11409;6;6
11413;0;0
11416;8;1
11420;9;3
11424;0;0
11427;6;4
11431;4;0
11435;5;0
11438;2;0
11442;0;2
11445;18;3
11449;7;0
11453;6;3
11456;6;2
11460;0;2
11464;0;0
11467;4;0
11471;3;0
11475;2;0
11478;4;3
11482;2;0
11486;0;0
11489;3;0
11493;0;2
11496;6;0
11500;0;3
11504;0;2
11507;0;0
11511;0;0
11515;9;0
11518;0;1
11522;4;1
11526;8;2
11529;7;0
11535;1;2
11537;0;3
11540;1;0
11544;0;5
11548;0;0
11551;3;2
11555;7;0
11558;8;1
11562;16;0
11566;2;0
11569;6;0
11573;0;0
11577;4;2
11580;3;3
11584;0;0
11588;1;0
11591;8;0
11595;0;2
11599;0;7
11602;0;0
11606;0;0
11610;2;8
11613;3;0
11617;0;0
11620;5;6
11624;0;0
11628;0;0
11631;0;1
11635;4;0
11639;0;7
11642;1;0
11646;0;0
11650;1;10
11653;4;0
11657;0;4
11661;0;3
11664;2;4
11668;7;3
11671;2;0
11675;0;0
11679;0;0
11682;0;0
11686;0;0
11690;0;0
11693;0;0
11697;3;4
11701;4;0
11704;0;0
11708;3;0
11712;0;4
11715;3;0
11721;2;0
11723;5;0
11726;0;4
11730;3;3
11733;3;0
11737;1;5
11741;0;1
11744;9;0
11748;0;1
11752;4;0
11755;0;5
11759;1;0
11763;2;0
11766;0;5
11770;0;0
11774;5;0
11777;3;1
11781;3;0
11784;6;0
11788;4;3
11792;6;4
11795;8;5
11799;2;1
11803;0;0
11806;0;0
11810;0;1
11814;1;0
11817;4;0
11821;0;1
11825;3;0
11828;4;0
11832;0;0
11836;0;0
11839;0;1
11843;3;2
11846;4;1
11850;0;0
11854;3;0
11857;0;0
11861;4;2
11865;5;0
11868;0;0
11872;6;0
11876;3;0
11879;6;0
11883;2;0
11887;2;2
11890;1;4
11894;4;0
11897;0;0
11901;17;0
11907;4;6
11908;1;4
11912;7;6
11916;2;2
11919;8;2
11923;0;0
11927;1;1
11930;8;0
11934;0;6
11938;7;0
11941;8;4
11945;0;2
11949;4;3
11952;3;5
11956;5;0
11959;3;0
11963;7;0
11967;5;0
11970;4;0
11974;3;3
11978;0;4
11981;2;2
11985;2;4
11989;2;1
11992;2;3
11996;1;4
12000;0;0
12003;1;0
12007;2;0
12011;4;0
12014;1;0
12018;1;4
12021;2;3
12025;1;5
12029;0;0
12032;6;7
12036;8;1
12040;2;0
12043;0;3
12047;0;3
12051;3;2
12054;2;0
12058;2;0
12062;7;6
12065;0;6
12069;5;0
12072;2;0
12076;1;1
12080;3;0
12083;0;6
12087;6;0
12093;4;0
12094;3;0
12098;5;3
12102;5;0
12105;0;5
12109;18;0
12113;0;2
12116;9;2
12120;0;7
12124;5;5
12127;1;0
12131;7;0
12134;2;3
12138;2;0
12142;4;1
12145;0;1
12149;4;1
12153;7;0
12156;10;1
12160;3;0
12164;0;2
12167;0;6
12171;0;0
12175;18;0
12178;4;1
12182;0;6
12185;5;2
12189;5;0
12193;7;4
12196;0;4
12200;0;0
12204;5;1
12207;2;2
12211;0;0
12215;1;7
12218;0;0
12222;0;1
12226;0;4
12229;8;2
12233;0;0
12237;1;0
12240;3;1
12244;2;3
12247;3;4
12251;1;4
12255;4;0
12258;2;0
12262;6;0
12266;0;1
12269;7;0
12273;2;3
12279;1;0
12280;2;1
12284;0;0
12288;16;0
12291;0;0
12295;4;0
12298;5;0
12302;2;0
12306;2;2
12309;0;1
12313;5;1
12317;0;5
12320;3;0
12324;0;1
12328;0;0
12331;1;5
12335;1;2
12339;2;0
12342;3;0
12346;0;1
12350;0;1
12353;2;3
12357;0;0
12360;4;1
12364;4;0
12368;2;0
12371;4;0
12375;2;1
12379;5;0
12382;4;0
12386;7;0
12390;0;4
12393;4;1
12397;4;0
12401;0;0
12404;0;2
12408;6;3
12412;1;3
12415;4;4
12419;0;0
12422;0;0
12426;5;0
12430;2;1
12433;3;0
12437;0;1
12441;3;0
12444;6;0
12448;3;1
12452;1;2
12455;2;0
12459;0;0
12465;3;0
12466;5;0
12470;0;1
12473;2;0
12477;0;1
12481;0;0
12484;4;0
12488;2;0
12492;0;0
12495;0;2
12499;0;3
12503;0;0
12506;1;0
12510;0;1
12514;7;2
12517;2;8
12521;6;3
12525;3;2
12528;5;0
12532;9;0
12535;7;0
12539;0;0
12543;2;7
12546;7;0
12550;0;0
12554;1;1
12557;0;3
12561;8;0
12565;2;0
12568;3;4
12572;3;1
12576;1;2
12579;0;0
12583;1;0
12586;6;3
12590;1;2
12594;2;16
12597;5;6
12601;3;0
12605;2;0
12608;5;0
12612;6;1
12616;6;0
12619;0;0
12623;0;0
12627;18;4
12630;7;0
12634;0;0
12638;3;0
12641;1;1
12645;1;0
12651;2;0
12652;3;3
12656;5;0
12659;1;2
12663;6;17
12667;0;0
12670;1;1
12674;0;3
12678;0;4
12681;5;0
12685;3;0
12689;1;0
12692;1;0
12696;3;5
12700;1;0
12703;0;0
12707;0;0
12710;4;0
12714;0;0
12718;2;3
12721;0;0
12725;1;7
12729;0;0
12732;2;0
12736;6;0
12740;3;2
12743;5;0
12747;0;0
12751;0;0
12754;2;0
12758;2;4
12761;0;0
12765;0;5
12769;0;0
12772;6;1
12776;0;2
12780;1;0
12783;7;1
12787;0;0
12791;6;0
12794;1;2
12798;1;6
12802;0;0
12805;1;7
12809;2;6
12813;0;2
12816;19;3
12820;5;0
12823;6;5
12827;0;1
12831;5;0
12837;0;3
12838;2;0
12842;6;1
12845;7;0
12849;3;0
12853;1;0
12856;0;0
12860;3;3
12864;3;6
12867;6;0
12871;8;4
12874;4;0
12878;5;0
12882;0;0
12885;0;0
12889;1;1
12893;0;0
12896;2;0
12900;0;2
12904;0;7
12907;0;0
12911;3;0
12915;2;6
12918;6;0
12922;4;0
12926;1;0
12929;7;4
12933;0;7
12936;0;0
12940;0;0
12944;8;0
12947;0;0
12951;5;0
12955;0;0
12958;0;3
12962;0;0
12966;18;7
12969;8;6
12973;0;1
12977;5;0
12980;1;0
12984;1;7
12987;0;2
12991;0;5
12995;6;0
12998;2;2
13002;0;0
13006;0;4
13009;0;3
13013;0;0
13017;3;1
13020;8;0
13026;1;1
13028;0;4
13031;6;0
13035;6;0
13039;0;0
13042;6;0
13046;2;0
13049;1;0
13053;0;3
13057;0;2
13060;8;0
13064;4;6
13068;0;2
13071;3;1
13075;3;0
13079;2;0
13082;1;0
13086;0;2
13090;3;1
13093;0;4
13097;6;6
13101;0;0
13104;0;1
13108;4;1
13111;0;0
13115;5;3
13119;0;0
13122;0;1
13126;0;1
13130;6;0
13133;0;0
13137;3;1
13141;0;0
13144;5;2
13148;4;2
13152;7;0
13155;3;0
13159;0;1
13162;0;0
13166;0;2
13170;0;0
13173;2;4
13177;2;5
13181;4;0
13184;4;0
13188;1;0
13192;5;0
13195;0;0
13199;3;3
13203;4;0
13206;16;0
13212;0;4
13214;4;0
13217;19;1
13221;0;1
13224;7;0
13228;5;1
13232;4;0
13235;0;6
13239;1;1
13243;6;0
13246;4;0
13250;3;0
13254;0;3
13257;3;4
13261;5;2
13265;0;2
13268;0;0
13272;0;0
13275;1;1
13279;3;0
13283;6;0
13286;6;0
13290;5;3
13294;0;4
13297;0;0
13301;4;0
13305;20;4
13308;1;2
13312;0;2
13316;1;0
13319;5;2
13323;2;0
13327;0;2
13330;10;0
13334;0;4
13337;4;1
13341;0;1
13345;8;7
13348;3;0
13352;0;7
13356;4;0
13359;3;0
13363;1;3
13367;6;0
13370;0;0
13374;0;3
13378;4;0
13381;3;6
13385;8;5
13388;0;4
13392;0;0
13398;0;0
13399;0;3
13403;19;2
13407;6;2
13410;3;1
13414;1;0
13418;5;0
13421;5;0
13425;0;0
13429;5;0
13432;0;1
13436;6;5
13440;0;3
13443;0;0
13447;0;3
13450;0;0
13454;8;0
13458;0;2
13461;0;9
13465;0;0
13469;1;1
13472;5;0
13476;2;0
13480;0;4
13483;0;1
13487;8;0
13491;16;4
13494;7;0
13498;16;0
13502;0;0
13505;6;4
13509;0;0
13512;0;0
13516;1;1
13520;0;0
13523;0;2
13527;2;6
13531;2;0
13534;9;0
13538;10;1
13542;8;0
13545;6;0
13549;7;2
13553;2;0
13556;1;2
13560;21;2
13563;7;5
13567;7;1
13571;7;0
13574;1;0
13580;0;2
13582;6;0
13585;0;3
13589;1;0
13593;6;0
13596;19;1
13600;0;4
13604;0;0
13607;0;1
13611;0;2
13615;0;0
13618;0;0
13622;0;0
13625;0;0
13629;0;7
13633;8;1
13636;0;1
13640;7;0
13644;9;1
13647;5;1
13651;18;7
13655;3;1
13658;1;0
13662;8;6
13666;4;0
13669;5;0
13673;3;0
13676;4;0
13680;1;4
13684;1;4
13687;0;0
13691;0;0
13695;21;0
13698;8;0
13702;2;2
13706;5;0
13709;1;0
13713;0;4
13717;7;0
13720;0;4
13724;0;0
13728;2;3
13731;0;0
13735;3;0
13738;0;2
13742;4;2
13746;4;0
13749;3;0
13753;0;0
13757;4;5
13760;1;0
13766;0;1
13768;1;3
13771;3;0
13775;2;5
13779;0;0
13782;2;0
13786;4;0
13789;4;2
13793;5;0
13797;4;1
13800;0;0
13804;0;0
13808;1;19
13811;1;1
13815;1;0
13819;4;0
13822;0;0
13826;0;0
13830;5;0
13833;2;7
13837;0;0
13841;4;2
13844;0;0
13848;1;4
13851;3;0
13855;0;0
13859;2;0
13862;17;0
13866;3;2
13870;5;1
13873;1;0
13877;2;0
13881;1;7
13884;0;0
13888;7;0
13892;3;2
13895;0;2
13899;2;0
13903;0;7
13906;0;0
13910;1;0
13913;2;3
13917;17;0
13921;0;5
13924;7;1
13928;0;1
13932;9;0
13935;0;0
13939;5;0
13943;0;3
13946;5;0
13952;3;0
13954;0;0
13957;2;2
13961;3;0
13964;0;4
13968;9;0
13972;2;0
13975;7;0
13979;0;0
13983;1;4
13986;0;3
13990;8;3
13994;0;0
13997;1;1
14001;0;0
14005;1;0
14008;2;0
14012;16;0
14016;7;0
14019;0;0
14023;5;0
14026;2;2
14030;3;0
14034;4;0
14037;0;1
14041;5;0
14045;2;0
14048;18;0
14052;0;0
14056;0;1
14059;2;0
14063;0;1
14067;3;0
14070;0;0
14074;7;2
14077;0;0
14081;1;0
14085;1;0
14088;7;0
14092;4;3
14096;0;0
14099;2;0
14103;7;0
14107;5;1
14110;2;0
14114;0;0
14118;0;0
14121;6;0
14125;1;0
14129;0;0
14132;1;4
14138;6;3
14139;0;2
14143;5;0
14147;2;1
14150;7;0
14154;3;2
14158;16;0
14161;0;3
14165;0;0
14169;0;1
14172;0;0
14176;9;0
14180;2;2
14183;20;0
14187;0;0
14190;0;2
14194;0;0
14198;3;4
14201;6;0
14205;1;2
14209;7;0
14212;0;1
14216;0;0
14220;5;0
14223;2;0
14227;6;0
14231;2;0
14234;0;0
14238;0;0
14242;3;0
14245;0;0
14249;4;0
14252;0;3
14256;0;0
14260;2;0
14263;16;0
14267;0;0
14271;6;0
14274;1;1
14278;0;1
14282;3;2
14285;1;0
14289;1;1
14293;2;0
14296;2;0
14300;0;4
14304;6;0
14307;6;1
14311;8;1
14314;0;1
14318;0;3
14324;3;1
14325;0;5
14329;0;3
14333;0;7
14336;0;4
14340;2;2
14344;0;0
14347;0;0
14351;7;0
14355;0;3
14358;0;0
14362;0;0
14365;2;2
14369;5;0
14373;0;0
14376;7;6
14380;6;2
14384;2;4
14387;1;1
14391;1;3
14395;0;0
14398;9;0
14402;0;0
14406;7;0
14409;5;6
14413;2;0
14417;3;3
14420;7;0
14424;0;0
14427;1;0
14431;1;0
14435;8;0
14438;0;6
14442;1;6
14446;0;3
14449;0;0
14453;0;4
14457;4;1
14460;3;0
14464;0;0
14468;3;0
14471;2;2
14475;1;0
14478;2;0
14482;7;2
14486;0;0
14489;4;3
14493;16;3
14497;1;0
14500;4;8
14504;4;5
14510;3;0
14511;5;0
14515;0;0
14519;0;0
14522;9;0
14526;5;0
14530;4;0
14533;0;0
14537;0;0
14540;0;1
14544;4;0
14548;2;0
14551;8;0
14555;0;6
14559;0;7
14562;0;1
14566;8;0
14570;0;1
14573;1;5
14577;17;3
14581;2;0
14584;2;0
14588;0;1
14591;0;0
14595;0;1
14599;2;0
14602;3;0
14606;3;0
14610;0;1
14613;0;4
14617;0;3
14621;0;3
14624;8;1
14628;0;0
14632;2;4
14635;4;1
14639;0;5
14643;0;2
14646;0;0
14650;1;0
14653;0;0
14657;1;0
14661;0;0
14664;0;1
14668;4;4
14672;1;2
14675;2;0
14679;8;1
14683;0;3
14686;5;4
14690;2;0
14696;0;0
14697;1;0
14701;6;0
14705;3;6
14708;16;0
14712;0;8
14715;11;3
14719;8;5
14723;6;3
14726;2;0
14730;2;0
14734;0;0
14737;2;4
14741;9;0
14745;0;2
14748;5;0
14752;7;0
14756;8;0
14759;0;2
14763;5;1
14766;2;1
14770;0;4
14774;0;5
14777;1;0
14781;0;2
14785;7;5
14788;0;1
14792;0;0
14796;6;1
14799;4;0
14803;0;0
14807;0;0
14810;4;0
14814;4;0
14818;0;20
14821;6;0
14825;1;1
14828;8;5
14832;0;3
14836;3;0
14839;0;5
14843;20;0
14847;4;0
14850;1;6
14854;5;5
14858;2;0
14861;0;11
14865;2;9
14869;3;4
14872;0;0
14876;2;2
14882;0;0
14883;0;2
14887;3;8
14890;0;0
14894;3;0
14898;0;0
14901;0;0
14905;0;0
14909;0;0
14912;0;0
14916;6;0
14920;5;0
14923;16;0
14927;1;0
14931;5;2
14934;8;2
14938;8;5
14941;2;1
14945;0;0
14949;0;0
14952;5;1
14956;0;8
14960;0;7
14963;0;3
14967;0;0
14971;4;0
14974;17;3
14978;0;0
14982;0;0
14985;2;0
14989;0;4
14993;2;2
14996;8;0
15000;1;0
15003;0;0
15007;0;1
15011;0;0
15014;5;0
15018;6;0
15022;0;0
15025;3;2
15029;0;0
15033;4;0
15036;0;0
15040;0;4
15044;1;0
15047;8;0
15051;0;0
15054;18;1
15058;0;2
15062;7;6
15068;0;2
15069;5;0
15073;1;3
15076;0;0
15080;6;7
15084;0;0
15087;0;0
15091;0;0
15095;3;0
15098;5;0
15102;0;7
15106;0;0
15109;0;0
15113;0;3
15116;2;1
15120;17;1
15124;3;0
15127;1;0
15131;0;1
15135;4;1
15138;1;1
15142;5;1
15146;0;2
15149;0;2
15153;0;0
15157;0;0
15160;0;0
15164;3;0
15167;0;2
15171;0;2
15175;5;0
15178;7;0
15182;0;0
15186;11;4
15189;6;0
15193;3;0
15197;0;2
15200;3;2
15204;3;3
15208;3;0
15211;7;0
15215;9;0
15219;2;0
15222;0;0
15226;9;9
15229;1;1
15233;3;8
15237;2;4
15240;4;0
15244;3;0
15248;0;1
15254;1;4
15255;2;3
15259;4;6
15262;4;0
15266;7;0
15270;0;1
15273;0;0
15277;0;0
15280;0;0
15284;1;2
15288;0;3
15291;0;0
15295;0;0
15299;6;2
15302;2;0
15306;7;2
15310;5;1
15313;0;7
15317;0;0
15321;5;0
15324;3;5
15328;7;0
15332;6;0
15335;1;0
15339;0;4
15342;0;6
15346;0;0
15350;2;2
15353;3;0
15357;0;0
15361;0;0
15364;0;0
15368;0;2
15372;0;2
15375;0;0
15379;1;1
15383;1;0
15386;6;3
15390;0;6
15394;0;0
15397;7;0
15401;1;0
15404;0;1
15408;19;0
15412;4;0
15415;3;0
15419;1;3
15423;7;0
15426;3;0
15430;4;2
15434;1;2
15440;0;0
15441;17;0
15445;4;0
15448;0;0
15452;0;0
15455;2;1
15459;0;0
15463;0;1
15466;0;0
15470;5;0
15474;1;0
15477;8;0
15481;4;0
15485;2;0
15488;0;0
15492;0;2
15496;6;0
15499;4;7
15503;4;0
15507;3;1
15510;17;0
15514;0;4
15517;5;2
15521;6;1
15525;11;0
15528;4;5
15532;3;0
15536;3;0
15539;1;2
15543;3;4
15547;3;1
15550;0;0
15554;3;19
15558;3;4
15561;5;0
15565;2;6
15568;7;2
15572;20;4
15576;2;0
15579;3;4
15583;1;4
15587;1;0
15590;0;0
15594;7;6
15598;4;0
15601;1;5
15605;0;3
15609;0;4
15612;0;3
15616;0;1
15620;0;1
15626;18;2
15627;0;0
15630;5;0
15634;1;0
15638;3;0
15641;0;3
15645;1;1
15649;5;1
15652;4;3
15656;7;0
15660;6;5
15663;7;0
15667;0;0
15671;4;0
15674;0;0
15678;6;1
15681;0;3
15685;4;0
15689;0;0
15692;5;2
15696;0;2
15700;0;0
15703;5;3
15707;6;4
15711;2;1
15714;2;0
15718;0;6
15722;0;0
15725;4;2
15729;0;0
15733;1;7
15736;1;0
15740;0;1
15743;8;3
15747;4;0
15751;0;2
15754;6;0
15758;9;0
15762;2;0
15765;0;0
15769;0;0
15773;2;3
15776;4;0
15780;2;4
15784;0;2
15787;7;0
15791;0;0
15795;3;0
15798;4;0
15802;2;0
15805;8;0
15811;3;1
15813;1;5
15816;0;4
15820;7;3
15824;2;2
15827;0;2
15831;1;3
15835;5;2
15838;2;5
15842;1;0
15846;2;0
15849;3;0
15853;6;1
15856;2;0
15860;4;3
15864;4;2
15867;3;0
15871;0;4
15875;1;0
15878;3;5
15882;2;0
15886;2;1
15889;3;0
15893;0;2
15897;1;1
15900;1;0
15904;0;6
15908;0;3
15911;8;4
15915;3;2
15918;3;1
15922;5;6
15926;4;0
15929;0;0
15933;0;0
15937;0;4
15940;6;5
15944;3;4
15948;2;0
15951;4;0
15955;8;0
15959;1;0
15962;0;0
15966;0;0
15969;0;3
15973;6;0
15977;3;0
15980;1;18
15984;2;0
15988;0;2
15991;0;0
15997;0;0
15999;3;2
16002;6;1
16006;0;2
16010;7;1
16013;0;3
16017;0;0
16021;0;0
16024;1;3
16028;5;8
16031;19;0
16035;0;0
16039;0;0
16042;0;2
16046;2;0
16050;4;2
16053;0;0
16057;4;0
16061;1;0
16064;0;2
16068;0;3
16072;2;2
16075;0;1
16079;3;0
16082;1;0
16086;3;0
16090;5;0
16093;8;6
16097;0;2
16101;8;0
16104;3;2
16108;0;0
16112;3;3
16115;0;6
16119;6;7
16123;0;0
16126;0;0
16130;0;3
16134;0;4
16137;5;2
16141;0;6
16144;0;2
16148;21;0
16152;0;6
16155;1;1
16159;2;0
16163;9;0
16166;6;1
16170;1;0
16174;3;0
16177;2;0
16183;0;4
16185;0;0
16188;5;1
16192;7;0
16196;6;0
16199;4;5
16203;2;4
16206;8;4
16210;0;0
16214;2;3
16217;22;4
16221;5;2
16225;4;2
16228;1;0
16232;0;0
16236;0;0
16239;2;4
16243;0;0
16247;5;0
16250;4;0
16254;0;0
16257;6;1
16261;3;0
16265;2;0
16268;1;2
16272;16;1
16276;3;1
16279;5;0
16283;2;3
16287;2;7
16290;0;0
16294;0;0
16298;3;0
16301;20;0
16305;5;2
16309;0;0
16312;0;0
16316;2;7
16319;0;0
16323;0;0
16327;16;6
16330;6;4
16334;0;1
16338;3;0
16341;8;0
16345;6;2
16349;0;0
16352;0;0
16356;0;0
16360;2;1
16363;4;0
16369;0;5
16370;6;0
16374;0;2
16378;0;0
16381;0;0
16385;2;0
16389;0;0
16392;0;4
16396;1;0
16400;5;5
16403;0;0
16407;9;0
16411;0;0
16414;5;2
16418;6;0
16422;0;0
16425;6;0
16429;0;5
16432;0;0
16436;3;0
16440;6;0
16443;3;1
16447;0;0
16451;4;17
16454;0;0
16458;1;1
16462;3;3
16465;4;4
16469;3;0
16473;2;0
16476;0;3
16480;2;1
16483;18;0
16487;0;0
16491;2;2
16494;4;0
16498;7;0
16502;2;4
16505;7;0
16509;5;0
16513;0;0
16516;0;1
16520;3;3
16524;7;2
16527;1;0
16531;1;0
16535;3;6
16538;2;0
16542;1;1
16545;2;3
16549;0;0
16555;1;3
16556;2;0
16560;3;3
16564;2;0
16567;6;1
16571;2;0
16575;2;2
16578;0;5
16582;0;0
16586;0;1
16589;3;0
16593;4;2
16597;6;2
16600;2;0
16604;2;0
16607;0;0
16611;0;0
16615;6;0
16618;0;1
16622;8;0
16626;0;6
16629;7;1
16633;2;0
16637;1;4
16640;3;0
16644;6;2
16648;5;3
16651;3;1
16655;8;3
16658;0;0
16662;0;0
16666;8;1
16669;0;1
16673;0;2
16677;0;4
16680;0;0
16684;4;0
16688;8;6
16691;5;3
16695;3;0
16699;0;3
16702;0;0
16706;7;1
16710;0;0
16713;4;0
16717;2;2
16720;6;2
16724;1;1
16728;1;0
16731;0;1
16735;4;5
16741;8;0
16742;0;2
16746;3;0
16750;5;1
16753;1;1
16757;5;3
16761;5;1
16764;4;0
16768;4;2
16771;0;0
16775;6;0
16779;2;2
16782;8;2
16786;7;0
16790;2;0
16793;0;0
16797;0;1
16801;0;0
16804;6;4
16808;0;0
16812;6;0
16815;0;1
16819;0;0
16823;0;5
16826;1;1
16830;0;0
16833;4;2
16837;0;0
16841;4;0
16844;0;0
16848;4;0
16852;3;3
16855;1;4
16859;0;0
16863;2;0
16866;3;0
16870;3;6
16874;5;0
16877;2;4
16881;8;1
16884;2;1
16888;2;2
16892;4;0
16895;0;0
16899;5;0
16903;4;0
16906;2;2
16910;0;1
16914;0;0
16917;5;0
16921;4;4
16929;0;0
16929;0;4
16932;5;1
16936;0;2
16939;0;0
16943;0;0
16946;2;2
16950;2;0
16954;5;0
16957;1;0
16961;2;0
16965;3;0
16968;4;3
16972;3;0
16976;3;4
16979;9;2
16983;3;2
16987;0;3
16990;3;2
16994;1;1
16998;2;1
17001;8;1
17005;3;0
17008;2;2
17012;2;0
17016;4;1
17019;3;0
17023;0;2
17027;1;4
17030;1;0
17034;1;0
17038;0;0
17041;6;0
17045;0;3
17049;0;1
17052;0;0
17056;3;1
17059;3;5
17063;0;3
17067;7;2
17070;0;2
17074;0;2
17078;4;2
17081;2;1
17085;0;0
17089;1;1
17092;4;0
17096;7;0
17100;3;2
17103;1;0
17107;3;1
17113;0;0
17114;2;0
17118;0;0
17121;0;2
17125;1;1
17129;5;3
17132;0;0
17136;1;2
17140;0;5
17143;3;0
17147;0;3
17151;0;0
17154;0;3
17158;8;0
17162;2;0
17165;5;0
17169;1;2
17172;2;0
17176;5;1
17180;4;0
17183;4;2
17187;1;0
17191;0;1
17194;2;4
17198;4;0
17202;6;0
17205;3;3
17209;2;0
17213;7;0
17216;1;0
17220;5;0
17224;7;8
17227;0;4
17231;7;3
17234;0;7
17238;1;3
17242;0;0
17245;0;0
17249;1;0
17253;8;0
17256;5;1
17260;6;0
17264;0;0
17267;0;2
17271;1;0
17275;4;2
17278;4;0
17282;4;4
17286;5;2
17289;0;6
17293;2;2
17299;5;0
17300;8;0
17304;0;2
17307;0;6
17311;0;4
17315;0;5
17318;0;3
17322;0;3
17326;1;1
17329;1;0
17333;3;0
17337;0;6
17340;2;0
17344;6;5
17347;3;0
17351;2;0
17355;4;0
17358;0;7
17362;1;4
17366;5;0
17369;0;0
17373;2;0
17377;0;0
17380;2;4
17384;7;0
17388;1;0
17391;1;0
17395;0;0
17399;0;5
17402;0;2
17406;0;1
17409;2;2
17413;0;0
17417;2;0
17420;16;4
17424;2;0
17428;4;0
17431;0;4
17435;2;0
17439;0;0
17442;0;4
17446;5;0
17450;21;0
17453;0;0
17457;4;0
17460;0;0
17464;10;0
17468;7;4
17471;2;1
17475;1;3
17479;6;0
17485;8;0
17486;2;0
17490;0;2
17493;6;4
17497;4;0
17501;0;0
17504;4;4
17508;4;2
17512;1;0
17515;2;0
17519;3;0
17522;4;0
17526;0;1
17530;0;2
17533;0;0
17537;4;0
17541;0;0
17544;0;0
17548;1;0
17552;2;0
17555;0;3
17559;4;4
17563;3;4
17566;0;0
17570;5;1
17573;0;0
17577;5;2
17581;3;4
17584;7;4
17588;3;0
17592;3;0
17595;4;2
17599;6;0
17603;5;2
17606;7;2
17610;0;0
17614;3;0
17617;3;0
17621;0;0
17625;3;0
17628;0;1
17632;3;2
17635;4;1
17639;6;4
17643;0;0
17646;3;4
17650;4;7
17654;6;0
17657;0;0
17661;3;0
17665;5;1
17690;2;0
17690;6;2
17691;2;0
17693;4;0
17697;3;1
17701;0;0
17704;3;3
17708;2;4
17712;6;2
17715;0;0
17719;2;0
17723;1;0
17726;1;1
17730;0;3
17733;2;4
17737;7;2
17741;8;0
17744;5;2
17748;2;0
17752;7;0
17755;4;3
17759;0;2
17763;3;1
17766;3;1
17770;1;1
17774;6;6
17777;0;2
17781;0;0
17785;0;0
17788;5;5
17792;0;3
17795;7;3
17799;0;0
17803;2;0
17806;5;4
17810;3;0
17814;0;4
17817;3;0
17821;2;0
17825;2;1
17828;10;1
17832;0;5
17836;0;1
17839;5;0
17843;1;2
17846;3;1
17850;2;1
17854;0;0
17857;0;0
17861;4;5
17865;2;0
17868;8;0
17874;4;0
17876;0;4
17879;8;2
17883;1;0
17887;5;3
17890;0;0
17894;5;4
17898;0;2
17901;1;0
17905;8;0
17908;0;0
17912;5;0
17916;3;0
17919;4;4
17923;5;0
17927;2;2
17930;7;2
17934;4;5
17938;0;0
17941;3;0
17945;2;0
17949;0;2
17952;0;1
17956;6;2
17959;3;0
17963;3;4
17967;1;0
17970;10;0
17974;8;0
17978;5;0
17981;0;1
17985;2;0
17989;5;0
17992;3;1
17996;4;2
18000;0;1
18003;1;3
18007;1;0
18011;5;0
18014;2;0
18018;0;0
18021;0;0
18025;0;0
18029;7;2
18032;9;0
18036;3;4
18040;16;0
18043;0;7
18047;5;0
18051;0;2
18054;5;0
18060;0;1
18062;0;0
18065;0;1
18069;4;6
18073;0;0
18076;0;0
18080;4;2
18083;3;4
18087;0;0
18091;0;1
18094;4;0
18098;0;4
18102;8;3
18105;4;1
18109;3;0
18113;3;3
18116;2;2
18120;3;0
18124;1;1
18127;2;5
18131;4;0
18134;4;4
18138;2;0
18142;8;0
18145;1;2
18149;1;4
18153;2;0
18156;2;2
18160;4;2
18164;6;2
18167;2;2
18171;6;0
18175;2;1
18178;2;0
18182;9;18
18186;6;1
18189;0;0
18193;0;0
18196;0;1
18200;4;0
18204;4;0
18207;5;0
18211;0;1
18215;7;1
18218;4;0
18222;1;0
18226;0;0
18229;0;3
18233;7;0
18237;4;0
18240;2;0
18246;2;1
18248;1;0
18251;0;1
18255;0;0
18258;0;3
18262;2;0
18266;2;0
18269;2;2
18273;7;0
18277;2;2
18280;7;8
18284;0;6
18288;7;0
18291;3;0
18295;0;0
18299;2;2
18302;3;3
18306;0;4
18309;17;3
18313;4;4
18317;17;2
18320;0;1
18324;7;0
18328;3;0
18331;0;5
18335;7;4
18339;7;0
18342;7;5
18346;5;2
18350;5;10
18353;2;0
18357;5;4
18361;0;0
18364;7;0
18368;2;0
18371;4;2
18375;4;1
18379;5;0
18382;3;1
18386;5;2
18390;7;0
18393;7;9
18397;8;0
18401;20;3
18404;7;0
18408;3;5
18412;5;1
18415;19;8
18419;1;0
18422;5;0
18428;2;1
18430;0;0
18433;19;2
18437;1;3
18441;8;0
18444;0;0
18448;0;0
18452;18;2
18455;6;0
18459;0;6
18463;5;3
18466;7;0
18470;8;0
18474;18;1
18477;6;0
18481;2;20
18484;2;1
18488;7;0
18492;5;0
18495;7;3
18499;3;0
18503;0;4
18506;0;3
18510;8;1
18514;0;3
18517;0;4
18521;3;2
18525;0;3
18528;1;6
18532;3;1
18535;5;5
18539;0;5
18543;4;2
18546;1;3
18550;4;0
18554;1;0
18557;8;0
18561;0;0
18565;2;1
18568;3;1
18572;8;5
18576;1;1
18579;3;0
18583;1;5
18587;6;2
18590;0;0
18594;6;1
18597;0;1
18601;0;0
18605;3;3
18608;2;0
18614;5;1
18616;8;7
18619;0;8
18623;1;7
18627;0;0
18630;0;3
18634;0;7
18638;6;1
18641;8;8
18645;0;4
18648;17;0
18652;6;6
18656;3;3
18659;1;5
18663;8;6
18667;4;0
18670;0;2
18674;7;0
18678;0;0
18681;7;9
18685;3;0
18689;9;0
18692;0;1
18696;0;0
18700;0;0
18703;3;0
18707;2;2
18710;5;3
18714;7;3
18718;0;0
18721;1;5
18725;4;0
18729;21;2
18732;3;6
18736;1;3
18740;0;0
18743;8;4
18747;0;1
18751;0;2
18754;0;0
18758;6;0
18762;4;0
18765;2;4
18769;2;0
18772;9;1
18776;2;0
18780;19;2
18783;3;1
18787;0;0
18791;0;2
18794;4;2
18800;0;0
18802;0;8
18805;18;0
18809;0;2
18813;0;6
18816;2;0
18820;1;4
18823;2;0
18827;2;1
18831;0;0
18834;1;3
18838;0;3
18842;3;3
18845;4;5
18849;5;2
18853;9;0
18856;0;0
18860;22;0
18864;0;0
18867;0;6
18871;3;2
18875;8;6
18878;0;0
18882;2;0
18885;8;2
18889;5;6
18893;1;0
18896;0;4
18900;0;1
18904;6;5
18907;3;0
18911;0;1
18915;0;4
18918;6;3
18922;1;1
18926;3;0
18929;7;0
18933;0;1
18936;1;2
18940;0;3
18944;1;0
18947;5;3
18951;3;0
18955;8;1
18958;3;0
18962;9;6
18966;0;2
18969;6;0
18973;0;1
18977;8;0
18980;0;4
18986;4;4
18988;0;0
18991;0;0
18995;0;1
18998;1;0
19002;0;0
19006;0;0
19009;0;1
19013;6;1
19017;0;0
19020;1;0
19024;18;0
19028;4;5
19031;2;1
19035;0;3
19039;8;0
19042;6;0
19046;4;9
19049;4;4
19053;0;7
19057;5;0
19060;0;7
19064;6;1
19068;0;0
19071;9;0
19075;2;2
19079;3;0
19082;0;1
19086;0;0
19090;3;1
19093;3;0
19097;1;0
19101;0;0
19104;1;0
19108;0;0
19111;0;2
19115;6;2
19119;8;4
19122;5;0
19126;1;7
19130;0;1
19133;0;1
19137;0;4
19141;5;0
19144;2;0
19148;3;2
19152;3;0
19155;4;0
19159;0;3
19163;5;2
19166;0;0
19172;0;1
19173;1;1
19177;2;4
19181;0;4
19184;0;3
19188;0;0
19192;5;0
19195;2;4
19199;0;2
19203;4;0
19206;0;3
19210;2;0
19214;6;1
19217;0;3
19221;0;8
19224;0;5
19228;4;0
19232;5;3
19235;1;0
19239;6;0
19243;2;1
19246;4;0
19250;0;4
19254;7;3
19257;0;0
19261;0;0
19265;0;0
19268;0;3
19272;1;0
19276;3;0
19279;0;0
19283;3;2
19286;3;1
19290;3;0
19294;0;0
19297;1;5
19301;3;3
19305;4;0
19308;4;5
19312;6;0
19316;6;4
19319;7;0
19323;4;0
19327;0;2
19330;0;0
19334;0;0
19337;1;0
19341;0;0
19345;6;0
19348;2;2
19352;0;0
19358;0;2
19359;0;0
19363;1;0
19367;4;1
19370;2;1
19374;6;1
19378;4;0
19381;0;5
19385;5;0
19389;3;4
19392;2;0
19396;4;0
19399;0;0
19403;5;0
19407;0;1
19410;0;0
19414;0;0
19418;8;0
19421;3;0
19425;5;0
19429;3;2
19432;4;4
19436;1;2
19440;7;0
19443;3;0
19447;0;0
19450;0;5
19454;0;0
19458;1;0
19461;0;0
19465;1;2
19469;0;0
19472;0;2
19476;8;2
19480;0;4
19483;0;0
19487;1;1
19491;0;0
19494;3;2
19498;3;0
19502;1;0
19505;2;1
19509;0;3
19512;2;0
19516;4;0
19520;0;2
19523;0;2
19527;6;5
19531;4;2
19534;6;1
19538;2;0
19542;0;0
19547;1;2
19549;1;2
19553;2;3
19556;5;1
19560;0;0
19564;1;0
19567;5;0
19571;17;0
19574;17;0
19578;2;5
19582;6;3
19585;7;5
19589;0;0
19593;1;0
19596;1;2
19600;1;0
19604;2;0
19607;0;0
19611;6;1
19615;2;0
19618;8;1
19622;0;0
19625;0;0
19629;4;0
19633;4;1
19636;6;1
19640;0;2
19644;2;0
19647;0;2
19651;0;1
19655;2;2
19658;6;0
19662;5;0
19666;2;1
19669;1;0
19673;6;1
19677;0;0
19680;1;0
19684;0;2
19687;3;0
19691;8;0
19695;0;1
19698;2;0
19702;0;0
19706;2;5
19709;4;3
19713;1;0
19717;3;0
19720;0;1
19724;0;3
19728;0;0
19733;4;4
19735;1;0
19738;1;0
19742;9;2
19746;4;2
19749;3;1
19753;0;2
19757;2;0
19760;8;5
19764;1;2
19768;4;2
19771;2;0
19775;4;1
19779;2;3
19782;5;0
19786;5;2
19790;0;6
19793;1;2
19797;2;4
19800;5;2
19804;5;2
19808;0;0
19811;6;3
19815;5;0
19819;2;0
19822;2;0
19826;0;9
19830;1;4
19833;0;1
19837;3;0
19841;0;3
19844;0;2
19848;0;5
19851;4;2
19855;3;6
19859;2;2
19862;3;2
19866;3;3
19870;4;0
19873;6;6
19877;0;0
19881;0;0
19884;5;0
19888;1;8
19892;2;0
19895;4;6
19899;8;0
19903;4;0
19906;4;3
19910;0;0
19913;1;4
19919;10;0
19921;2;0
19924;0;3
19928;4;9
19932;2;0
19935;3;0
19939;7;7
19943;2;0
19946;19;0
19950;5;7
19954;4;2
19957;4;1
19961;9;6
19965;1;2
19968;2;0
19972;0;0
19975;2;0
19979;7;0
19983;0;3
19986;4;0
19990;1;0
19994;0;7
19997;1;0
20001;0;4
20005;1;0
20008;4;0
20012;3;0
20016;1;8
20019;4;0
20023;9;0
20026;6;4
20030;1;0
20034;6;0
20037;7;0
20041;3;2
20045;0;3
20048;3;0
20052;8;0
20056;7;9
20059;3;0
20063;6;0
20067;0;2
20070;0;0
20074;0;0
20078;0;3
20081;0;4
20085;7;6
20088;0;0
20092;0;0
20096;7;0
20099;0;7
20105;4;0
20107;0;7
20110;19;0
20114;3;0
20118;1;2
20121;0;0
20125;4;6
20129;24;0
20132;0;3
20136;5;0
20139;0;2
20143;0;0
20147;6;0
20150;2;0
20154;18;6
20158;0;20
20161;7;9
20165;2;2
20169;8;1
20172;0;0
20176;3;3
20180;0;0
20183;0;0
20187;0;9
20191;21;6
20194;0;5
20198;6;8
20201;2;0
20205;0;0
20209;8;2
20212;18;17
20216;0;0
20220;18;4
20223;0;0
20227;3;0
20231;3;5
20234;6;9
20238;5;6
20242;6;0
20245;0;0
20249;5;0
20252;0;0
20256;0;10
20260;5;0
20263;0;17
20267;0;7
20271;4;0
20274;20;6
20278;9;0
20282;0;1
20287;1;18
20289;6;7
20293;1;0
20296;7;0
20300;4;0
20304;0;2
20307;0;2
20311;18;3
20314;0;0
20318;6;0
20322;4;0
20325;0;0
20329;5;1
20333;0;0
20336;6;2
20340;0;5
20344;4;1
20347;0;3
20351;0;7
20355;5;0
20358;7;0
20362;1;0
20366;9;0
20369;2;1
20373;0;0
20376;3;3
20380;4;3
20384;2;0
20387;19;0
20391;0;8
20395;1;1
20398;1;0
20402;0;0
20406;1;0
20409;7;0
20413;1;4
20417;7;0
20420;2;3
20424;5;0
20427;3;1
20431;19;1
20435;0;0
20438;3;0
20442;0;0
20446;0;0
20449;8;7
20453;0;1
20457;1;2
20460;2;4
20464;4;2
20468;2;0
20473;4;0
20475;3;0
20479;2;4
20482;3;2
20486;7;16
20489;7;4
20493;7;1
20497;3;0
20500;4;6
20504;3;5
20508;2;5
20511;5;2
20515;2;0
20519;8;4
20522;2;7
20526;0;10
20530;0;0
20533;8;0
20537;0;0
20540;6;0
20544;0;0
20548;8;5
20551;2;0
20555;0;3
20559;16;0
20562;2;0
20566;1;0
20570;6;0
20573;8;5
20577;4;2
20581;0;7
20584;5;1
20588;5;0
20592;1;0
20595;0;0
20599;0;1
20602;2;0
20606;3;7
20610;11;2
20613;0;0
20617;18;0
20621;1;0
20624;6;6
20628;2;1
20632;3;2
20635;0;0
20639;0;2
20643;4;9
20646;0;0
20650;18;0
20656;0;3
20657;17;1
20661;2;0
20664;0;0
20668;1;6
20672;16;0
20675;0;0
20679;7;5
20683;0;3
20686;0;0
20690;4;4
20694;1;6
20697;0;2
20701;8;1
20705;0;1
20708;3;0
20712;3;7
20715;2;0
20719;5;0
20723;1;0
20726;1;0
20730;1;2
20734;0;3
20737;0;2
20741;2;1
20745;2;0
20748;0;0
20752;3;8
20756;1;0
20759;2;7
20763;0;4
20767;0;0
20770;5;2
20774;0;1
20777;0;4
20781;3;3
20785;3;0
20788;7;3
20792;0;4
20796;2;0
20799;3;0
20803;1;2
20807;5;0
20810;0;0
20814;7;0
20818;1;0
20821;2;0
20825;2;3
20828;0;7
20832;0;1
20836;3;1
20842;0;4
20843;1;2
20847;0;0
20850;6;0
20854;1;0
20858;1;0
20861;1;0
20865;6;5
20869;6;4
20872;2;0
20876;2;4
20880;4;4
20883;4;1
20887;6;6
20890;1;0
20894;2;18
20898;3;4
20901;8;0
20905;0;0
20909;2;5
20912;0;0
20916;4;0
20920;9;3
20923;4;0
20927;8;0
20931;0;1
20934;4;7
20938;3;0
20941;3;5
20945;16;4
20949;0;4
20952;2;0
20956;1;0
20960;4;0
20963;0;0
20967;5;4
20971;0;0
20974;5;5
20978;4;4
20982;2;4
20985;3;3
20989;2;0
20993;2;1
20996;2;6
21000;5;3
21003;4;1
21007;5;0
21011;2;2
21014;3;2
21018;4;8
21022;0;0
21028;2;0
21029;5;0
21033;6;2
21036;5;1
21040;5;3
21044;2;2
21047;0;3
21051;1;0
21055;3;1
21058;0;4
21062;3;0
21065;1;5
21069;1;1
21073;3;1
21076;2;2
21080;5;8
21084;5;3
21087;0;0
21091;1;8
21095;4;6
21098;7;0
21102;1;5
21106;0;2
21109;5;0
21113;3;0
21116;10;0
21120;0;0
21124;2;3
21127;1;3
21131;0;0
21135;6;6
21138;0;0
21142;5;0
21146;6;0
21149;5;2
21153;0;0
21157;5;2
21160;4;0
21164;0;0
21168;3;2
21171;3;0
21175;4;7
21178;5;0
21182;2;0
21186;2;0
21189;5;1
21193;0;4
21197;2;0
21200;7;0
21204;7;0
21208;4;0
21213;7;6
21215;0;0
21219;5;3
21222;5;0
21226;0;0
21229;16;1
21233;3;0
21237;4;0
21240;2;0
21244;4;2
21248;5;4
21251;5;3
21255;0;0
21259;0;6
21262;0;1
21266;17;0
21270;0;0
21273;7;0
21277;1;3
21281;0;6
21284;9;0
21288;7;3
21291;1;1
21295;0;0
21299;1;0
21302;0;4
21306;0;3
21310;5;2
21313;7;3
21317;0;0
21321;0;1
21324;5;6
21328;0;0
21332;6;1
21335;0;0
21339;4;19
21342;5;0
21346;1;7
21350;4;0
21353;1;0
21357;0;1
21361;0;0
21364;0;0
21368;8;0
21372;0;8
21375;9;1
21379;2;0
21383;0;0
21386;5;0
21390;3;0
21394;9;0
21399;0;0
21401;4;8
21404;8;0
21408;1;5
21412;0;0
21415;0;0
21419;0;4
21423;8;0
21426;4;2
21430;2;4
21434;2;0
21437;0;2
21441;8;0
21445;0;5
21448;1;3
21452;3;6
21456;3;4
21459;5;0
21463;3;0
21466;2;0
21470;2;0
21474;3;0
21477;0;3
21481;6;0
21485;0;6
21488;2;0
21492;0;0
21496;8;0
21499;0;1
21503;0;0
21507;5;0
21510;3;4
21514;5;3
21517;4;3
21521;2;0
21525;4;2
21528;3;3
21532;5;6
21536;18;1
21539;5;5
21543;5;6
21547;3;3
21550;3;0
21554;7;0
21558;7;3
21561;2;2
21565;0;0
21569;5;3
21572;4;0
21576;0;0
21579;3;2
21585;3;0
21587;0;0
21590;6;3
21594;6;1
21598;0;0
21601;1;3
21605;4;0
21609;1;5
21612;1;2
21616;0;0
21620;4;4
21623;0;0
21627;0;1
21630;0;3
21634;4;0
21638;0;1
21641;8;0
21645;0;0
21649;7;2
21652;0;1
21656;0;2
21660;1;0
21663;6;4
21667;6;0
21671;1;0
21674;5;2
21678;0;0
21682;4;1
21685;6;0
21689;1;0
21692;4;0
21696;8;0
21700;3;0
21703;0;0
21707;0;1
21711;0;0
21714;4;3
21718;3;0
21722;2;1
21725;4;0
21729;0;3
21733;1;8
21736;4;4
21740;4;0
21743;2;3
21747;1;2
21751;1;0
21754;3;0
21758;3;0
21762;0;0
21765;7;0
21769;4;18
21775;1;0
21776;7;3
21780;3;6
21784;0;0
21787;0;4
21791;5;8
21795;4;1
21798;3;0
21802;8;0
21805;4;1
21809;0;2
21813;4;0
21816;0;0
21820;3;0
21824;4;0
21827;0;0
21831;1;2
21835;3;2
21838;2;0
21842;3;1
21846;0;0
21849;0;3
21853;8;0
21857;0;2
21860;0;4
21864;0;0
21867;2;2
21871;5;1
21875;0;2
21878;0;3
21882;3;0
21886;2;0
21889;0;0
21893;3;0
21897;0;2
21900;0;0
21904;0;0
21908;0;3
21911;0;2
21915;4;0
21918;0;4
21922;0;0
21926;3;1
21929;6;1
21933;5;1
21937;1;1
21940;4;0
21944;1;0
21948;8;2
21951;0;0
21955;3;4
21961;7;0
21962;5;2
21966;1;3
21970;1;2
21973;2;0
21977;0;0
21980;1;0
21984;7;3
21988;2;4
21991;3;2
21995;0;0
21999;4;6
22002;2;0
22006;0;0
22010;0;3
22013;4;0
22017;4;1
22021;0;5
22024;3;1
22028;4;2
22031;0;0
22035;5;0
22039;4;2
22042;17;4
22046;0;1
22050;0;0
22053;2;0
22057;4;1
22061;0;3
22064;0;0
22068;1;1
22072;0;0
22075;0;0
22079;4;0
22083;3;2
22086;0;4
22090;0;4
22093;1;6
22097;0;4
22101;1;0
22104;1;0
22108;0;2
22112;1;0
22115;0;2
22119;5;0
22123;0;3
22126;0;4
22130;0;0
22134;0;3
22137;2;2
22141;2;5
22147;1;2
22148;0;2
22152;4;5
22155;1;0
22159;1;0
22163;2;2
22166;6;0
22170;7;0
22174;1;1
22177;0;0
22181;4;1
22185;5;2
22188;7;1
22192;1;3
22196;1;0
22199;3;0
22203;3;7
22206;0;0
22210;4;1
22214;2;5
22217;6;3
22221;1;0
22225;4;4
22228;1;4
22232;1;2
22236;0;0
22239;0;1
22243;4;0
22247;0;0
22250;4;0
22254;1;0
22258;3;1
22261;6;1
22265;2;6
22268;6;2
22272;7;0
22276;1;0
22279;3;0
22283;3;0
22287;2;2
22290;4;0
22294;2;1
22298;2;0
22301;3;1
22305;1;0
22309;1;0
22312;0;0
22316;1;0
22319;2;0
22323;5;0
22327;1;1
22333;3;0
22334;2;3
22338;3;0
22341;4;3
22345;0;0
22349;0;1
22352;0;0
22356;4;0
22360;5;2
22363;5;1
22367;1;0
22371;1;0
22374;1;1
22378;2;0
22381;4;0
22385;1;0
22389;3;0
22392;3;0
22396;4;0
22400;2;0
22403;5;0
22407;6;1
22411;4;1
22414;0;2
22418;1;3
22422;2;3
22425;0;4
22429;5;0
22432;0;0
22436;0;0
22440;3;0
22443;2;0
22447;2;4
22451;5;1
22454;5;0
22458;6;0
22462;0;1
22465;2;0
22469;3;0
22473;1;0
22476;0;0
22480;4;0
22484;2;0
22487;0;0
22491;1;0
22494;1;0
22498;2;1
22502;2;6
22505;4;0
22509;5;3
22513;2;0
22519;0;1
22520;0;2
22524;4;2
22527;0;3
22531;0;0
22535;1;8
22538;8;0
22542;0;3
22545;3;0
22549;4;3
22553;1;0
22556;5;0
22560;2;0
22564;5;0
22567;2;0
22571;1;0
22575;1;0
22578;0;0
22582;4;1
22586;0;0
22589;2;0
22593;2;0
22597;0;0
22600;1;2
22604;2;0
22607;0;1
22611;3;1
22615;4;4
22618;4;0
22622;0;0
22626;6;0
22629;0;0
22633;3;0
22637;1;1
22640;3;0
22644;0;0
22648;1;2
22651;1;2
22655;2;0
22659;6;0
22662;0;2
22666;1;1
22669;0;1
22673;1;0
22677;0;0
22680;2;1
22684;3;0
22688;0;1
22691;7;4
22695;1;0
22699;2;1
22705;0;2
22706;0;4
22710;0;2
22713;3;0
22717;4;2
22720;1;0
22724;2;0
22728;6;1
22731;0;0
22735;2;0
22739;1;0
22742;0;0
22746;4;2
22750;0;2
22753;1;0
22757;1;0
22761;0;0
22764;2;3
22768;1;0
22772;2;0
22775;5;4
22779;0;3
22782;2;0
22786;1;5
22790;0;1
22793;5;1
22797;3;0
22801;0;0
22804;0;0
22808;0;1
22812;4;0
22815;1;2
22819;5;0
22823;2;0
22826;3;0
22830;2;0
22833;3;0
22837;3;0
22841;2;3
22844;1;0
22848;0;1
22852;0;4
22855;3;1
22859;3;1
22863;0;0
22866;3;3
22870;0;0
22874;2;2
22877;4;0
22881;0;5
22885;3;2
22888;3;1
22894;1;0
22895;1;1
22899;4;0
22903;2;2
22906;0;0
22910;0;6
22914;2;0
22917;2;3
22921;2;2
22925;2;0
22928;0;4
22932;4;0
22936;4;0
22939;4;0
22943;0;0
22947;0;0
22950;1;0
22954;4;0
22957;0;0
22961;0;0
22965;0;1
22968;1;0
22972;0;1
22976;7;6
22979;1;3
22983;2;0
22987;2;3
22990;3;0
22994;2;1
22998;3;1
23001;3;0
23005;0;2
23008;0;0
23012;4;0
23016;3;0
23019;1;3
23023;1;0
23027;3;1
23030;3;0
23034;8;0
23038;0;3
23041;2;1
23045;0;0
23049;0;0
23052;1;0
23056;0;0
23060;2;1
23063;6;0
23067;2;1
23070;6;4
23074;4;0
23080;0;0
23081;3;0
23085;2;0
23089;3;4
23092;1;0
23096;2;0
23100;2;5
23103;2;0
23107;1;0
23111;3;4
23114;5;0
23118;0;0
23121;1;0
23125;6;0
23129;0;2
23132;0;4
23136;1;0
23140;1;0
23143;2;1
23147;2;0
23151;1;0
23154;2;0
23158;0;0
23162;0;0
23165;1;1
23169;5;0
23173;0;0
23176;3;1
23180;4;1
23183;2;3
23187;1;0
23191;0;0
23194;0;0
23198;1;2
23202;0;1
23205;5;0
23209;1;0
23213;2;0
23216;2;1
23220;4;4
23224;2;3
23227;5;1
23231;0;2
23234;3;0
23238;7;0
23242;4;0
23245;2;0
23249;3;2
23253;9;0
23256;5;2
23260;0;0
23266;1;0
23267;4;1
23271;6;0
23275;4;2
23278;0;6
23282;0;3
23286;3;2
23289;0;0
23293;6;2
23296;1;0
23300;4;0
23304;3;2
23307;0;1
23311;0;0
23315;2;0
23318;0;3
23322;4;2
23326;2;4
23329;2;0
23333;0;0
23337;2;1
23340;3;1
23344;5;0
23348;1;0
23351;2;3
23355;0;0
23358;0;4
23362;3;0
23366;4;0
23369;0;2
23373;2;0
23377;3;0
23380;2;2
23384;7;2
23388;3;1
23391;2;0
23395;2;3
23399;4;0
23402;3;6
23406;2;0
23409;1;0
23413;5;0
23417;1;0
23420;6;0
23424;0;3
23428;0;0
23431;5;0
23435;3;1
23439;4;0
23442;4;0
23446;0;5
23452;1;0
23453;4;3
23457;0;0
23461;3;3
23464;2;0
23468;4;0
23471;1;0
23475;4;3
23479;0;0
23482;7;5
23486;1;3
23490;2;0
23493;3;0
23497;1;0
23501;4;5
23504;0;3
23508;5;0
23512;2;5
23515;2;6
23519;2;5
23522;2;5
23526;1;0
23530;0;1
23533;0;0
23537;4;0
23541;1;0
23544;3;1
23548;0;0
23552;4;1
23555;8;0
23559;3;0
23563;0;1
23566;1;0
23570;4;0
23574;5;0
23577;3;0
23581;1;0
23584;3;0
23588;4;4
23592;3;1
23595;3;0
23599;3;0
23603;0;4
5490;1;0
5490;2;4
5491;0;0
5491;5;1
5493;1;8
5497;0;0
5501;5;2
5504;0;0
5508;4;0
5513;0;3
5515;7;3
5518;0;0
5522;4;0
5525;4;0
5529;2;3
5533;0;0
5536;6;3
5540;2;0
5543;0;0
5547;7;0
5550;0;0
5554;6;0
5558;5;2
5561;2;0
5565;1;0
5568;2;0
5572;1;6
5575;1;0
5579;0;0
5582;2;1
5586;1;0
5590;5;0
5593;4;1
5597;0;0
5600;7;2
5604;5;0
5607;2;0
5611;0;0
5614;7;0
5618;0;0
5622;8;0
5625;0;0
5629;3;2
5632;0;3
5636;1;0
5639;2;2
5643;1;1
5646;2;0
5650;4;0
5654;0;1
5657;3;0
5661;6;1
5664;1;3
5668;0;0
5671;5;0
5675;2;0
5679;4;1
5682;4;0
5686;0;0
5689;2;3
5693;3;1
5696;1;0
5700;2;0
5703;17;0
5707;2;0
5711;2;0
5716;7;0
5718;1;5
5721;1;0
5725;0;0
5728;1;0
5732;0;2
5735;4;3
5739;0;1
5743;0;0
5746;0;1
5750;3;0
5753;2;1
5757;0;3
5760;0;0
5764;0;0
5767;6;6
5771;3;0
5775;2;1
5778;1;0
5782;2;2
5785;4;0
5789;3;0
5792;1;0
5796;1;0
5800;0;0
5803;7;0
5807;0;0
5810;0;2
5814;1;3
5817;2;6
5821;6;1
5824;1;3
5828;1;0
5832;1;1
5835;2;1
5839;2;0
5842;4;3
5846;0;3
5849;2;1
5853;0;0
5856;2;2
5860;1;0
5864;1;0
5867;1;1
5871;0;0
5874;3;0
5878;7;2
5881;3;3
5885;0;0
5888;5;6
5892;2;2
5896;6;2
5899;1;2
5903;4;2
5906;0;2
5910;6;0
5913;2;5
5919;0;0
5921;6;2
5924;2;4
5928;1;0
5931;1;0
5935;1;2
5938;5;0
5942;1;0
5945;0;0
5949;4;4
5953;4;4
5956;0;8
5960;0;0
5963;7;2
5967;0;2
5970;3;1
5974;3;5
5977;0;6
5981;0;2
5985;0;0
5988;2;4
5992;2;0
5995;6;4
5999;5;0
6002;5;0
6006;1;3
6009;8;0
6013;4;3
6017;2;0
6020;4;0
6024;1;0
6027;0;1
6031;0;2
6034;4;4
6038;0;0
6042;0;3
6045;3;3
6049;1;3
6052;3;0
6056;0;3
6059;1;0
6063;5;0
6066;1;2
6070;4;0
6074;2;0
6077;5;3
6081;0;0
6084;0;1
6088;5;0
6091;8;0
6095;4;3
6098;6;1
6102;4;0
6106;1;0
6109;0;3
6113;2;3
6116;5;0
6122;3;0
6123;4;2
6127;0;5
6130;0;0
6134;2;2
6138;0;1
6141;2;0
6145;0;0
6148;0;0
6152;2;0
6155;2;0
6159;4;2
6162;0;0
6166;2;0
6170;0;0
6173;2;7
6177;0;0
6180;4;0
6184;2;0
6187;0;0
6191;0;1
6195;9;7
6198;0;3
6202;0;0
6205;0;0
6209;1;0
6212;0;2
6216;1;1
6219;4;4
6223;6;0
6227;4;3
6230;4;1
6234;4;0
6237;1;2
6241;0;0
6244;5;0
6248;0;0
6251;0;1
6255;0;0
6259;3;0
6262;7;1
6266;0;0
6269;2;3
6273;0;0
6276;1;5
6280;3;1
6283;4;2
6287;0;0
6291;0;3
6294;0;2
6298;1;0
6301;1;0
6305;5;0
6308;5;0
6312;2;0
6316;0;0
6319;2;0
6325;3;0
6326;2;0
6330;7;3
6333;1;1
6337;8;0
6340;0;3
6344;0;0
6348;2;0
6351;2;3
6355;1;0
6358;2;0
6362;5;0
6365;2;5
6369;2;0
6372;2;1
6376;2;1
6380;5;2
6383;5;3
6387;0;2
6390;0;1
6394;5;0
6397;0;5
6401;0;0
6404;0;6
6408;2;3
6412;4;0
6415;1;2
6419;0;0
6422;2;0
6426;1;2
6429;2;3
6433;6;0
6437;1;0
6440;3;1
6444;2;0
6447;5;0
6451;1;0
6454;3;0
6458;0;0
6461;3;0
6465;1;0
6469;2;3
6472;1;0
6476;0;0
6479;0;0
6483;0;7
6486;1;0
6490;8;1
6493;5;0
6497;17;0
6501;6;0
6504;0;0
6508;3;0
6511;2;0
6515;0;1
6518;2;0
6524;1;0
6525;0;0
6529;0;0
6533;3;1
6536;6;0
6540;3;0
6543;0;4
6547;0;0
6550;0;2
6554;0;0
6558;8;3
6561;2;1
6565;0;0
6568;3;0
6572;0;1
6575;7;0
6579;0;0
6582;2;1
6586;0;0
6590;1;0
6593;2;0
6597;0;0
6600;0;4
6604;2;0
6607;0;2
6611;5;0
6614;0;3
6618;3;0
6622;2;0
6625;0;3
6629;2;1
6632;2;2
6636;3;0
6639;0;7
6643;5;0
6646;0;0
6650;0;0
6654;5;0
6657;1;2
6661;6;2
6664;3;0
6668;3;0
6671;5;3
6675;4;2
6679;3;3
6682;6;0
6686;5;0
6689;3;2
6693;4;7
6696;2;0
6700;4;0
6703;3;0
6707;4;1
6711;7;2
6714;0;2
6718;2;0
6721;2;5
6752;0;0
6753;0;3
6753;0;4
6755;5;0
6759;2;3
6763;0;0
6766;9;0
6770;1;7
6773;3;6
6777;1;0
6780;4;0
6784;4;1
6787;1;2
6791;2;0
6795;7;6
6798;3;0
6802;4;6
6805;6;0
6809;0;5
6812;4;0
6816;5;3
6820;1;0
6823;0;0
6827;2;8
6830;0;0
6834;2;3
6837;0;9
6841;2;0
6844;3;0
6848;0;3
6852;0;0
6855;2;3
6859;5;0
6862;0;0
6866;3;0
6869;2;1
6873;0;2
6876;4;0
6880;0;2
6884;0;0
6887;0;5
6891;2;0
6894;18;1
6898;0;1
6901;0;0
6905;0;0
6908;3;0
6912;0;0
6916;0;0
6919;1;3
6923;1;0
6926;0;0
6930;2;0
6933;1;0
6937;2;3
6941;2;4
6944;3;6
6962;3;0
6963;4;0
6963;2;3
6965;0;0
6969;2;0
6973;2;0
6976;0;2
6980;0;1
6983;5;0
6987;8;0
6990;0;2
6994;0;4
6997;3;5
7001;2;6
7005;3;0
7008;3;1
7012;0;0
7015;3;10
7019;4;0
7022;0;2
7026;5;8
7029;0;5
7033;0;3
7037;0;0
7040;2;9
7044;0;1
7047;0;0
7051;2;0
7054;2;2
7058;4;0
7061;1;0
7065;2;0
7069;0;2
7072;5;0
7076;0;0
7079;0;1
7083;4;2
7086;3;8
7090;3;0
7094;2;0
7097;2;0
7101;2;0
7104;0;0
7108;1;0
7111;4;0
7115;0;0
7118;0;0
7122;0;0
7126;3;3
7129;4;0
7133;8;1
7136;0;0
7140;2;0
7143;4;2
7147;4;0
7150;6;0
7154;0;0
7160;0;6
7161;0;6
7165;5;2
7168;2;0
7172;5;0
7175;1;0
7179;0;0
7182;6;1
7186;17;0
7190;5;0
7193;6;0
7197;2;0
7200;0;0
7204;4;1
7207;8;0
7211;2;2
7215;5;5
7218;6;0
7222;4;0
7225;6;0
7229;0;0
7232;5;3
7236;3;2
7239;3;4
7243;0;1
7247;0;0
7250;4;3
7254;0;0
7257;0;0
7261;5;1
7264;6;0
7268;4;0
7271;3;0
7275;4;0
7279;3;0
7282;5;2
7286;2;0
7289;4;2
7293;0;0
7296;0;0
7300;1;5
7303;1;1
7307;1;0
7311;0;4
7314;0;0
7318;1;8
7321;0;0
7325;1;0
7328;9;1
7332;7;5
7336;1;16
7339;0;1
7343;4;0
7346;0;3
7350;2;0
7353;0;0
7357;0;2
7363;3;17
7364;0;2
7368;3;4
7371;4;0
7375;8;3
7378;4;0
7382;7;3
7385;2;0
7389;5;0
7392;2;0
7396;6;0
7400;3;5
7403;8;1
7407;8;0
7410;4;0
7414;4;2
7417;2;3
7421;3;0
7424;16;5
7428;6;5
7432;6;0
7435;0;4
7439;0;4
7442;7;2
7446;5;0
7449;5;0
7453;7;0
7457;3;0
7460;0;0
7464;6;6
7467;6;0
7471;5;2
7474;2;0
7478;3;2
7481;0;0
7485;5;0
7489;7;1
7492;0;0
7496;0;0
7499;0;0
7503;2;0
7506;6;0
7510;1;2
7513;5;0
7517;2;2
7521;7;0
7524;1;0
7528;0;0
7531;2;0
7535;0;1
7538;3;0
7542;0;8
7545;3;0
7549;5;2
7553;2;0
7556;7;0
7562;5;2
7563;2;5
7567;3;0
7570;1;2
7574;5;2
7578;4;0
7581;0;0
7585;0;1
7588;0;0
7592;0;8
7595;2;1
7599;3;0
7602;3;0
7606;2;5
7610;9;5
7613;0;0
7617;3;0
7620;8;0
7624;3;0
7627;4;0
7631;0;1
7634;2;0
7638;2;4
7642;8;0
7645;0;0
7649;1;0
7652;0;0
7656;0;1
7659;0;0
7663;6;0
7666;2;5
7670;0;2
7674;0;1
7677;6;2
7681;0;2
7684;0;0
7688;4;4
7691;4;5
7695;2;0
7699;0;0
7702;6;2
7706;2;10
7709;2;5
7713;2;3
7716;5;0
7720;0;9
7723;3;0
7727;1;0
7731;2;0
7734;3;1
7738;2;0
7741;4;2
7745;7;0
7748;3;0
7752;0;0
7755;0;0
7759;5;0
7765;0;0
7766;1;0
7770;0;0
7773;2;0
7777;2;2
7780;0;2
7784;4;1
7787;0;0
7791;5;2
7795;3;1
7798;3;2
7802;0;1
7805;3;0
7809;2;1
7812;4;0
7816;8;2
7819;3;0
7823;0;2
7827;0;0
7830;3;5
7834;5;0
7837;4;0
7841;2;0
7844;1;0
7848;17;5
7852;5;0
7855;5;1
7859;0;0
7862;6;0
7866;3;0
7869;1;0
7873;1;4
7876;6;1
7880;2;0
7884;1;3
7887;0;0
7891;0;1
7894;6;0
7898;0;0
7901;1;4
7905;6;0
7908;3;5
7912;0;0
7916;3;0
7919;3;0
7923;3;4
7926;2;4
7930;3;4
7933;4;0
7937;2;0
7940;0;3
7944;1;2
7948;5;0
7951;1;0
7955;1;2
7958;3;0
7962;2;0
7968;0;2
7969;3;0
7973;3;0
7976;3;0
7980;0;3
7983;2;2
7987;7;6
7990;2;0
7994;0;0
7997;5;2
8001;3;5
8005;2;0
8008;1;0
8012;4;0
8015;0;0
8019;4;2
8022;3;0
8026;2;0
8029;6;1
8033;1;0
8037;3;1
8040;1;0
8044;6;0
8047;2;0
8051;4;1
8054;2;0
8058;2;2
8061;3;6
8065;1;1
8069;5;1
8072;3;0
8076;8;3
8079;0;0
8083;2;2
8086;1;0
8090;3;0
8094;3;0
8097;5;2
8101;0;1
8104;2;0
8108;3;1
8111;0;2
8115;2;3
8118;5;0
8122;2;1
8126;4;3
8129;4;2
8133;2;0
8136;2;1
8140;3;0
8143;4;1
8147;0;0
8150;0;0
8154;2;3
8158;3;1
8161;0;0
8165;0;0
8171;4;0
8172;2;1
8175;4;0
8179;4;3
8182;0;0
8186;1;3
8190;2;0
8193;4;2
8197;0;0
8200;6;0
8204;0;0
8207;2;0
8211;2;1
8215;0;1
8218;0;1
8222;0;4
8225;3;0
8229;2;0
8232;6;0
8236;0;0
8239;2;0
8243;3;1
8247;0;2
8250;0;0
8254;3;0
8257;8;0
8261;3;1
8264;0;3
8268;7;1
8271;1;0
8275;3;3
8279;0;0
8282;0;0
8286;2;6
8289;4;0
8293;3;5
8296;0;2
8300;9;5
8303;0;2
8307;4;2
8311;3;0
8314;5;0
8318;2;0
8321;3;0
8325;0;2
8328;2;3
8332;0;1
8336;7;0
8339;0;0
8343;6;1
8346;1;0
8350;0;0
8353;0;1
8357;0;1
8360;4;8
8364;0;0
8368;0;3
8373;0;0
8375;3;0
8378;4;3
8382;1;4
8385;4;0
8389;1;2
8392;6;0
8396;0;0
8400;1;1
8403;1;6
8407;0;0
8410;2;3
8414;2;0
8417;0;0
8421;3;0
8424;1;0
8428;0;4
8432;3;0
8435;3;4
8439;0;0
8442;4;1
8446;0;0
8449;3;0
8453;1;2
8456;0;0
8460;1;3
8464;0;0
8467;1;4
8471;0;2
8474;1;0
8478;3;0
8481;4;3
8485;0;0
8489;4;2
8492;2;3
8496;2;0
8499;2;0
8503;1;2
8506;1;3
8510;0;2
8513;2;1
8517;3;0
8521;0;2
8524;0;5
8528;4;0
8531;0;0
8535;1;2
8538;6;0
8542;6;0
8545;0;2
8549;7;0
8553;0;2
8556;0;2
8560;0;1
8563;0;0
8567;2;2
8573;2;0
8574;4;4
8577;4;1
8581;4;1
8585;4;0
8588;2;4
8592;0;3
8595;0;1
8599;2;0
8602;0;0
8606;1;1
8610;2;0
8613;0;0
8617;0;0
8620;4;0
8624;7;2
8627;2;2
8631;3;0
8634;5;0
8638;2;2
8642;2;1
8645;2;1
8649;1;0
8652;2;2
8656;1;1
8659;4;1
8663;7;0
8666;0;0
8670;1;0
8674;1;3
8677;5;0
8681;5;0
8684;4;0
8688;2;0
8691;0;3
8695;0;0
8698;2;0
8702;1;0
8706;2;0
8709;0;1
8713;3;1
8716;0;3
8720;0;0
8723;4;2
8727;1;0
8731;2;0
8734;3;0
8738;3;0
8741;4;0
8745;3;0
8748;1;0
8752;2;2
8755;6;0
8759;0;2
8763;2;2
8766;0;3
8770;0;2
8776;5;1
8777;7;0
8780;4;0
8784;2;1
8787;1;0
8791;3;0
8795;1;3
8798;1;1
8802;0;2
8805;3;0
8809;5;1
8812;0;0
8816;2;0
8819;2;2
8823;2;0
8827;0;3
8830;4;0
8834;0;0
8837;2;1
8841;5;1
8844;1;1
8848;3;1
8852;0;3
8855;1;3
8859;0;0
8862;2;2
8866;4;0
8869;2;1
8873;2;0
8876;2;0
8880;6;2
8884;0;0
8887;7;2
8891;1;0
8894;1;0
8898;5;3
8901;4;0
8905;4;0
8908;7;0
8912;2;3
8916;0;0
8919;0;1
8923;4;2
8926;2;0
8930;0;1
8933;3;2
8937;5;0
8940;4;0
8944;3;0
8948;1;2
8951;0;5
8955;1;2
8958;0;0
8962;1;0
8965;1;0
8969;1;0
8973;1;2
8979;2;2
8980;5;1
8983;0;0
8987;5;6
8990;1;0
8994;5;0
8997;4;1
9001;4;5
9005;16;0
9008;3;1
9012;9;4
9015;1;0
9019;2;4
9022;0;0
9026;0;0
9029;1;0
9033;1;4
9037;2;2
9040;0;0
9044;0;0
9047;9;3
9051;3;0
9054;0;1
9058;0;0
9061;1;1
9065;4;1
9069;7;0
9072;0;3
9076;5;0
9079;3;0
9083;4;0
9086;6;0
9090;5;0
9094;7;1
9097;6;4
9101;4;0
9104;6;0
9108;0;3
9111;6;4
9115;2;1
9118;0;0
9122;6;1
9126;2;0
9129;1;2
9133;0;0
9136;4;0
9140;4;1
9143;2;1
9147;5;0
9150;0;0
9154;0;0
9158;0;1
9161;0;0
9165;3;3
9168;1;1
9172;0;0
9175;6;0
9181;1;2
9182;0;3
9186;0;0
9190;5;0
9193;1;0
9197;5;4
9200;6;1
9204;1;1
9207;8;5
9211;1;2
9214;0;0
9218;5;0
9222;3;0
9225;7;2
9229;6;4
9232;3;1
9236;1;0
9239;0;1
9243;5;0
9247;3;1
9250;7;0
9254;0;1
9257;0;2
9261;2;0
9264;0;0
9268;3;2
9271;5;0
9275;0;0
9279;0;5
9282;0;4
9286;0;0
9289;7;0
9293;6;5
9296;2;0
9300;2;0
9303;0;1
9307;6;0
9311;1;2
9314;2;6
9318;4;0
9321;1;6
9325;2;4
9328;2;4
9332;0;0
9335;0;0
9339;4;0
9343;1;1
9346;4;0
9350;0;0
9353;4;0
9357;4;3
9360;1;2
9364;6;0
9368;0;0
9371;0;3
9375;0;0
9378;3;0
9384;2;2
9385;0;0
9389;0;2
9392;2;1
9396;0;0
9400;0;2
9403;2;0
9407;3;1
9410;0;2
9414;1;0
9417;0;3
9421;2;1
9424;0;0
9428;0;0
9432;5;0
9435;4;0
9439;0;5
9442;2;0
9446;0;2
9449;0;0
9453;0;1
9456;4;0
9460;0;0
9464;0;2
9467;0;2
9471;8;0
9474;2;0
9478;8;0
9481;1;5
9485;6;2
9489;0;0
9492;0;2
9496;0;2
9499;1;0
9503;4;0
9506;0;0
9510;3;0
9513;0;1
9517;2;0
9521;2;3
9524;4;0
9528;2;2
9531;4;0
9535;4;1
9538;2;0
9542;6;2
9545;0;3
9549;3;5
9553;1;0
9556;5;2
9560;0;0
9563;1;0
9567;1;0
9570;1;0
9574;1;0
9577;5;0
9581;1;0
9587;0;4
9588;4;1
9592;0;0
9595;3;2
9599;4;0
9602;3;1
9606;3;0
9610;0;2
9613;0;0
9617;1;1
9620;0;1
9624;0;0
9627;4;3
9631;2;0
9634;3;3
9638;2;0
9642;2;5
9645;0;0
9649;3;0
9652;3;1
9656;2;2
9659;3;1
9663;0;1
9666;2;3
9670;3;0
9674;4;1
9677;0;0
9681;1;1
9684;4;0
9688;4;1
9691;18;0
9695;3;1
9698;1;0
9702;2;0
9706;3;3
9709;8;3
9713;0;0
9716;6;1
9720;5;0
9723;7;7
9727;1;0
9731;0;2
9734;2;0
9738;0;1
9741;1;1
9745;2;0
9748;3;0
9752;0;1
9756;2;0
9759;6;0
9763;0;0
9766;5;1
9770;0;2
9774;1;1
9777;0;0
9781;0;0
9785;0;1
9791;6;0
9792;6;1
9796;2;0
9799;4;0
9803;0;1
9807;0;2
9810;0;2
9814;3;4
9817;0;0
9821;4;0
9825;17;0
9828;0;0
9832;7;0
9836;7;0
9839;3;0
9843;0;0
9847;1;0
9850;1;3
9854;5;1
9858;0;2
9861;2;0
9865;8;0
9869;8;0
9872;0;0
9876;3;0
9879;0;3
9883;2;6
9887;4;3
9890;0;0
9894;1;0
9898;6;0
9901;0;0
9905;0;0
9909;4;0
9912;6;3
9916;0;5
9920;3;1
9923;2;0
9927;1;5
9930;2;3
9934;3;2
9938;2;2
9941;0;1
9945;1;6
9949;4;0
9952;7;0
9956;0;0
9960;1;1
9963;1;0
9967;3;0
9971;0;0
9974;1;2
9978;2;0
9982;0;2
9985;2;0
9989;2;0
9995;1;0
9996;0;2
10000;0;0
10003;4;5
10007;1;2
10011;6;0
10014;0;2
10018;0;0
10022;4;3
10025;0;1
10029;0;0
10033;5;0
10036;1;0
10040;4;2
10043;3;0
10047;0;0
10051;2;2
10054;3;4
10058;0;3
10062;0;0
10065;0;1
10069;3;0
10073;0;1
10076;4;1
10080;7;0
10084;0;0
10087;3;4
10091;0;2
10095;3;4
10098;2;3
10102;4;0
10105;0;0
10109;6;0
10113;0;1
10116;1;7
10120;6;2
10124;2;0
10127;3;3
10131;4;0
10135;0;3
10138;2;2
10142;4;2
10146;0;0
10149;3;5
10153;1;2
10157;0;1
10160;1;4
10164;2;2
10167;0;0
10171;2;0
10175;3;2
10178;4;3
10184;0;0
10186;2;5
10189;5;0
10193;6;0
10197;8;1
10200;3;1
10204;1;0
10208;3;1
10211;2;2
10215;3;2
10218;3;0
10222;1;0
10226;0;1
10229;2;0
10233;2;1
10237;5;0
10240;0;0
10244;5;0
10248;1;3
10251;2;0
10255;5;1
10259;1;3
10262;3;4
10266;0;0
10270;2;1
10273;1;0
10277;5;2
10280;3;2
10284;1;0
10288;4;0
10291;3;0
10295;3;0
10299;5;0
10302;1;0
10306;5;0
10310;4;0
10313;0;3
10317;3;0
10321;0;2
10324;6;0
10328;0;0
10331;3;0
10335;0;0
10339;1;4
10342;1;2
10346;0;0
10350;3;0
10353;1;2
10357;0;0
10361;4;0
10364;1;2
10370;4;0
10372;1;0
10375;3;0
10379;2;2
10383;1;3
10386;2;2
10390;4;0
10393;1;0
10397;0;4
10401;4;0
10404;0;0
10408;3;0
10412;3;0
10415;7;2
10419;3;1
10423;3;2
10426;2;1
10430;3;0
10434;4;0
10437;0;2
10441;2;0
10444;2;0
10448;5;1
10452;0;4
10455;5;4
10459;5;3
10463;6;0
10466;5;0
10470;2;1
10474;0;0
10477;2;2
10481;5;0
10485;4;0
10488;0;0
10492;0;0
10496;0;0
10499;0;0
10503;5;4
10506;5;5
10510;3;0
10514;0;4
10517;2;5
10521;1;0
10525;3;0
10528;0;0
10532;0;5
10536;3;5
10539;0;3
10543;1;2
10547;0;1
10550;4;6
10556;6;2
10558;0;0
10561;0;2
10565;2;0
10568;0;7
10572;1;0
10576;0;2
10579;7;1
10583;7;0
10587;2;0
10590;3;1
10594;4;6
10598;4;0
10601;0;2
10605;1;4
10609;3;0
10612;0;4
10616;3;1
10619;4;0
10623;3;0
10627;1;2
10630;0;0
10634;7;3
10638;4;0
10641;2;0
10645;3;1
10649;5;2
10652;2;0
10656;0;1
10660;2;0
10663;3;0
10667;1;3
10671;2;4
10674;2;1
10678;3;1
10681;0;3
10685;0;0
10689;0;4
10692;6;3
10696;2;5
10700;6;2
10703;0;2
10707;1;1
10711;8;0
10714;5;2
10718;4;5
10722;0;0
10725;0;0
10729;0;3
10732;4;0
10736;2;1
10742;4;0
10743;7;0
10747;0;0
10751;2;7
10754;4;3
10758;3;1
10762;2;0
10765;1;0
10769;0;4
10773;1;6
10776;4;3
10780;16;4
10784;3;2
10787;0;0
10791;0;0
10794;1;0
10798;0;6
10802;0;0
10805;2;1
10809;2;0
10813;0;2
10816;0;0
10820;6;0
10824;1;0
10827;0;1
10831;0;2
10835;0;3
10838;3;0
10842;0;0
10845;0;0
10849;2;0
10853;1;3
10856;5;0
10860;2;0
10864;0;4
10867;4;0
10871;4;3
10875;1;3
10878;5;0
10882;2;0
10886;0;3
10889;0;0
10893;2;1
10897;4;0
10900;2;1
10904;4;0
10907;4;1
10911;2;2
10915;2;0
10918;6;0
10922;2;1
10928;6;0
10929;4;0
10933;3;0
10937;4;2
10940;3;3
10944;5;1
10948;1;8
10951;2;2
10955;1;0
10959;2;2
10962;8;0
10966;0;1
10969;5;6
10973;0;0
10977;3;2
10980;1;4
10984;0;1
10988;1;0
10991;6;2
10995;3;1
10999;4;0
11002;3;1
11006;0;0
11010;2;3
11013;4;0
11017;0;0
11020;3;0
11024;6;3
11028;0;4
11031;0;4
11035;2;5
11039;0;0
11042;0;0
11046;3;1
11050;3;2
11053;4;2
11057;2;0
11061;1;1
11064;2;2
11068;7;2
11072;3;5
11075;3;0
11079;1;0
11082;2;0
11086;0;0
11090;0;0
11093;2;4
11097;0;0
11101;1;0
11104;0;1
11108;1;2
11112;0;2
11118;0;0
11119;2;0
11123;1;3
11126;1;0
11130;5;5
11133;7;5
11137;3;3
11141;3;0
11144;5;1
11148;0;0
11152;2;0
11155;0;3
11159;0;0
11163;3;0
11166;5;1
11170;2;0
11174;0;0
11177;3;1
11181;3;1
11185;2;0
11188;3;1
11192;7;6
11195;1;1
11199;3;1
11203;3;3
11206;3;0
11210;2;1
11214;0;1
11217;2;3
11221;0;0
11225;3;1
11228;3;2
11232;0;0
11236;5;0
11239;3;2
11243;4;3
11246;2;2
11250;1;2
11254;1;0
11257;2;0
11261;3;1
11265;1;0
11268;3;0
11272;1;2
11276;4;0
11279;1;1
11283;0;0
11287;3;2
11290;2;1
11294;4;2
11298;0;0
11326;4;0
11327;1;0
11327;0;0
11330;2;0
11333;0;1
11337;1;1
11341;5;4
11344;2;0
11348;4;2
11352;4;2
11355;3;0
11359;2;0
11363;1;2
11366;2;2
11370;0;2
11374;4;0
11377;5;1
11381;6;0
11384;1;0
11388;0;0
11392;0;0
11395;0;1
11399;1;1
11403;2;0
11406;0;0
11410;1;1
11414;0;0
11417;2;0
11421;0;0
11425;2;3
11428;0;5
11432;1;2
11436;0;0
11439;4;0
11443;0;4
11446;0;2
11450;1;1
11454;1;0
11457;1;1
11461;5;3
11465;4;1
11468;1;0
11472;5;0
11476;2;0
11479;4;3
11483;5;1
11487;3;1
11490;4;0
11494;0;0
11497;0;4
11501;2;2
11507;4;0
11508;6;3
11512;4;0
11516;4;0
11519;2;0
11523;3;4
11527;2;3
11530;2;2
11534;6;1
11538;7;0
11541;2;0
11545;0;2
11549;1;0
11552;4;0
11556;2;0
11559;4;0
11563;2;2
11567;4;3
11570;4;1
11574;1;1
11578;2;1
11581;2;0
11585;3;0
11589;0;0
11592;1;1
11596;2;0
11600;2;3
11603;0;1
11607;2;1
11610;2;4
11614;4;1
11618;2;0
11621;3;0
11625;4;3
11629;1;2
11632;0;1
11636;0;1
11640;0;0
11643;0;2
11647;4;0
11651;0;1
11654;1;3
11658;2;0
11662;4;0
11665;3;0
11669;4;0
11672;2;4
11676;0;0
11680;7;2
11683;3;3
11687;1;2
11693;1;0
11694;1;1
11698;3;3
11702;0;0
11705;4;0
11709;1;0
11713;3;1
11716;2;0
11720;1;0
11724;2;0
11727;3;0
11731;4;0
11734;0;0
11738;2;1
11742;6;5
11745;1;0
11749;2;4
11753;2;4
11756;5;0
11760;4;0
11764;3;2
11767;0;0
11771;4;3
11775;2;5
11778;5;2
11782;5;0
11785;8;0
11789;0;0
11793;3;4
11796;1;1
11800;1;0
11804;2;4
11807;0;0
11811;1;0
11815;3;0
11818;4;0
11822;3;0
11826;2;0
11829;1;6
11833;2;0
11837;3;2
11840;6;0
11844;1;3
11847;5;2
11851;1;4
11855;4;4
11858;7;0
11862;1;0
11866;6;2
11869;4;3
11873;0;4
11879;4;0
11880;6;4
11884;6;0
11888;8;0
11891;0;0
11895;2;0
11898;4;0
11902;5;0
11906;0;0
11909;2;0
11913;0;0
11917;0;4
11920;4;0
11924;4;0
11928;1;0
11931;1;0
11935;6;0
11939;3;2
11942;4;4
11946;1;0
11950;2;0
11953;7;4
11957;1;0
11960;1;0
11964;1;1
11968;1;2
11971;2;1
11975;2;0
11979;2;0
11982;3;1
11986;2;3
11990;6;5
11993;0;4
11997;0;3
12001;0;0
12004;0;2
12008;0;6
12011;0;3
12015;1;1
12019;5;5
12022;2;2
12026;0;3
12030;0;0
12033;0;1
12037;1;0
12041;1;0
12044;5;0
12048;2;1
12052;4;0
12055;4;4
12059;0;3
12063;6;0
12068;0;0
12070;2;0
12073;0;0
12077;2;0
12081;1;0
12084;4;0
12088;4;0
12092;1;0
12095;4;0
12099;4;0
12103;0;0
12106;1;2
12110;0;0
12114;2;0
12117;2;1
12121;1;0
12125;5;0
12128;3;2
12132;4;0
12135;0;0
12139;5;0
12143;0;2
12146;5;0
12150;2;0
12154;2;0
12157;2;0
12161;0;0
12165;4;0
12168;5;1
12172;0;1
12176;0;6
12179;0;5
12183;4;0
12186;0;0
12190;0;0
12194;0;0
12197;2;0
12201;1;0
12205;0;2
12208;0;0
12212;0;0
12216;4;0
12219;1;0
12223;5;1
12227;0;2
12230;1;1
12234;4;4
12238;0;0
12241;0;0
12245;4;0
12248;0;0
12254;0;0
12256;3;0
12259;2;0
12263;0;0
12267;3;3
12270;2;0
12274;1;0
12278;1;0
12281;2;0
12285;0;0
12289;0;3
12292;0;1
12296;6;1
12299;5;2
12303;0;5
12307;2;0
12310;1;2
12314;5;0
12318;7;0
12321;6;0
12325;0;0
12329;1;2
12332;0;0
12336;1;5
12340;0;2
12343;0;3
12347;1;1
12351;1;0
12354;1;0
12358;3;0
12361;5;0
12365;0;1
12369;1;0
12372;2;0
12376;1;4
12380;0;0
12383;2;0
12387;2;0
12391;0;0
12394;0;0
12398;8;0
12402;8;7
12405;2;1
12409;2;1
12412;6;0
12416;6;0
12420;1;2
12423;4;0
12427;5;0
12431;3;0
12434;4;0
12440;0;0
12442;6;0
12445;1;0
12449;0;0
12453;0;0
12456;1;5
12460;0;6
12464;5;1
12467;5;0
12471;5;0
12474;2;0
12478;6;0
12482;3;2
12485;3;0
12489;0;0
12493;5;0
12496;2;2
12500;0;5
12504;6;5
12507;1;1
12511;9;4
12515;1;0
12518;0;4
12522;4;0
12526;7;0
12529;4;3
12533;0;0
12536;0;1
12540;2;2
12544;2;5
12547;4;4
12551;7;0
12555;6;0
12558;1;2
12562;5;2
12566;2;4
12569;4;0
12573;5;3
12577;3;2
12580;4;1
12584;0;0
12587;5;0
12591;5;0
12595;1;0
12598;0;5
12602;3;0
12606;0;0
12609;1;1
12613;2;1
12617;2;2
12620;4;2
12626;2;0
12628;3;0
12631;1;3
12635;0;1
12639;2;3
12642;7;1
12646;5;3
12649;1;0
12653;5;0
12657;3;2
12660;16;0
12664;5;0
12668;5;0
12671;7;0
12675;1;0
12679;1;2
12682;3;2
12686;8;5
12690;6;4
12693;0;7
12697;3;0
12700;2;0
12704;1;2
12708;1;0
12711;6;0
12715;3;1
12719;0;0
12722;0;0
12726;1;1
12730;1;1
12733;1;0
12737;7;0
12741;2;2
12744;0;2
12748;2;2
12752;3;1
12755;1;0
12759;3;2
12762;0;0
12766;5;3
12770;6;0
12773;3;1
12777;1;0
12781;8;0
12784;1;4
12788;1;1
12792;2;6
12795;0;0
12799;5;1
12803;3;0
12806;3;1
12812;0;1
12814;5;0
12817;0;0
12821;3;2
12824;0;0
12828;1;0
12832;4;3
12835;0;3
12839;2;2
12843;6;0
12846;0;5
12850;0;1
12854;1;0
12857;0;2
12861;0;0
12865;1;0
12868;0;0
12872;9;3
12875;0;1
12879;0;0
12883;5;2
12886;5;5
12890;4;0
12894;5;1
12897;0;0
12901;4;3
12905;5;0
12908;0;0
12912;2;0
12916;0;0
12919;4;0
12923;4;0
12927;2;1
12930;5;0
12934;0;0
12937;5;2
12941;4;0
12945;2;1
12948;0;5
12952;2;1
12956;3;2
12959;4;2
12963;2;0
12967;0;2
12970;4;1
12974;0;2
12978;0;0
12981;4;5
12985;4;4
12988;3;2
12992;4;0
12996;4;0
13002;4;1
13003;2;3
13007;2;5
13010;9;1
13014;2;0
13018;5;1
13021;5;0
13025;5;0
13029;7;0
13032;4;0
13036;2;0
13040;0;0
13043;0;0
13047;2;2
13050;3;0
13054;2;0
13058;0;0
13061;1;0
13065;7;1
13069;1;0
13072;0;1
13076;3;0
13080;1;1
13083;5;5
13087;2;0
13091;4;1
13094;2;0
13098;0;0
13101;0;0
13105;4;0
13109;3;0
13112;1;0
13116;6;1
13120;5;0
13123;3;1
13127;0;0
13131;0;2
13134;3;1
13138;1;0
13142;5;0
13145;0;5
13149;5;0
13153;0;2
13156;4;0
13160;0;0
13163;5;0
13167;0;0
13171;7;0
13174;0;0
13178;1;4
13182;2;0
13187;0;0
13189;5;0
13193;1;3
13196;1;0
13200;5;1
13204;0;2
13207;0;4
13211;18;0
13214;0;0
13218;3;0
13222;0;1
13225;2;1
13229;0;2
13233;1;0
13236;0;0
13240;0;0
13244;4;0
13247;0;0
13251;4;1
13255;1;0
13258;1;4
13262;5;2
13266;2;0
13269;0;0
13273;7;0
13276;0;3
13280;3;0
13284;2;2
13287;0;0
13291;2;0
13295;1;0
13298;4;0
13302;3;1
13306;3;0
13309;0;3
13313;7;1
13317;4;0
13320;3;0
13324;3;0
13328;6;0
13331;2;0
13335;0;0
13338;0;2
13342;0;3
13346;4;2
13349;4;1
13353;4;1
13357;4;3
13360;2;1
13364;3;6
13368;2;0
13374;5;3
13375;5;1
13379;0;1
13382;0;0
13386;3;1
13389;6;0
13393;0;2
13397;3;1
13400;5;2
13404;1;0
13408;0;0
13411;7;1
13415;3;2
13419;4;0
13422;0;0
13426;0;2
13430;3;1
13433;1;0
13437;2;3
13441;4;1
13444;2;0
13448;3;0
13451;8;0
13455;3;0
13459;3;0
13462;0;0
13466;5;0
13470;3;0
13473;3;0
13477;6;0
13481;4;2
13484;1;0
13488;1;0
13492;0;0
13495;1;2
13499;6;6
13502;4;0
13506;2;1
13510;2;0
13513;1;0
13517;2;0
13521;0;4
13524;2;0
13528;0;0
13532;0;1
13535;3;1
13539;2;1
13543;1;0
13546;7;0
13550;0;0
13554;5;2
13559;0;3
13561;2;0
13564;3;0
13568;4;2
13572;0;4
13575;5;0
13579;0;0
13583;4;2
13586;4;4
13590;3;2
13594;4;2
13597;0;0
13601;2;0
13605;4;0
13608;8;1
13612;1;2
13615;0;2
13619;4;1
13623;4;3
13626;3;0
13630;1;0
13634;1;2
13637;0;0
13641;1;0
13645;2;0
13648;0;0
13652;0;0
13656;3;1
13659;4;2
13663;1;0
13667;3;0
13670;1;0
13674;5;1
13677;2;1
13681;0;1
13685;4;0
13688;3;1
13692;3;2
13696;1;1
13699;0;0
13703;0;0
13707;2;0
13710;2;1
13714;3;0
13718;5;2
13721;1;3
13725;5;1
13729;1;0
13732;1;0
13736;8;2
13739;0;5
13745;7;1
13747;5;0
13750;0;2
13754;5;2
13758;1;2
13761;2;0
13765;0;0
13769;3;0
13772;2;2
13776;3;0
13780;2;2
13783;3;0
13787;2;1
13790;3;1
13794;2;5
13798;1;2
13801;4;0
13805;3;3
13809;4;0
13812;0;4
13816;0;0
13820;4;1
13823;4;0
13827;0;0
13831;2;0
13834;5;2
13838;1;0
13842;0;0
13845;0;0
13849;1;0
13852;0;0
13856;0;0
13860;1;0
13863;2;0
13867;0;0
13871;0;1
13874;6;5
13878;1;1
13882;1;2
13885;0;2
13889;1;1
13893;0;0
13896;0;2
13900;5;0
13903;0;0
13907;6;1
13911;2;0
13914;1;2
13918;2;0
13922;0;1
13925;2;0
13931;3;1
13933;4;3
13936;2;0
13940;4;0
13944;7;0
13947;2;2
13951;1;1
13955;1;5
13958;4;0
13962;4;1
13965;2;2
13969;6;1
13973;0;0
13976;0;0
13980;2;2
13984;5;0
13987;5;2
13991;3;3
13995;0;3
13998;2;0
14002;2;2
14006;2;1
14009;9;2
14013;4;0
14017;4;0
14020;1;1
14024;6;3
14027;7;3
14031;1;0
14035;3;0
14038;0;1
14042;1;0
14046;4;3
14049;1;4
14053;7;0
14057;3;0
14060;3;3
14064;4;3
14068;2;3
14071;1;0
14075;1;4
14078;2;0
14082;2;1
14086;3;0
14089;5;0
14093;3;0
14097;2;2
14100;0;0
14104;1;0
14108;0;0
14111;0;1
14115;1;0
14121;2;0
14122;3;0
14126;2;0
14130;0;0
14133;2;2
14137;0;0
14140;3;0
14144;2;1
14148;4;1
14151;3;2
14155;2;0
14159;2;3
14162;3;0
14166;2;4
14170;4;1
14173;3;1
14177;2;0
14181;4;0
14184;0;3
14188;3;0
14191;3;0
14195;2;0
14199;2;1
14202;0;2
14206;0;0
14210;6;0
14213;4;0
14217;3;2
14221;2;0
14224;6;1
14228;2;0
14232;0;0
14235;1;2
14239;0;2
14243;3;0
14246;0;0
14250;0;0
14253;0;0
14257;3;4
14261;1;0
14264;4;0
14268;0;1
14272;2;2
14275;0;0
14279;0;0
14283;2;0
14286;3;0
14290;1;5
14294;0;2
14297;0;0
14301;2;7
14307;2;0
14308;1;1
14312;5;0
14315;7;3
14319;2;0
14323;2;4
14326;2;0
14330;2;1
14334;0;1
14337;8;2
14341;3;0
14345;0;3
14348;0;2
14352;4;0
14356;6;0
14359;1;0
14363;0;0
14366;2;3
14370;5;0
14374;4;2
14377;2;5
14381;4;2
14385;0;0
14388;1;1
14392;2;2
14396;1;0
14399;3;2
14403;0;0
14407;3;1
14410;7;4
14414;0;2
14418;0;1
14421;1;2
14425;2;3
14428;0;0
14432;4;0
14436;0;0
14439;0;3
14443;4;1
14447;3;0
14450;4;1
14454;2;0
14458;0;0
14461;0;0
14465;3;3
14469;4;2
14472;2;1
14476;6;3
14479;1;0
14483;1;1
14487;7;0
14493;4;0
14494;2;3
14498;3;0
14501;3;0
14505;0;3
14509;5;2
14512;5;0
14516;3;3
14520;0;0
14523;0;2
14527;0;1
14531;4;2
14534;2;0
14538;5;0
14541;2;0
14545;5;0
14549;0;0
14552;3;2
14556;2;1
14560;3;0
14563;0;2
14567;1;0
14571;2;0
14574;3;0
14578;0;2
14582;2;0
14585;2;0
14589;0;1
14592;5;1
14596;0;3
14600;2;4
14603;2;1
14607;2;0
14611;0;2
14614;1;0
14618;4;0
14622;6;0
14625;3;3
14629;3;3
14633;0;4
14636;1;2
14640;1;0
14644;3;0
14647;1;0
14651;1;1
14654;1;1
14658;6;0
14662;0;3
14665;1;1
14669;2;0
14673;0;0
14679;0;0
14680;4;2
14684;1;0
14687;3;0
14691;4;0
14695;1;0
14698;3;0
14702;0;0
14705;5;0
14709;3;0
14713;4;0
14716;6;2
14720;3;0
14724;2;1
14727;1;2
14731;2;2
14735;3;0
14738;6;2
14742;3;0
14746;5;0
14749;4;0
14753;1;0
14757;7;0
14760;6;0
14764;5;0
14767;3;0
14771;7;2
14775;5;0
14778;0;0
14782;3;0
14786;4;0
14789;2;1
14793;4;0
14797;5;6
14800;3;0
14804;1;0
14808;1;5
14811;7;1
14815;6;0
14819;2;2
14822;1;0
14826;0;1
14829;3;1
14833;8;1
14837;2;1
14840;2;7
14844;5;1
14848;0;4
14851;2;0
14855;0;3
14859;3;0
14865;4;4
14866;6;0
14870;3;0
14873;4;5
14877;6;3
14880;0;3
14884;3;2
14888;0;4
14891;6;1
14895;3;0
14899;3;0
14902;0;0
14906;1;0
14910;3;0
14913;0;3
14917;2;0
14921;6;3
14924;0;1
14928;2;3
14932;5;0
14935;3;4
14939;5;0
14942;3;2
14946;6;0
14950;3;2
14953;1;5
14957;6;0
14961;7;1
14964;6;0
14968;4;1
14972;1;0
14975;2;0
14979;3;0
14983;2;0
14986;1;0
14990;2;0
14993;5;6
14997;0;1
15001;0;0
15004;1;0
15008;1;0
15012;0;2
15015;0;3
15019;3;1
15023;4;1
15026;5;1
15030;9;0
15034;2;1
15037;3;2
15041;4;2
15045;2;1
15048;0;3
15054;7;1
15055;3;2
15059;2;0
15063;3;2
15066;6;2
15070;1;1
15074;4;3
15077;3;0
15081;3;2
15085;0;1
15088;8;0
15092;0;0
15096;0;0
15099;1;1
15103;3;1
15106;0;0
15110;2;6
15114;3;2
15117;3;0
15121;6;1
15125;7;0
15128;3;4
15132;4;0
15136;1;0
15139;0;1
15143;0;0
15147;6;2
15150;8;1
15154;3;3
15158;6;0
15161;0;0
15165;3;0
15168;0;1
15172;2;1
15176;0;0
15179;7;0
15183;6;4
15187;0;2
15190;2;6
15194;1;4
15198;3;0
15201;3;0
15205;2;0
15209;8;4
15212;2;0
15216;0;1
15220;0;1
15223;2;2
15227;3;2
15230;3;2
15234;0;2
15240;1;2
15241;0;0
15245;2;0
15249;2;0
15252;2;0
15256;0;5
15260;1;0
15263;3;0
15267;4;4
15271;2;1
15274;8;1
15278;3;0
15281;4;0
15285;1;0
15289;0;0
15292;3;0
15296;4;3
15300;2;6
15303;5;1
15307;0;2
15311;1;0
15314;3;0
15318;3;4
15322;5;1
15325;5;1
15329;0;0
15333;0;1
15336;0;1
15340;1;1
15343;6;2
15347;2;0
15351;3;2
15354;6;0
15358;0;0
15362;2;2
15365;3;1
15369;3;0
15373;1;5
15376;5;5
15380;5;2
15384;2;3
15387;3;0
15391;0;2
15394;2;0
15398;3;4
15402;5;0
15405;5;0
15409;3;0
15413;0;1
15416;2;2
15420;4;5
15426;1;2
15427;5;0
15431;0;1
15435;1;2
15438;4;4
15442;4;1
15446;0;0
15449;1;4
15453;0;5
15456;1;0
15460;0;0
15464;2;3
15467;4;0
15471;0;2
15475;0;1
15478;1;0
15482;0;0
15486;4;0
15489;3;0
15493;2;0
15497;4;1
15500;2;4
15504;5;0
15507;3;0
15511;0;2
15515;1;0
15518;6;0
15522;0;8
15526;0;1
15529;4;0
15533;3;7
15537;4;0
15540;2;0
15544;0;4
15548;3;0
15551;3;0
15555;2;0
15559;4;4
15562;0;0
15566;4;5
15569;0;4
15573;3;2
15577;0;3
15580;4;3
15584;1;0
15588;1;0
15591;1;4
15595;3;2
15599;2;2
15602;1;0
15606;0;0
15612;0;0
15613;5;4
15617;2;4
15621;4;0
15624;2;0
15628;2;0
15631;0;0
15635;1;4
15639;0;0
15642;3;4
15646;3;0
15650;5;0
15653;5;0
15657;6;3
15661;7;2
15664;1;4
15668;7;0
15672;1;2
15675;1;0
15679;2;0
15682;2;2
15686;1;0
15690;4;4
15693;0;0
15697;6;4
15701;3;0
15704;6;1
15708;3;2
15712;4;1
15715;4;0
15719;3;2
15723;2;0
15726;6;1
15730;1;0
15734;4;4
15737;0;3
15741;3;2
15744;8;0
15748;5;0
15752;4;2
15755;2;1
15759;2;2
15763;5;0
15766;6;0
15770;2;0
15774;2;1
15777;1;0
15781;0;0
15785;3;4
15788;0;3
15792;5;0
15798;3;2
15799;2;0
15803;5;0
15806;1;0
15810;0;0
15814;1;0
15817;3;0
15821;0;2
15825;0;6
15828;1;4
15832;3;4
15836;2;0
15839;1;0
15843;1;0
15847;3;0
15850;6;2
15854;6;2
15857;0;0
15861;4;0
15865;4;1
15868;3;5
15872;0;2
15876;4;0
15879;4;0
15883;1;6
15887;17;3
15890;3;0
15894;0;3
15898;2;2
15901;4;0
15905;7;3
15908;2;0
15912;4;2
15916;2;4
15919;5;0
15923;5;1
15927;2;2
15930;0;0
15934;5;0
15938;0;2
15941;3;1
15945;1;0
15949;3;4
15952;2;0
15956;2;0
15960;0;1
15963;3;1
15967;3;2
15970;6;2
15974;3;2
15978;1;0
15981;3;4
15987;2;1
15989;1;1
15992;0;0
15996;5;0
16000;2;2
16003;2;3
16007;0;0
16011;0;2
16014;5;0
16018;2;1
16022;3;0
16025;1;3
16029;0;0
16032;0;0
16036;0;3
16040;2;1
16043;6;0
16047;6;1
16051;0;4
16054;3;0
16058;4;1
16062;2;3
16065;2;2
16069;2;2
16073;3;0
16076;5;1
16080;1;2
16083;2;0
16087;2;3
16091;2;4
16094;6;6
16098;3;0
16102;2;5
16105;5;1
16109;5;0
16113;6;0
16116;0;0
16120;2;0
16124;3;5
16127;1;2
16131;3;0
16135;5;0
16138;1;0
16142;0;0
16145;3;0
16149;2;4
16153;3;2
16156;3;2
16160;0;0
16164;0;1
16167;2;0
16173;4;4
16175;1;2
16178;0;3
16182;1;3
16186;7;0
16189;0;1
16193;1;2
16196;2;1
16200;1;3
16204;3;2
16207;1;0
16211;0;3
16215;0;1
16218;0;4
16222;3;3
16226;1;6
16229;3;1
16233;0;1
16237;0;0
16240;1;0
16244;4;0
16248;0;2
16251;0;2
16255;3;3
16258;4;1
16262;4;0
16266;1;0
16269;1;0
16273;4;0
16277;2;0
16280;1;0
16284;0;0
16288;1;0
16291;2;0
16295;5;2
16299;7;3
16302;2;0
16306;4;2
16309;4;0
16313;2;0
16317;1;3
16320;2;3
16324;0;0
16328;1;1
16331;2;4
16335;5;1
16339;0;0
16342;0;0
16346;4;1
16350;1;0
16353;3;2
16359;3;0
16361;3;1
16364;4;0
16368;7;0
16371;0;1
16375;3;1
16379;3;0
16382;3;3
16386;4;0
16390;1;1
16393;1;0
16397;5;1
16401;3;3
16404;8;2
16408;3;0
16412;0;0
16415;1;0
16419;4;0
16423;4;0
16426;1;0
16430;3;0
16433;5;6
16437;5;0
16441;5;1
16444;2;2
16448;2;1
16452;1;0
16455;5;0
16459;0;0
16463;2;3
16466;3;5
16470;3;1
16474;4;1
16477;3;3
16481;5;0
16484;3;0
16488;0;2
16492;5;1
16495;2;4
16499;3;0
16503;4;0
16506;0;5
16510;0;5
16514;0;0
16517;4;2
16521;3;0
16525;2;3
16528;3;0
16532;0;0
16536;0;0
16539;3;2
16545;7;0
16546;4;2
16550;7;0
16554;1;0
16557;2;1
16561;3;3
16565;5;0
16568;5;2
16572;0;2
16576;5;1
16579;2;0
16583;2;1
16587;2;1
16590;0;0
16594;3;4
16597;2;3
16601;2;1
16605;3;1
16608;6;2
16612;0;0
16616;1;0
16619;2;2
16623;0;3
16627;4;1
16630;3;0
16634;2;0
16638;0;2
16641;3;2
16645;4;2
16649;1;1
16652;1;1
16656;3;0
16659;4;2
16663;2;0
16667;3;1
16670;3;0
16674;1;0
16678;0;0
16681;1;1
16685;4;1
16689;4;2
16692;3;0
16696;4;0
16700;2;0
16703;0;0
16707;0;0
16711;2;0
16714;0;0
16718;5;0
16721;1;2
16725;2;0
16731;0;0
16732;3;2
16736;4;1
16740;2;2
16743;1;2
16747;5;0
16751;1;2
16754;4;0
16758;0;0
16762;3;1
16765;6;1
16769;5;1
16772;5;1
16776;2;0
16780;5;0
16783;2;0
16787;0;1
16791;3;0
16794;3;1
16798;1;2
16802;4;0
16805;2;0
16809;3;0
16813;2;0
16816;3;0
16820;2;1
16824;2;0
16827;7;2
16831;0;1
16834;3;1
16838;5;3
16842;1;2
16845;3;1
16849;0;1
16853;3;1
16856;0;0
16860;2;0
16864;1;1
16867;2;0
16871;3;0
16875;0;3
16878;0;0
16882;3;0
16885;4;0
16889;2;0
16893;5;3
16896;0;2
16900;3;3
16904;3;0
16907;5;0
16911;0;0
16915;5;0
16921;1;2
16922;2;1
16926;1;2
16929;4;1
16933;3;1
16937;0;1
16940;2;1
16944;3;0
16947;4;1
16951;3;1
16955;2;0
16958;3;0
16962;4;1
16966;4;4
16969;0;0
16973;3;3
16977;3;0
16980;3;0
16984;7;2
16988;4;2
16991;3;0
16995;3;0
16998;1;0
17002;4;0
17006;1;2
17009;5;1
17013;0;3
17017;2;0
17020;0;2
17024;4;1
17028;1;0
17031;5;0
17035;2;2
17039;3;0
17042;4;0
17046;4;1
17050;2;1
17053;1;0
17057;3;2
17060;5;1
17064;4;0
17068;1;2
17071;5;2
17075;1;2
17079;2;0
17082;1;2
17086;3;0
17090;2;0
17093;1;2
17097;4;0
17101;3;4
17107;4;0
17108;2;1
17112;0;0
17115;2;0
17119;2;3
17122;4;0
17126;5;2
17130;2;1
17133;5;2
17137;2;2
17141;5;1
17144;1;3
17148;4;0
17152;0;0
17155;3;0
17159;0;2
17163;2;2
17166;1;1
17170;5;1
17173;3;1
17177;2;0
17181;3;2
17184;4;1
17188;4;0
17192;2;0
17195;3;3
17199;1;0
17203;3;0
17206;4;0
17210;4;0
17214;5;1
17217;0;1
17221;3;1
17225;0;1
17228;0;1
17232;1;1
17235;1;3
17239;5;7
17243;3;0
17246;4;2
17250;1;0
17254;3;0
17257;1;0
17261;2;1
17265;2;2
17268;3;0
17272;2;0
17276;4;0
17279;3;1
17283;1;1
17286;4;1
17292;2;0
17294;1;0
17297;3;1
17301;4;4
17305;3;6
17308;1;1
17312;3;3
17316;3;0
17319;1;0
17323;4;1
17327;3;3
17330;2;0
17334;1;1
17338;5;2
17341;3;0
17345;0;1
17348;0;0
17352;1;0
17356;1;0
17359;5;0
17363;3;0
17367;3;1
17370;5;2
17374;5;0
17378;1;0
17381;2;1
17385;3;0
17389;5;1
17392;1;1
17396;4;0
17399;4;0
17403;5;3
17407;3;2
17410;2;2
17414;0;0
17418;3;2
17421;1;2
17425;6;0
17429;3;0
17432;1;0
17436;4;3
17440;4;1
17443;3;2
17447;5;3
17451;0;0
17454;5;3
17458;1;1
17461;0;0
17465;4;3
17469;5;0
17472;1;3
17478;0;0
17480;2;0
17483;0;0
17487;1;3
17491;5;0
17494;3;0
17498;2;0
17502;3;1
17505;1;0
17509;2;3
17513;3;1
17516;0;0
17520;2;0
17523;0;4
17527;3;0
17531;0;2
17534;2;0
17538;4;0
17542;4;4
17545;2;0
17549;3;4
17553;3;0
17556;0;0
17560;4;1
17564;0;2
17567;3;0
17571;0;0
17574;0;0
17578;5;3
17582;3;0
17585;3;0
17589;1;1
17593;0;0
17596;1;0
17600;2;3
17604;1;2
17607;1;1
17611;3;0
17615;4;0
17618;2;0
17622;2;2
17626;2;1
17629;2;3
17633;2;0
17636;1;0
17640;2;1
17644;4;0
17647;4;3
17651;1;1
17655;0;1
17658;2;2
17664;0;2
17666;1;1
17669;1;0
17673;3;0
17677;2;0
17680;2;0
17684;2;1
17687;1;1
17691;1;1
17695;1;1
17698;1;2
17702;2;1
17706;1;0
17709;3;0
17713;3;2
17717;0;1
17720;0;0
17724;1;1
17728;7;2
17731;1;1
17735;0;0
17739;3;1
17742;2;0
17746;0;0
17749;0;1
17753;2;0
17757;0;0
17760;3;0
17764;0;1
17768;6;0
17771;4;1
17775;2;0
17779;5;0
17782;1;3
17786;4;4
17790;3;0
17793;3;1
17797;2;0
17800;2;0
17804;0;0
17808;2;2
17811;6;0
17815;4;0
17819;2;0
17822;0;0
17826;2;0
17830;8;0
17833;2;1
17837;4;0
17841;3;2
17844;3;3
17848;1;4
17854;2;4
17855;2;0
17859;3;0
17862;3;0
17866;1;0
17870;2;0
17873;2;0
17877;0;0
17881;4;2
17884;0;0
17888;3;0
17892;3;0
17895;8;0
17899;0;3
17903;4;0
17906;6;2
17910;0;0
17914;3;2
17917;9;3
17921;0;6
17924;2;0
17928;4;3
17932;0;5
17935;0;4
17939;0;1
17943;3;0
17946;0;2
17950;0;1
17954;3;2
17957;0;1
17961;5;0
17965;4;3
17968;3;2
17972;0;0
17975;0;0
17979;1;0
17983;6;3
17986;5;0
17990;0;0
17994;0;0
17997;0;2
18001;3;0
18005;4;0
18008;1;0
18012;3;0
18016;2;2
18019;0;0
18023;0;2
18027;1;3
18030;1;4
18034;1;0
18040;2;5
18041;2;2
18045;0;2
18048;3;0
18052;0;2
18056;2;0
18059;2;4
18063;6;0
18067;1;0
18070;4;0
18074;3;0
18078;1;4
18081;0;0
18085;0;0
18088;1;0
18092;4;0
18096;0;1
18099;2;0
18103;5;0
18107;2;0
18110;0;0
18114;0;0
18118;4;0
18121;3;3
18125;1;0
18129;2;5
18132;2;0
18136;7;0
18140;4;0
18143;1;1
18147;3;0
18150;2;1
18154;0;1
18158;0;0
18161;0;1
18165;0;0
18169;0;2
18172;3;1
18176;0;1
18180;4;0
18183;0;1
18187;2;0
18191;3;0
18194;0;1
18198;5;0
18201;1;0
18205;1;5
18209;6;1
18212;1;0
18216;4;1
18220;3;3
18226;5;3
18227;0;0
18231;6;1
18234;1;0
18238;4;0
18242;3;4
18245;1;1
18249;2;0
18253;2;0
18256;6;2
18260;3;0
18263;2;0
18267;3;0
18271;4;2
18274;6;0
18278;3;8
18282;3;6
18285;4;0
18289;3;0
18293;2;0
18296;4;3
18300;0;6
18304;2;0
18307;0;0
18311;0;0
18315;0;1
18318;2;0
18322;2;0
18325;1;0
18329;0;0
18333;5;2
18336;5;2
18340;1;2
18344;1;0
18347;0;2
18351;2;0
18355;2;0
18358;2;0
18362;3;0
18366;1;2
18369;0;0
18373;0;2
18376;5;0
18380;2;1
18384;1;0
18387;6;0
18391;0;2
18395;2;1
18398;0;0
18402;4;0
18406;4;2
18412;3;0
18413;0;0
18417;3;1
18420;2;0
18424;1;2
18428;1;0
18431;0;0
18435;3;1
18438;1;1
18442;1;0
18446;2;0
18449;1;1
18453;0;2
18457;4;1
18460;6;5
18464;1;0
18468;4;0
18471;0;3
18475;0;1
18479;4;1
18482;1;0
18486;0;1
18489;0;0
18493;4;2
18497;0;0
18500;0;0
18504;0;2
18508;4;0
18511;0;0
18515;1;0
18519;0;0
18522;1;0
18526;2;0
18530;2;0
18533;0;1
18537;0;0
18541;2;2
18544;2;0
18548;1;3
18551;4;0
18555;4;3
18559;1;3
18562;0;0
18566;0;0
18570;5;2
18573;4;3
18577;0;3
18581;0;0
18584;0;0
18588;0;0
18592;1;3
18597;1;0
18599;4;0
18602;3;2
18606;5;0
18610;0;0
18613;0;2
18617;5;0
18621;0;3
18624;0;0
18628;3;2
18632;4;0
18635;0;0
18639;0;1
18643;2;1
18646;3;2
18650;4;0
18654;2;0
18657;3;0
18661;2;2
18664;0;0
18668;2;1
18672;10;2
18675;3;6
18679;1;0
18683;8;1
18686;1;2
18690;4;4
18694;3;0
18697;3;1
18701;8;1
18705;4;2
18708;2;0
18712;1;0
18716;0;0
18719;0;0
18723;1;0
18726;4;2
18730;0;0
18734;4;2
18737;2;1
18741;4;0
18745;3;3
18748;4;0
18752;0;0
18756;5;0
18759;4;0
18763;1;0
18767;2;1
18770;4;0
18774;1;0
18777;3;2
18783;5;0
18785;0;4
18788;0;0
18792;2;1
18796;2;3
18799;4;3
18803;3;0
18807;5;0
18810;4;5
18814;6;3
18818;1;0
18821;1;2
18825;2;0
18829;4;0
18832;6;1
18836;17;8
18839;6;0
18843;1;0
18847;4;2
18850;5;2
18854;2;0
18858;4;1
18861;3;0
18865;5;3
18869;0;2
18872;0;1
18876;6;0
18880;3;0
18883;0;1
18887;3;0
18890;8;3
18894;5;2
18898;0;2
18901;0;1
18905;4;4
18909;5;1
18912;0;0
18916;1;5
18920;2;1
18923;6;3
18927;2;3
18931;0;4
18934;1;4
18938;1;0
18942;0;4
18945;3;0
18949;4;2
18952;2;2
18956;1;0
18960;4;4
18963;4;0
18967;3;5
18973;5;0
18974;0;3
18978;0;0
18982;1;3
18985;3;3
18989;0;0
18993;3;2
18996;3;6
19000;1;0
19004;4;0
19007;4;1
19011;2;0
19014;2;1
19018;2;3
19022;5;0
19025;3;6
19029;1;4
19033;1;2
19036;1;2
19040;5;0
19044;2;0
19047;3;1
19051;6;2
19055;0;0
19058;1;1
19062;0;2
19065;5;2
19069;3;0
19073;6;1
19076;7;0
19080;5;2
19084;0;4
19087;3;4
19091;0;0
19095;3;2
19098;2;0
19102;3;0
19106;2;1
19109;2;1
19113;0;0
19117;3;4
19120;0;0
19124;1;3
19127;7;4
19131;4;4
19135;5;2
19138;1;6
19142;1;2
19146;2;0
19149;3;2
19153;3;2
19159;1;5
19160;0;0
19164;4;0
19168;5;5
19171;3;5
19175;3;1
19178;0;0
19182;1;0
19186;6;3
19189;3;6
19193;2;0
19197;0;1
19200;5;0
19204;3;2
19208;2;4
19211;1;3
19215;0;3
19219;4;4
19222;2;0
19226;0;0
19230;4;1
19233;5;2
19237;3;0
19240;3;0
19244;4;0
19248;1;1
19251;2;0
19255;1;0
19259;9;0
19262;0;0
19266;3;3
19270;3;0
19273;0;0
19277;0;5
19281;4;0
19284;5;0
19288;1;0
19291;3;1
19295;2;3
19299;1;3
19302;1;2
19306;0;2
19310;4;0
19313;2;2
19317;0;0
19321;2;3
19324;1;1
19328;0;0
19332;2;1
19335;0;3
19339;5;4
19345;4;0
19346;5;0
19350;2;0
19353;0;1
19357;3;0
19361;2;1
19364;3;0
19368;1;0
19372;1;1
19375;0;1
19379;3;2
19383;4;0
19386;4;0
19390;1;0
19394;0;4
19397;0;0
19401;0;3
19405;0;0
19408;2;4
19412;3;0
19415;4;0
19419;5;0
19423;3;0
19426;3;0
19430;0;2
19434;1;1
19437;1;3
19441;2;0
19445;2;1
19448;1;1
19452;3;2
19456;0;4
19459;6;0
19463;2;0
19466;0;0
19470;4;6
19474;16;1
19477;2;0
19481;0;0
19485;4;0
19488;6;0
19492;2;0
19496;3;0
19499;2;6
19503;4;0
19507;3;5
19510;3;0
19514;0;4
19518;0;0
19521;3;3
19525;0;2
19531;0;0
19532;4;0
19536;0;1
19539;8;2
19543;2;0
19547;1;1
19550;0;0
19554;1;0
19558;3;0
19561;2;0
19565;2;0
19569;0;0
19572;3;1
19576;5;2
19579;3;5
19583;0;0
19587;3;4
19590;1;2
19594;3;0
19598;2;1
19601;1;0
19605;0;0
19609;4;3
19612;6;0
19616;2;0
19620;0;0
19623;5;5
19627;3;0
19631;0;3
19634;4;0
19638;0;0
19641;0;0
19645;5;1
19649;0;0
19652;4;1
19656;0;4
19660;0;1
19663;4;0
19667;3;1
19671;0;2
19674;1;0
19678;0;4
19682;3;0
19685;0;2
19689;2;2
19692;0;0
19696;0;0
19700;3;0
19703;1;0
19707;3;0
19711;6;0
19717;1;0
19718;4;1
19722;5;0
19725;5;0
19729;1;0
19733;4;0
19736;0;2
19740;2;2
19744;1;0
19747;5;0
19751;6;1
19754;4;0
19758;7;2
19762;3;0
19765;3;0
19769;3;0
19773;7;0
19776;3;2
19780;1;1
19784;1;3
19787;5;0
19791;2;0
19795;7;0
19798;2;2
19802;3;4
19806;0;0
19809;6;0
19813;7;0
19816;1;6
19820;0;1
19824;0;0
19827;3;2
19831;3;2
19835;4;1
19838;3;1
19842;0;1
19846;3;0
19849;3;3
19853;1;0
19857;2;2
19860;8;0
19864;0;2
19867;0;9
19871;6;0
19875;0;3
19878;3;1
19882;4;0
19886;0;1
19889;0;0
19893;1;2
19897;0;2
19903;0;2
19904;2;0
19908;0;0
19911;3;3
19915;3;3
19919;5;5
19922;6;3
19926;0;0
19929;2;0
19933;5;2
19937;5;5
19940;4;1
19944;1;4
19948;2;5
19951;6;0
19955;0;0
19959;1;1
19962;5;2
19966;0;0
19970;4;2
19973;1;0
19977;4;0
19980;0;0
19984;2;5
19988;0;0
19991;2;0
19995;0;2
19999;2;4
20002;9;0
20006;0;1
20010;4;2
20013;1;3
20017;9;0
20021;5;0
20024;7;4
20028;3;1
20032;0;0
20035;4;2
20039;3;1
20042;0;0
20046;1;0
20050;6;3
20053;3;3
20057;0;0
20061;0;1
20064;0;0
20068;4;1
20072;5;0
20075;0;2
20079;0;2
20083;3;0
20086;2;0
20092;1;0
20094;3;0
20097;0;0
20101;0;0
20104;1;1
20108;6;0
20112;4;3
20115;4;3
20119;0;0
20123;3;4
20126;4;0
20130;0;3
20134;0;1
20137;4;2
20141;3;0
20145;2;0
20148;2;0
20152;5;0
20155;4;0
20159;4;0
20163;6;6
20166;4;1
20170;5;3
20174;2;0
20177;4;2
20181;3;0
20185;6;3
20188;3;1
20192;2;2
20196;2;1
20199;0;0
20203;5;1
20207;0;1
20210;1;0
20214;4;0
20217;4;2
20221;0;0
20225;4;4
20228;0;0
20232;0;4
20236;0;3
20239;5;0
20243;0;4
20247;2;2
20250;2;0
20254;2;1
20258;2;1
20261;0;3
20265;4;2
20268;3;6
20272;4;0
20278;0;2
20279;4;4
20283;4;2
20287;2;3
20290;2;1
20294;1;4
20298;0;2
20301;6;0
20305;1;2
20309;2;0
20312;0;0
20316;0;0
20320;6;0
20323;2;7
20327;2;0
20330;0;0
20334;5;4
20338;4;4
20341;3;3
20345;7;2
20349;5;3
20352;0;1
20356;6;2
20360;0;1
20363;4;2
20367;7;2
20371;3;1
20374;5;6
20378;2;2
20381;1;1
20385;2;2
20389;4;0
20392;2;1
20396;5;4
20400;5;4
20403;2;0
20407;1;0
20411;0;2
20414;2;2
20418;3;4
20422;2;0
20425;7;0
20429;2;4
20433;2;2
20436;5;1
20440;0;0
20443;3;2
20447;2;4
20451;0;4
20454;1;1
20458;0;1
20464;4;0
20465;1;4
20469;4;3
20473;2;0
20476;0;5
20480;1;6
20484;0;4
20487;0;0
20491;2;3
20494;4;1
20498;1;2
20502;6;0
20505;0;0
20509;1;0
20513;4;0
20516;5;1
20520;2;0
20524;3;4
20527;1;1
20531;3;3
20535;1;1
20538;0;0
20542;5;0
20546;2;0
20549;7;3
20553;0;2
20556;1;3
20560;4;2
20564;2;0
20567;4;0
20571;0;0
20575;0;1
20578;1;0
20582;1;2
20586;0;1
20589;0;0
20593;5;0
20597;6;4
20600;8;2
20604;6;0
20608;6;0
20611;2;0
20615;1;0
20618;0;2
20622;1;5
20626;2;2
20629;0;0
20633;5;0
20637;4;0
20640;5;0
20644;3;0
20650;1;3
20651;2;0
20655;5;2
20659;6;4
20662;3;0
20666;0;2
20669;1;1
20673;1;1
20677;3;2
20680;1;8
20684;3;2
20688;4;0
20691;2;0
20695;6;4
20699;3;2
20702;3;6
20706;4;0
20710;5;0
20713;3;2
20717;3;0
20721;4;0
20724;0;1
20728;2;1
20731;4;0
20735;5;2
20739;0;2
20742;3;1
20746;1;2
20750;4;4
20753;2;2
20757;2;0
20761;3;0
20764;7;5
20768;1;0
20772;2;1
20775;0;2
20779;5;2
20782;2;2
20786;1;0
20790;7;1
20793;1;0
20797;0;1
20801;4;2
20804;6;0
20808;3;0
20812;3;2
20815;4;0
20819;8;3
20823;6;4
20826;0;18
20830;2;1
20836;0;0
20837;2;0
20841;1;0
20844;0;0
20848;0;2
20852;0;7
20855;2;0
20859;4;0
20863;0;2
20866;5;0
20870;1;0
20874;2;0
20877;5;0
20881;7;2
20885;7;0
20888;2;1
20892;0;0
20895;2;0
20899;0;0
20903;1;1
20906;0;0
20910;0;0
20914;1;3
20917;2;6
20921;0;0
20925;0;1
20928;3;1
20932;2;0
20936;1;0
20939;2;0
20943;5;2
20947;4;4
20950;0;3
20954;1;1
20957;0;0
20961;4;3
20965;3;0
20968;0;0
20972;0;0
20976;1;0
20979;3;2
20983;0;3
20987;6;0
20990;0;4
20994;2;3
20998;0;3
21001;4;0
21005;1;4
21009;2;0
21012;0;0
21016;3;0
21019;6;3
21025;2;2
21027;0;2
21030;3;2
21034;2;4
21038;3;0
21041;2;1
21045;4;6
21049;3;0
21052;6;4
21056;0;0
21060;0;0
21063;4;2
21067;4;3
21070;2;0
21074;0;0
21078;0;4
21081;1;5
21085;1;1
21089;0;3
21092;0;2
21096;4;4
21100;0;0
21103;0;0
21107;0;0
21111;4;1
21114;3;0
21118;2;0
21122;1;0
21125;3;2
21129;7;2
21132;0;4
21136;4;0
21140;3;0
21143;0;6
21147;0;4
21151;1;0
21154;1;0
21158;2;2
21162;0;0
21165;0;0
21169;0;6
21173;5;1
21176;0;0
21180;2;0
21183;0;3
21187;0;0
21191;1;1
21194;6;2
21198;3;0
21202;5;0
21205;3;0
21211;6;1
21213;2;0
21216;0;0
21220;4;0
21224;6;0
21227;5;0
21231;2;1
21235;0;3
21238;4;1
21242;2;5
21245;0;1
21249;0;0
21253;5;0
21256;2;0
21260;2;0
21264;4;3
21267;0;0
21271;3;3
21275;1;1
21278;0;2
21282;0;0
21286;4;0
21289;0;0
21293;0;0
21297;6;0
21300;4;0
21304;3;0
21307;2;0
21311;5;2
21315;1;0
21318;2;0
21322;2;0
21326;2;3
21329;2;2
21333;4;2
21337;1;0
21340;1;0
21344;0;0
21348;1;0
21351;4;0
21355;0;0
21358;7;0
21362;0;0
21366;5;1
21369;3;0
21373;0;1
21377;5;1
21380;0;0
21384;1;1
21388;0;1
21391;0;2
21397;3;1
21399;0;2
21402;7;0
21406;5;0
21410;2;1
21413;3;3
21417;7;1
21420;0;0
21424;1;0
21428;4;0
21431;3;1
21435;2;0
21439;3;0
21442;2;0
21446;4;3
21450;1;0
21453;2;0
21457;2;1
21461;3;0
21464;0;0
21468;4;3
21471;0;0
21475;0;2
21479;3;0
21482;0;0
21486;0;2
21490;3;0
21493;3;2
21497;5;0
21501;0;5
21504;4;2
21508;1;0
21512;4;0
21515;4;1
21519;3;0
21523;0;0
21526;1;5
21530;2;2
21533;2;1
21537;2;2
21541;1;5
21544;1;3
21548;4;0
21552;5;0
21555;5;2
21559;0;0
21563;4;0
21566;1;0
21570;2;2
21574;1;0
21577;3;1
21583;0;0
21585;0;1
21588;0;2
21592;0;0
21595;5;2
21599;7;0
21603;4;1
21606;2;0
21610;0;0
21614;0;3
21617;5;5
21621;4;0
21625;2;1
21628;3;4
21632;4;0
21636;4;0
21639;0;0
21643;2;0
21646;3;1
21650;0;2
21654;4;1
21657;3;1
21661;0;0
21665;0;0
21668;4;1
21672;0;0
21676;0;0
21679;3;0
21683;2;2
21687;2;0
21690;2;1
21694;0;0
21698;3;0
21701;1;2
21705;3;2
21708;4;2
21712;5;0
21716;2;0
21719;6;0
21723;2;0
21727;2;0
21730;2;0
21734;3;1
21738;0;1
21741;2;0
21745;3;0
21749;3;0
21752;2;1
21756;1;0
21759;3;3
21763;0;0
21769;3;4
21770;3;1
21774;2;0
21778;1;1
21781;4;2
21785;2;2
21789;2;0
21792;3;0
21796;0;4
21800;1;0
21803;5;2
21807;4;0
21811;5;0
21814;0;0
21818;1;0
21821;0;1
21825;1;0
21829;2;1
21832;6;2
21836;4;1
21840;1;2
21843;1;0
21847;2;0
21851;3;3
21854;0;1
21858;4;3
21862;3;0
21865;1;0
21869;3;3
21872;0;0
21876;2;0
21880;1;0
21883;4;0
21887;2;2
21891;1;1
21894;1;1
21898;6;0
21902;1;1
21905;3;3
21909;1;3
21913;2;2
21916;7;0
21920;2;0
21924;0;0
21927;2;0
21931;2;0
21934;0;1
21938;4;0
21942;0;0
21945;4;0
21949;2;0
21953;0;0
21959;1;0
21960;3;1
21964;2;2
21967;4;3
21971;1;1
21975;2;0
21978;3;0
21982;4;0
21985;0;2
21989;5;0
21993;0;0
21996;0;1
22000;0;0
22004;3;1
22007;0;2
22011;2;1
22015;2;0
22018;3;1
22022;0;1
22026;6;2
22029;4;0
22033;3;1
22037;4;2
22040;1;1
22044;0;0
22047;3;1
22051;1;0
22055;3;1
22058;2;0
22062;0;0
22066;0;0
22069;2;1
22073;0;2
22077;1;1
22080;1;1
22084;0;1
22088;5;0
22091;3;0
22095;2;0
22099;2;1
22102;5;0
22106;1;0
22109;1;1
22113;3;0
22117;5;2
22120;0;0
22124;3;0
22128;2;0
22131;3;3
22135;0;0
22139;0;0
22145;2;0
22146;3;3
22150;0;0
22153;8;3
22157;2;2
22160;0;0
22164;3;2
22168;0;1
22171;7;0
22175;2;1
22179;4;5
22182;2;0
22186;1;2
22190;0;3
22193;1;1
22197;0;0
22201;0;0
22204;0;0
22208;0;5
22212;4;0
22215;0;1
22219;2;0
22222;1;1
22226;0;0
22230;2;0
22233;1;2
22237;1;0
22241;0;0
22244;1;0
22248;4;0
22252;0;0
22255;0;0
22259;0;0
22263;6;1
22266;3;0
22270;0;2
22273;1;3
22277;1;1
22281;2;1
22284;4;4
22288;5;0
22292;0;0
22295;5;0
22299;3;0
22303;2;4
22306;1;1
22310;2;1
22314;3;2
22317;6;1
22321;0;0
22325;4;0
22332;0;4
22332;0;3
22335;2;0
22339;4;0
22343;3;0
22346;5;0
22350;3;2
22354;1;3
22357;3;1
22361;0;2
22365;0;6
22368;3;0
22372;0;0
22376;0;0
22379;0;0
22383;0;1
22386;0;0
22390;4;0
22394;2;0
22397;3;0
22401;1;0
22405;1;0
22408;1;0
22412;2;0
22416;3;3
22419;3;0
22423;3;1
22427;1;2
22430;1;0
22434;1;3
22438;1;0
22441;2;0
22445;1;0
22448;5;3
22452;4;0
22456;1;1
22459;0;1
22463;2;1
22467;1;0
22470;1;0
22474;2;0
22478;4;2
22481;1;0
22485;5;4
22489;1;2
22492;2;0
22496;5;0
22500;1;2
22503;0;0
22507;0;4
22510;1;2
22516;0;4
22518;2;0
22521;4;0
22525;1;0
22529;2;0
22532;1;0
22536;1;2
22540;2;1
22543;3;3
22547;2;0
22551;4;2
22554;2;0
22558;0;0
22561;0;0
22565;5;2
22569;5;0
22572;0;1
22576;1;0
22580;1;0
22583;0;2
22587;3;3
22591;1;0
22594;2;0
22598;2;0
22602;1;0
22605;2;0
22609;4;1
22613;4;0
22616;0;0
22620;3;0
22623;6;0
22627;4;1
22631;6;0
22634;1;3
22638;1;0
22642;1;0
22645;3;0
22649;1;0
22653;2;3
22656;3;2
22660;1;4
22664;2;1
22667;0;0
22671;6;0
22674;3;0
22678;2;0
22682;3;1
22685;4;0
22689;3;3
22693;4;0
22696;1;0
22728;1;3
22728;2;0
22729;0;1
22731;1;0
22735;6;0
22739;2;0
22742;3;0
22746;1;0
22750;1;0
22753;2;0
22757;3;1
22761;4;0
22764;3;2
22768;2;3
22772;3;1
22775;3;0
22779;0;3
22783;1;1
22786;1;2
22790;0;2
22793;4;0
22797;2;0
22801;1;0
22804;2;0
22808;2;0
22812;0;2
22815;2;1
22819;2;2
22823;1;0
22826;1;1
22830;0;1
22834;3;2
22837;0;0
22841;1;2
22844;3;0
22848;5;2
22852;1;0
22855;1;0
22859;5;1
22863;4;1
22866;2;0
22870;0;0
22874;0;0
22877;1;2
22881;4;3
22885;2;1
22888;7;0
22892;1;0
22896;1;4
22899;4;0
22903;0;1
22906;3;5
22912;5;0
22914;3;1
22917;4;0
22921;4;3
22925;2;0
22928;4;1
22932;3;0
22936;3;0
22939;2;0
22943;0;1
22947;1;3
22950;3;0
22954;5;1
22957;5;0
22961;5;1
22965;2;0
22968;1;0
22972;5;1
22976;0;2
22979;3;1
22983;0;0
22987;2;2
22990;3;0
22994;1;0
22998;3;0
23001;2;0
23005;3;1
23009;1;1
23012;3;0
23016;1;0
23019;4;1
23023;6;0
23027;5;0
23030;1;1
23034;1;1
23038;2;0
23041;1;0
23045;3;0
23049;0;2
23052;2;1
23056;4;0
23060;0;3
23063;3;2
23067;2;0
23071;0;3
23074;2;0
23078;3;0
23081;1;0
23085;1;0
23089;6;0
23092;3;4
23098;3;0
23100;2;1
23103;1;1
23107;2;1
23111;3;0
23114;5;0
23118;1;3
23122;5;1
23125;0;0
23129;4;0
23132;1;1
23136;4;1
23140;3;0
23143;2;0
23147;4;0
23151;1;0
23154;6;0
23158;3;1
23162;5;0
23165;0;0
23169;3;0
23173;1;0
23176;3;2
23180;1;4
23184;3;2
23187;1;2
23191;4;1
23194;1;2
23198;4;2
23202;2;0
23205;2;0
23209;0;0
23213;1;1
23216;0;0
23220;5;1
23224;4;0
23227;0;0
23231;0;0
23235;3;1
23238;2;2
23242;0;0
23245;1;0
23249;0;1
23253;0;1
23256;0;0
23260;1;1
23264;3;2
23267;4;1
23271;3;0
23275;1;0
23278;0;1
23284;5;1
23286;3;2
23289;1;2
23293;3;2
23297;3;0
23300;3;2
23304;5;2
23307;0;0
23311;0;0
23315;4;1
23318;0;0
23322;5;0
23326;5;0
23329;4;0
23333;3;1
23337;2;2
23340;3;3
23344;1;1
23348;6;0
23351;2;3
23355;1;0
23358;0;2
23362;2;1
23366;2;1
23369;1;0
23373;0;0
23377;3;1
23380;3;0
23384;4;0
23388;5;3
23391;3;0
23395;3;1
23399;0;0
23402;2;0
23406;1;2
23410;0;1
23413;0;0
23417;1;2
23420;5;1
23424;0;0
23428;3;0
23431;0;6
23435;3;0
23439;1;0
23442;7;0
23446;1;0
23450;0;1
23453;8;1
23457;2;2
23461;2;2
23464;0;1
23470;1;3
23472;3;1
23475;0;0
23479;1;3
23482;0;0
23486;0;2
23490;1;0
23493;0;2
23497;2;0
23501;2;2
23504;3;0
23508;2;2
23512;2;0
23515;4;1
23519;3;0
23523;0;1
23526;2;1
23530;2;1
23533;4;2
23537;2;0
23541;0;0
23544;0;2
23548;1;0
23552;4;0
23555;0;0
23559;1;0
23563;0;0
23566;3;2
23570;0;1
23574;0;2
23577;1;0
23581;4;0
23585;1;1
23588;1;0
23592;2;0
23595;4;0
23599;4;1
23603;0;2
23606;2;0
23610;0;2
23614;3;2
23617;1;0
23621;0;0
23625;3;0
23628;1;0
23632;2;1
23636;2;2
23639;1;3
23643;0;2
23646;0;0
23650;3;0
23656;0;1
23657;4;1
23661;3;1
23665;2;0
5490;1;0
5490;1;0
5491;1;0
5491;1;1
5493;1;0
5497;2;1
5501;0;0
5504;2;1
5508;3;0
5511;2;2
5515;0;1
5518;1;0
5522;1;0
5525;2;0
5529;0;0
5533;2;1
5536;1;0
5540;2;0
5543;2;0
5547;2;1
5550;2;0
5554;3;1
5558;2;1
5561;2;0
5565;3;0
5568;2;0
5572;2;1
5575;3;2
5579;2;0
5582;1;1
5586;2;1
5590;2;0
5593;1;1
5597;3;0
5600;2;0
5604;2;0
5607;1;0
5611;1;0
5614;1;0
5618;1;0
5622;3;0
5625;1;0
5629;1;1
5632;2;2
5636;1;1
5639;2;1
5643;1;1
5646;1;0
5650;2;2
5654;1;0
5657;4;0
5661;2;0
5664;1;0
5669;2;1
5671;2;0
5675;2;1
5679;2;1
5682;2;0
5686;1;0
5689;4;0
5693;3;0
5696;1;2
5700;2;0
5703;2;0
5707;2;0
5711;2;1
5714;1;1
5718;0;1
5721;3;0
5725;2;1
5728;0;0
5732;1;0
5735;4;0
5739;2;0
5743;2;0
5746;3;0
5750;1;0
5753;3;1
5757;2;0
5760;4;1
5764;2;0
5767;2;0
5771;3;0
5775;3;0
5778;3;0
5782;3;1
5785;1;0
5789;3;0
5792;2;0
5796;1;0
5800;1;0
5803;2;0
5807;2;0
5810;2;0
5814;1;0
5817;3;1
5821;2;1
5824;1;1
5828;2;0
5832;3;0
5835;2;0
5839;2;1
5842;2;1
5846;2;0
5849;2;1
5853;1;0
5856;1;2
5860;1;0
5864;2;1
5867;4;0
5873;1;1
5874;0;0
5878;2;0
5881;2;0
5885;2;0
5888;2;1
5892;2;1
5896;1;2
5899;2;0
5903;2;1
5906;2;0
5910;2;1
5913;2;0
5917;3;0
5921;1;0
5924;2;0
5928;3;1
5931;1;0
5935;2;1
5938;3;1
5942;2;0
5945;2;1
5949;2;1
5953;4;1
5956;2;0
5960;3;0
5963;2;0
5967;1;1
5970;2;0
5974;3;1
5977;3;2
5981;2;1
5985;2;2
5988;2;0
5992;2;0
5995;0;2
5999;2;1
6002;2;2
6006;3;1
6009;2;0
6013;1;1
6017;1;0
6020;1;1
6024;2;1
6027;2;0
6031;2;0
6034;2;1
6038;2;1
6042;2;0
6045;3;0
6049;2;1
6052;1;0
6056;2;2
6059;2;1
6063;4;1
6066;3;1
6070;1;0
6076;1;0
6077;1;0
6081;3;0
6084;2;0
6088;1;2
6091;3;1
6095;2;1
6098;0;0
6102;2;1
6106;2;1
6109;3;1
6113;1;0
6116;2;0
6120;1;0
6123;3;2
6127;2;1
6130;2;1
6134;2;2
6138;2;1
6141;1;0
6145;2;0
6148;2;0
6152;2;0
6155;2;1
6159;2;0
6162;2;1
6166;1;0
6170;3;1
6173;2;0
6177;2;0
6180;1;0
6184;1;0
6187;3;0
6191;3;0
6195;3;1
6198;2;0
6202;3;0
6205;2;0
6209;0;0
6212;2;0
6216;2;1
6219;1;1
6223;2;1
6227;2;0
6230;3;2
6234;1;1
6237;1;0
6241;2;0
6244;1;0
6248;2;0
6251;1;0
6255;3;0
6259;2;0
6262;1;0
6266;2;0
6269;2;0
6275;2;0
6276;2;2
6280;2;2
6283;2;0
6287;2;0
6291;2;1
6294;3;1
6298;3;0
6301;2;1
6305;1;0
6308;3;2
6312;1;0
6316;2;0
6319;3;0
6323;1;0
6326;0;1
6330;2;0
6333;3;0
6337;1;0
6340;1;0
6344;1;2
6348;2;0
6351;2;0
6355;1;1
6358;3;0
6362;1;0
6365;1;1
6369;2;0
6372;2;0
6376;1;0
6380;0;1
6383;2;0
6387;2;1
6390;3;0
6394;2;1
6397;2;1
6401;0;1
6404;2;1
6408;2;0
6412;1;0
6415;1;1
6419;4;0
6422;1;0
6426;3;2
6429;2;1
6433;2;1
6437;3;0
6440;3;1
6444;2;1
6447;3;0
6451;2;1
6454;1;0
6458;2;0
6461;2;0
6465;1;2
6469;0;0
6472;2;1
6478;3;2
6479;2;1
6483;3;1
6486;2;0
6490;2;1
6493;3;1
6497;4;1
6501;2;1
6504;3;0
6508;4;0
6511;3;0
6515;1;1
6518;2;0
6522;3;2
6525;2;1
6529;2;0
6533;2;2
6536;1;0
6540;2;0
6543;3;1
6547;1;0
6550;1;1
6554;4;0
6558;1;1
6561;4;2
6565;3;0
6568;2;2
6572;1;0
6575;3;0
6579;2;0
6582;3;0
6586;3;0
6590;1;1
6593;0;0
6597;2;0
6600;2;1
6604;2;2
6607;2;0
6611;2;1
6614;2;1
6618;3;1
6622;2;1
6625;0;0
6629;2;1
6632;3;0
6636;2;0
6639;1;1
6643;2;1
6646;2;0
6650;4;0
6654;3;0
6657;3;1
6661;2;0
6664;3;1
6668;2;1
6671;0;1
6675;3;0
6681;2;0
6682;3;0
6686;1;0
6689;2;0
6693;3;0
6696;2;0
6700;2;0
6703;2;0
6707;1;0
6711;1;2
6714;1;0
6718;3;0
6721;2;0
6725;3;0
6728;3;0
6732;3;0
6735;2;1
6739;2;2
6743;1;1
6746;0;0
6750;3;0
6753;1;1
6757;0;2
6760;1;0
6764;2;1
6767;1;1
6771;3;1
6775;3;0
6778;2;0
6782;3;2
6785;1;1
6789;2;0
6792;2;1
6796;2;1
6799;3;0
6803;2;1
6807;2;0
6810;3;1
6814;2;0
6817;2;0
6821;2;1
6824;1;1
6828;2;2
6832;2;0
6835;2;1
6839;1;0
6842;1;0
6846;1;0
6849;2;1
6853;2;0
6856;3;1
6860;2;0
6864;2;2
6867;1;0
6871;3;0
6874;3;1
6878;1;1
6884;2;0
6885;2;0
6888;3;1
6892;1;1
6896;2;2
6899;1;0
6903;4;0
6906;2;0
6910;1;0
6913;3;0
6917;2;1
6920;2;0
6924;1;0
6928;3;1
6931;2;1
6935;2;0
6938;1;1
6942;2;1
6945;4;0
6949;2;0
6953;3;0
6956;2;0
6960;4;0
6963;2;0
6967;3;1
6970;2;0
6974;3;0
6977;2;0
6981;2;0
6985;2;0
6988;2;0
6992;2;3
6995;3;1
6999;2;0
7002;1;1
7006;3;2
7009;2;1
7013;2;0
7017;2;0
7020;3;1
7024;1;1
7027;1;0
7031;2;2
7034;2;2
7038;2;0
7041;2;0
7045;3;0
7049;2;1
7052;3;0
7056;2;0
7059;1;0
7063;1;0
7066;2;2
7070;0;1
7074;1;2
7077;2;1
7081;4;1
7086;2;0
7088;2;0
7091;2;0
7095;4;0
7098;3;1
7102;3;2
7106;1;0
7109;3;1
7113;2;1
7116;2;1
7120;3;0
7123;2;0
7127;2;1
7130;2;2
7134;2;0
7138;2;0
7141;4;0
7145;1;2
7148;2;0
7152;2;0
7155;2;0
7159;1;1
7162;2;0
7166;2;1
7170;2;1
7173;3;0
7177;3;0
7180;3;0
7184;1;0
7187;2;1
7191;2;0
7195;2;1
7198;2;0
7202;3;0
7205;0;1
7209;2;0
7212;3;0
7216;3;2
7219;0;1
7223;2;1
7227;3;1
7230;3;1
7234;2;1
7237;2;0
7241;2;0
7244;1;0
7248;3;2
7251;2;1
7255;2;2
7259;2;1
7262;4;1
7266;3;1
7269;2;1
7273;3;0
7276;3;1
7280;3;0
7283;2;1
7289;3;0
7291;2;0
7294;3;1
7298;3;1
7301;3;0
7305;1;2
7308;1;1
7312;3;1
7316;2;1
7319;2;1
7323;3;0
7326;3;0
7330;4;2
7333;1;0
7337;3;1
7340;4;1
7344;4;2
7348;2;0
7351;2;1
7355;2;0
7358;2;1
7362;2;2
7365;2;0
7369;2;0
7372;3;2
7376;4;2
7380;2;0
7383;3;2
7387;1;1
7390;2;0
7394;2;1
7397;4;1
7401;3;0
7404;1;1
7408;3;2
7412;3;0
7415;3;1
7419;3;0
7422;2;1
7426;1;0
7429;3;1
7433;2;1
7437;4;1
7440;2;1
7444;3;0
7447;3;0
7451;3;1
7454;3;0
7458;2;2
7461;4;0
7465;3;0
7469;2;0
7472;2;0
7476;2;2
7479;3;0
7483;3;0
7486;4;1
7492;3;1
7493;3;2
7497;2;0
7501;2;1
7504;3;1
7508;2;1
7511;2;0
7515;2;1
7518;3;0
7522;3;0
7525;1;0
7529;3;1
7533;2;0
7536;3;0
7540;1;2
7543;2;0
7547;3;1
7550;3;1
7554;1;1
7557;4;2
7561;3;0
7565;2;0
7568;3;0
7572;4;1
7575;3;0
7579;1;2
7582;2;1
7586;3;2
7590;2;0
7593;2;1
7597;3;2
7600;2;2
7604;2;1
7607;2;1
7611;2;0
7614;3;1
7618;1;1
7622;2;0
7625;2;1
7629;3;0
7632;2;0
7636;3;0
7639;3;1
7643;2;1
7646;1;1
7650;2;2
7654;2;0
7657;2;1
7661;2;2
7664;2;1
7668;3;1
7671;1;0
7675;2;0
7678;3;1
7682;3;0
7686;2;0
7689;2;1
7695;3;0
7696;3;0
7700;2;0
7703;2;0
7707;3;3
7711;2;0
7714;3;0
7718;2;0
7721;3;1
7725;4;0
7728;4;1
7732;2;2
7735;3;1
7739;2;0
7743;2;0
7746;2;0
7750;3;0
7753;2;0
7757;2;0
7760;2;0
7764;2;0
7767;1;0
7771;2;0
7775;1;0
7778;2;1
7782;2;1
7785;3;1
7789;2;0
7792;3;0
7796;2;0
7799;2;0
7803;2;0
7807;1;2
7810;4;0
7814;1;1
7817;2;0
7821;2;0
7824;2;0
7828;2;1
7832;3;1
7835;0;1
7839;3;0
7842;1;1
7846;4;1
7849;3;0
7853;2;0
7856;2;0
7860;2;0
7864;1;1
7867;3;1
7871;2;0
7874;2;1
7878;3;0
7881;2;0
7885;2;1
7888;2;1
7892;3;1
7898;2;0
7899;0;0
7903;3;0
7906;2;0
7910;3;0
7913;1;1
7917;2;1
7920;2;0
7924;1;1
7928;2;0
7931;2;0
7935;2;0
7938;2;2
7942;2;1
7945;1;1
7949;3;2
7953;2;0
7956;2;1
7960;2;1
7963;3;0
7967;3;0
7970;2;1
7974;1;2
7977;1;0
7981;0;0
7985;3;0
7988;2;1
7992;2;0
7995;3;0
7999;1;2
8002;0;0
8006;2;1
8009;1;1
8013;2;0
8017;2;0
8020;3;0
8024;4;0
8027;2;0
8031;2;1
8034;3;1
8038;2;1
8041;3;0
8045;1;0
8049;3;1
8052;2;2
8056;2;1
8059;1;1
8063;1;1
8066;1;0
8070;2;0
8074;3;0
8077;3;1
8081;2;0
8084;2;1
8088;2;0
8091;2;1
8097;2;0
8098;1;0
8102;3;1
8106;1;2
8109;3;0
8113;2;1
8116;4;1
8120;2;1
8123;4;0
8127;2;1
8130;1;0
8134;3;0
8138;2;1
8141;2;1
8145;2;1
8148;2;0
8152;2;0
8155;2;1
8159;2;0
8162;2;0
8166;2;0
8170;1;1
8173;3;2
8177;3;1
8180;2;1
8184;1;0
8187;2;0
8191;4;0
8194;1;1
8198;4;0
8202;2;2
8205;2;0
8209;2;1
8212;2;2
8216;2;0
8219;3;0
8223;2;1
8227;3;0
8230;2;1
8234;2;0
8237;3;0
8241;1;0
8244;4;0
8248;1;0
8251;2;0
8255;1;1
8259;2;0
8262;2;0
8266;3;0
8269;2;2
8273;3;1
8276;3;0
8280;2;0
8283;3;0
8287;2;1
8291;2;0
8294;3;0
8300;2;1
8301;2;1
8305;2;1
8308;2;1
8312;1;0
8315;2;1
8319;1;0
8323;1;0
8326;1;0
8330;2;1
8333;2;1
8337;4;1
8340;3;2
8344;1;0
8348;3;0
8351;2;1
8355;3;0
8358;2;0
8362;3;0
8365;2;1
8369;2;2
8372;2;2
8376;2;1
8380;3;0
8383;2;0
8387;2;2
8390;2;1
8394;3;0
8397;2;0
8401;2;0
8404;1;0
8408;1;0
8412;1;1
8415;2;0
8419;2;0
8422;1;1
8426;2;0
8429;2;1
8433;2;1
8436;2;0
8440;2;0
8444;3;0
8447;1;0
8451;2;0
8454;2;0
8458;1;0
8461;2;0
8465;0;1
8469;0;2
8472;3;0
8476;3;1
8479;2;1
8483;2;0
8486;3;2
8490;3;0
8493;3;0
8497;3;0
8503;3;1
8504;1;0
8508;3;1
8511;1;0
8515;3;1
8518;3;0
8522;2;0
8525;1;1
8529;2;1
8533;2;0
8536;2;0
8540;3;0
8543;2;0
8547;3;0
8550;2;0
8554;2;0
8557;1;0
8561;1;0
8565;2;1
8568;2;1
8572;3;0
8575;2;0
8579;2;0
8582;3;0
8586;2;1
8590;3;0
8593;3;2
8597;1;0
8600;2;0
8604;2;0
8607;1;0
8611;2;2
8614;2;0
8618;2;0
8622;1;1
8625;3;1
8629;2;1
8632;2;1
8636;2;0
8639;2;0
8643;4;0
8646;2;1
8650;1;0
8654;2;1
8657;1;0
8661;2;0
8664;2;0
8668;4;0
8671;2;1
8675;1;0
8678;2;1
8682;1;0
8686;2;2
8689;2;0
8693;1;0
8696;2;0
8700;3;2
8706;3;0
8707;2;0
8711;2;0
8714;3;1
8718;0;0
8721;1;0
8725;3;1
8728;3;0
8732;2;0
8735;2;1
8739;1;2
8743;2;1
8746;3;1
8750;2;1
8753;2;0
8757;3;0
8760;1;0
8764;4;1
8767;2;0
8771;3;0
8775;2;0
8778;1;2
8782;3;1
8785;3;0
8789;1;0
8792;2;1
8796;2;1
8799;2;0
8803;2;0
8807;3;0
8810;2;1
8814;3;0
8817;3;0
8821;1;1
8824;2;1
8828;2;0
8832;2;0
8835;2;2
8839;1;0
8842;3;0
8846;2;0
8849;2;0
8853;2;0
8856;4;0
8860;2;1
8864;2;1
8867;3;0
8871;1;0
8874;2;0
8878;4;0
8881;1;0
8885;1;1
8888;3;0
8892;2;1
8896;2;1
8899;0;1
8903;3;2
8909;2;0
8910;3;1
8913;2;1
8917;2;1
8920;1;0
8924;2;0
8928;1;0
8931;3;0
8935;1;0
8938;3;0
8942;1;2
8945;1;2
8949;3;0
8952;1;0
8956;2;0
8960;2;0
8963;2;0
8967;2;1
8970;2;0
8974;1;0
8977;2;1
8981;1;0
8985;2;1
8988;1;1
8992;2;2
8995;2;1
8999;3;0
9002;2;1
9006;1;1
9009;2;1
9013;2;0
9017;0;0
9020;2;0
9024;1;0
9027;1;0
9031;2;0
9034;3;1
9038;1;0
9041;3;1
9045;2;2
9049;2;2
9052;2;0
9056;3;1
9059;3;0
9063;2;0
9066;4;1
9070;3;0
9073;2;0
9077;3;0
9081;1;1
9084;2;0
9088;2;1
9091;1;1
9095;1;0
9098;3;1
9102;2;1
9106;2;1
9111;3;0
9113;2;2
9116;2;2
9120;3;1
9123;2;1
9127;2;2
9130;1;1
9134;2;0
9138;2;1
9141;2;0
9145;1;0
9148;4;0
9152;2;1
9155;3;0
9159;3;0
9162;2;0
9166;2;0
9170;3;1
9173;2;0
9177;2;0
9180;2;0
9184;2;0
9187;2;0
9191;3;1
9194;1;0
9198;2;1
9202;2;0
9205;1;1
9209;1;0
9212;3;0
9216;3;0
9219;1;2
9223;1;0
9227;2;0
9230;1;0
9234;2;2
9237;2;0
9241;2;1
9244;2;0
9248;2;0
9251;1;1
9255;2;0
9259;2;1
9262;1;1
9266;1;1
9269;2;1
9273;2;1
9276;2;0
9280;1;2
9283;2;0
9287;1;0
9291;1;1
9294;1;0
9298;3;0
9301;0;0
9305;0;0
9308;1;1
9314;2;0
9315;2;1
9319;2;0
9323;2;0
9326;2;2
9330;3;0
9333;3;0
9337;2;1
9340;3;0
9344;2;1
9348;1;0
9351;3;1
9355;4;1
9358;3;1
9362;3;1
9365;2;0
9369;2;0
9372;3;1
9376;3;0
9380;3;1
9383;3;0
9387;3;2
9390;2;0
9394;2;0
9397;2;0
9401;3;0
9404;3;0
9408;2;0
9412;2;0
9415;1;0
9419;3;0
9422;2;0
9426;2;0
9429;3;0
9433;4;1
9436;2;2
9440;2;1
9444;3;0
9447;2;0
9451;2;1
9454;2;0
9458;1;0
9461;2;0
9465;3;0
9469;2;1
9472;0;0
9476;2;0
9479;3;0
9483;4;0
9486;1;1
9490;1;2
9493;3;0
9497;1;0
9501;1;0
9504;1;1
9508;2;0
9511;3;1
9517;2;0
9518;3;1
9522;3;0
9525;1;0
9529;2;0
9533;1;1
9536;2;0
9540;2;1
9543;2;2
9547;4;0
9550;2;1
9554;2;0
9557;2;0
9561;3;0
9565;2;0
9568;2;0
9572;1;0
9575;1;0
9579;2;0
9582;1;0
9586;1;1
9589;3;1
9593;2;2
9597;2;0
9600;3;1
9604;3;0
9607;2;0
9611;2;1
9614;2;0
9618;2;1
9622;1;0
9625;3;0
9629;1;0
9632;3;1
9636;2;0
9639;1;0
9643;1;1
9646;3;0
9650;2;0
9654;2;1
9657;2;0
9661;1;0
9664;1;0
9668;3;1
9671;2;1
9675;1;1
9678;3;1
9682;3;0
9686;2;0
9689;3;1
9693;3;1
9696;2;0
9700;2;1
9703;2;1
9707;1;0
9710;1;0
9714;2;1
9720;2;1
9721;3;1
9725;3;2
9728;2;1
9732;2;2
9735;3;0
9739;3;1
9743;3;0
9746;1;1
9750;2;1
9753;2;0
9757;2;1
9761;1;1
9764;2;0
9768;1;0
9772;2;1
9775;2;0
9779;2;0
9782;2;0
9786;3;0
9790;3;0
9793;2;2
9797;1;1
9801;2;0
9804;1;0
9808;1;0
9812;0;0
9815;1;0
9819;1;0
9823;1;0
9826;2;1
9830;2;0
9833;3;0
9837;2;0
9841;0;0
9844;2;1
9848;1;1
9852;1;0
9855;3;2
9859;2;0
9863;2;1
9866;2;1
9870;2;1
9874;2;1
9877;2;0
9881;2;0
9885;3;0
9888;2;0
9892;2;0
9895;4;1
9899;2;0
9903;2;1
9906;2;1
9910;3;1
9914;2;1
9917;1;2
9923;3;2
9925;1;2
9928;2;0
9932;3;0
9936;3;0
9939;3;2
9943;2;0
9946;1;1
9950;2;0
9954;1;0
9957;1;0
9961;2;0
9965;1;0
9968;1;0
9972;2;1
9976;2;1
9979;3;1
9983;2;0
9987;1;1
9990;3;1
9994;2;0
9998;3;1
10001;3;0
10005;2;0
10008;1;0
10012;1;1
10016;2;0
10019;2;0
10023;2;1
10027;1;1
10030;3;1
10034;3;2
10038;1;0
10041;2;0
10045;3;0
10049;2;0
10052;3;0
10056;2;0
10060;2;0
10063;0;2
10067;2;0
10070;2;0
10074;1;1
10078;2;1
10081;3;1
10085;0;1
10089;2;0
10092;2;0
10096;2;1
10100;2;0
10103;1;0
10107;2;1
10111;3;0
10114;2;1
10120;3;1
10121;2;1
10125;2;0
10129;3;0
10132;3;2
10136;2;0
10140;4;2
10143;2;0
10147;1;2
10151;2;0
10154;1;1
10158;2;1
10162;2;1
10165;1;0
10169;1;1
10173;1;0
10176;2;0
10180;1;0
10183;2;0
10187;4;1
10191;1;1
10194;2;1
10198;3;0
10202;2;0
10205;3;2
10209;2;0
10213;2;0
10216;3;1
10220;2;1
10224;2;2
10227;2;1
10231;2;0
10234;3;1
10238;3;1
10242;1;0
10245;3;1
10249;2;2
10253;2;0
10256;2;1
10260;2;1
10264;2;0
10267;2;0
10271;2;0
10275;2;0
10278;2;1
10282;2;2
10286;3;1
10289;3;1
10293;1;0
10296;2;1
10300;2;0
10306;1;1
10307;3;1
10311;2;1
10315;1;1
10318;1;0
10322;2;0
10326;2;0
10329;2;0
10333;2;0
10337;1;1
10340;2;0
10344;1;0
10347;4;0
10351;1;1
10355;2;0
10358;2;1
10362;1;0
10366;1;0
10369;2;2
10373;2;0
10377;2;1
10380;2;0
10384;3;0
10388;2;0
10391;3;0
10395;3;0
10399;0;1
10402;3;2
10406;3;1
10409;3;0
10413;2;0
10417;2;1
10420;2;0
10424;2;2
10428;2;0
10431;2;0
10435;0;0
10439;3;1
10442;2;0
10446;1;1
10450;1;0
10453;2;1
10457;2;0
10461;2;0
10464;2;0
10468;2;1
10471;2;0
10475;2;2
10479;1;1
10482;2;1
10486;1;0
10492;3;0
10493;2;1
10497;2;2
10501;0;1
10504;3;1
10508;2;1
10512;3;1
10515;2;0
10519;2;1
10522;1;0
10526;3;0
10530;1;0
10533;2;0
10537;1;0
10541;2;0
10544;2;0
10548;2;0
10552;4;2
10555;4;0
10559;2;1
10563;1;1
10566;1;0
10570;3;1
10574;4;1
10577;0;0
10581;2;2
10584;1;1
10588;1;0
10592;3;0
10595;2;2
10599;1;2
10603;3;1
10606;2;0
10610;3;1
10614;1;0
10617;2;1
10621;1;1
10625;3;1
10628;3;1
10632;1;0
10635;2;0
10639;1;2
10643;2;0
10646;0;1
10650;3;0
10654;3;0
10657;1;1
10661;1;1
10665;3;1
10668;4;2
10672;1;0
10678;2;1
10679;3;0
10683;2;0
10687;3;0
10690;1;0
10694;2;0
10697;2;1
10701;1;1
10705;3;0
10708;0;0
10712;2;0
10716;3;0
10719;1;1
10723;3;1
10727;3;0
10730;2;0
10734;2;1
10738;2;1
10741;2;0
10745;1;0
10748;1;1
10752;3;1
10756;2;2
10759;3;0
10763;1;3
10767;2;1
10770;2;0
10774;2;1
10778;1;0
10781;1;0
10785;2;0
10789;2;1
10792;2;1
10796;2;0
10800;2;0
10803;2;0
10807;2;0
10810;2;1
10814;1;0
10818;2;1
10821;3;0
10825;2;0
10829;2;0
10832;2;0
10836;1;1
10840;3;1
10843;2;0
10847;2;1
10851;1;1
10854;3;0
10858;2;1
10862;2;0
10867;3;0
10869;1;0
10872;1;0
10876;3;1
10880;0;1
10883;1;0
10887;2;0
10891;3;2
10894;3;2
10898;4;0
10902;2;0
10905;3;1
10909;1;0
10913;3;1
10916;2;0
10920;2;0
10923;2;1
10927;2;0
10931;2;0
10934;1;0
10938;2;0
10942;1;0
10945;2;1
10949;2;0
10953;2;1
10956;2;0
10960;2;0
10964;2;1
10967;3;0
10971;1;0
10975;2;2
10978;3;0
10982;1;0
10985;2;0
10989;2;0
10993;2;1
10996;2;1
11000;2;2
11004;2;2
11007;2;1
11011;3;1
11015;2;2
11018;3;0
11022;2;0
11026;2;1
11029;2;0
11033;2;2
11036;3;2
11040;2;0
11044;2;1
11047;3;2
11053;2;0
11055;2;1
11058;3;1
11062;2;1
11066;2;1
11069;3;2
11073;2;0
11077;2;0
11080;2;1
11084;2;1
11088;2;1
11091;2;0
11095;3;1
11098;2;1
11102;3;1
11106;2;0
11109;1;2
11113;4;0
11117;1;2
11120;2;0
11124;3;0
11128;3;0
11131;4;0
11135;4;0
11139;3;2
11142;3;1
11146;3;0
11149;2;0
11153;3;1
11157;3;1
11160;2;1
11164;1;0
11168;4;0
11171;2;0
11175;2;0
11179;3;0
11182;2;0
11186;3;1
11190;2;0
11193;4;1
11197;3;0
11201;3;2
11204;3;1
11208;2;0
11211;3;0
11215;3;1
11219;1;0
11222;1;2
11226;3;0
11230;2;2
11233;3;0
11239;1;1
11241;1;1
11244;2;1
11248;3;0
11252;2;0
11255;2;0
11259;3;0
11263;2;0
11266;3;0
11270;2;1
11273;2;2
11277;2;1
11281;3;1
11284;3;1
11288;2;0
11292;2;1
11295;3;0
11299;1;0
11303;3;2
11306;2;0
11310;2;0
11314;2;0
11317;2;1
11321;4;0
11324;2;1
11328;2;1
11332;2;1
11335;2;2
11339;4;1
11343;3;1
11346;2;0
11350;3;0
11354;2;1
11357;3;2
11361;2;0
11365;2;0
11368;1;2
11372;2;0
11376;2;1
11379;3;1
11383;2;1
11386;3;0
11390;3;2
11394;3;1
11397;2;1
11401;2;1
11405;3;0
11408;3;0
11412;2;1
11416;2;0
11419;4;1
11425;2;1
11427;4;1
11430;2;0
11434;4;0
11437;3;0
11441;4;0
11445;3;1
11448;3;1
11452;4;1
11456;4;0
11459;3;1
11463;4;1
11467;2;0
11470;5;1
11474;2;2
11478;1;2
11481;4;1
11485;3;0
11489;4;0
11492;3;1
11496;3;0
11499;2;1
11503;2;1
11507;1;0
11510;2;0
11514;2;1
11518;3;0
11521;3;0
11525;2;0
11529;2;1
11532;3;1
11536;2;1
11540;4;0
11543;2;0
11547;3;1
11551;3;0
11554;1;1
11558;3;0
11561;4;0
11565;3;1
11569;4;2
11572;2;0
11576;1;1
11580;2;2
11583;4;1
11587;2;0
11591;3;2
11594;1;0
11598;2;2
11602;3;1
11605;2;0
11611;2;1
11612;2;2
11616;3;1
11620;4;1
11623;2;0
11627;1;1
11631;4;2
11634;2;1
11638;3;0
11642;2;0
11645;2;2
11649;2;1
11653;3;0
11656;3;2
11660;1;1
11664;3;1
11667;1;0
11671;4;1
11674;2;0
11678;2;0
11682;3;1
11685;2;1
11689;1;0
11693;2;0
11696;5;2
11700;1;0
11704;4;2
11707;2;1
11711;1;0
11715;4;1
11718;3;0
11722;2;1
11725;4;0
11729;2;1
11733;4;2
11736;2;2
11740;2;1
11744;2;0
11747;1;0
11751;2;1
11755;3;2
11758;2;1
11762;3;1
11766;2;1
11769;1;0
11773;2;1
11777;2;1
11780;3;0
11784;1;0
11787;1;0
11791;2;1
11795;2;0
11801;2;0
11802;1;1
11806;3;0
11809;3;1
11813;3;1
11817;2;0
11820;2;0
11824;2;0
11828;4;0
11831;3;0
11835;3;1
11838;2;0
11842;2;1
11846;2;0
11849;3;0
11853;3;1
11857;4;0
11860;3;1
11864;2;2
11868;1;2
11871;3;0
11875;1;0
11879;3;0
11882;1;1
11886;3;0
11890;0;1
11893;2;0
11897;1;1
11900;2;0
11904;3;1
11908;3;1
11911;1;1
11915;2;1
11919;3;2
11922;3;1
11926;2;0
11930;3;0
11933;2;0
11937;3;0
11941;1;1
11944;2;1
11948;3;1
11952;2;0
11955;2;2
11959;2;0
11962;3;2
11966;1;0
11970;2;2
11973;1;1
11977;2;2
11981;1;1
11987;2;2
11988;3;2
11992;2;0
11995;2;0
11999;0;2
12003;1;0
12006;3;1
12010;2;0
12013;1;1
12017;3;0
12021;1;2
12024;2;2
12028;2;0
12032;3;1
12035;3;0
12039;3;2
12043;2;2
12046;3;2
12050;2;0
12054;3;1
12057;3;0
12061;1;0
12065;2;1
12068;2;1
12072;2;1
12075;2;0
12079;1;0
12083;2;1
12086;2;2
12090;2;0
12094;3;1
12097;2;0
12101;2;1
12105;2;1
12108;3;1
12112;3;1
12116;4;1
12119;1;0
12123;3;0
12126;3;0
12130;3;1
12134;2;1
12137;2;0
12141;2;0
12145;3;0
12148;2;0
12152;2;2
12156;3;0
12159;4;1
12163;2;0
12167;4;1
12172;2;2
12174;2;1
12178;3;2
12181;2;0
12185;3;1
12188;3;0
12192;1;0
12196;2;1
12199;2;1
12203;2;1
12207;2;0
12210;3;1
12214;2;0
12218;2;1
12221;2;0
12225;2;1
12229;3;1
12232;2;0
12236;2;1
12239;3;0
12243;4;1
12247;2;1
12250;2;0
12254;2;2
12258;3;1
12261;3;2
12265;2;1
12269;3;1
12272;2;1
12276;2;2
12280;3;1
12283;3;0
12287;2;0
12291;2;0
12294;2;1
12298;4;1
12301;2;0
12305;3;1
12309;3;2
12312;3;0
12316;3;1
12320;2;0
12323;2;1
12327;3;1
12331;3;2
12334;2;1
12338;1;0
12342;3;2
12345;2;1
12349;3;1
12353;3;0
12358;2;1
12360;3;0
12363;2;1
12367;3;2
12371;4;2
12374;3;1
12378;3;1
12382;2;0
12385;2;0
12389;2;0
12393;2;0
12396;3;2
12400;2;0
12404;1;1
12407;4;0
12411;2;2
12414;3;1
12418;3;1
12422;1;0
12425;2;0
12429;2;0
12433;1;1
12436;2;2
12440;2;2
12444;2;0
12447;5;0
12451;2;2
12455;3;0
12458;2;2
12462;2;2
12466;2;0
12469;2;0
12473;2;0
12476;3;1
12480;3;1
12484;2;1
12487;1;2
12491;2;0
12495;2;0
12498;2;0
12502;2;0
12506;3;1
12509;2;1
12513;1;1
12517;3;0
12520;2;0
12524;3;0
12527;2;2
12531;3;1
12535;2;0
12538;3;0
12544;2;1
12546;2;0
12549;2;1
12553;1;0
12557;4;2
12560;2;1
12564;2;0
12568;2;1
12571;3;2
12575;3;0
12579;2;0
12582;2;0
12586;1;0
12589;1;2
12593;3;1
12597;3;0
12600;2;1
12604;4;1
12608;3;1
12611;2;1
12615;3;2
12619;2;0
12622;1;0
12626;2;0
12630;2;0
12633;1;0
12637;2;0
12640;2;0
12644;3;0
12648;3;2
12651;2;3
12655;1;1
12659;3;1
12662;3;1
12666;3;1
12670;1;3
12673;3;1
12677;3;2
12681;1;1
12684;1;0
12688;4;0
12692;4;0
12695;2;1
12699;2;0
12702;3;0
12706;2;0
12710;2;2
12713;2;0
12717;3;0
12721;3;0
12724;3;1
12728;3;0
12734;2;1
12735;0;1
12739;2;2
12743;2;2
12746;2;0
12750;2;1
12754;2;0
12757;2;2
12761;2;0
12764;3;0
12768;3;2
12772;1;0
12775;2;1
12779;2;0
12783;3;1
12786;3;2
12790;4;1
12794;3;0
12797;3;1
12801;3;1
12805;2;0
12808;3;1
12812;2;0
12815;3;0
12819;3;2
12823;3;0
12826;3;1
12830;2;2
12834;2;0
12837;2;1
12841;1;0
12845;2;1
12848;2;0
12852;2;1
12856;2;1
12859;4;1
12863;3;2
12867;3;2
12870;2;1
12874;2;0
12877;2;0
12881;2;1
12885;1;0
12888;3;0
12892;2;2
12896;3;1
12899;2;0
12903;1;0
12907;2;1
12910;2;2
12914;1;1
12920;2;2
12921;3;0
12925;1;1
12928;2;1
12932;4;1
12936;3;0
12939;2;1
12943;0;1
12947;3;2
12950;3;1
12954;3;1
12958;2;1
12961;2;1
12965;2;1
12969;2;0
12972;4;2
12976;2;0
12980;3;2
12983;2;0
12987;0;0
12990;2;0
12994;3;0
12998;4;1
13001;3;0
13005;4;1
13009;3;2
13012;3;0
13016;2;0
13020;5;0
13023;2;1
13027;4;0
13031;1;2
13034;3;1
13038;3;0
13041;3;2
13045;3;0
13049;3;0
13052;1;0
13056;2;2
13060;3;0
13063;2;1
13067;3;0
13071;1;1
13074;1;2
13078;1;0
13082;2;0
13085;3;1
13089;2;0
13093;4;0
13096;3;1
13100;2;1
13131;3;1
13132;2;1
13132;1;0
13135;2;0
13138;2;0
13142;3;1
13146;2;1
13149;3;1
13153;3;0
13156;2;1
13160;2;0
13164;2;1
13167;2;0
13171;4;2
13175;3;0
13178;3;0
13182;3;0
13186;1;2
13189;2;0
13193;3;1
13197;2;1
13200;3;0
13204;3;0
13207;2;0
13211;2;0
13215;3;1
13218;2;1
13222;3;1
13226;2;0
13229;4;1
13233;2;0
13237;2;0
13240;2;3
13244;1;1
13248;3;2
13251;3;2
13255;3;0
13259;2;0
13262;1;1
13266;2;1
13269;2;2
13273;3;0
13277;2;0
13280;1;0
13284;1;0
13288;2;0
13291;3;1
13295;3;0
13299;1;0
13302;3;0
13306;1;2
13324;2;1
13325;1;0
13325;1;1
13328;2;0
13331;1;1
13335;2;2
13338;2;2
13342;2;0
13346;1;2
13349;3;3
13353;2;0
13357;3;1
13360;1;0
13364;2;0
13368;2;0
13371;2;1
13375;2;1
13379;2;1
13382;3;1
13386;2;1
13390;3;0
13393;4;0
13397;3;2
13400;2;0
13404;3;0
13408;2;0
13411;2;1
13415;2;1
13419;2;0
13422;3;1
13426;2;1
13430;0;0
13433;2;1
13437;2;1
13441;3;0
13444;3;1
13448;3;1
13452;3;1
13455;3;2
13459;2;1
13462;1;1
13466;2;0
13470;3;1
13473;2;1
13477;3;0
13481;1;1
13484;2;0
13488;3;1
13492;2;2
13495;2;0
13499;2;1
13505;4;0
13506;2;0
13510;2;1
13513;3;2
13517;4;1
13521;2;0
13524;2;2
13528;2;0
13532;2;0
13535;3;1
13539;3;0
13543;3;1
13546;3;1
13550;3;0
13554;4;1
13557;2;0
13561;2;0
13565;3;0
13568;3;0
13572;1;0
13575;3;0
13579;3;0
13583;2;0
13586;2;2
13590;2;0
13594;2;1
13597;2;1
13601;3;0
13605;1;1
13608;2;0
13612;2;0
13616;4;1
13619;2;0
13623;2;0
13626;3;0
13630;3;0
13634;2;0
13637;2;0
13641;1;2
13645;3;0
13648;2;1
13652;2;1
13656;4;0
13659;1;0
13663;2;2
13667;2;1
13670;3;0
13674;2;1
13678;2;1
13681;2;1
13685;3;1
13688;2;2
13694;1;0
13696;3;1
13699;1;0
13703;3;1
13707;3;0
13710;3;0
13714;3;0
13718;4;1
13721;3;1
13725;2;0
13729;2;2
13732;3;0
13736;1;0
13739;3;0
13743;2;1
13747;2;1
13750;1;1
13754;4;3
13758;4;0
13761;1;2
13765;2;0
13769;1;1
13772;3;0
13776;2;1
13780;2;1
13783;3;1
13787;1;1
13791;3;0
13794;3;1
13798;2;1
13801;1;0
13805;3;1
13809;3;1
13812;3;0
13816;3;1
13820;3;1
13823;2;0
13827;2;0
13831;1;1
13834;1;1
13838;2;1
13842;3;0
13845;2;2
13849;2;0
13853;2;1
13856;4;0
13860;3;0
13863;3;0
13867;4;1
13871;2;1
13874;2;3
13880;3;2
13882;2;1
13885;2;1
13889;2;0
13893;2;0
13896;2;2
13900;3;0
13904;2;1
13907;3;1
13911;0;2
13914;1;2
13918;2;1
13922;2;3
13925;4;1
13929;3;0
13933;3;1
13936;3;1
13940;2;1
13944;3;1
13947;2;1
13951;3;1
13955;3;1
13958;3;0
13962;2;1
13966;3;0
13969;2;1
13973;3;2
13976;2;2
13980;3;2
13984;4;0
13987;3;1
13991;1;0
13995;2;0
13998;3;0
14002;1;1
14006;1;1
14009;3;1
14013;3;0
14017;3;1
14020;2;1
14024;3;0
14027;2;0
14031;1;0
14035;2;0
14038;3;1
14042;2;1
14046;2;0
14049;2;1
14053;1;1
14057;0;1
14060;2;0
14066;2;0
14068;2;1
14071;2;0
14075;3;2
14079;3;0
14082;3;1
14086;3;1
14089;3;0
14093;3;1
14097;3;1
14100;3;1
14104;3;0
14108;2;0
14111;2;0
14115;2;1
14119;2;2
14122;2;2
14126;3;1
14130;2;2
14133;1;0
14137;2;1
14140;1;0
14144;2;2
14148;2;1
14151;2;0
14155;1;1
14159;2;1
14162;3;0
14166;2;0
14170;3;1
14173;3;0
14177;2;1
14181;2;2
14184;2;0
14188;3;0
14192;2;0
14195;1;1
14199;3;0
14202;3;1
14206;3;0
14210;3;1
14213;3;0
14217;3;0
14221;3;0
14224;3;0
14228;4;1
14232;3;1
14235;3;0
14239;1;0
14243;2;0
14246;2;1
14252;2;1
14254;3;1
14257;3;2
14261;4;1
14264;3;2
14268;3;0
14272;3;1
14275;3;1
14279;2;0
14283;2;1
14286;2;1
14290;3;1
14294;3;1
14297;4;0
14301;3;0
14305;2;0
14308;1;1
14312;2;2
14315;1;1
14319;2;1
14323;2;0
14326;3;0
14330;2;0
14334;2;1
14337;3;1
14341;2;1
14345;3;2
14348;4;0
14352;2;0
14356;2;0
14359;3;3
14363;3;1
14367;1;0
14370;2;0
14374;2;1
14377;3;2
14381;2;1
14385;3;1
14388;4;1
14392;2;1
14396;3;0
14399;2;1
14403;3;0
14407;2;1
14410;0;2
14414;3;1
14418;2;1
14421;4;1
14425;4;1
14428;3;1
14432;2;0
14438;3;0
14439;2;0
14443;3;1
14447;2;2
14450;2;1
14454;3;0
14458;2;1
14461;2;2
14465;3;0
14469;2;2
14472;2;1
14476;2;1
14480;2;1
14483;3;0
14487;2;0
14490;3;0
14494;2;0
14498;2;0
14501;2;0
14505;2;0
14509;2;2
14512;2;0
14516;3;2
14520;1;1
14523;1;1
14527;2;0
14531;1;0
14534;2;0
14538;3;0
14541;3;1
14545;2;1
14549;1;0
14552;2;2
14556;2;1
14560;3;0
14563;2;0
14567;2;0
14571;2;0
14574;2;0
14578;0;0
14582;3;1
14585;2;1
14589;2;0
14593;2;2
14596;1;1
14600;1;0
14603;2;0
14607;2;1
14611;3;0
14614;0;2
14618;2;1
14622;1;0
14628;1;2
14629;1;1
14633;2;0
14636;2;1
14640;2;0
14644;3;1
14647;2;0
14651;2;0
14655;2;0
14658;2;1
14662;2;0
14665;2;0
14669;2;1
14673;2;2
14676;1;0
14680;4;1
14684;2;0
14687;1;0
14691;1;0
14695;3;0
14698;1;1
14702;2;2
14706;2;0
14709;3;0
14713;3;0
14716;2;1
14720;3;0
14724;3;0
14727;2;1
14731;1;0
14735;3;0
14738;3;1
14742;3;1
14746;2;1
14749;2;2
14753;2;1
14757;0;2
14760;2;0
14764;1;0
14768;1;1
14771;2;0
14775;3;0
14778;3;0
14782;2;0
14786;1;1
14789;3;1
14793;2;0
14797;1;0
14800;2;2
14804;2;1
14808;1;0
14814;2;1
14815;2;0
14819;3;0
14822;3;0
14826;2;0
14829;1;0
14833;3;0
14837;0;1
14840;1;0
14844;3;1
14848;2;0
14851;0;1
14855;2;1
14859;2;0
14862;0;1
14866;2;0
14870;2;0
14873;1;0
14877;2;0
14881;2;0
14884;3;0
14888;2;0
14891;1;1
14895;3;1
14899;2;1
14902;2;1
14906;2;0
14910;2;0
14913;2;2
14917;2;2
14921;2;0
14924;3;0
14928;2;0
14932;3;0
14935;2;1
14939;4;0
14942;2;0
14946;2;0
14950;1;1
14953;0;0
14957;1;0
14961;3;0
14964;1;0
14968;2;1
14972;1;1
14975;3;1
14979;2;0
14983;1;0
14986;2;0
14990;2;0
14994;1;2
15000;2;0
15001;2;0
15004;1;1
15008;3;0
15012;0;1
15015;1;1
15019;3;1
15023;2;1
15026;1;0
15030;2;0
15034;2;0
15037;1;0
15041;1;0
15045;1;2
15048;3;1
15052;3;0
15056;2;0
15059;3;0
15063;1;0
15066;2;1
15070;3;0
15074;1;0
15077;3;0
15081;2;0
15085;2;0
15088;2;0
15092;2;0
15096;3;0
15099;2;1
15103;2;1
15107;3;1
15110;2;0
15114;3;1
15117;2;0
15121;1;0
15125;4;1
15128;1;1
15132;2;1
15136;2;2
15139;2;0
15143;3;0
15147;1;0
15150;2;0
15154;2;0
15158;3;0
15161;1;0
15165;2;2
15169;2;0
15172;3;2
15176;3;0
15179;1;0
15185;3;1
15187;2;0
15190;3;2
15194;2;0
15198;1;2
15201;1;0
15205;2;0
15209;2;1
15212;1;2
15216;2;2
15220;2;1
15223;3;0
15227;2;0
15230;3;0
15234;2;2
15238;3;1
15241;3;1
15245;2;0
15249;2;1
15252;1;0
15256;2;1
15260;1;0
15263;2;1
15267;1;1
15271;2;0
15274;2;1
15278;3;0
15282;0;1
15285;3;2
15289;3;1
15292;3;1
15296;2;1
15300;2;1
15303;2;2
15307;2;2
15311;2;0
15314;1;2
15318;2;1
15322;1;1
15325;3;0
15329;2;0
15333;4;0
15336;1;1
15340;2;0
15344;2;1
15347;1;0
15351;3;1
15354;2;0
15358;1;1
15362;2;0
15365;3;0
15371;1;1
15373;2;0
15376;2;0
15380;1;2
15384;2;3
15387;2;0
15391;2;0
15395;3;0
15398;2;2
15402;3;1
15405;3;0
15409;2;1
15413;2;0
15416;3;0
15420;2;0
15424;2;2
15427;2;0
15431;2;0
15435;2;0
15438;2;1
15442;2;0
15446;2;0
15449;2;0
15453;3;0
15457;3;0
15460;1;0
15464;2;0
15467;3;2
15471;2;1
15475;2;1
15478;2;1
15482;3;0
15486;2;0
15489;1;0
15493;3;0
15497;1;0
15500;3;1
15504;3;0
15508;1;1
15511;2;1
15515;3;0
15518;2;0
15522;3;1
15526;1;1
15529;0;0
15533;1;0
15537;1;1
15540;2;0
15544;2;0
15548;3;2
15551;1;2
15555;2;0
15561;2;1
15562;2;0
15566;2;1
15570;2;0
15573;2;0
15577;2;0
15580;2;0
15584;2;0
15588;2;1
15591;3;0
15595;2;0
15599;1;1
15602;3;2
15606;4;0
15610;2;0
15613;4;0
15617;2;1
15621;4;0
15624;0;1
15628;2;0
15631;2;1
15635;3;0
15639;2;0
15642;2;0
15646;2;1
15650;2;0
15653;2;1
15657;2;1
15661;1;1
15664;2;1
15668;2;1
15672;2;0
15675;1;0
15679;2;1
15683;2;1
15686;3;1
15690;3;0
15693;3;0
15697;2;1
15701;1;1
15704;2;1
15708;1;0
15712;3;1
15715;3;0
15719;1;1
15723;2;1
15726;2;0
15730;1;0
15734;3;1
15737;1;1
15741;2;2
15747;2;0
15748;3;1
15752;0;0
15755;2;2
15759;3;0
15763;2;2
15766;2;1
15770;0;1
15774;1;1
15777;1;2
15781;2;1
15785;4;0
15788;2;0
15792;3;0
15796;2;0
15799;3;0
15803;3;1
15806;2;1
15810;2;0
15814;1;0
15817;1;0
15821;3;1
15825;1;0
15828;3;0
15832;2;0
15836;0;0
15839;0;0
15843;2;1
15847;2;0
15850;1;1
15854;2;0
15858;0;0
15861;2;1
15865;2;0
15868;3;2
15872;2;0
15876;3;1
15879;2;1
15883;2;0
15887;1;1
15890;2;0
15894;3;1
15898;3;1
15901;3;0
15905;1;0
15909;2;0
15912;3;2
15916;2;0
15919;2;0
15923;2;0
15927;2;1
15961;3;0
15961;1;0
15961;1;1
15964;2;1
15968;2;1
15972;1;0
15975;3;0
15979;1;1
15983;4;0
15986;3;0
15990;2;1
15993;3;0
15997;2;2
16001;2;0
16004;2;1
16008;3;0
16012;2;1
16015;2;0
16019;2;1
16023;1;0
16026;2;1
16030;4;1
16034;1;2
16037;2;0
16041;3;1
16044;3;0
16048;2;0
16052;2;0
16055;3;0
16059;2;0
16063;4;1
16066;3;0
16070;2;1
16074;2;1
16077;2;1
16081;3;1
16085;4;1
16088;1;0
16092;2;1
16096;1;1
16099;1;1
16103;1;2
16106;2;1
16110;2;1
16114;1;0
16117;2;0
16121;1;0
16125;2;1
16128;2;2
16132;2;1
16136;1;0
16141;3;1
16143;1;1
16147;3;0
16150;3;0
16154;3;2
16157;3;2
16161;2;0
16165;3;0
16168;1;1
16172;1;1
16176;2;1
16179;2;2
16183;2;0
16187;1;1
16190;1;0
16194;1;2
16198;2;0
16201;4;0
16205;1;1
16209;1;0
16212;2;0
16216;2;0
16219;2;0
16223;3;0
16227;2;0
16230;1;0
16234;3;2
16238;2;0
16241;2;1
16245;2;2
16249;2;0
16252;2;1
16256;3;2
16260;1;2
16263;2;1
16267;2;1
16270;2;1
16274;2;1
16278;2;1
16281;3;1
16285;2;1
16289;2;0
16292;3;0
16296;2;1
16300;3;0
16303;2;0
16307;2;1
16311;3;0
16314;2;0
16318;3;0
16322;2;2
16327;2;0
16329;2;1
16332;1;1
16336;2;1
16340;2;0
16343;0;0
16347;1;2
16351;2;1
16354;2;1
16358;2;0
16362;3;0
16365;0;2
16369;1;1
16373;2;1
16376;3;0
16380;3;0
16384;1;2
16387;2;1
16391;3;0
16394;1;1
16398;2;1
16402;1;0
16405;3;1
16409;3;2
16413;4;0
16416;2;1
16420;1;1
16424;2;1
16427;2;2
16431;4;0
16435;3;1
16438;4;0
16442;1;1
16445;2;0
16449;3;0
16453;2;0
16456;1;1
16460;1;0
16464;2;0
16467;3;0
16471;2;0
16475;2;2
16478;2;1
16482;2;0
16486;2;2
16489;2;1
16493;1;1
16497;2;0
16500;2;1
16504;2;0
16507;2;0
16511;2;1
16517;2;1
16518;2;2
16522;1;1
16526;2;0
16529;2;0
16533;0;0
16537;3;1
16540;1;1
16544;3;1
16548;3;0
16551;3;1
16555;3;1
16558;3;1
16562;2;0
16566;2;2
16569;1;0
16573;3;0
16577;2;1
16580;1;2
16584;3;2
16588;3;2
16591;2;0
16595;3;1
16599;0;2
16602;3;0
16606;3;0
16610;2;1
16613;0;0
16617;1;1
16620;2;1
16624;2;0
16628;2;0
16631;2;0
16635;1;0
16639;1;1
16642;2;0
16646;4;0
16650;4;1
16653;2;0
16657;3;1
16661;2;1
16664;3;0
16668;3;0
16671;3;0
16675;2;2
16679;2;1
16682;2;1
16686;1;2
16690;1;0
16693;2;0
16697;3;0
16703;3;1
16704;1;2
16708;1;0
16712;1;1
16715;3;2
16719;2;0
16723;4;1
16726;3;1
16730;2;0
16733;2;1
16737;2;1
16741;3;0
16744;1;1
16748;2;1
16752;3;1
16755;3;0
16759;1;0
16763;3;1
16766;2;1
16770;3;0
16774;2;0
16777;3;0
16781;3;1
16785;3;1
16788;3;0
16792;2;1
16795;2;0
16799;2;0
16803;2;0
16806;2;0
16810;3;1
16814;2;0
16817;3;1
16821;2;0
16825;4;1
16828;1;0
16832;2;0
16836;3;0
16839;1;1
16843;1;1
16846;2;0
16850;1;0
16854;3;1
16857;2;0
16861;2;1
16865;2;0
16868;3;0
16872;3;1
16876;2;1
16879;2;1
16883;1;0
16889;1;0
16890;2;0
16894;3;0
16898;4;0
16901;3;1
16905;1;0
16908;3;0
16912;2;1
16916;2;1
16919;2;0
16923;2;2
16927;2;0
16930;3;0
16934;3;2
16938;2;0
16941;1;1
16945;3;0
16949;2;0
16952;1;1
16956;0;1
16959;1;1
16963;4;0
16967;3;1
16970;3;1
16974;2;0
16978;2;0
16981;2;0
16985;2;0
16989;3;0
16992;2;0
16996;2;1
17000;3;0
17003;2;0
17007;3;0
17011;1;1
17014;1;1
17018;3;0
17021;3;0
17025;2;0
17029;2;0
17032;2;1
17036;1;1
17040;1;0
17043;2;0
17047;3;0
17051;2;0
17054;1;0
17058;2;0
17062;2;2
17065;2;1
17069;3;0
17075;1;1
17076;2;1
17080;2;1
17083;1;1
17087;3;0
17091;2;0
17094;2;0
17098;1;0
17102;2;1
17105;3;1
17109;2;0
17113;2;1
17116;2;2
17120;3;0
17124;1;0
17127;2;1
17131;2;0
17134;1;1
17138;2;0
17142;2;0
17145;1;2
17149;2;0
17153;2;1
17156;3;0
17160;2;0
17164;2;1
17167;2;2
17171;3;0
17175;1;0
17178;3;0
17182;4;0
17186;3;2
17189;4;1
17193;1;1
17196;0;0
17200;1;1
17204;2;1
17207;1;0
17211;1;1
17215;1;1
17218;3;0
17222;3;1
17226;2;1
17229;2;0
17233;4;1
17237;2;0
17240;2;0
17244;1;2
17247;3;0
17251;4;1
17255;3;0
17261;1;0
17262;0;0
17266;1;2
17269;2;0
17273;2;1
17277;1;1
17280;2;1
17284;3;0
17288;2;2
17291;1;0
17295;3;0
17299;1;0
17302;1;0
17306;2;0
17309;3;0
17313;3;0
17317;1;1
17320;2;0
17324;3;0
17328;2;2
17331;2;1
17335;3;2
17339;2;1
17342;1;2
17346;2;1
17350;1;2
17353;4;2
17357;4;0
17360;3;0
17364;2;1
17368;2;0
17371;1;2
17375;3;0
17379;2;2
17382;2;1
17386;3;0
17390;3;0
17393;2;2
17397;2;1
17401;3;1
17404;2;1
17408;1;1
17412;1;1
17415;2;1
17419;2;0
17422;1;0
17426;2;1
17430;2;1
17433;4;2
17437;1;0
17441;3;0
17444;2;1
17450;0;2
17452;4;1
17455;1;1
17459;2;2
17463;1;0
17466;2;1
17470;2;0
17473;3;1
17477;3;1
17481;1;0
17484;3;1
17488;3;2
17492;1;0
17495;3;2
17499;1;1
17503;3;0
17506;2;0
17510;2;0
17514;3;0
17517;3;0
17521;2;0
17525;1;0
17528;1;1
17532;1;0
17535;2;1
17539;2;0
17543;2;0
17546;1;0
17550;2;1
17554;1;0
17557;1;0
17561;4;0
17565;3;1
17568;4;1
17572;2;0
17576;1;0
17579;2;1
17583;3;0
17587;0;1
17590;0;2
17594;2;0
17597;2;0
17601;3;0
17605;3;0
17608;1;0
17612;3;0
17616;2;0
17619;3;0
17623;2;0
17627;3;1
17630;4;0
17636;3;1
17638;2;0
17641;1;0
17645;2;1
17648;2;1
17652;2;0
17656;3;0
17659;3;2
17663;2;1
17667;1;1
17670;2;0
17674;2;1
17678;2;0
17681;2;1
17685;1;0
17689;2;1
17692;4;0
17696;3;2
17700;1;1
17703;2;1
17707;2;0
17710;2;0
17714;2;1
17718;3;0
17721;3;2
17725;0;0
17729;4;1
17732;2;0
17736;1;1
17740;3;1
17743;3;1
17747;3;0
17751;0;1
17754;4;0
17758;2;0
17761;3;1
17765;3;1
17769;2;0
17772;2;2
17776;2;1
17780;2;1
17783;1;0
17787;2;1
17791;2;0
17794;3;0
17798;1;0
17802;2;0
17805;3;0
17809;0;0
17813;2;0
17816;2;1
17822;2;1
17823;3;0
17827;2;0
17831;2;0
17834;3;0
17838;0;0
17842;3;0
17845;3;2
17849;3;0
17853;2;2
17856;3;2
17860;2;0
17864;2;0
17867;3;0
17871;3;0
17874;1;0
17878;1;1
17882;1;1
17885;2;0
17889;1;1
17893;2;0
17896;3;0
17900;1;0
17904;2;0
17907;2;0
17911;1;0
17915;3;2
17918;2;1
17922;2;1
17926;1;0
17929;2;0
17933;1;0
17936;0;0
17940;1;0
17944;0;0
17947;2;0
17951;3;0
17955;1;1
17958;1;0
17962;0;1
17966;1;0
17969;3;2
17973;3;0
17977;4;0
17980;0;0
17984;2;0
17988;1;0
17991;2;1
17995;1;0
17998;2;1
18002;1;0
18008;2;1
18009;2;0
18013;3;0
18017;2;0
18020;2;0
18024;2;0
18028;2;0
18031;2;2
18035;2;0
18039;2;0
18042;2;0
18046;2;2
18049;1;1
18053;2;1
18057;3;1
18060;3;1
18064;1;0
18068;1;0
18071;1;1
18075;1;2
18079;2;0
18082;3;0
18086;2;1
18090;2;0
18093;2;1
18097;2;1
18101;2;1
18104;3;0
18108;2;0
18111;4;1
18115;1;0
18119;0;2
18122;3;1
18126;2;1
18130;0;0
18133;2;0
18137;2;1
18141;2;1
18144;1;0
18148;3;0
18152;1;2
18155;3;2
18159;2;2
18162;1;0
18166;2;0
18170;1;0
18173;0;0
18177;1;0
18181;2;0
18184;1;0
18188;3;0
18194;1;0
18195;1;1
18199;2;1
18203;1;2
18206;2;0
18210;3;1
18214;1;1
18217;2;1
18221;2;0
18224;2;0
18228;2;1
18232;1;0
18235;3;0
18239;2;1
18243;1;1
18246;1;0
18250;2;1
18254;2;0
18257;4;0
18261;3;1
18265;3;0
18268;2;2
18272;1;0
18276;3;0
18279;1;1
18283;1;1
18286;1;0
18290;2;2
18294;2;1
18297;1;1
18301;2;0
18305;2;1
18308;2;0
18312;2;0
18316;2;0
18319;1;0
18323;2;0
18327;2;1
18330;1;0
18334;2;2
18337;4;0
18341;1;1
18345;1;0
18348;1;0
18352;2;0
18356;2;1
18359;2;2
18363;1;1
18367;1;0
18370;1;1
18374;1;1
18378;2;0
18383;3;1
18385;2;0
18389;2;1
18392;2;0
18396;1;1
18399;1;2
18403;3;0
18407;2;0
18410;3;1
18414;2;0
18418;3;1
18421;1;0
18425;2;0
18429;3;0
18432;3;1
18436;2;2
18440;3;0
18443;2;1
18447;4;1
18450;2;1
18454;2;0
18458;1;2
18461;4;1
18465;1;0
18469;3;1
18472;2;0
18476;2;1
18480;2;1
18483;2;1
18487;3;1
18491;1;2
18494;3;0
18498;3;1
18502;2;1
18505;2;1
18509;1;1
18512;3;0
18516;2;0
18520;3;2
18523;4;0
18527;2;1
18531;2;0
18534;2;1
18538;2;0
18542;2;0
18545;3;1
18549;2;0
18553;3;0
18556;0;0
18560;2;0
18563;2;1
18569;2;0
18571;3;1
18574;1;0
18578;3;2
18582;2;0
18585;1;1
18589;1;0
18593;3;0
18596;3;1
18600;1;1
18604;1;0
18607;1;1
18611;3;1
18615;2;1
18618;1;1
18622;4;1
18625;2;3
18629;2;0
18633;2;0
18636;1;0
18640;2;0
18644;1;0
18647;2;0
18651;4;0
18655;2;0
18658;3;1
18662;2;2
18666;4;0
18669;2;1
18673;2;1
18677;2;2
18680;2;1
18684;1;1
18687;3;1
18691;2;1
18695;4;0
18698;2;0
18702;2;1
18706;2;1
18709;3;0
18713;1;0
18717;2;0
18720;2;1
18724;2;1
18728;1;1
18731;2;1
18735;3;2
18738;2;1
18742;2;1
18746;1;0
18749;1;1
18755;0;1
18757;2;2
18760;1;0
18764;2;1
18768;0;1
18771;1;1
18775;3;0
18779;3;0
18782;2;0
18786;2;0
18790;2;0
18793;4;1
18797;3;0
18800;1;1
18804;2;1
18808;1;0
18811;1;0
18815;3;2
18819;3;1
18822;1;2
18826;3;0
18830;1;0
18833;1;0
18837;3;0
18841;2;1
18844;2;0
18848;3;1
18851;2;1
18855;3;0
18859;2;2
18862;2;1
18866;2;1
18870;2;0
18873;3;0
18877;2;1
18881;2;0
18884;3;0
18888;3;0
18892;2;1
18895;2;1
18899;3;2
18903;2;1
18906;2;0
18910;2;1
18913;2;0
18917;2;1
18921;1;1
18924;2;1
18928;2;2
18932;2;0
18935;1;0
18941;1;2
18943;2;0
18946;1;0
18950;3;1
18954;2;0
18957;3;1
18961;3;1
18964;2;1
18968;1;2
18972;2;0
18975;3;0
18979;3;0
18983;3;0
18986;2;1
18990;3;0
18994;3;1
18997;0;0
19001;2;0
19005;2;1
19008;1;1
19012;1;0
19016;2;1
19019;1;0
19023;1;0
19026;2;1
19030;2;2
19034;2;2
19037;1;2
19041;3;1
19045;1;0
19048;2;0
19052;1;0
19056;2;0
19059;2;0
19063;2;0
19067;2;2
19070;2;0
19074;2;1
19078;3;1
19081;1;0
19085;0;0
19088;2;0
19092;2;2
19096;4;2
19099;1;1
19103;4;1
19107;2;1
19110;1;2
19114;2;0
19118;2;0
19121;1;0
19127;2;1
19129;3;1
19132;2;0
19136;2;0
19139;3;0
19143;2;0
19147;1;1
19150;3;2
19154;3;0
19158;2;0
19161;2;0
19165;3;0
19169;2;0
19172;2;2
19176;3;0
19180;2;0
19183;2;1
19187;2;0
19191;2;1
19194;1;0
19198;2;0
19201;2;0
19205;2;2
19209;3;0
19212;2;0
19216;1;0
19220;0;1
19223;1;0
19227;1;2
19231;1;0
19234;3;0
19238;2;0
19242;2;0
19245;3;0
19249;2;1
19252;2;0
19256;2;0
19260;2;1
19263;2;1
19267;2;0
19271;2;0
19274;3;0
19278;2;2
19282;3;1
19285;2;0
19289;3;0
19293;2;2
19296;2;0
19300;3;0
19304;2;0
19307;0;2
19311;2;2
19317;2;2
19318;3;1
19322;2;2
19325;1;0
19329;2;1
19333;2;0
19336;1;0
19340;1;0
19344;3;1
19347;3;1
19351;1;0
19355;2;1
19358;2;0
19362;2;2
19365;3;0
19369;2;0
19373;1;1
19376;2;2
19380;3;0
19384;1;2
19387;2;1
19391;1;0
19395;2;1
19398;2;0
19402;2;0
19406;3;0
19409;3;0
19413;2;1
19417;4;0
19420;1;1
19424;3;2
19427;2;1
19431;2;1
19435;3;1
19438;3;2
19442;2;1
19446;2;1
19449;2;1
19453;3;0
19457;4;1
19460;2;1
19464;2;0
19468;2;0
19471;1;1
19475;2;0
19479;3;1
19482;1;0
19486;1;0
19489;1;1
19493;2;1
19497;3;2
19503;3;2
19504;2;0
19508;1;1
19511;3;1
19515;0;0
19519;1;0
19522;1;0
19526;4;1
19530;3;0
19533;2;2
19537;0;1
19540;2;0
19544;3;0
19548;2;1
19551;2;0
19555;1;1
19559;2;0
19562;3;1
19566;3;1
19570;2;1
19573;2;0
19577;2;0
19581;3;1
19584;2;0
19588;1;0
19592;2;1
19595;2;0
19599;2;1
19602;0;1
19606;1;0
19610;1;0
19613;2;1
19617;3;0
19621;2;0
19624;2;1
19628;0;1
19632;2;2
19635;1;2
19639;3;0
19643;4;0
19646;1;0
19650;2;0
19653;2;0
19657;2;1
19661;3;0
19664;2;1
19668;3;0
19672;2;0
19675;2;1
19679;1;0
19683;1;0
19688;2;1
19690;2;0
19694;2;0
19697;2;0
19701;3;0
19705;1;1
19708;2;2
19712;2;1
19715;1;0
19719;2;0
19723;1;0
19726;2;0
19730;0;0
19734;3;0
19737;2;1
19741;1;1
19745;2;0
19748;3;0
19752;3;1
19756;3;1
19759;2;0
19763;1;1
19766;2;0
19770;2;1
19774;2;0
19777;2;0
19781;2;0
19785;2;1
19788;2;0
19792;2;2
19796;1;1
19799;2;0
19803;1;0
19807;1;2
19810;3;1
19814;1;0
19818;2;0
19821;2;0
19825;2;2
19828;3;0
19832;3;2
19836;1;1
19839;0;2
19843;2;0
19847;3;2
19850;2;2
19854;2;1
19858;2;0
19861;2;0
19865;2;1
19869;2;0
19874;3;2
19876;3;1
19880;4;0
19883;2;2
19887;2;2
19890;3;0
19894;2;1
19898;2;0
19901;1;0
19905;2;1
19909;2;1
19912;2;1
19916;3;1
19920;4;1
19923;2;0
19927;1;0
19931;1;1
19934;3;0
19938;2;0
19941;0;2
19945;0;0
19949;1;0
19952;2;0
19956;3;0
19960;2;0
19963;2;1
19967;1;0
19971;2;1
19974;3;0
19978;4;1
19982;1;2
19985;1;1
19989;6;0
19993;2;0
19996;2;0
20000;0;0
20003;4;0
20007;1;0
20011;2;0
20014;3;0
20018;3;0
20022;1;3
20025;2;0
20029;1;0
20033;1;1
20036;3;2
20040;4;0
20044;2;0
20047;2;0
20051;2;2
20054;2;1
20060;2;1
20062;2;1
20065;4;0
20069;3;1
20073;2;1
20076;2;0
20080;3;1
20084;3;0
20087;2;2
20091;4;1
20095;2;2
20098;1;1
20102;2;0
20106;1;0
20109;2;1
20113;2;1
20116;3;0
20120;0;0
20124;2;0
20127;4;1
20131;2;0
20135;2;1
20138;2;1
20142;4;1
20146;3;1
20149;2;0
20153;3;1
20157;1;1
20160;2;1
20164;1;0
20167;3;0
20171;2;1
20175;2;0
20178;2;1
20182;2;0
20186;1;1
20189;2;0
20193;4;0
20197;3;1
20200;1;0
20204;3;0
20208;2;1
20211;2;1
20215;2;0
20219;2;1
20222;2;0
20226;1;1
20229;3;0
20233;3;1
20237;3;3
20240;2;0
20244;3;0
20250;1;0
20251;3;0
20255;2;0
20259;3;1
20262;2;0
20266;1;0
20270;1;0
20273;3;2
20277;2;0
20281;2;0
20284;2;1
20288;2;0
20291;2;1
20295;3;2
20299;2;1
20302;0;2
20306;1;1
20310;2;1
20313;2;0
20317;2;1
20321;3;1
20324;3;0
20328;0;1
20332;3;3
20335;3;0
20339;2;1
20342;3;0
20346;2;1
20350;2;0
20353;3;0
20357;2;1
20361;2;1
20364;2;0
20368;4;0
20372;3;0
20375;2;1
20379;2;1
20383;1;0
20386;2;0
20390;3;2
20394;2;0
20397;1;0
20401;2;0
20404;2;0
20408;0;0
20412;2;1
20415;1;0
20419;2;0
20423;4;1
20426;2;0
20430;2;0
20436;3;2
20437;1;1
20441;1;1
20445;3;0
20448;2;0
20452;2;0
20455;1;0
20459;2;0
20463;2;0
20466;1;0
20470;2;0
20474;2;0
20477;2;0
20481;2;1
20485;2;0
20488;3;0
20492;3;0
20496;2;1
20499;2;0
20503;3;0
20507;4;2
20510;3;0
20514;2;0
20517;0;2
20521;2;1
20525;0;1
20528;1;0
20532;1;1
20536;1;2
20539;2;1
20543;2;0
20547;2;1
20550;2;0
20554;1;1
20558;2;0
20561;1;0
20565;2;1
20569;3;0
20572;3;0
20576;3;1
20579;3;1
20583;2;0
20587;2;2
20590;3;0
20594;2;0
20598;2;0
20601;1;0
20605;3;0
20609;2;0
20612;2;0
20616;3;1
20622;3;0
20623;1;0
20627;3;2
20630;2;0
20634;1;1
20638;4;2
20641;2;0
20645;3;0
20649;1;0
20652;0;1
20656;2;2
20660;2;0
20663;2;0
20667;2;1
20671;2;0
20674;1;1
20678;2;2
20682;3;0
20685;1;1
20689;2;1
20692;2;1
20696;1;1
20700;2;0
20703;3;0
20707;1;1
20711;2;0
20714;3;1
20718;2;2
20722;2;1
20725;2;2
20729;2;0
20733;0;2
20736;2;1
20740;0;1
20743;2;1
20747;3;0
20751;0;1
20754;3;0
20758;3;1
20762;2;0
20765;2;0
20769;3;2
20773;2;0
20776;2;0
20780;2;0
20784;4;0
20787;2;0
20791;3;0
20795;2;0
20798;3;0
20802;2;1
20808;2;1
20809;3;0
20813;0;0
20816;3;1
20820;1;1
20824;2;0
20827;2;1
20831;2;2
20835;3;0
20838;3;0
20842;2;1
20846;2;0
20849;2;0
20853;3;0
20856;1;1
20860;2;0
20864;2;2
20867;2;0
20871;2;0
20875;3;1
20878;2;1
20882;3;1
20886;3;0
20889;2;1
20893;3;2
20897;2;1
20900;2;2
20904;2;0
20908;1;0
20911;3;1
20915;2;1
20918;2;0
20922;1;1
20926;1;2
20929;3;0
20933;5;1
20937;2;0
20940;3;0
20944;2;0
20948;2;0
20951;2;1
20955;3;0
20959;1;1
20962;2;1
20966;1;0
20970;1;0
20973;3;0
20977;1;2
20980;1;0
20984;2;1
20988;2;1
20994;2;1
20995;2;1
20999;1;1
21002;2;1
21006;2;0
21010;2;1
21013;2;1
21017;2;2
21021;2;0
21024;2;0
21028;2;0
21031;2;0
21035;1;0
21039;1;2
21042;1;1
21046;1;1
21050;3;1
21053;2;1
21057;2;1
21061;3;0
21064;3;2
21068;3;1
21072;2;0
21075;2;2
21079;3;2
21083;3;0
21086;1;0
21090;0;1
21093;1;0
21097;2;0
21101;1;2
21104;2;0
21108;3;1
21112;3;1
21115;2;0
21119;2;0
21123;2;0
21126;2;0
21130;3;0
21134;2;0
21137;2;0
21141;3;1
21144;2;0
21148;2;1
21152;1;1
21155;1;0
21159;2;2
21163;1;1
21166;3;1
21170;2;0
21174;2;0
21177;2;1
21183;2;1
21185;2;0
21188;2;1
21192;1;2
21196;3;0
21199;3;2
21203;2;0
21206;1;0
21210;1;1
21214;2;1
21217;3;0
21221;2;2
21225;2;2
21228;1;0
21232;4;1
21236;3;0
21239;1;2
21243;2;2
21247;3;0
21250;1;1
21254;2;0
21257;3;1
21261;3;0
21265;2;0
21268;1;1
21272;3;0
21276;2;0
21279;3;0
21283;0;1
21287;1;0
21290;1;1
21294;3;1
21298;3;0
21301;3;1
21305;2;0
21309;2;0
21312;1;0
21316;1;0
21319;1;1
21323;1;1
21327;2;0
21330;2;1
21334;4;1
21338;3;2
21341;1;0
21345;2;2
21349;2;0
21352;2;0
21356;2;1
21360;2;0
21363;2;1
21369;2;0
21371;1;1
21374;2;2
21378;2;0
21381;2;2
21385;2;0
21389;3;0
21392;0;0
21396;1;0
21400;2;0
21403;3;1
21407;1;1
21411;2;0
21414;3;1
21418;1;0
21422;2;1
21425;3;1
21429;2;0
21432;1;1
21436;3;0
21440;3;1
21443;2;0
21447;2;1
21451;1;1
21454;4;1
21458;4;1
21462;2;1
21465;3;0
21469;2;1
21473;2;0
21476;1;2
21480;3;1
21484;3;0
21487;2;2
21491;3;0
21494;2;1
21498;3;2
21502;2;0
21505;3;1
21509;2;0
21513;1;0
21516;0;0
21520;2;1
21524;2;0
21527;4;1
21531;2;0
21535;1;2
21538;2;0
21542;2;0
21545;3;1
21549;2;2
21555;3;2
21556;4;0
21560;2;0
21564;1;2
21567;2;1
21571;2;0
21575;1;0
21578;3;2
21582;2;2
21586;2;1
21589;2;0
21593;2;1
21597;2;0
21600;2;1
21604;2;0
21607;3;3
21611;3;1
21615;2;2
21618;2;1
21622;2;0
21626;4;0
21629;1;1
21633;2;0
21637;0;0
21640;1;0
21644;2;0
21648;2;1
21651;2;0
21655;2;0
21658;3;1
21662;3;1
21666;2;1
21669;3;0
21673;1;1
21677;2;1
21680;2;1
21684;3;1
21688;2;0
21691;1;2
21695;1;1
21699;1;0
21702;2;1
21706;2;2
21710;2;0
21713;2;0
21717;2;2
21720;0;0
21724;2;1
21728;4;1
21731;1;0
21735;2;2
21741;2;0
21742;0;0
21746;2;0
21750;3;2
21753;2;2
21757;2;1
21761;1;2
21764;2;1
21768;2;0
21772;2;1
21775;3;1
21779;3;0
21782;1;1
21786;2;0
21790;1;0
21793;2;0
21797;3;0
21801;3;0
21804;2;1
21808;3;1
21812;1;2
21815;1;1
21819;2;0
21823;2;1
21826;1;1
21830;1;0
21833;2;1
21837;1;2
21841;3;0
21844;3;0
21848;2;2
21852;1;0
21855;2;0
21859;2;0
21863;2;1
21866;2;1
21870;2;0
21874;2;1
21877;1;0
21881;3;0
21885;2;1
21888;1;0
21892;3;0
21895;0;0
21899;2;0
21903;2;2
21906;2;0
21910;2;0
21914;2;1
21917;2;0
21921;1;1
21927;2;1
21928;3;0
21932;3;0
21936;3;1
21939;3;0
21943;2;1
21946;2;0
21950;3;1
21954;3;1
21957;2;0
21961;2;2
21965;2;1
21968;2;0
21972;3;0
21976;3;0
21979;2;0
21983;2;0
21987;1;0
21990;2;1
21994;2;0
21998;2;1
22001;4;0
22005;2;1
22008;2;2
22012;3;0
22016;2;1
22019;1;2
22023;2;0
22027;2;0
22030;0;1
22034;2;0
22038;3;1
22041;2;0
22045;1;0
22049;2;0
22052;3;1
22056;2;1
22059;2;0
22063;1;0
22067;1;1
22070;2;2
22074;2;0
22078;3;1
22081;2;0
22085;2;1
22089;2;1
22092;3;2
22096;2;0
22100;2;0
22103;3;0
22107;3;0
22111;2;0
22116;1;0
22118;1;0
22121;2;0
22125;1;1
22129;2;0
22132;2;0
22136;1;0
22140;2;2
22143;2;1
22147;1;0
22151;2;1
22154;1;0
22158;3;0
22162;3;0
22165;1;0
22169;3;0
22173;2;1
22176;1;1
22180;2;0
22183;2;0
22187;0;0
22191;2;1
22194;1;0
22198;2;0
22202;1;0
22205;2;1
22209;2;1
22213;3;1
22216;2;0
22220;2;1
22224;2;2
22227;2;1
22231;3;1
22234;2;1
22238;2;1
22242;2;2
22245;1;0
22249;2;0
22253;1;0
22256;2;0
22260;2;1
22264;1;1
22267;3;1
22271;2;2
22275;2;1
22278;2;0
22282;4;0
22286;2;2
22289;3;0
22293;2;1
22296;2;0
22302;2;1
22304;3;2
22307;4;0
22311;3;1
22315;1;0
22318;3;0
22322;2;1
22326;1;0
22329;2;1
22333;2;2
22337;2;1
22340;3;0
22344;3;1
22347;2;0
22351;1;1
22355;1;1
22358;1;2
22362;2;0
22366;1;2
22369;3;0
22373;3;0
22377;1;2
22380;3;0
22384;3;0
22388;3;0
22391;2;0
22395;3;0
22399;1;0
22402;2;1
22406;1;1
22409;3;1
22413;2;1
22417;2;0
22420;2;2
22424;2;0
22428;5;1
22431;2;1
22435;4;0
22439;0;1
22442;2;2
22446;2;1
22450;3;0
22453;1;1
22457;1;2
22460;1;1
22464;3;1
22468;1;0
22471;2;0
22475;4;1
22479;1;1
22482;2;0
22488;3;2
22490;2;1
22493;3;0
22497;3;1
22501;3;0
22504;0;0
22508;2;1
22512;1;0
22515;3;0
22519;1;2
22522;1;1
22526;1;1
22530;2;1
22533;2;0
22537;2;1
22541;0;1
22544;1;2
22548;2;2
22552;2;1
22555;1;1
22559;3;2
22563;2;0
22566;1;1
22570;3;0
22574;2;0
22577;2;0
22581;1;0
22584;2;1
22588;3;2
22592;3;2
22595;2;1
22599;2;1
22603;2;1
22606;2;0
22610;3;0
22614;2;0
22617;1;1
22621;2;0
22625;0;0
22628;2;2
22632;2;0
22635;1;1
22639;1;1
22643;3;0
22646;2;0
22650;4;2
22654;2;0
22657;1;0
22661;2;2
22665;3;0
22668;3;0
22674;1;0
22676;2;1
22679;2;1
22683;2;0
22687;2;1
22690;2;2
22694;3;2
22697;2;0
22701;2;0
22705;2;0
22708;2;2
22712;1;1
22716;2;0
22719;2;1
22723;3;2
22727;0;1
22730;2;0
22734;1;1
22738;3;0
22741;3;0
22745;3;2
22748;3;1
22752;3;0
22756;3;2
22759;2;2
22763;1;0
22767;1;2
22770;1;0
22774;3;2
22778;1;1
22781;3;1
22785;3;1
22789;3;0
22792;3;0
22796;2;2
22800;2;1
22803;2;1
22807;3;1
22810;3;1
22814;1;1
22818;2;0
22821;3;1
22825;1;1
22829;3;0
22832;3;1
22836;2;1
22840;2;1
22843;3;1
22847;3;1
22851;2;0
22854;2;0
22860;2;1
22862;1;1
22865;3;0
22869;2;1
22872;1;1
22876;1;0
22880;1;1
22883;3;1
22887;2;0
22891;3;0
22894;4;1
22898;2;0
22902;3;0
22905;2;1
22909;2;0
22913;2;0
22916;3;2
22920;3;1
22923;2;1
22927;2;2
22931;1;0
22934;3;1
22938;3;0
22942;2;2
22945;2;1
22949;2;0
22953;2;1
22956;3;1
22960;2;0
22964;2;2
22967;1;0
22971;3;0
22975;2;1
22978;2;2
22982;2;1
22985;1;1
22989;2;0
22993;2;0
22996;1;1
23000;1;1
23004;2;0
23007;3;1
23011;2;2
23015;3;1
23018;2;0
23022;2;1
23026;3;0
23029;2;0
23033;3;1
23036;1;2
23040;1;0
23044;2;0
23050;1;1
23051;2;0
23055;2;1
23058;0;1
23062;2;0
23066;2;1
23069;1;1
23073;3;1
23077;1;0
23080;2;1
23084;2;1
23088;1;0
23091;3;1
23095;1;0
23098;2;0
23102;2;0
23106;2;0
23109;3;1
23113;1;1
23117;2;1
23120;3;3
23124;2;1
23128;2;2
23131;2;0
23135;2;1
23139;1;0
23142;3;1
23146;2;0
23149;0;0
23153;2;0
23157;2;0
23160;2;2
23164;3;0
23168;1;0
23171;4;0
23175;1;0
23179;1;1
23182;4;1
23186;2;0
23190;2;1
23193;1;0
23197;1;0
23201;2;1
23204;1;1
23208;3;0
23211;2;1
23215;3;0
23219;1;1
23222;2;0
23226;2;0
23230;2;2
23236;2;0
23237;3;1
23241;1;0
23244;3;0
23248;2;1
23252;3;0
23255;2;0
23259;1;2
23263;1;0
23266;2;1
23270;3;1
23273;2;1
23277;2;0
23281;1;0
23284;2;1
23288;3;0
23292;1;1
23295;2;0
23299;3;2
23303;3;1
23306;2;0
23310;2;0
23314;2;1
23317;3;0
23321;1;1
23324;2;1
23328;2;1
23332;2;0
23335;2;0
23339;2;1
23343;1;1
23346;1;1
23350;1;0
23354;3;1
23357;2;0
23361;1;1
23365;3;0
23368;3;2
23372;2;2
23376;2;2
23379;2;0
23383;2;0
23386;3;0
23390;3;0
23394;2;0
23397;2;0
23401;3;0
23405;4;2
23408;2;1
23412;2;1
23416;1;2
23422;2;1
23423;4;0
23427;1;1
23430;1;1
23434;1;1
23437;2;2
23441;2;1
23445;3;1
23448;2;1
23452;2;2
23456;2;2
23459;1;1
23463;2;2
23467;3;2
23470;3;0
23474;3;2
23478;2;0
23481;3;1
23485;2;1
23489;2;0
23492;2;1
23496;2;0
23499;2;0
23503;1;0
23507;2;1
23510;3;0
23514;2;2
23518;3;1
23521;4;1
23525;2;0
23529;2;1
23532;3;1
23536;2;1
23540;3;1
23543;3;0
23547;3;1
23550;3;2
23554;2;2
23558;2;1
23561;2;2
23565;3;1
23569;3;1
23572;2;0
23576;1;0
23580;3;1
23583;3;1
23587;3;1
23591;2;0
23594;3;0
23598;2;1
23602;2;1
23608;3;1
23609;3;1
23612;4;0
23616;2;1
23620;2;1
23623;2;1
23627;3;0
23631;1;1
23634;4;0
23638;2;1
23642;1;1
23645;4;1
23649;2;0
5490;1144;301
5490;1144;301
5491;1134;301
5491;1143;301
5493;1143;302
5497;1136;303
5501;1136;302
5504;1135;302
5508;1135;310
5511;1136;302
5515;1135;302
5518;1142;301
5522;1135;303
5526;1135;302
5529;1136;302
5533;1135;301
5536;1136;303
5540;1135;304
5543;1136;302
5547;1143;302
5550;1134;310
5554;1142;302
5558;1135;300
5561;1134;310
5565;1135;311
5568;1135;301
5572;1135;303
5575;1135;302
5582;1144;303
5583;1136;303
5586;1143;304
5590;1142;303
5593;1135;302
5597;1144;302
5600;1135;303
5604;1135;303
5607;1133;303
5611;1135;303
5614;1132;302
5618;1133;310
5622;1133;303
5625;1132;303
5629;1131;302
5632;1133;311
5636;1133;304
5639;1133;303
5643;1132;302
5647;1134;302
5650;1131;309
5654;1133;302
5657;1133;302
5661;1133;304
5664;1133;303
5668;1132;302
5671;1133;303
5675;1133;303
5679;1136;303
5682;1143;303
5686;1134;312
5689;1135;302
5693;1134;302
5696;1133;304
5700;1133;303
5703;1132;303
5709;1133;302
5711;1134;303
5714;1134;303
5718;1131;303
5721;1132;302
5725;1132;302
5728;1132;304
5732;1133;302
5735;1132;303
5739;1133;303
5743;1132;302
5746;1133;310
5750;1132;303
5753;1130;303
5757;1131;303
5760;1129;303
5764;1131;302
5768;1131;304
5771;1131;304
5775;1133;303
5778;1132;310
5782;1131;304
5785;1131;303
5789;1132;303
5792;1131;303
5796;1131;311
5800;1132;304
5803;1132;311
5807;1132;311
5810;1131;303
5814;1133;303
5817;1132;304
5821;1132;303
5824;1131;302
5828;1132;303
5832;1133;303
5835;1132;303
5841;1130;303
5842;1132;304
5846;1131;310
5849;1131;310
5853;1132;302
5856;1132;303
5860;1131;302
5864;1132;303
5867;1132;310
5871;1133;301
5874;1132;303
5878;1130;303
5881;1131;302
5885;1129;303
5889;1132;302
5892;1132;303
5896;1132;304
5899;1131;303
5903;1131;301
5906;1131;302
5910;1132;304
5913;1133;302
5917;1132;303
5921;1131;310
5924;1130;304
5928;1132;304
5931;1132;303
5935;1132;311
5938;1133;312
5942;1132;312
5945;1131;301
5949;1133;303
5953;1132;304
5956;1133;303
5960;1131;302
5963;1132;303
5969;1132;311
5970;1132;311
5974;1133;313
5977;1132;303
5981;1133;310
5985;1131;304
5988;1131;303
5992;1133;311
5995;1129;311
5999;1130;310
6002;1132;304
6006;1131;302
6009;1131;304
6013;1130;311
6017;1130;304
6020;1131;303
6024;1131;304
6027;1131;311
6031;1131;303
6034;1130;311
6038;1130;311
6042;1131;312
6045;1131;311
6049;1130;312
6052;1131;303
6056;1130;311
6059;1130;312
6063;1131;311
6066;1132;303
6070;1129;303
6074;1130;302
6077;1129;303
6081;1131;310
6084;1129;304
6088;1129;304
6091;1130;312
6095;1130;303
6101;1130;304
6102;1129;311
6106;1130;304
6109;1128;302
6113;1130;303
6116;1128;312
6120;1128;303
6123;1128;304
6127;1129;304
6130;1128;312
6134;1128;311
6138;1128;304
6141;1129;312
6145;1128;309
6148;1119;303
6152;1128;304
6155;1128;311
6159;1128;312
6163;1129;312
6166;1129;312
6170;1130;312
6173;1130;303
6177;1130;311
6180;1131;304
6184;1131;312
6187;1130;311
6191;1129;311
6195;1129;311
6198;1129;303
6202;1129;304
6205;1128;311
6209;1129;312
6212;1128;304
6216;1120;312
6219;1129;311
6223;1129;312
6229;1128;304
6230;1129;312
6234;1129;304
6237;1130;313
6241;1128;303
6244;1128;313
6248;1129;312
6251;1130;304
6255;1129;312
6259;1129;311
6262;1130;304
6266;1130;312
6269;1128;311
6273;1128;311
6276;1128;303
6280;1129;313
6284;1130;313
6287;1128;312
6291;1128;312
6294;1128;312
6298;1128;313
6301;1128;313
6305;1128;312
6308;1130;311
6312;1131;313
6316;1131;311
6319;1130;313
6323;1131;312
6326;1130;312
6330;1130;312
6333;1131;313
6337;1131;312
6340;1130;312
6344;1131;313
6348;1131;313
6351;1130;312
6355;1130;312
6360;1128;314
6362;1128;312
6365;1128;312
6369;1127;312
6372;1127;313
6376;1129;312
6380;1128;313
6383;1129;312
6387;1130;313
6390;1129;313
6394;1128;312
6397;1128;314
6401;1128;312
6405;1128;312
6408;1128;313
6412;1128;311
6415;1128;312
6419;1119;313
6422;1128;313
6426;1128;314
6429;1129;312
6433;1129;314
6437;1129;312
6440;1129;314
6444;1129;312
6447;1129;312
6451;1129;312
6454;1129;313
6458;1130;313
6461;1128;312
6465;1129;315
6469;1128;313
6472;1130;312
6476;1129;312
6479;1129;312
6483;1128;312
6486;1130;313
6492;1129;313
6493;1130;304
6497;1128;312
6501;1130;312
6504;1129;312
6508;1129;304
6511;1120;313
6515;1128;304
6518;1127;312
6522;1128;312
6526;1129;313
6529;1128;312
6533;1127;312
6536;1128;313
6540;1128;313
6543;1120;312
6547;1120;304
6550;1127;312
6554;1129;311
6558;1127;312
6561;1133;312
6565;1131;311
6568;1129;312
6572;1128;312
6575;1128;311
6579;1128;312
6582;1120;312
6586;1129;311
6590;1128;312
6593;1128;313
6597;1126;311
6600;1128;312
6604;1128;312
6607;1127;311
6611;1127;312
6614;1128;311
6620;1127;312
6622;1128;311
6625;1129;312
6629;1128;304
6632;1127;312
6636;1128;312
6639;1127;312
6643;1128;311
6646;1128;313
6650;1127;311
6654;1128;312
6657;1129;313
6661;1129;311
6664;1128;312
6668;1129;313
6671;1128;312
6675;1120;312
6679;1127;312
6682;1131;312
6686;1130;311
6689;1129;312
6693;1128;312
6696;1130;313
6700;1128;312
6703;1120;312
6707;1128;312
6711;1120;312
6714;1119;312
6718;1128;312
6721;1118;312
6725;1127;312
6728;1128;312
6732;1128;311
6735;1127;313
6739;1127;313
6743;1128;311
6746;1128;312
6752;1127;312
6753;1128;312
6757;1128;312
6760;1119;312
6764;1119;312
6767;1127;311
6771;1128;311
6775;1128;311
6778;1128;312
6782;1127;312
6785;1128;310
6789;1128;312
6792;1128;312
6796;1128;313
6800;1130;314
6803;1131;304
6807;1130;312
6810;1130;312
6814;1130;312
6817;1130;304
6821;1132;312
6824;1130;312
6828;1128;312
6832;1130;312
6835;1130;314
6839;1131;312
6842;1130;312
6846;1129;312
6849;1129;312
6853;1129;312
6856;1130;312
6860;1131;313
6864;1130;304
6867;1129;312
6871;1131;311
6874;1129;313
6880;1130;312
6881;1129;312
6885;1130;313
6888;1130;312
6892;1130;311
6896;1131;312
6899;1131;313
6903;1131;311
6906;1131;312
6910;1132;312
6913;1132;312
6917;1131;312
6921;1132;313
6924;1133;312
6928;1130;304
6931;1132;313
6935;1130;312
6938;1132;312
6942;1131;312
6945;1131;313
6949;1130;313
6953;1131;304
6956;1135;313
6960;1132;312
6963;1130;312
6967;1129;313
6970;1128;312
6974;1129;312
6977;1128;304
6981;1129;312
6985;1129;312
6988;1129;312
6992;1129;314
6995;1129;312
6999;1128;312
7002;1120;312
7006;1128;313
7012;1128;312
7013;1127;312
7017;1128;313
7020;1120;313
7024;1129;313
7027;1129;313
7031;1128;312
7034;1126;312
7038;1120;313
7042;1128;313
7045;1130;312
7049;1130;313
7052;1131;310
7056;1129;313
7059;1131;311
7063;1129;313
7066;1128;312
7070;1128;314
7074;1131;314
7077;1127;313
7081;1127;312
7084;1128;312
7088;1128;313
7091;1129;311
7095;1119;314
7098;1129;314
7102;1128;314
7106;1118;314
7109;1119;313
7113;1127;313
7116;1118;312
7120;1127;311
7123;1128;313
7127;1120;313
7130;1120;313
7134;1119;313
7140;1127;314
7141;1127;313
7145;1126;312
7148;1119;312
7152;1119;313
7155;1118;313
7159;1120;314
7163;1118;312
7166;1126;314
7170;1126;314
7173;1120;314
7177;1118;314
7180;1117;314
7184;1117;314
7187;1118;314
7191;1118;314
7195;1117;314
7198;1117;315
7202;1118;315
7205;1120;316
7209;1127;314
7212;1118;314
7216;1116;312
7219;1118;315
7223;1117;314
7227;1117;314
7230;1117;315
7234;1116;315
7237;1117;313
7241;1117;314
7244;1116;315
7248;1116;314
7251;1115;315
7255;1115;314
7259;1117;312
7262;1116;315
7266;1116;314
7271;1116;314
7273;1116;314
7276;1117;313
7280;1116;314
7284;1117;315
7287;1116;313
7291;1116;315
7294;1115;315
7298;1118;315
7301;1117;314
7305;1127;314
7308;1119;314
7312;1118;315
7316;1116;315
7319;1117;315
7323;1116;314
7326;1114;314
7330;1115;314
7333;1114;315
7337;1114;313
7340;1113;316
7344;1113;314
7348;1114;315
7351;1113;315
7355;1113;317
7358;1113;315
7362;1113;314
7365;1114;316
7369;1114;315
7372;1114;314
7376;1113;315
7380;1114;315
7383;1116;316
7387;1114;315
7390;1114;315
7394;1115;315
7397;1115;316
7403;1113;316
7405;1113;315
7408;1113;314
7412;1114;315
7415;1112;315
7419;1112;315
7422;1113;315
7426;1114;316
7429;1113;315
7433;1115;314
7437;1114;314
7440;1115;315
7444;1115;315
7447;1114;316
7451;1113;316
7454;1114;316
7458;1113;315
7461;1114;315
7465;1114;315
7469;1114;316
7472;1115;316
7476;1114;315
7479;1114;317
7483;1115;317
7486;1114;317
7490;1114;316
7493;1113;315
7497;1113;317
7501;1115;316
7504;1114;317
7508;1116;317
7511;1115;318
7515;1113;317
7518;1114;317
7522;1113;315
7525;1114;316
7531;1115;316
7533;1115;316
7536;1116;316
7540;1116;317
7543;1115;317
7547;1115;316
7550;1113;318
7554;1114;316
7558;1114;316
7561;1113;317
7565;1114;318
7568;1114;317
7572;1114;317
7575;1113;317
7579;1112;316
7582;1113;317
7586;1112;317
7590;1113;316
7593;1113;317
7597;1112;316
7600;1113;317
7604;1111;317
7607;1111;316
7611;1112;317
7614;1113;317
7618;1112;315
7622;1112;318
7625;1112;317
7629;1112;317
7632;1114;317
7636;1113;317
7639;1112;316
7643;1113;317
7646;1112;317
7650;1111;317
7654;1112;317
7657;1104;317
7663;1112;318
7664;1112;317
7668;1112;317
7671;1104;316
7675;1110;317
7679;1111;315
7682;1113;317
7686;1112;316
7689;1112;316
7693;1103;317
7696;1104;318
7700;1111;319
7703;1110;318
7707;1112;316
7711;1113;317
7714;1112;318
7718;1115;318
7721;1113;319
7725;1115;317
7728;1115;315
7732;1115;318
7735;1115;317
7739;1115;316
7743;1115;317
7746;1114;318
7750;1114;318
7753;1113;317
7757;1114;317
7760;1113;318
7764;1115;318
7767;1115;318
7771;1114;316
7775;1115;317
7778;1114;316
7782;1113;318
7785;1115;317
7791;1115;316
7792;1115;317
7796;1114;318
7800;1113;316
7803;1113;317
7807;1113;317
7810;1112;317
7814;1113;318
7817;1114;316
7821;1115;316
7824;1113;318
7828;1114;317
7832;1113;317
7835;1114;317
7839;1113;318
7842;1111;317
7846;1112;316
7849;1112;317
7853;1104;315
7856;1112;316
7860;1111;317
7864;1104;315
7867;1112;316
7871;1112;316
7874;1110;317
7878;1112;317
7881;1112;316
7885;1113;316
7888;1112;316
7892;1112;316
7896;1112;316
7899;1112;316
7903;1112;317
7906;1114;317
7910;1112;316
7913;1112;315
7917;1112;316
7923;1112;316
7924;1113;315
7928;1113;317
7931;1112;315
7935;1113;315
7938;1111;314
7942;1113;314
7945;1112;313
7949;1112;314
7953;1112;315
7956;1112;314
7960;1112;314
7963;1112;314
7967;1113;315
7970;1113;314
7974;1113;314
7977;1111;314
7981;1104;313
7985;1112;315
7988;1112;314
7992;1112;315
7995;1111;314
7999;1111;315
8002;1111;314
8006;1112;315
8009;1103;314
8013;1102;313
8017;1111;314
8020;1103;315
8024;1112;316
8027;1112;315
8031;1104;315
8034;1111;313
8038;1110;315
8041;1111;314
8045;1111;313
8051;1102;315
8052;1103;317
8056;1102;314
8059;1102;315
8063;1102;314
8066;1103;314
8070;1102;314
8074;1101;314
8077;1101;313
8081;1101;314
8084;1101;313
8088;1101;316
8091;1101;314
8095;1101;313
8098;1100;314
8102;1101;315
8106;1101;314
8109;1100;314
8113;1101;315
8116;1099;314
8120;1100;313
8123;1099;314
8127;1099;314
8130;1100;314
8134;1099;315
8138;1099;315
8141;1099;316
8145;1098;315
8148;1098;314
8152;1098;316
8155;1097;314
8159;1098;315
8162;1099;313
8166;1099;315
8170;1098;314
8173;1099;316
8177;1099;316
8183;1099;315
8184;1099;314
8187;1101;315
8191;1099;314
8195;1100;316
8198;1101;315
8202;1101;315
8205;1100;315
8209;1100;315
8212;1100;315
8216;1100;314
8219;1099;315
8223;1099;315
8227;1098;315
8230;1097;314
8234;1098;314
8237;1100;315
8241;1099;316
8244;1099;314
8248;1100;315
8251;1099;313
8255;1100;315
8259;1100;315
8262;1099;315
8266;1100;315
8269;1100;315
8273;1100;315
8276;1099;314
8280;1099;315
8283;1099;315
8287;1098;315
8291;1098;317
8294;1099;316
8298;1099;315
8301;1100;315
8305;1099;316
8308;1099;315
8314;1100;316
8316;1098;315
8319;1098;316
8323;1097;315
8326;1098;314
8330;1097;315
8333;1096;315
8337;1097;314
8340;1098;313
8344;1096;315
8348;1096;316
8351;1096;314
8355;1097;316
8358;1097;315
8362;1097;315
8365;1096;315
8369;1098;315
8372;1096;316
8376;1095;315
8380;1096;316
8383;1097;316
8387;1096;315
8390;1094;316
8394;1095;315
8397;1098;314
8401;1097;315
8404;1096;314
8408;1096;315
8412;1096;316
8415;1096;315
8419;1097;315
8422;1097;315
8426;1098;314
8429;1096;315
8433;1097;314
8437;1096;314
8442;1096;316
8444;1096;316
8447;1096;316
8451;1096;314
8454;1095;315
8458;1096;315
8461;1096;315
8465;1088;316
8469;1088;315
8472;1096;316
8476;1088;315
8479;1096;315
8483;1096;315
8486;1096;316
8490;1096;315
8493;1096;315
8497;1097;316
8501;1096;316
8504;1097;316
8508;1097;316
8511;1096;315
8515;1096;314
8518;1096;315
8522;1096;316
8525;1096;314
8529;1097;314
8533;1096;315
8536;1096;314
8540;1088;316
8543;1096;315
8547;1088;316
8550;1087;315
8554;1095;316
8558;1087;315
8561;1088;315
8565;1086;316
8568;1088;314
8574;1094;315
8575;1087;315
8579;1087;316
8582;1086;316
8586;1085;314
8590;1085;316
8593;1084;315
8597;1085;317
8600;1084;315
8604;1086;314
8607;1084;315
8611;1085;317
8614;1084;316
8618;1083;316
8622;1083;316
8625;1085;317
8629;1084;317
8632;1084;316
8636;1085;316
8639;1085;316
8643;1083;316
8646;1085;316
8650;1082;315
8654;1085;317
8657;1086;317
8661;1087;315
8664;1086;316
8668;1085;315
8671;1086;315
8675;1086;315
8679;1086;315
8682;1084;316
8686;1085;317
8689;1085;316
8693;1084;315
8696;1085;315
8702;1085;317
8703;1085;316
8707;1087;318
8711;1085;316
8714;1085;317
8718;1085;315
8721;1084;316
8725;1088;315
8728;1096;316
8732;1094;316
8735;1087;315
8739;1087;315
8743;1086;316
8746;1087;316
8750;1085;316
8753;1085;317
8757;1085;315
8760;1084;316
8764;1085;316
8767;1085;316
8771;1086;315
8775;1085;316
8778;1085;316
8782;1084;315
8785;1085;316
8789;1085;316
8792;1087;316
8796;1084;317
8799;1083;316
8803;1085;316
8807;1084;316
8810;1086;316
8814;1086;315
8817;1086;316
8821;1094;315
8824;1095;315
8828;1096;316
8834;1095;317
8835;1095;316
8839;1097;315
8842;1094;315
8846;1094;318
8849;1095;316
8853;1086;317
8856;1087;316
8860;1087;316
8864;1087;317
8867;1087;315
8871;1087;316
8874;1086;317
8878;1085;317
8881;1086;316
8885;1085;316
8888;1086;315
8892;1086;315
8896;1085;317
8899;1085;316
8903;1084;316
8906;1087;317
8910;1085;317
8913;1086;317
8917;1085;317
8920;1085;318
8924;1085;315
8928;1083;317
8931;1084;317
8935;1085;317
8938;1084;316
8942;1084;316
8945;1083;317
8949;1083;317
8953;1084;317
8956;1082;316
8962;1082;316
8963;1083;316
8967;1083;317
8970;1083;315
8974;1082;317
8977;1082;316
8981;1083;317
8985;1083;316
8988;1083;317
8992;1083;315
8995;1084;318
8999;1083;317
9002;1083;317
9006;1084;317
9009;1083;315
9013;1082;317
9017;1084;317
9020;1083;317
9024;1085;319
9027;1084;317
9031;1086;315
9034;1086;317
9038;1086;317
9041;1087;318
9045;1095;317
9049;1096;317
9052;1095;317
9056;1095;318
9059;1097;318
9063;1095;317
9066;1096;317
9070;1096;316
9074;1096;318
9077;1095;316
9081;1095;317
9084;1088;318
9088;1087;317
9094;1088;318
9095;1094;316
9098;1095;318
9102;1095;317
9106;1087;318
9109;1088;317
9113;1095;315
9116;1087;317
9120;1096;317
9123;1094;318
9127;1096;316
9130;1087;318
9134;1087;317
9138;1086;318
9141;1085;317
9145;1087;317
9148;1087;316
9152;1085;317
9155;1085;320
9159;1086;317
9162;1086;317
9166;1086;319
9170;1088;319
9173;1086;318
9177;1085;318
9180;1086;318
9184;1085;317
9187;1085;319
9191;1085;318
9195;1087;319
9198;1086;319
9202;1085;319
9205;1085;319
9209;1085;319
9212;1084;319
9216;1084;319
9219;1084;318
9225;1085;319
9227;1084;319
9230;1085;318
9234;1086;318
9237;1084;326
9241;1083;327
9244;1083;318
9248;1084;319
9251;1084;319
9255;1084;327
9259;1081;319
9262;1083;326
9266;1083;326
9269;1083;320
9273;1082;319
9276;1083;318
9280;1084;320
9283;1082;320
9287;1083;317
9291;1083;318
9294;1082;317
9298;1081;319
9301;1083;320
9305;1084;319
9308;1082;318
9312;1083;318
9316;1084;319
9319;1082;326
9323;1083;319
9326;1082;318
9330;1081;320
9333;1082;319
9337;1081;328
9340;1083;328
9344;1082;319
9348;1083;320
9354;1082;328
9355;1081;326
9358;1081;320
9362;1081;320
9365;1082;319
9369;1081;327
9372;1082;320
9376;1081;319
9380;1080;319
9383;1080;326
9387;1081;327
9390;1080;327
9394;1081;327
9397;1080;319
9401;1080;319
9404;1071;320
9408;1081;319
9412;1080;328
9415;1080;320
9419;1072;320
9422;1071;328
9426;1072;328
9429;1070;327
9433;1079;328
9436;1069;320
9440;1079;319
9444;1070;328
9447;1079;328
9451;1070;328
9454;1071;327
9458;1070;327
9461;1070;328
9465;1069;327
9469;1069;328
9472;1069;328
9476;1068;328
9479;1070;328
9485;1070;328
9486;1068;328
9490;1068;328
9493;1067;328
9497;1069;319
9501;1068;320
9504;1069;328
9508;1069;328
9511;1069;327
9515;1068;328
9518;1069;327
9522;1068;320
9525;1068;329
9529;1067;328
9533;1067;327
9536;1067;320
9540;1067;328
9543;1068;328
9547;1068;320
9550;1068;329
9554;1066;327
9557;1066;328
9561;1066;328
9565;1065;328
9568;1066;328
9572;1066;329
9575;1066;329
9579;1067;328
9582;1067;330
9586;1067;327
9590;1066;329
9593;1066;328
9597;1067;328
9600;1067;329
9604;1066;328
9607;1066;328
9613;1065;329
9614;1065;329
9618;1065;329
9622;1065;329
9625;1065;329
9629;1065;330
9632;1065;329
9636;1065;330
9639;1064;330
9643;1065;329
9646;1067;330
9650;1066;330
9654;1065;330
9657;1065;330
9661;1065;329
9664;1065;330
9668;1064;331
9671;1064;330
9675;1064;331
9678;1056;329
9682;1064;328
9686;1064;331
9689;1064;331
9693;1064;330
9696;1064;329
9700;1062;329
9703;1064;330
9707;1064;330
9711;1055;330
9714;1064;329
9718;1056;330
9721;1063;331
9725;1064;329
9728;1055;331
9732;1065;329
9735;1063;329
9739;1064;329
9745;1064;328
9746;1064;330
9750;1064;329
9753;1056;329
9757;1054;330
9761;1064;330
9764;1063;331
9768;1055;328
9772;1056;331
9775;1055;329
9779;1056;331
9782;1054;328
9786;1054;329
9790;1055;330
9793;1056;329
9797;1055;329
9801;1055;330
9804;1063;330
9808;1064;329
9812;1064;328
9815;1064;329
9819;1064;328
9823;1064;329
9826;1065;328
9830;1066;329
9834;1065;329
9837;1065;329
9841;1064;329
9844;1065;329
9848;1064;329
9852;1065;330
9855;1063;328
9859;1064;329
9863;1055;328
9866;1055;329
9870;1055;328
9876;1062;329
9877;1064;328
9881;1063;329
9885;1056;330
9888;1063;329
9892;1062;329
9895;1064;329
9899;1055;329
9903;1055;330
9906;1056;329
9910;1055;330
9914;1055;328
9917;1055;329
9921;1053;329
9925;1055;328
9928;1053;329
9932;1054;328
9936;1053;328
9939;1051;327
9943;1052;329
9947;1053;328
9950;1052;329
9954;1052;329
9957;1051;320
9961;1051;329
9965;1051;329
9968;1053;329
9972;1050;329
9976;1053;328
9979;1051;328
9983;1052;328
9987;1051;328
9990;1052;328
9994;1052;328
9998;1052;329
10001;1053;328
10005;1053;329
10011;1052;320
10012;1051;328
10016;1053;329
10019;1051;327
10023;1050;319
10027;1052;328
10030;1053;320
10034;1050;328
10038;1053;327
10041;1054;329
10045;1053;329
10049;1053;327
10052;1052;320
10056;1051;328
10060;1053;328
10063;1053;327
10067;1054;327
10070;1051;319
10074;1052;319
10078;1052;327
10081;1052;319
10085;1053;327
10089;1052;318
10092;1051;318
10096;1050;319
10100;1050;320
10103;1050;328
10107;1051;320
10111;1050;319
10114;1051;327
10118;1050;319
10122;1050;319
10125;1052;319
10129;1050;318
10135;1049;319
10136;1050;325
10140;1048;325
10143;1049;318
10147;1040;326
10151;1050;327
10154;1049;320
10158;1049;326
10162;1040;318
10165;1040;318
10169;1040;319
10173;1049;320
10176;1049;318
10180;1040;320
10183;1039;319
10187;1049;319
10191;1040;320
10194;1039;320
10198;1040;328
10202;1040;319
10205;1039;320
10209;1039;320
10213;1039;326
10216;1039;320
10220;1040;328
10224;1039;320
10227;1038;319
10231;1039;327
10235;1038;327
10238;1038;319
10242;1039;319
10245;1038;319
10249;1038;319
10253;1038;320
10259;1039;327
10260;1039;319
10264;1038;327
10267;1037;327
10271;1037;319
10275;1038;319
10278;1038;326
10282;1038;319
10286;1037;319
10289;1037;319
10293;1036;327
10296;1038;320
10300;1038;319
10304;1036;327
10307;1037;326
10311;1037;328
10315;1036;320
10318;1037;326
10322;1035;320
10326;1036;327
10329;1036;320
10333;1036;320
10337;1035;318
10340;1035;327
10344;1035;318
10348;1036;318
10351;1035;327
10355;1036;320
10358;1036;326
10362;1038;318
10366;1038;327
10369;1037;328
10373;1038;319
10377;1039;327
10383;1038;319
10384;1039;319
10388;1039;327
10391;1039;328
10395;1039;328
10399;1040;326
10402;1037;320
10406;1038;319
10409;1037;319
10413;1039;320
10417;1038;318
10420;1040;327
10424;1040;327
10428;1040;319
10431;1039;319
10435;1040;327
10439;1039;319
10442;1040;327
10446;1040;325
10450;1038;318
10453;1038;319
10457;1038;327
10461;1040;327
10464;1040;318
10468;1039;327
10471;1039;328
10475;1038;319
10479;1039;327
10482;1038;319
10486;1037;319
10490;1037;319
10493;1037;319
10497;1036;319
10501;1036;328
10507;1036;318
10508;1036;326
10512;1038;319
10515;1036;320
10519;1035;319
10523;1037;327
10526;1035;319
10530;1037;327
10533;1036;327
10537;1036;328
10541;1036;327
10544;1036;328
10548;1035;319
10552;1036;320
10555;1035;320
10559;1036;328
10563;1036;319
10566;1034;326
10570;1035;320
10574;1035;327
10577;1035;320
10581;1036;319
10584;1034;328
10588;1033;326
10592;1034;320
10595;1035;327
10599;1036;328
10603;1034;320
10606;1035;320
10610;1035;327
10614;1035;328
10617;1035;320
10621;1035;327
10625;1035;327
10628;1036;328
10634;1035;320
10636;1035;327
10639;1035;319
10643;1036;328
10646;1035;328
10650;1036;319
10654;1035;320
10657;1036;328
10661;1035;320
10665;1035;327
10668;1036;328
10672;1035;328
10676;1035;328
10679;1035;328
10683;1035;327
10687;1035;320
10690;1035;318
10694;1034;327
10697;1034;327
10701;1036;327
10705;1034;327
10708;1034;320
10712;1024;328
10716;1024;327
10719;1024;328
10723;1034;328
10727;1024;329
10730;1024;320
10734;1033;327
10738;1034;328
10741;1024;328
10745;1033;328
10749;1035;328
10752;1035;327
10758;1034;328
10759;1036;328
10763;1035;329
10767;1035;319
10770;1035;320
10774;1037;327
10778;1037;328
10781;1036;327
10785;1037;326
10789;1035;328
10792;1034;328
10796;1034;327
10800;1035;327
10803;1024;329
10807;1024;319
10810;1033;319
10814;1033;327
10818;1034;327
10821;1024;328
10825;1024;327
10829;1035;318
10832;1024;319
10836;1024;329
10840;1024;320
10843;1034;328
10847;1024;327
10851;1034;328
10854;1024;328
10858;1035;328
10862;1034;328
10865;1034;327
10869;1034;319
10872;1024;328
10876;1034;329
10882;1034;329
10883;1033;328
10887;1032;328
10891;1024;327
10894;1034;328
10898;1033;319
10902;1033;328
10905;1032;328
10909;1024;328
10913;1024;329
10916;1032;327
10920;1024;320
10924;1034;326
10927;1024;327
10931;1024;330
10934;1036;327
10938;1039;327
10942;1050;328
10945;1052;327
10949;1053;329
10953;1051;329
10956;1053;330
10960;1053;328
10964;1063;329
10967;1064;329
10971;1063;320
10975;1064;329
10978;1065;328
10982;1065;329
10985;1063;330
10989;1066;328
10993;1078;329
10996;1068;328
11000;1070;328
11006;1082;330
11007;1082;330
11011;1083;328
11015;1083;329
11018;1083;328
11022;1084;329
11026;1093;329
11029;1097;329
11033;1098;330
11037;1098;330
11040;1098;329
11044;1100;329
11047;1103;329
11051;1112;329
11055;1113;329
11058;1115;330
11062;1114;328
11066;1116;329
11069;1119;329
11073;1118;328
11077;1118;330
11080;1118;328
11084;1120;328
11088;1119;330
11091;1117;329
11095;1120;329
11098;1128;329
11102;1126;330
11106;1128;329
11109;1132;330
11113;1132;330
11117;1130;330
11120;1131;329
11124;1134;331
11130;1145;330
11131;1144;331
11135;1144;330
11139;1145;330
11142;1147;329
11146;1148;330
11150;1147;330
11153;1149;331
11157;1149;329
11160;1151;332
11164;1151;330
11168;1150;330
11171;1150;331
11175;1150;330
11179;1151;331
11182;1150;330
11186;1151;329
11190;1148;330
11193;1148;332
11197;1147;330
11201;1146;330
11204;1143;330
11208;1143;329
11211;1134;330
11215;1132;329
11219;1129;330
11222;1129;330
11226;1128;329
11230;1128;331
11233;1129;330
11237;1128;329
11241;1129;330
11244;1130;330
11248;1130;329
11254;1130;329
11255;1128;330
11259;1128;330
11263;1119;329
11266;1119;331
11270;1118;330
11273;1119;330
11277;1120;329
11281;1129;330
11284;1120;329
11288;1127;330
11292;1130;330
11295;1119;329
11299;1119;331
11303;1128;330
11306;1129;330
11310;1129;328
11314;1131;329
11317;1132;330
11321;1132;331
11325;1131;331
11328;1133;332
11332;1143;330
11335;1145;331
11339;1144;331
11343;1145;330
11346;1147;332
11350;1147;331
11354;1149;332
11357;1147;332
11361;1148;332
11365;1146;330
11368;1145;332
11372;1144;329
11378;1130;331
11379;1132;331
11383;1127;331
11386;1117;333
11390;1119;332
11394;1115;331
11397;1115;330
11401;1112;331
11405;1104;331
11408;1103;331
11412;1087;332
11416;1083;331
11419;1080;331
11423;1068;330
11427;1064;331
11430;1049;331
11434;1038;331
11438;1035;330
11441;1023;330
11445;1024;329
11448;1024;330
11452;1022;330
11456;1023;330
11459;1022;330
11463;1023;329
11467;1021;329
11470;1021;329
11474;1023;330
11478;1023;330
11481;1022;329
11485;1023;331
11489;1020;330
11492;1022;329
11496;1022;330
11499;1022;330
11505;1023;331
11507;1022;331
11510;1022;330
11514;1022;330
11518;1021;331
11521;1021;330
11525;1022;329
11529;1022;329
11532;1021;331
11536;1021;329
11540;1020;331
11543;1022;331
11547;1019;330
11551;1021;330
11554;1021;330
11558;1020;330
11561;1020;329
11565;1019;331
11569;1019;329
11572;1018;330
11576;1021;330
11580;1019;329
11583;1020;329
11587;1020;329
11591;1018;331
11594;1019;331
11598;1020;330
11602;1021;329
11605;1021;331
11609;1019;331
11612;1021;329
11616;1020;330
11620;1019;330
11623;1019;331
11629;1020;330
11631;1019;330
11634;1019;332
11638;1020;330
11642;1021;330
11645;1020;331
11649;1021;330
11653;1020;330
11656;1020;331
11660;1020;331
11664;1021;330
11667;1020;331
11671;1021;330
11674;1018;330
11678;1018;330
11682;1018;331
11685;1019;331
11689;1020;331
11693;1019;331
11696;1020;331
11700;1019;331
11704;1020;330
11707;1018;331
11711;1018;330
11715;1021;331
11718;1018;332
11722;1019;331
11726;1019;330
11729;1023;331
11733;1023;329
11736;1031;330
11740;1035;330
11744;1037;329
11747;1038;330
11754;1040;329
11755;1049;331
11758;1049;330
11762;1051;331
11766;1054;330
11769;1064;330
11773;1065;330
11777;1065;331
11780;1068;329
11784;1067;330
11787;1069;331
11791;1081;331
11795;1082;331
11798;1084;330
11802;1083;331
11806;1083;331
11809;1083;329
11813;1084;330
11817;1085;332
11820;1085;331
11824;1086;331
11828;1084;331
11831;1083;330
11835;1085;333
11839;1094;331
11842;1094;332
11846;1096;331
11849;1101;331
11853;1101;330
11857;1114;330
11860;1113;331
11864;1114;331
11868;1116;331
11871;1117;331
11877;1133;333
11879;1133;332
11882;1146;332
11886;1148;332
11890;1161;332
11893;1177;332
11897;1181;332
11900;1192;334
11904;1198;334
11908;1213;333
11911;1229;334
11915;1230;334
11919;1246;335
11922;1256;332
11926;1262;335
11930;1263;334
11933;1279;333
11937;1276;334
11941;1277;333
11944;1287;336
11948;1306;335
11952;1304;336
11955;1308;334
11959;1308;335
11962;1325;336
11966;1324;341
11970;1326;336
11973;1327;336
11977;1326;336
11981;1328;334
11984;1336;335
11988;1337;335
11992;1337;334
11995;1336;343
12001;1326;336
12003;1327;344
12006;1335;343
12010;1325;334
12013;1326;335
12017;1326;335
12021;1335;344
12024;1335;343
12028;1336;344
12032;1335;342
12035;1337;335
12039;1336;335
12043;1334;343
12046;1336;335
12050;1337;335
12054;1336;343
12057;1338;343
12061;1339;344
12065;1337;335
12068;1338;343
12072;1337;343
12075;1337;335
12079;1338;336
12083;1336;336
12086;1336;342
12090;1337;344
12094;1335;333
12097;1338;343
12101;1337;336
12105;1337;344
12108;1339;343
12112;1341;344
12116;1339;336
12119;1341;344
12125;1341;342
12127;1343;342
12130;1353;343
12134;1352;344
12137;1353;344
12141;1351;336
12145;1344;344
12148;1353;344
12152;1354;336
12156;1355;344
12159;1359;344
12163;1368;336
12167;1369;345
12170;1374;343
12174;1375;344
12178;1385;345
12181;1373;344
12185;1374;346
12188;1375;344
12192;1373;344
12196;1373;336
12199;1372;344
12203;1372;344
12207;1372;344
12210;1371;344
12214;1370;344
12218;1368;345
12221;1368;344
12225;1366;344
12229;1360;344
12232;1357;343
12236;1356;343
12240;1353;344
12243;1354;344
12249;1344;344
12250;1352;344
12254;1340;344
12258;1340;344
12261;1336;344
12265;1324;343
12269;1324;345
12272;1324;345
12276;1321;336
12280;1320;344
12283;1319;345
12287;1310;346
12291;1310;344
12294;1308;336
12298;1308;345
12301;1306;335
12305;1304;343
12309;1304;343
12312;1293;345
12316;1292;335
12320;1290;343
12323;1289;343
12327;1279;335
12331;1277;344
12334;1277;334
12338;1275;344
12342;1274;343
12345;1272;343
12349;1264;342
12353;1271;336
12356;1264;343
12360;1262;344
12363;1259;336
12367;1256;343
12373;1247;335
12374;1256;345
12378;1246;343
12382;1245;344
12385;1247;343
12389;1243;336
12393;1244;344
12396;1242;335
12400;1241;335
12404;1241;335
12407;1239;342
12411;1229;335
12415;1230;345
12418;1229;334
12422;1230;344
12425;1231;343
12429;1238;344
12433;1239;343
12436;1229;336
12440;1231;343
12444;1230;343
12447;1229;344
12451;1228;334
12455;1230;334
12458;1228;343
12462;1228;344
12466;1226;335
12469;1229;336
12473;1228;344
12476;1228;336
12480;1230;335
12484;1229;336
12487;1229;343
12491;1231;336
12495;1240;336
12501;1243;343
12502;1244;344
12506;1254;344
12509;1257;344
12513;1257;344
12517;1259;343
12520;1263;336
12524;1275;344
12528;1277;344
12531;1278;345
12535;1278;336
12538;1280;345
12542;1280;344
12546;1288;346
12549;1290;344
12553;1292;346
12557;1294;345
12560;1292;346
12564;1293;346
12568;1295;345
12571;1294;346
12575;1295;347
12579;1294;345
12582;1304;347
12586;1294;345
12589;1303;345
12593;1303;347
12597;1295;345
12600;1294;346
12604;1294;347
12608;1290;344
12611;1288;347
12615;1277;346
12619;1272;345
12625;1258;346
12626;1257;345
12630;1246;345
12633;1229;347
12637;1226;345
12641;1224;346
12644;1213;348
12648;1213;348
12651;1211;346
12655;1211;350
12659;1208;349
12662;1208;348
12666;1208;348
12670;1209;375
12673;1210;380
12677;1208;378
12681;1208;409
12684;1207;407
12688;1208;410
12692;1196;413
12695;1193;413
12699;1193;414
12702;1192;424
12706;1195;438
12710;1194;441
12713;1195;443
12717;1193;448
12721;1194;461
12724;1182;473
12728;1178;487
12732;1180;505
12735;1164;512
12739;1165;526
12743;1151;528
12749;1119;568
12750;1117;571
12754;1114;603
12757;1113;623
12761;1104;648
12764;1100;665
12768;1087;672
12772;1081;701
12775;1071;748
12779;1064;780
12783;1067;794
12786;1051;826
12790;1035;855
12794;1021;875
12797;1021;923
12801;1018;953
12805;1020;968
12808;1020;989
12812;1021;1017
12816;1022;1050
12819;1020;1067
12823;1021;1085
12826;1021;1103
12830;1021;1135
12834;1022;1162
12837;1020;1191
12841;1021;1209
12845;1020;1216
12848;1020;1241
12852;1022;1256
12856;1022;1262
12859;1021;1263
12863;1021;1277
12869;1022;1305
12870;1022;1311
12874;1022;1325
12877;1022;1341
12881;1022;1357
12885;1024;1372
12888;1021;1376
12892;1021;1387
12896;1021;1400
12899;1022;1414
12903;1022;1434
12907;1023;1438
12910;1022;1470
12914;1032;1502
12918;1024;1534
12921;1024;1564
12925;1024;1595
12929;1024;1627
12932;1033;1647
12936;1024;1678
12939;1035;1695
12943;1036;1722
12947;1036;1743
12950;1038;1770
12954;1039;1786
12958;1038;1805
12961;1038;1808
12965;1038;1822
12969;1038;1837
12972;1037;1852
12976;1038;1871
12980;1037;1887
12986;1038;1930
12987;1038;1933
12990;1037;1962
12994;1038;1963
12998;1039;1999
13001;1038;2011
13005;1039;2028
13009;1038;2057
13012;1039;2088
13016;1040;2107
13020;1040;2138
13023;1040;2168
13027;1040;2191
13031;1040;2220
13034;1040;2240
13038;1040;2253
13042;1040;2282
13045;1040;2297
13049;1040;2303
13052;1040;2327
13056;1040;2344
13060;1048;2350
13063;1048;2364
13067;1049;2378
13071;1040;2392
13074;1040;2398
13078;1040;2410
13082;1040;2443
13085;1039;2458
13089;1040;2476
13093;1040;2492
13096;1040;2521
13102;1048;2553
13104;1040;2553
13107;1048;2570
13111;1051;2590
13114;1051;2617
13118;1051;2633
13122;1052;2651
13125;1052;2680
13129;1052;2696
13133;1052;2712
13136;1053;2744
13140;1053;2762
13144;1054;2781
13147;1054;2792
13151;1052;2797
13155;1053;2812
13158;1052;2828
13162;1051;2846
13165;1054;2861
13169;1053;2874
13173;1053;2886
13176;1053;2890
13180;1054;2909
13184;1052;2928
13187;1052;2941
13191;1050;2959
13195;1053;2969
13198;1053;2988
13202;1052;3005
13206;1052;3020
13209;1053;3035
13213;1052;3049
13219;1052;3072
13220;1051;3085
13224;1052;3098
13227;1052;3112
13231;1052;3114
13235;1052;3129
13238;1052;3143
13242;1053;3149
13246;1053;3160
13249;1052;3162
13253;1052;3166
13257;1051;3179
13260;1052;3180
13264;1051;3194
13268;1052;3199
13271;1052;3211
13275;1052;3211
13278;1053;3224
13282;1053;3227
13286;1052;3230
13289;1052;3240
13293;1051;3242
13297;1052;3246
13300;1052;3257
13304;1052;3260
13308;1052;3262
13311;1051;3271
13315;1051;3275
13319;1052;3279
13322;1051;3290
13326;1052;3293
13330;1051;3295
13336;1051;3309
13337;1053;3309
13340;1052;3311
13344;1052;3322
13348;1053;3327
13351;1052;3337
13355;1052;3336
13359;1052;3343
13362;1051;3344
13366;1052;3356
13370;1050;3367
13373;1050;3367
13377;1050;3369
13381;1050;3371
13384;1051;3373
13388;1051;3383
13391;1050;3384
13395;1052;3375
13399;1050;3373
13402;1051;3369
13406;1050;3359
13410;1051;3371
13413;1050;3369
13417;1051;3370
13421;1051;3342
13424;1050;3340
13428;1052;3325
13432;1052;3324
13435;1052;3307
13439;1052;3305
13443;1053;3305
13446;1053;3303
13452;1103;3294
13453;1149;3296
13457;1305;3304
13461;1403;3295
13464;1497;3304
13468;1535;3305
13472;1640;3309
13475;1702;3311
13479;1757;3322
13483;1838;3326
13486;1896;3336
13490;1979;3338
13494;1995;3339
13497;2026;3338
13501;2074;3343
13504;2125;3343
13508;2173;3352
13512;2221;3343
13515;2236;3351
13519;2267;3351
13523;2272;3352
13526;2267;3355
13530;2281;3354
13534;2288;3355
13537;2302;3355
13541;2286;3355
13545;2279;3355
13548;2268;3356
13552;2247;3356
13556;2221;3356
13559;2171;3355
13563;2109;3352
13589;1480;3320
13589;1464;3320
13590;1455;3321
13592;1383;3319
13596;1294;3308
13600;1212;3304
13603;1146;3290
13607;1104;3280
13610;1100;3274
13614;1097;3260
13618;1095;3243
13621;1086;3243
13625;1085;3240
13629;1085;3227
13632;1083;3210
13636;1081;3198
13640;1081;3193
13643;1081;3183
13647;1072;3175
13651;1079;3167
13654;1080;3176
13658;1070;3166
13661;1069;3163
13665;1069;3161
13669;1070;3162
13672;1068;3161
13676;1068;3160
13680;1069;3159
13683;1068;3151
13687;1069;3152
13691;1068;3159
13694;1067;3150
13700;1067;3152
13702;1068;3160
13705;1068;3159
13709;1067;3160
13713;1067;3160
13716;1066;3160
13720;1066;3159
13723;1066;3159
13727;1067;3151
13731;1067;3160
13734;1066;3152
13738;1066;3151
13742;1065;3160
13745;1065;3159
13749;1065;3160
13753;1064;3160
13756;1064;3152
13760;1063;3159
13764;1056;3159
13767;1064;3159
13771;1063;3160
13774;1065;3151
13778;1064;3160
13782;1056;3159
13785;1056;3158
13789;1054;3160
13793;1055;3159
13796;1055;3159
13800;1055;3160
13804;1056;3162
13807;1063;3162
13811;1055;3162
13817;1063;3164
13818;1054;3166
13822;1056;3167
13826;1064;3166
13829;1054;3176
13833;1063;3176
13836;1062;3176
13840;1055;3177
13844;1056;3178
13847;1054;3179
13851;1055;3178
13855;1055;3179
13858;1055;3178
13862;1065;3178
13866;1064;3180
13869;1064;3182
13873;1055;3181
13877;1064;3180
13880;1065;3181
13884;1065;3183
13887;1064;3184
13891;1064;3192
13895;1065;3193
13898;1065;3192
13902;1056;3194
13906;1063;3194
13909;1055;3194
13913;1055;3193
13917;1056;3194
13920;1054;3195
13924;1064;3196
13928;1054;3195
13933;1053;3194
13935;1053;3194
13939;1054;3194
13942;1054;3194
13946;1055;3194
13949;1053;3192
13953;1053;3194
13957;1054;3194
13960;1054;3195
13964;1054;3195
13968;1051;3194
13971;1052;3195
13975;1052;3194
13979;1052;3193
13982;1051;3193
13986;1053;3193
13990;1052;3193
13993;1054;3193
13997;1052;3195
14001;1052;3194
14004;1053;3194
14008;1051;3194
14011;1051;3195
14015;1052;3194
14019;1052;3197
14022;1053;3195
14026;1054;3194
14030;1054;3193
14033;1052;3193
14037;1051;3193
14041;1052;3192
14044;1052;3195
14050;1052;3194
14052;1052;3194
14055;1053;3194
14059;1053;3195
14062;1052;3193
14066;1051;3192
14070;1051;3193
14073;1051;3192
14077;1052;3193
14081;1051;3192
14084;1052;3192
14088;1052;3193
14092;1052;3191
14095;1052;3184
14099;1051;3182
14103;1052;3191
14106;1052;3191
14110;1052;3181
14114;1051;3181
14117;1052;3181
14121;1051;3182
14124;1053;3183
14128;1052;3183
14132;1054;3191
14135;1054;3192
14139;1054;3191
14143;1054;3192
14146;1056;3193
14150;1054;3193
14154;1054;3193
14157;1054;3194
14161;1054;3194
14167;1052;3196
14168;1053;3195
14172;1052;3197
14175;1051;3196
14179;1052;3196
14183;1053;3197
14186;1052;3198
14190;1053;3197
14194;1052;3199
14197;1052;3198
14201;1052;3208
14205;1051;3209
14208;1051;3211
14212;1050;3213
14216;1051;3211
14219;1050;3214
14223;1049;3224
14227;1050;3224
14230;1051;3225
14234;1040;3225
14237;1051;3225
14241;1050;3225
14245;1050;3225
14248;1050;3227
14252;1040;3225
14256;1049;3226
14259;1049;3225
14263;1050;3225
14267;1050;3225
14270;1050;3226
14274;1050;3226
14278;1050;3226
14283;1050;3227
14285;1049;3225
14288;1050;3226
14292;1051;3226
14296;1050;3227
14299;1051;3228
14303;1049;3229
14307;1050;3229
14310;1051;3229
14314;1050;3230
14318;1051;3232
14321;1083;3232
14325;1112;3230
14329;1150;3239
14332;1194;3231
14336;1227;3231
14340;1276;3231
14343;1294;3232
14347;1325;3240
14350;1338;3231
14354;1353;3230
14358;1374;3229
14361;1389;3231
14365;1401;3230
14369;1420;3228
14372;1435;3227
14376;1449;3227
14380;1463;3226
14383;1470;3226
14387;1503;3226
14391;1512;3225
14394;1512;3224
14423;1564;3209
14423;1566;3208
14424;1563;3209
14426;1561;3208
14430;1559;3199
14434;1548;3198
14437;1544;3197
14441;1516;3197
14445;1496;3196
14448;1468;3196
14452;1424;3196
14456;1401;3195
14459;1373;3194
14463;1325;3196
14467;1280;3195
14470;1246;3195
14474;1227;3196
14478;1209;3195
14481;1180;3195
14485;1161;3196
14488;1146;3198
14492;1118;3197
14496;1114;3198
14499;1102;3199
14503;1096;3199
14507;1080;3199
14510;1070;3199
14514;1066;3199
14518;1065;3198
14521;1065;3198
14525;1066;3197
14529;1066;3195
14548;1065;3177
14548;1066;3176
14548;1066;3176
14551;1064;3166
14555;1066;3161
14558;1066;3160
14562;1064;3150
14566;1065;3149
14569;1064;3147
14573;1062;3144
14577;1055;3133
14580;1064;3129
14584;1064;3116
14588;1055;3111
14591;1055;3101
14595;1054;3097
14599;1054;3086
14602;1055;3080
14606;1055;3065
14610;1056;3051
14613;1064;3039
14617;1063;3034
14620;1062;3022
14624;1064;3007
14628;1056;3000
14631;1063;2985
14635;1064;2970
14639;1064;2956
14642;1063;2938
14646;1064;2925
14650;1055;2911
14653;1054;2907
14659;1064;2890
14661;1065;2889
14664;1064;2873
14668;1063;2857
14672;1056;2843
14675;1064;2831
14679;1065;2815
14682;1065;2811
14686;1065;2808
14690;1065;2795
14693;1056;2781
14697;1063;2775
14701;1064;2763
14704;1063;2752
14708;1064;2746
14712;1064;2731
14715;1055;2714
14719;1054;2712
14723;1055;2699
14726;1055;2696
14730;1054;2681
14733;1053;2668
14737;1054;2667
14741;1054;2666
14744;1051;2668
14748;1052;2666
14752;1051;2655
14755;1052;2663
14759;1054;2664
14763;1053;2664
14766;1052;2665
14770;1051;2668
14776;1052;2682
14777;1052;2684
14781;1052;2685
14785;1052;2694
14788;1051;2699
14792;1050;2699
14795;1049;2700
14799;1049;2715
14803;1040;2717
14806;1040;2714
14810;1049;2717
14814;1048;2727
14817;1040;2728
14821;1048;2730
14825;1040;2733
14828;1040;2718
14832;1040;2727
14836;1048;2716
14839;1040;2702
14843;1040;2700
14846;1048;2686
14850;1048;2670
14854;1048;2667
14857;1040;2651
14861;1040;2633
14865;1049;2619
14868;1050;2600
14872;1040;2588
14876;1049;2560
14879;1040;2556
14883;1048;2551
14887;1039;2526
14892;1040;2506
14894;1040;2492
14898;1040;2471
14901;1049;2459
14905;1049;2448
14908;1051;2431
14912;1056;2424
14916;1067;2422
14919;1098;2414
14923;1142;2392
14927;1179;2365
14930;1208;2345
14934;1258;2327
14938;1311;2313
14941;1385;2299
14945;1419;2271
14949;1466;2265
14952;1512;2236
14956;1563;2218
14959;1608;2200
14963;1630;2187
14967;1672;2154
14970;1704;2124
14974;1736;2103
14978;1757;2064
14981;1770;2046
14985;1802;2039
14989;1820;2011
14992;1821;1967
14996;1850;1936
15000;1872;1929
15003;1896;1898
15009;1887;1870
15011;1898;1864
15014;1918;1853
15018;1919;1836
15021;1930;1817
15025;1932;1800
15029;1931;1772
15032;1915;1750
15036;1913;1723
15040;1902;1707
15043;1897;1694
15047;1882;1688
15051;1865;1692
15054;1840;1721
15058;1832;1720
15062;1806;1692
15065;1776;1712
15069;1743;1708
15073;1706;1719
15076;1676;1755
15080;1647;1803
15083;1599;1836
15087;1561;1856
15091;1530;1896
15094;1484;1929
15098;1451;1948
15102;1403;1975
15105;1370;2012
15109;1324;2063
15113;1291;2090
15116;1261;2109
15120;1227;2123
15126;1176;2168
15127;1163;2175
15131;1112;2191
15134;1098;2216
15138;1065;2235
15142;1065;2263
15145;1066;2301
15149;1067;2345
15153;1065;2399
15156;1066;2439
15160;1065;2478
15164;1066;2520
15167;1066;2557
15171;1065;2607
15175;1056;2648
15178;1062;2680
15182;1054;2727
15186;1053;2764
15189;1051;2794
15193;1050;2828
15196;1049;2845
15200;1040;2862
15204;1040;2889
15207;1037;2906
15211;1038;2925
15215;1035;2937
15218;1024;2954
15222;1033;2969
15226;1023;2970
15229;1022;2985
15233;1022;3005
15237;1021;3019
15242;1018;3048
15244;1020;3053
15247;1020;3067
15251;1018;3072
15255;1018;3098
15258;1018;3103
15262;1018;3117
15266;1016;3128
15269;1014;3135
15273;1015;3145
15277;1007;3149
15280;1006;3151
15284;1006;3160
15288;1006;3162
15291;1004;3164
15295;1004;3165
15299;1004;3165
15302;1004;3165
15306;1004;3165
15309;1003;3166
15313;1001;3166
15317;1000;3166
15320;1001;3166
15324;990;3165
15328;992;3164
15331;992;3165
15335;992;3166
15339;990;3166
15342;992;3166
15346;991;3165
15350;990;3164
15353;991;3164
15357;990;3164
15363;991;3159
15364;991;3159
15368;992;3161
15371;991;3159
15375;1000;3160
15379;989;3161
15382;989;3161
15386;989;3161
15390;990;3161
15393;991;3162
15397;990;3163
15401;991;3162
15404;991;3175
15408;989;3177
15412;990;3180
15415;991;3177
15419;991;3181
15422;990;3182
15426;990;3182
15430;991;3192
15433;990;3195
15437;991;3195
15441;990;3197
15444;990;3196
15448;990;3197
15452;990;3207
15455;990;3208
15459;992;3209
15463;998;3211
15466;991;3212
15470;990;3213
15474;992;3214
15477;990;3215
15481;990;3214
15487;990;3224
15488;991;3224
15492;989;3225
15495;989;3224
15499;990;3227
15503;990;3225
15506;998;3228
15510;990;3228
15514;989;3228
15517;990;3226
15521;991;3224
15525;989;3212
15528;991;3208
15532;992;3194
15535;1000;3180
15539;992;3160
15543;999;3129
15546;992;3101
15550;1002;3072
15554;1004;3038
15557;1005;3016
15561;1006;2988
15565;1016;2973
15568;1016;2955
15572;1019;2936
15576;1020;2920
15579;1100;2891
15583;1275;2876
15587;1514;2859
15590;1628;2826
15594;1753;2807
15597;1834;2779
15601;1935;2734
15607;2076;2671
15608;2105;2652
15612;2186;2615
15616;2251;2574
15619;2315;2555
15623;2360;2523
15627;2398;2490
15630;2456;2461
15634;2473;2430
15638;2495;2413
15641;2521;2409
15645;2554;2376
15648;2576;2360
15652;2600;2349
15656;2634;2345
15659;2621;2331
15663;2639;2327
15667;2635;2326
15670;2635;2314
15674;2634;2318
15678;2604;2312
15681;2572;2314
15685;2524;2304
15689;2464;2302
15692;2383;2299
15696;2268;2300
15700;2170;2297
15703;2059;2299
15707;1949;2299
15710;1901;2296
15714;1801;2286
15718;1726;2285
15724;1598;2297
15725;1551;2300
15729;1496;2298
15732;1388;2298
15736;1260;2311
15740;1159;2317
15743;1132;2329
15747;1129;2343
15751;1119;2361
15754;1116;2366
15758;1112;2365
15761;1103;2364
15765;1102;2379
15769;1100;2391
15772;1098;2394
15776;1098;2408
15780;1097;2413
15783;1095;2425
15787;1085;2430
15791;1085;2442
15794;1083;2444
15798;1083;2458
15802;1080;2461
15805;1080;2474
15809;1081;2479
15813;1079;2491
15816;1079;2495
15820;1070;2504
15823;1070;2509
15827;1067;2521
15831;1066;2523
15834;1067;2523
15840;1066;2527
15842;1067;2526
15845;1066;2526
15849;1067;2528
15853;1067;2527
15856;1065;2525
15860;1065;2522
15864;1065;2521
15867;1066;2509
15871;1066;2504
15875;1064;2493
15878;1065;2506
15882;1065;2495
15885;1065;2502
15889;1064;2502
15893;1064;2496
15896;1064;2489
15900;1064;2488
15904;1064;2488
15907;1063;2489
15911;1055;2493
15915;1064;2491
15918;1063;2493
15922;1064;2503
15926;1056;2505
15929;1056;2503
15933;1056;2506
15936;1063;2508
15940;1055;2511
15944;1055;2509
15947;1053;2512
15951;1054;2511
15957;1054;2504
15958;1053;2506
15962;1054;2510
15966;1054;2507
15969;1053;2507
15973;1052;2510
15977;1053;2511
15980;1053;2511
15984;1052;2512
15988;1051;2509
15991;1052;2505
15995;1052;2508
15998;1052;2508
16002;1051;2507
16006;1053;2510
16009;1053;2520
16013;1052;2521
16017;1053;2525
16020;1053;2524
16024;1051;2536
16028;1053;2538
16031;1054;2540
16035;1054;2551
16039;1052;2552
16042;1053;2557
16046;1053;2569
16049;1051;2572
16053;1052;2589
16057;1050;2600
16060;1052;2603
16064;1053;2616
16068;1051;2621
16074;1051;2634
16075;1053;2638
16079;1051;2652
16082;1052;2666
16086;1051;2680
16090;1051;2681
16093;1050;2685
16097;1050;2696
16101;1051;2697
16104;1050;2704
16108;1051;2714
16111;1051;2715
16115;1050;2718
16119;1050;2728
16122;1050;2729
16126;1051;2732
16130;1049;2734
16133;1051;2744
16137;1050;2745
16141;1050;2748
16144;1049;2750
16148;1052;2758
16152;1049;2761
16155;1051;2761
16159;1050;2761
16162;1049;2762
16166;1051;2762
16170;1050;2763
16173;1050;2761
16177;1052;2763
16181;1052;2764
16184;1052;2763
16190;1051;2765
16192;1052;2765
16195;1052;2764
16199;1052;2765
16203;1052;2764
16206;1052;2764
16210;1050;2764
16214;1050;2763
16217;1051;2763
16221;1051;2762
16224;1049;2763
16228;1050;2761
16232;1048;2762
16235;1040;2762
16239;1050;2759
16243;1049;2751
16246;1050;2750
16250;1050;2749
16254;1050;2748
16257;1049;2747
16261;1040;2746
16265;1049;2746
16268;1050;2747
16272;1050;2747
16276;1049;2747
16279;1050;2749
16283;1049;2749
16286;1050;2749
16290;1050;2750
16294;1051;2751
16297;1049;2750
16301;1049;2750
16307;1049;2749
16308;1040;2748
16312;1048;2748
16316;1049;2748
16319;1040;2749
16323;1048;2746
16327;1049;2746
16330;1040;2745
16334;1049;2744
16337;1049;2744
16341;1048;2733
16345;1040;2733
16348;1040;2729
16352;1049;2730
16356;1048;2730
16359;1049;2728
16363;1049;2726
16367;1049;2719
16370;1048;2718
16374;1049;2717
16378;1040;2717
16381;1040;2716
16385;1049;2717
16389;1048;2716
16392;1040;2717
16396;1040;2716
16399;1040;2717
16403;1049;2719
16407;1048;2727
16410;1040;2719
16414;1047;2718
16418;1040;2729
16424;1040;2728
16425;1040;2728
16429;1040;2730
16432;1050;2728
16436;1051;2730
16440;1050;2729
16443;1049;2729
16447;1049;2729
16450;1048;2729
16454;1049;2729
16458;1049;2730
16461;1050;2729
16465;1050;2731
16469;1051;2731
16472;1050;2731
16476;1050;2732
16480;1049;2733
16483;1049;2735
16487;1050;2735
16491;1049;2744
16494;1050;2744
16498;1050;2745
16502;1049;2745
16505;1051;2745
16509;1050;2745
16512;1050;2746
16516;1050;2748
16520;1051;2749
16523;1051;2750
16527;1050;2751
16531;1050;2759
16534;1051;2760
16540;1051;2762
16542;1051;2762
16545;1051;2766
16549;1050;2767
16553;1050;2775
16556;1049;2777
16560;1051;2777
16564;1051;2778
16567;1051;2777
16571;1051;2778
16574;1050;2779
16578;1051;2780
16582;1049;2780
16585;1050;2782
16589;1050;2782
16593;1051;2782
16596;1051;2792
16600;1050;2792
16604;1051;2793
16607;1051;2795
16611;1050;2796
16615;1050;2797
16618;1052;2796
16622;1051;2796
16625;1051;2797
16629;1051;2797
16633;1050;2799
16636;1051;2799
16640;1050;2799
16644;1050;2808
16647;1050;2808
16651;1050;2807
16657;1049;2808
16658;1049;2808
16662;1049;2808
16666;1050;2809
16669;1050;2810
16673;1050;2808
16677;1048;2811
16680;1050;2812
16684;1049;2813
16687;1050;2813
16691;1050;2814
16695;1051;2815
16698;1049;2824
16702;1049;2824
16706;1048;2825
16709;1040;2826
16713;1048;2827
16717;1040;2826
16720;1048;2827
16724;1048;2824
16728;1040;2824
16731;1040;2825
16735;1048;2816
16738;1049;2814
16742;1040;2811
16746;1040;2808
16749;1040;2807
16753;1048;2806
16757;1040;2798
16760;1040;2794
16764;1039;2792
16768;1048;2792
16774;1040;2782
16775;1040;2782
16779;1040;2780
16782;1040;2780
16786;1040;2779
16790;1040;2777
16793;1040;2775
16797;1040;2775
16800;1048;2765
16804;1040;2763
16808;1040;2761
16811;1040;2752
16815;1040;2750
16819;1040;2746
16822;1040;2746
16826;1040;2745
16830;1039;2744
16833;1040;2744
16837;1039;2746
16841;1040;2744
16844;1040;2745
16848;1040;2748
16851;1040;2750
16855;1040;2748
16859;1040;2750
16862;1040;2752
16866;1048;2761
16870;1040;2761
16873;1039;2762
16877;1040;2766
16881;1040;2768
16884;1040;2776
16890;1040;2778
16892;1040;2779
16895;1040;2778
16899;1049;2778
16903;1040;2781
16906;1048;2782
16910;1040;2792
16913;1040;2791
16917;1040;2792
16921;1040;2794
16924;1049;2795
16928;1040;2796
16932;1049;2797
16935;1040;2797
16939;1049;2796
16943;1050;2799
16946;1040;2798
16950;1040;2799
16954;1049;2808
16957;1040;2807
16961;1049;2808
16965;1048;2808
16968;1049;2808
16972;1049;2808
16975;1040;2807
16979;1049;2799
16983;1049;2800
16986;1049;2797
16990;1049;2797
16994;1049;2794
16997;1050;2794
17001;1049;2793
17007;1049;2792
17008;1049;2783
17012;1049;2781
17016;1049;2779
17019;1050;2778
17023;1050;2776
17026;1050;2777
17030;1049;2775
17034;1048;2766
17037;1050;2765
17041;1049;2763
17045;1049;2763
17048;1040;2764
17052;1049;2760
17056;1050;2751
17059;1048;2750
17063;1049;2750
17067;1040;2748
17070;1051;2749
17074;1049;2748
17078;1049;2747
17081;1050;2748
17085;1050;2745
17088;1049;2747
17092;1040;2747
17096;1048;2747
17099;1049;2748
17103;1051;2748
17107;1049;2749
17110;1049;2750
17114;1050;2759
17118;1050;2760
17124;1050;2759
17125;1040;2759
17129;1050;2760
17132;1049;2760
17136;1048;2760
17139;1050;2760
17143;1049;2759
17147;1048;2761
17150;1040;2760
17154;1040;2761
17158;1040;2763
17161;1049;2763
17165;1040;2762
17169;1040;2762
17172;1040;2764
17176;1040;2763
17180;1048;2762
17183;1040;2763
17187;1040;2763
17191;1040;2763
17194;1048;2763
17198;1050;2764
17201;1040;2764
17205;1049;2766
17209;1040;2765
17212;1040;2765
17216;1048;2765
17220;1040;2766
17223;1040;2766
17227;1039;2767
17231;1040;2766
17234;1040;2766
17240;1040;2766
17242;1040;2765
17245;1040;2775
17249;1040;2767
17252;1040;2767
17256;1040;2775
17260;1040;2776
17263;1040;2776
17267;1048;2776
17271;1040;2778
17274;1048;2778
17278;1040;2779
17282;1040;2779
17285;1040;2781
17289;1040;2781
17293;1039;2782
17296;1040;2784
17300;1040;2792
17304;1039;2793
17307;1048;2794
17311;1040;2796
17314;1040;2797
17318;1040;2796
17322;1040;2797
17325;1040;2796
17329;1040;2797
17333;1040;2798
17336;1048;2797
17340;1040;2797
17344;1040;2797
17347;1040;2798
17351;1040;2798
17357;1039;2797
17358;1040;2796
17362;1040;2796
17366;1040;2796
17369;1040;2794
17373;1040;2793
17376;1040;2793
17380;1039;2792
17384;1040;2792
17387;1049;2782
17391;1040;2783
17395;1040;2782
17398;1040;2782
17402;1048;2779
17406;1040;2781
17409;1040;2781
17413;1040;2780
17417;1040;2780
17420;1047;2780
17424;1048;2781
17427;1039;2780
17431;1040;2780
17435;1040;2780
17438;1040;2781
17442;1040;2782
17446;1040;2782
17449;1040;2783
17453;1040;2783
17457;1040;2782
17460;1040;2783
17464;1040;2783
17468;1039;2782
17473;1039;2791
17475;1040;2792
17479;1040;2792
17482;1040;2793
17486;1039;2792
17489;1040;2793
17493;1040;2792
17497;1040;2792
17500;1040;2792
17504;1048;2793
17508;1040;2793
17511;1040;2792
17515;1040;2783
17519;1040;2783
17522;1040;2784
17526;1040;2782
17530;1040;2782
17533;1039;2780
17537;1039;2781
17540;1040;2779
17544;1038;2779
17548;1040;2778
17551;1038;2778
17555;1040;2777
17559;1040;2777
17562;1040;2778
17566;1039;2777
17570;1040;2777
17573;1040;2777
17577;1040;2776
17581;1040;2778
17584;1040;2778
17590;1050;2779
17592;1040;2778
17595;1040;2780
17599;1040;2779
17602;1048;2780
17606;1048;2778
17610;1040;2779
17613;1040;2779
17617;1048;2781
17621;1040;2780
17624;1040;2782
17628;1040;2781
17632;1040;2781
17635;1040;2782
17639;1040;2783
17643;1040;2791
17646;1050;2784
17650;1040;2791
17653;1040;2791
17657;1040;2792
17661;1040;2792
17664;1049;2792
17668;1040;2793
17672;1048;2795
17675;1048;2794
17679;1048;2795
17683;1040;2794
17686;1040;2795
17690;1040;2795
17694;1040;2794
17697;1040;2794
17701;1040;2793
17707;1040;2794
17708;1047;2794
17712;1040;2794
17715;1040;2795
17719;1040;2793
17723;1040;2792
17726;1040;2791
17730;1040;2792
17734;1049;2784
17737;1040;2781
17741;1049;2780
17745;1040;2779
17748;1047;2777
17752;1040;2774
17756;1048;2765
17759;1040;2763
17763;1048;2763
17767;1040;2761
17770;1040;2759
17774;1040;2751
17777;1040;2750
17781;1048;2750
17785;1040;2751
17788;1040;2750
17792;1050;2751
17796;1040;2749
17799;1040;2751
17803;1048;2750
17807;1040;2760
17810;1040;2750
17814;1040;2750
17818;1040;2759
17823;1040;2759
17825;1040;2750
17828;1040;2751
17832;1040;2750
17836;1049;2751
17839;1049;2759
17843;1040;2749
17847;1049;2749
17850;1050;2750
17854;1050;2750
17858;1049;2749
17861;1051;2747
17865;1049;2746
17869;1049;2736
17872;1051;2733
17876;1040;2731
17880;1049;2729
17883;1048;2729
17887;1049;2728
17890;1040;2718
17894;1049;2718
17898;1049;2717
17901;1040;2716
17905;1039;2715
17909;1039;2716
17912;1048;2714
17916;1040;2714
17920;1039;2714
17923;1040;2712
17927;1040;2713
17931;1040;2714
17934;1040;2714
17940;1048;2713
17941;1048;2714
17945;1040;2715
17949;1039;2715
17952;1039;2716
17956;1040;2715
17960;1039;2715
17963;1040;2715
17967;1040;2715
17971;1040;2716
17974;1039;2716
17978;1040;2717
17982;1039;2716
17985;1040;2717
17989;1039;2716
17993;1040;2716
17996;1040;2716
18000;1040;2715
18003;1040;2715
18007;1049;2714
18011;1040;2714
18014;1039;2713
18018;1040;2713
18022;1040;2712
18025;1040;2712
18029;1040;2713
18033;1039;2712
18036;1040;2712
18040;1048;2713
18044;1040;2712
18047;1040;2712
18051;1050;2712
18057;1050;2714
18058;1048;2714
18062;1040;2713
18065;1049;2714
18069;1040;2714
18073;1039;2713
18076;1039;2714
18080;1048;2713
18084;1039;2715
18087;1039;2714
18091;1040;2715
18095;1040;2715
18098;1038;2715
18102;1039;2713
18106;1039;2712
18109;1040;2713
18113;1040;2713
18116;1040;2713
18120;1039;2713
18124;1040;2712
18127;1039;2702
18131;1040;2702
18135;1039;2702
18138;1039;2700
18142;1040;2700
18146;1039;2697
18149;1040;2699
18153;1040;2698
18157;1040;2698
18160;1040;2695
18164;1040;2686
18168;1040;2687
18173;1039;2683
18175;1040;2683
18178;1040;2681
18182;1039;2681
18186;1040;2680
18189;1039;2671
18193;1040;2670
18197;1038;2668
18200;1038;2668
18204;1040;2667
18208;1039;2666
18211;1039;2665
18215;1039;2654
18219;1039;2655
18222;1048;2662
18226;1040;2654
18229;1040;2653
18233;1040;2649
18237;1040;2651
18240;1040;2651
18244;1039;2650
18248;1040;2650
18251;1040;2649
18255;1039;2650
18259;1040;2649
18262;1039;2648
18266;1040;2648
18270;1039;2650
18273;1039;2650
18277;1040;2650
18281;1040;2650
18284;1040;2650
18290;1039;2650
18291;1039;2650
18295;1038;2650
18299;1039;2650
18302;1040;2650
18306;1039;2651
18310;1040;2651
18313;1040;2652
18317;1039;2653
18321;1039;2653
18324;1040;2652
18328;1040;2655
18332;1040;2663
18335;1040;2663
18339;1047;2663
18342;1048;2655
18346;1040;2655
18350;1049;2655
18353;1048;2663
18357;1039;2664
18361;1040;2663
18364;1040;2664
18368;1040;2664
18372;1040;2664
18375;1040;2663
18379;1040;2665
18383;1039;2666
18386;1040;2666
18390;1040;2665
18394;1040;2665
18397;1040;2665
18401;1040;2664
18407;1040;2666
18408;1040;2666
18412;1039;2666
18415;1040;2666
18419;1040;2666
18423;1040;2667
18426;1040;2666
18430;1040;2663
18434;1040;2665
18437;1048;2664
18441;1040;2665
18445;1040;2665
18448;1039;2666
18452;1040;2664
18455;1040;2664
18459;1040;2664
18463;1039;2655
18466;1039;2655
18470;1039;2654
18474;1040;2655
18477;1038;2653
18481;1040;2654
18485;1040;2653
18488;1039;2651
18492;1040;2649
18496;1039;2649
18499;1038;2648
18503;1040;2648
18507;1039;2647
18510;1040;2639
18514;1040;2638
18517;1040;2637
18523;1040;2637
18525;1040;2637
18528;1040;2636
18532;1039;2635
18536;1038;2635
18539;1039;2637
18543;1039;2636
18547;1040;2637
18550;1040;2636
18554;1038;2639
18558;1040;2638
18561;1039;2638
18565;1040;2639
18569;1040;2647
18572;1039;2647
18576;1040;2648
18579;1039;2648
18583;1040;2648
18587;1040;2649
18590;1039;2649
18594;1040;2648
18598;1039;2650
18601;1038;2649
18605;1040;2648
18609;1039;2649
18612;1040;2649
18616;1048;2651
18620;1040;2651
18623;1039;2650
18627;1048;2650
18630;1048;2652
18634;1048;2652
18640;1040;2652
18641;1040;2651
18645;1047;2651
18649;1048;2652
18652;1040;2652
18656;1049;2649
18660;1050;2650
18663;1050;2649
18667;1050;2650
18671;1040;2651
18674;1049;2648
18678;1048;2650
18682;1048;2649
18685;1040;2647
18689;1040;2647
18692;1048;2647
18696;1040;2648
18700;1040;2639
18703;1040;2648
18707;1040;2648
18711;1040;2648
18714;1040;2648
18718;1040;2648
18722;1040;2649
18725;1039;2649
18729;1039;2648
18733;1040;2650
18736;1040;2649
18740;1040;2651
18743;1040;2651
18747;1048;2651
18751;1040;2651
18757;1040;2652
18758;1040;2651
18762;1040;2650
18765;1040;2651
18769;1049;2651
18773;1040;2649
18776;1040;2648
18780;1050;2648
18784;1049;2639
18787;1049;2639
18791;1049;2636
18795;1040;2635
18798;1048;2636
18802;1040;2635
18805;1048;2635
18809;1040;2635
18813;1049;2635
18816;1040;2634
18820;1040;2634
18824;1040;2635
18827;1040;2634
18831;1040;2635
18835;1040;2635
18838;1040;2635
18842;1048;2634
18846;1040;2634
18849;1040;2635
18853;1040;2636
18857;1040;2633
18860;1048;2635
18864;1040;2635
18867;1040;2635
18873;1040;2634
18875;1040;2636
18878;1040;2634
18882;1040;2635
18886;1040;2635
18889;1040;2635
18893;1048;2635
18897;1040;2635
18900;1049;2634
18904;1050;2635
18908;1040;2634
18911;1040;2633
18915;1040;2633
18918;1040;2633
18922;1048;2633
18926;1040;2632
18929;1040;2623
18933;1040;2623
18937;1040;2620
18940;1048;2620
18944;1048;2614
18948;1040;2606
18951;1048;2605
18955;1050;2603
18959;1050;2602
18962;1051;2591
18966;1050;2591
18970;1050;2599
18973;1040;2589
18977;1052;2589
18980;1050;2589
18984;1049;2589
18990;1051;2585
18991;1052;2586
18995;1050;2586
18999;1049;2584
19002;1050;2584
19006;1051;2584
19010;1050;2584
19013;1049;2583
19017;1050;2575
19021;1051;2574
19024;1050;2572
19028;1050;2573
19031;1049;2572
19035;1049;2570
19039;1050;2573
19042;1050;2571
19046;1049;2572
19050;1040;2571
19053;1050;2572
19057;1049;2572
19061;1040;2572
19064;1049;2572
19068;1049;2571
19072;1048;2572
19075;1040;2573
19079;1040;2572
19083;1040;2573
19086;1048;2572
19090;1040;2573
19093;1048;2575
19097;1049;2575
19101;1049;2574
19107;1048;2575
19108;1049;2575
19112;1048;2574
19115;1049;2573
19119;1040;2575
19123;1039;2576
19126;1040;2574
19130;1040;2574
19134;1040;2574
19137;1040;2575
19141;1039;2574
19144;1040;2573
19148;1040;2573
19152;1040;2572
19155;1040;2575
19159;1047;2573
19163;1039;2574
19166;1048;2582
19170;1040;2575
19174;1048;2576
19177;1048;2583
19181;1048;2584
19185;1050;2583
19188;1050;2574
19192;1040;2584
19196;1050;2584
19199;1049;2584
19203;1049;2584
19206;1040;2585
19210;1040;2584
19214;1040;2582
19217;1048;2584
19223;1049;2584
19225;1049;2583
19228;1049;2584
19232;1051;2585
19236;1051;2584
19239;1049;2585
19243;1049;2585
19247;1052;2585
19250;1051;2585
19254;1051;2587
19258;1049;2586
19261;1049;2584
19265;1050;2585
19268;1050;2586
19272;1049;2585
19276;1040;2585
19279;1040;2584
19283;1048;2583
19287;1049;2586
19290;1049;2584
19294;1049;2575
19298;1049;2583
19301;1040;2584
19305;1040;2575
19309;1050;2576
19312;1049;2576
19316;1049;2576
19319;1048;2575
19323;1049;2575
19327;1040;2574
19330;1040;2573
19334;1049;2574
19340;1040;2570
19341;1040;2570
19345;1040;2571
19349;1040;2571
19352;1040;2568
19356;1040;2558
19360;1040;2558
19363;1040;2554
19367;1040;2554
19371;1040;2552
19374;1040;2551
19378;1039;2552
19381;1040;2551
19385;1040;2543
19389;1040;2542
19392;1040;2543
19396;1039;2541
19400;1040;2541
19403;1040;2542
19407;1040;2542
19411;1039;2543
19414;1049;2544
19418;1048;2552
19422;1049;2544
19425;1040;2551
19429;1040;2552
19432;1040;2553
19436;1040;2555
19440;1049;2554
19443;1040;2555
19447;1040;2556
19451;1049;2555
19457;1048;2557
19458;1040;2558
19462;1040;2560
19465;1040;2558
19469;1040;2568
19473;1040;2558
19476;1040;2559
19480;1040;2558
19484;1040;2559
19487;1040;2570
19491;1040;2571
19494;1040;2571
19498;1049;2571
19502;1049;2572
19505;1049;2572
19509;1049;2571
19513;1040;2572
19516;1040;2571
19520;1048;2570
19524;1048;2570
19527;1040;2571
19531;1040;2572
19535;1048;2572
19538;1040;2571
19542;1040;2571
19545;1049;2572
19549;1049;2573
19553;1040;2571
19556;1040;2573
19560;1048;2572
19564;1040;2573
19567;1040;2573
19573;1048;2571
19575;1051;2572
19578;1049;2571
19582;1050;2570
19586;1049;2568
19589;1048;2569
19593;1040;2568
19597;1040;2568
19600;1040;2568
19604;1040;2568
19607;1040;2560
19611;1040;2568
19615;1040;2569
19618;1039;2568
19622;1039;2560
19626;1040;2568
19629;1040;2569
19633;1040;2570
19637;1050;2569
19640;1051;2573
19644;1040;2572
19648;1049;2573
19651;1040;2575
19655;1040;2573
19659;1039;2574
19662;1048;2573
19666;1040;2574
19669;1038;2573
19673;1040;2573
19677;1040;2573
19680;1040;2573
19684;1040;2574
19690;1039;2560
19691;1040;2569
19695;1040;2560
19699;1040;2568
19702;1040;2570
19706;1040;2560
19710;1040;2560
19713;1048;2569
19717;1049;2569
19720;1040;2559
19724;1040;2558
19728;1040;2556
19731;1049;2556
19735;1040;2556
19739;1040;2555
19742;1040;2554
19746;1040;2555
19750;1039;2555
19753;1040;2554
19757;1040;2555
19761;1047;2555
19764;1040;2555
19768;1040;2557
19772;1040;2558
19775;1040;2558
19779;1040;2558
19782;1048;2570
19786;1040;2570
19790;1050;2571
19793;1049;2570
19797;1048;2573
19801;1049;2572
19807;1051;2573
19808;1051;2574
19812;1052;2574
19815;1050;2576
19819;1051;2574
19823;1049;2583
19826;1050;2584
19830;1050;2583
19833;1040;2583
19837;1040;2575
19841;1048;2575
19844;1049;2584
19848;1049;2585
19852;1050;2584
19855;1049;2584
19859;1040;2585
19863;1048;2584
19866;1049;2584
19870;1040;2575
19874;1048;2584
19877;1049;2576
19881;1048;2583
19885;1049;2584
19888;1049;2583
19892;1040;2584
19895;1040;2583
19899;1050;2583
19903;1050;2584
19906;1049;2575
19910;1049;2584
19914;1049;2585
19917;1048;2584
19923;1049;2583
19925;1049;2584
19928;1048;2573
19932;1040;2573
19936;1049;2574
19939;1048;2574
19943;1040;2572
19946;1048;2571
19950;1040;2570
19954;1040;2569
19957;1040;2570
19961;1050;2570
19965;1048;2569
19968;1040;2560
19972;1049;2570
19976;1050;2571
19979;1051;2573
19983;1051;2573
19987;1049;2573
19990;1048;2574
19994;1049;2582
19998;1049;2573
20001;1050;2574
20005;1049;2574
20008;1051;2575
20012;1040;2575
20016;1040;2575
20019;1040;2575
20023;1040;2582
20027;1050;2575
20030;1049;2585
20034;1051;2586
20040;1040;2584
20041;1049;2584
20045;1049;2585
20049;1049;2583
20052;1050;2584
20056;1049;2584
20060;1050;2584
20063;1050;2583
20067;1050;2584
20070;1050;2585
20074;1051;2586
20078;1050;2584
20081;1051;2585
20085;1052;2586
20089;1052;2585
20092;1050;2586
20096;1052;2586
20100;1050;2584
20103;1052;2586
20107;1051;2585
20111;1050;2585
20114;1050;2586
20118;1049;2587
20121;1050;2586
20125;1050;2586
20129;1050;2586
20132;1051;2585
20136;1052;2586
20140;1051;2587
20143;1051;2586
20147;1052;2587
20151;1051;2587
20157;1051;2587
20158;1050;2588
20162;1051;2587
20165;1051;2588
20169;1051;2587
20173;1050;2588
20176;1052;2586
20180;1051;2586
20183;1051;2584
20187;1051;2586
20191;1051;2586
20194;1051;2586
20198;1051;2586
20202;1052;2584
20205;1051;2585
20209;1053;2586
20213;1052;2585
20216;1051;2585
20220;1052;2585
20224;1053;2585
20227;1052;2586
20231;1052;2585
20234;1052;2586
20238;1051;2586
20242;1051;2586
20245;1040;2585
20249;1052;2586
20253;1051;2587
20256;1053;2585
20260;1052;2587
20264;1053;2585
20267;1053;2587
20273;1052;2587
20275;1052;2587
20278;1052;2587
20282;1053;2587
20286;1052;2587
20289;1053;2588
20293;1054;2588
20296;1054;2588
20300;1053;2589
20304;1051;2588
20307;1050;2588
20311;1053;2588
20315;1052;2587
20318;1053;2586
20322;1052;2585
20326;1050;2585
20329;1054;2585
20333;1053;2586
20337;1054;2585
20340;1054;2585
20344;1053;2585
20347;1052;2584
20351;1052;2585
20355;1053;2585
20358;1052;2585
20362;1052;2585
20366;1052;2584
20369;1053;2584
20373;1053;2584
20377;1052;2585
20380;1054;2586
20384;1053;2587
20390;1053;2589
20391;1052;2589
20395;1053;2589
20399;1052;2589
20402;1053;2589
20406;1052;2588
20409;1053;2590
20413;1053;2590
20417;1052;2588
20420;1051;2589
20424;1052;2589
20428;1051;2589
20431;1051;2589
20435;1052;2589
20439;1052;2588
20442;1052;2588
20446;1049;2587
20450;1051;2586
20453;1052;2586
20457;1052;2586
20461;1051;2585
20464;1051;2587
20468;1050;2587
20471;1053;2587
20475;1052;2588
20479;1053;2589
20482;1053;2589
20486;1054;2588
20490;1052;2588
20493;1053;2587
20497;1052;2590
20501;1053;2588
20507;1051;2589
20508;1051;2589
20512;1051;2590
20515;1052;2590
20519;1052;2591
20522;1052;2589
20526;1051;2590
20530;1051;2590
20533;1050;2587
20537;1051;2587
20541;1051;2587
20544;1052;2587
20548;1052;2586
20552;1052;2586
20555;1051;2584
20559;1051;2585
20563;1053;2585
20566;1051;2588
20570;1052;2587
20574;1051;2587
20577;1052;2588
20581;1052;2586
20584;1052;2587
20588;1052;2586
20592;1052;2584
20595;1051;2584
20599;1052;2576
20603;1053;2583
20606;1053;2574
20610;1051;2573
20614;1052;2572
20617;1051;2572
20623;1051;2570
20625;1052;2569
20628;1051;2560
20632;1052;2559
20635;1052;2559
20639;1052;2559
20643;1051;2559
20646;1051;2558
20650;1051;2556
20654;1050;2558
20657;1052;2557
20661;1052;2556
20665;1053;2556
20668;1051;2555
20672;1051;2556
20676;1052;2554
20679;1051;2554
20683;1052;2555
20687;1051;2554
20690;1052;2554
20694;1051;2552
20697;1052;2554
20701;1051;2553
20705;1050;2553
20708;1052;2552
20712;1051;2552
20716;1052;2551
20719;1052;2551
20723;1052;2552
20727;1052;2553
20730;1052;2551
20734;1052;2543
20740;1051;2552
20741;1052;2543
20745;1052;2543
20748;1052;2543
20752;1051;2551
20756;1054;2552
20759;1051;2552
20763;1053;2552
20767;1052;2552
20770;1052;2552
20774;1051;2552
20778;1052;2552
20781;1051;2552
20785;1051;2553
20789;1051;2552
20792;1053;2553
20796;1052;2553
20800;1052;2552
20803;1053;2554
20807;1051;2553
20810;1051;2554
20814;1053;2555
20818;1052;2556
20821;1051;2556
20825;1052;2556
20829;1051;2558
20832;1051;2559
20836;1052;2558
20840;1051;2559
20843;1053;2559
20847;1052;2568
20851;1052;2560
20881;1051;2570
20881;1051;2571
20882;1050;2570
20884;1050;2572
20888;1051;2571
20892;1051;2571
20895;1051;2570
20899;1051;2571
20903;1052;2570
20906;1051;2569
20910;1051;2568
20913;1052;2560
20917;1051;2559
20921;1052;2559
20924;1052;2558
20928;1052;2557
20932;1052;2557
20935;1053;2558
20939;1052;2557
20943;1052;2556
20946;1053;2555
20950;1051;2554
20954;1053;2556
20957;1052;2556
20961;1053;2555
20964;1053;2555
20968;1051;2554
20972;1051;2555
20975;1050;2555
20979;1051;2554
20983;1051;2553
20986;1052;2554
20992;1050;2553
20994;1050;2554
20997;1051;2553
21001;1051;2555
21005;1051;2552
21008;1051;2553
21012;1052;2552
21016;1051;2543
21019;1052;2542
21023;1052;2551
21026;1052;2541
21030;1052;2541
21034;1052;2540
21037;1053;2540
21041;1052;2540
21045;1052;2539
21048;1053;2540
21052;1051;2540
21056;1052;2540
21059;1052;2540
21063;1050;2542
21067;1052;2539
21070;1052;2541
21074;1051;2540
21077;1052;2542
21081;1051;2541
21085;1052;2541
21088;1050;2541
21092;1052;2542
21096;1051;2543
21099;1050;2544
21103;1051;2542
21109;1053;2543
21110;1052;2551
21114;1051;2552
21118;1051;2552
21121;1052;2552
21125;1052;2552
21129;1052;2553
21132;1050;2553
21136;1051;2553
21139;1050;2556
21143;1050;2556
21147;1050;2557
21150;1050;2556
21154;1051;2559
21158;1051;2560
21161;1051;2559
21165;1051;2567
21169;1052;2559
21172;1051;2568
21176;1050;2559
21180;1052;2569
21183;1050;2559
21187;1052;2569
21191;1053;2568
21194;1052;2560
21198;1052;2569
21201;1051;2568
21205;1052;2568
21209;1052;2560
21212;1053;2569
21216;1052;2570
21220;1051;2560
21226;1052;2570
21227;1053;2571
21231;1051;2573
21234;1052;2571
21238;1051;2571
21242;1050;2575
21245;1052;2574
21249;1053;2574
21252;1054;2582
21256;1053;2574
21260;1053;2583
21263;1053;2584
21267;1052;2585
21271;1051;2587
21274;1051;2586
21278;1051;2585
21282;1051;2585
21285;1050;2585
21289;1052;2586
21293;1050;2586
21296;1051;2585
21300;1050;2587
21304;1049;2585
21307;1051;2587
21311;1051;2587
21314;1052;2588
21318;1052;2590
21322;1052;2589
21325;1051;2598
21329;1051;2599
21333;1052;2599
21336;1051;2600
21342;1051;2601
21344;1051;2601
21347;1051;2601
21351;1051;2599
21355;1052;2591
21358;1052;2592
21362;1052;2589
21365;1051;2590
21369;1050;2592
21373;1052;2598
21376;1053;2591
21380;1051;2588
21384;1052;2588
21387;1053;2589
21391;1053;2587
21395;1053;2586
21398;1052;2586
21402;1054;2587
21406;1053;2588
21409;1054;2587
21413;1055;2586
21417;1053;2587
21420;1053;2588
21424;1052;2586
21427;1052;2585
21431;1053;2587
21435;1053;2586
21438;1053;2587
21442;1052;2587
21446;1052;2588
21449;1052;2587
21453;1053;2588
21459;1052;2585
21460;1052;2585
21464;1053;2587
21468;1053;2586
21471;1054;2586
21475;1053;2586
21479;1053;2585
21482;1053;2586
21486;1056;2586
21489;1055;2585
21493;1054;2585
21497;1055;2587
21500;1055;2586
21504;1053;2587
21508;1052;2588
21511;1052;2586
21515;1052;2587
21519;1053;2587
21522;1052;2587
21526;1052;2588
21530;1053;2590
21533;1053;2589
21537;1054;2589
21540;1053;2590
21544;1052;2590
21548;1051;2590
21551;1053;2591
21555;1053;2590
21559;1053;2591
21562;1053;2590
21566;1052;2599
21570;1052;2592
21575;1052;2600
21577;1051;2591
21581;1052;2590
21584;1052;2589
21588;1052;2592
21592;1052;2599
21595;1052;2598
21599;1052;2592
21602;1052;2599
21606;1053;2600
21610;1054;2599
21613;1052;2601
21617;1053;2600
21621;1053;2591
21624;1053;2600
21628;1053;2600
21632;1052;2600
21635;1051;2600
21639;1052;2599
21643;1052;2600
21646;1051;2601
21650;1051;2600
21653;1052;2601
21657;1051;2602
21661;1052;2600
21664;1051;2600
21668;1051;2600
21672;1052;2601
21675;1051;2602
21679;1052;2601
21683;1052;2602
21686;1052;2601
21692;1051;2602
21694;1050;2603
21697;1052;2602
21701;1052;2601
21705;1052;2601
21708;1053;2600
21712;1051;2602
21715;1050;2600
21719;1051;2601
21723;1051;2603
21726;1052;2601
21730;1050;2601
21734;1051;2600
21737;1052;2600
21741;1051;2602
21745;1051;2601
21748;1050;2600
21752;1051;2600
21756;1051;2601
21759;1051;2601
21763;1051;2601
21766;1052;2601
21770;1051;2602
21774;1052;2601
21777;1051;2600
21781;1051;2601
21785;1051;2601
21788;1052;2600
21792;1051;2601
21796;1052;2600
21799;1051;2600
21803;1051;2591
21809;1052;2591
21810;1051;2591
21814;1051;2592
21818;1052;2589
21821;1051;2587
21825;1052;2589
21828;1051;2589
21832;1051;2587
21836;1051;2587
21839;1051;2588
21843;1050;2587
21847;1051;2586
21850;1050;2587
21854;1052;2586
21858;1051;2586
21861;1052;2586
21865;1051;2585
21869;1052;2584
21872;1052;2585
21876;1052;2585
21880;1052;2584
21883;1052;2584
21887;1051;2584
21890;1050;2584
21894;1052;2584
21898;1052;2584
21901;1052;2584
21905;1051;2584
21909;1052;2584
21912;1051;2583
21916;1052;2576
21920;1051;2584
21925;1053;2583
21927;1052;2585
21931;1051;2584
21934;1052;2584
21938;1051;2584
21941;1052;2585
21945;1051;2585
21949;1051;2584
21952;1052;2586
21956;1052;2584
21960;1051;2585
21963;1050;2585
21967;1051;2586
21971;1052;2585
21974;1052;2584
21978;1053;2584
21982;1053;2584
21985;1052;2586
21989;1051;2584
21993;1053;2584
21996;1052;2585
22000;1053;2586
22003;1052;2584
22007;1052;2583
22011;1053;2583
22014;1052;2582
22018;1053;2584
22022;1052;2584
22025;1053;2575
22029;1052;2574
22033;1051;2574
22036;1052;2573
22042;1051;2572
22044;1052;2572
22047;1053;2572
22051;1052;2571
22054;1052;2570
22058;1053;2571
22062;1052;2571
22065;1052;2572
22069;1052;2572
22073;1052;2572
22076;1051;2572
22080;1052;2572
22084;1052;2573
22087;1051;2573
22091;1051;2575
22095;1052;2584
22098;1052;2575
22102;1053;2586
22106;1051;2586
22109;1051;2585
22113;1052;2587
22116;1050;2586
22120;1050;2586
22124;1051;2588
22127;1052;2588
22131;1054;2587
22135;1052;2589
22138;1053;2591
22142;1052;2588
22146;1051;2590
22149;1052;2591
22153;1052;2590
22159;1052;2599
22160;1052;2600
22164;1053;2600
22167;1051;2600
22171;1052;2600
22175;1053;2601
22178;1053;2601
22182;1052;2601
22186;1052;2602
22189;1051;2605
22193;1052;2602
22197;1052;2602
22200;1054;2602
22204;1052;2600
22208;1052;2601
22211;1052;2600
22215;1053;2600
22219;1052;2599
22222;1052;2600
22226;1052;2590
22229;1051;2600
22233;1053;2590
22237;1053;2590
22240;1053;2588
22244;1053;2588
22248;1052;2589
22251;1052;2588
22255;1052;2587
22259;1052;2587
22262;1052;2586
22266;1052;2589
22270;1052;2588
22275;1053;2587
22277;1052;2588
22281;1054;2587
22284;1052;2587
22288;1052;2586
22291;1052;2585
22295;1053;2585
22299;1052;2585
22302;1053;2585
22306;1053;2584
22310;1052;2583
22313;1054;2584
22317;1051;2584
22321;1053;2584
22324;1053;2584
22328;1053;2584
22332;1052;2585
22335;1052;2584
22339;1052;2584
22342;1052;2583
22346;1051;2585
22350;1051;2585
22353;1052;2585
22357;1053;2586
22361;1052;2586
22364;1054;2586
22368;1053;2587
22372;1053;2586
22375;1054;2585
22379;1054;2586
22383;1053;2586
22386;1053;2587
22392;1053;2587
22394;1053;2587
22397;1051;2586
22401;1053;2587
22404;1052;2585
22408;1053;2585
22412;1052;2586
22415;1052;2586
22419;1052;2585
22423;1053;2584
22426;1053;2585
22430;1054;2586
22434;1052;2585
22437;1053;2586
22441;1052;2586
22445;1052;2586
22448;1052;2586
22452;1053;2587
22455;1054;2587
22459;1052;2588
22463;1054;2588
22466;1052;2587
22470;1055;2589
22474;1053;2588
22477;1052;2590
22481;1054;2588
22485;1054;2589
22488;1054;2588
22492;1053;2588
22496;1052;2587
22499;1053;2588
22503;1054;2588
22509;1053;2589
22510;1052;2589
22514;1053;2589
22517;1054;2598
22521;1055;2591
22525;1054;2588
22528;1054;2591
22532;1055;2599
22536;1055;2600
22539;1055;2600
22543;1053;2601
22547;1055;2601
22550;1054;2600
22554;1053;2600
22558;1052;2601
22561;1053;2601
22565;1053;2601
22568;1053;2601
22572;1053;2599
22576;1052;2599
22579;1053;2599
22583;1053;2591
22587;1053;2591
22590;1052;2588
22594;1054;2588
22598;1054;2587
22601;1052;2587
22605;1053;2585
22609;1055;2575
22612;1053;2573
22616;1053;2571
22620;1053;2559
22625;1052;2552
22627;1053;2552
22630;1052;2540
22634;1052;2538
22638;1052;2523
22641;1052;2521
22645;1054;2507
22649;1052;2495
22652;1052;2480
22656;1052;2464
22660;1051;2458
22663;1052;2442
22667;1050;2426
22671;1051;2407
22674;1051;2392
22678;1051;2377
22682;1051;2351
22685;1051;2333
22689;1051;2326
22692;1052;2314
22696;1051;2283
22700;1051;2250
22703;1052;2240
22707;1052;2218
22711;1051;2205
22714;1050;2185
22718;1051;2173
22722;1050;2155
22725;1049;2138
22729;1051;2126
22733;1049;2122
22736;1050;2120
22742;1040;2092
22743;1040;2088
22747;1049;2088
22751;1049;2089
22754;1040;2075
22758;1040;2076
22762;1049;2073
22765;1040;2063
22769;1048;2061
22773;1049;2063
22776;1048;2058
22780;1040;2045
22784;1040;2041
22787;1049;2029
22791;1040;2042
22795;1049;2026
22798;1040;2023
22802;1048;2011
22805;1049;2010
22809;1049;2012
22813;1050;2007
22816;1049;1995
22820;1049;1992
22824;1049;1979
22827;1040;1979
22831;1047;1977
22835;1040;1976
22838;1048;1965
22842;1048;1951
22846;1040;1951
22849;1040;1935
22853;1047;1929
22859;1040;1915
22860;1040;1915
22864;1049;1916
22867;1048;1916
22871;1049;1902
22875;1040;1886
22878;1049;1870
22882;1040;1869
22886;1048;1850
22889;1040;1848
22893;1048;1833
22897;1040;1821
22900;1040;1808
22904;1040;1790
22908;1040;1789
22911;1040;1788
22915;1048;1770
22918;1039;1758
22922;1039;1752
22926;1038;1752
22929;1039;1752
22933;1038;1741
22937;1040;1738
22940;1039;1740
22944;1040;1752
22948;1040;1756
22951;1040;1759
22955;1040;1757
22959;1039;1768
22962;1040;1760
22966;1040;1755
22969;1049;1754
22975;1048;1759
22977;1040;1767
22980;1040;1769
22984;1040;1768
22988;1040;1767
22991;1049;1768
22995;1040;1768
22999;1049;1768
23002;1048;1771
23006;1040;1768
23010;1049;1768
23013;1048;1769
23017;1040;1770
23021;1040;1773
23024;1040;1784
23028;1048;1784
23031;1049;1784
23035;1049;1787
23039;1050;1789
23042;1049;1789
23046;1048;1789
23050;1048;1791
23053;1049;1788
23057;1050;1789
23061;1040;1785
23064;1040;1772
23068;1040;1769
23072;1040;1757
23075;1040;1757
23079;1040;1755
23083;1040;1755
23086;1040;1752
23092;1048;1741
23093;1040;1740
23097;1040;1742
23101;1049;1750
23104;1040;1751
23108;1049;1753
23112;1049;1754
23115;1050;1757
23119;1050;1757
23123;1040;1768
23126;1049;1769
23130;1040;1769
23134;1048;1772
23137;1049;1774
23141;1040;1785
23144;1048;1788
23148;1040;1800
23152;1049;1803
23155;1049;1804
23159;1048;1804
23163;1050;1814
23166;1040;1806
23170;1049;1806
23174;1048;1803
23177;1049;1801
23181;1040;1788
23185;1040;1775
23188;1040;1769
23192;1040;1758
23196;1040;1751
23199;1040;1738
23203;1040;1727
23209;1040;1736
23210;1049;1737
23214;1049;1736
23217;1048;1739
23221;1048;1740
23225;1049;1737
23228;1040;1740
23232;1040;1740
23236;1040;1752
23239;1049;1751
23243;1049;1752
23247;1049;1753
23250;1050;1755
23254;1051;1757
23257;1050;1755
23261;1049;1751
23265;1048;1752
23268;1048;1741
23272;1050;1752
23276;1050;1753
23279;1052;1754
23283;1049;1755
23287;1051;1753
23290;1052;1756
23294;1051;1767
23298;1051;1769
23301;1050;1770
23305;1051;1773
23309;1050;1784
23312;1050;1788
23316;1051;1786
23319;1050;1786
23325;1050;1787
23327;1049;1786
23330;1049;1788
23334;1040;1783
23338;1040;1775
23341;1048;1757
23345;1040;1744
23349;1040;1727
23352;1039;1720
23356;1040;1709
23360;1039;1677
23363;1039;1662
23367;1040;1642
23370;1040;1623
23374;1040;1625
23378;1039;1623
23381;1040;1622
23385;1039;1625
23389;1039;1623
23392;1040;1612
23396;1040;1624
23400;1040;1628
23403;1040;1629
23407;1040;1625
23411;1040;1628
23414;1040;1626
23418;1040;1630
23422;1040;1641
23425;1039;1642
23429;1040;1645
23432;1040;1646
23436;1040;1656
23442;1039;1656
23443;1040;1655
23447;1040;1647
23451;1038;1646
23454;1040;1655
23458;1040;1659
23462;1040;1660
23465;1040;1671
23469;1048;1674
23473;1040;1675
23476;1040;1680
23480;1040;1690
23484;1048;1690
23487;1040;1693
23491;1040;1696
23494;1049;1703
23498;1048;1707
23502;1040;1710
23505;1040;1719
23509;1040;1720
23513;1039;1721
23516;1040;1721
23520;1040;1722
23524;1048;1721
23527;1040;1722
23531;1040;1711
23535;1040;1709
23538;1040;1710
23542;1039;1707
23545;1040;1704
23549;1040;1705
23553;1040;1706
23559;1040;1707
23560;1049;1706
23564;1039;1694
23567;1040;1705
23571;1040;1694
23575;1040;1692
23578;1048;1695
23582;1040;1704
23586;1040;1704
23589;1049;1707
23593;1049;1720
23597;1050;1720
23600;1040;1720
23604;1049;1722
23607;1048;1728
23611;1049;1739
23615;1040;1742
23618;1040;1742
23622;1049;1751
23626;1050;1752
23629;1049;1755
23633;1040;1757
23637;1049;1768
23640;1048;1768
23644;1049;1772
23648;1049;1774
23651;1049;1784
23655;1051;1785
23658;1050;1786
23662;1050;1788
23666;1049;1788
23669;1049;1788
23675;1050;1789
23677;1040;1789
23680;1049;1789
23684;1040;1788
23688;1048;1786
23691;1040;1786
23695;1040;1773
23699;1047;1769
23702;1040;1767
23706;1040;1741
23710;1040;1741
23713;1040;1739
23717;1048;1735
23720;1040;1737
23724;1040;1737
23728;1048;1741
23731;1040;1752
23735;1040;1752
23739;1049;1754
23742;1048;1757
23746;1049;1769
23750;1049;1770
23753;1040;1772
23757;1040;1776
23761;1049;1783
23764;1049;1783
23768;1049;1784
23772;1048;1785
23775;1040;1786
23779;1049;1787
23782;1040;1786
23786;1040;1786
23792;1040;1788
23793;1040;1787
23797;1049;1788
23801;1049;1789
23804;1049;1788
23808;1040;1791
23812;1040;1791
23815;1040;1792
23819;1040;1790
23823;1040;1789
23826;1040;1790
23830;1040;1788
23833;1040;1788
23837;1040;1789
23841;1040;1788
23844;1040;1788
23848;1040;1790
23852;1040;1789
23855;1040;1799
23859;1040;1792
23863;1048;1799
23866;1040;1800
23870;1040;1801
23874;1040;1802
23877;1040;1803
23881;1040;1806
23885;1040;1806
23888;1049;1816
23892;1040;1817
23895;1048;1816
23899;1049;1817
23903;1040;1816
23909;1040;1820
23910;1048;1820
23914;1040;1821
23917;1040;1821
23921;1038;1822
23925;1040;1832
23928;1040;1833
23932;1040;1834
23936;1040;1835
23939;1040;1835
23943;1049;1836
23946;1040;1838
23950;1040;1850
23954;1040;1853
23957;1040;1853
23961;1040;1863
23965;1040;1855
23968;1040;1863
23972;1049;1864
23976;1048;1865
23979;1048;1866
23983;1040;1867
23987;1049;1868
23990;1049;1879
23994;1048;1872
23998;1049;1880
24001;1049;1880
24005;1049;1884
24008;1040;1895
24012;1049;1897
24016;1048;1898
24019;1049;1900
24025;1040;1903
24027;1048;1903
24030;1049;1910
24034;1040;1912
24038;300;1836
24041;224;1851
24045;224;1854
24049;231;1866
24052;222;1871
24056;223;1879
24059;222;1883
24063;1134;1965
24067;1113;1948
24070;1099;1948
24074;1087;1948
24078;1085;1947
24081;1080;1949
24085;1078;1961
24089;1070;1960
24092;1068;1962
24096;1065;1962
24100;1068;1965
24103;1066;1966
24107;1066;1967
24111;1066;1976
24114;1065;1978
24118;1056;1981
24121;1054;1984
24125;238;1931
24129;234;1933
24132;232;1943
24136;232;1947
24142;232;1949
24143;232;1949
24147;232;1959
24151;233;1960
24154;234;1960
24158;234;1960
24162;232;1962
24165;232;1964
24169;232;1965
24173;233;1966
24176;233;1966
24180;232;1965
24183;1162;2040
24187;1133;2031
24191;1119;2029
24194;1113;2029
24198;1099;2029
24202;248;1963
24205;236;1967
24209;233;1976
24213;234;1976
24216;234;1978
24220;234;1977
24224;234;1976
24227;234;1976
24231;1162;2043
24234;240;1961
24238;236;1961
24242;234;1961
24245;235;1963
24249;233;1962
24253;234;1964
24256;233;1966
24260;233;1975
24266;1184;2047
24267;1168;2045
24271;1144;2043
24275;1130;2045
24278;1117;2043
24282;1112;2043
24286;1101;2044
24289;1098;2043
24293;1096;2045
24296;1096;2047
24300;1087;2046
24304;1085;2047
24307;862;2015
24311;235;1996
24315;234;2009
24318;233;2011
24322;234;2012
24326;234;2014
24329;1147;2080
24333;1128;2077
24337;1115;2075
24340;1100;2074
24344;1096;2073
24347;1084;2074
24351;1084;2074
24355;1081;2077
24358;1080;2076
24362;1071;2079
24366;253;2026
24369;1084;2108
24373;1079;2107
24377;1070;2121
24380;1071;2123
24386;1069;2136
24388;1069;2127
24391;1066;2126
24395;1066;2136
24399;1068;2142
24402;1066;2150
24406;1066;2154
24409;1067;2155
24413;1065;2168
24417;1066;2173
24420;1065;2183
24424;1064;2187
24428;1053;2188
24431;461;2128
24435;238;2152
24439;237;2166
24442;237;2170
24446;237;2174
24450;1146;2248
24453;1117;2249
24457;1102;2253
24460;462;2200
24464;249;2218
24468;240;2235
24471;239;2248
24475;246;2250
24479;1147;2317
24482;1127;2313
24486;1113;2315
24490;1100;2316
24493;1095;2318
24497;1084;2318
24503;1080;2319
24504;1080;2319
24508;1079;2317
24512;1071;2318
24515;1069;2318
24519;1068;2318
24522;1066;2315
24526;250;2255
24530;237;2264
24533;235;2264
24537;236;2253
24541;234;2251
24544;235;2249
24548;237;2234
24552;234;2224
24555;234;2218
24559;1175;2270
24563;1136;2268
24566;1120;2264
24570;1113;2252
24574;1103;2249
24577;1098;2238
24581;1095;2231
24584;1084;2217
24588;1083;2216
24592;1081;2203
24595;1072;2190
24599;1070;2184
24603;1069;2173
24606;1068;2160
24610;1068;2143
24614;1066;2135
24617;1065;2122
24623;1064;2104
24625;1065;2103
24628;1056;2088
24632;1063;2056
24635;1063;2056
24639;1063;2048
24643;1054;2057
24646;1055;2044
24650;1054;2044
24654;1053;2045
24657;1054;2047
24661;1055;2047
24665;1054;2047
24668;1055;2047
24672;1053;2046
24676;1053;2045
24679;1054;2042
24683;1055;2044
24687;1062;2040
24690;1054;2041
24694;1055;2028
24697;1053;2025
24701;1053;2015
24705;1054;2015
24708;1054;2013
24712;1053;2013
24716;1052;2012
24719;1051;2010
24723;1052;2011
24727;1051;2010
24730;1053;2012
24734;1053;2015
24740;1052;2015
24741;1052;2024
24745;1053;2025
24748;1052;2027
24752;1052;2028
24756;1052;2030
24759;1053;2029
24763;1052;2028
24767;1051;2030
24770;1052;2028
24774;1049;2026
24778;1050;2025
24781;1051;2025
24785;1050;2014
24789;1051;2010
24792;1052;2012
24796;1051;1997
24800;1051;1993
24803;1050;1983
24807;1051;1983
24810;1051;1980
24814;1051;1978
24818;1052;1976
24821;1052;1964
24825;1052;1961
24829;1050;1960
24832;1051;1951
24836;1050;1948
24840;1052;1946
24843;1050;1933
24847;1050;1931
24851;1051;1916
24857;1050;1900
24858;1049;1898
24861;1050;1884
24865;1050;1879
24869;1040;1867
24872;1040;1852
24876;1048;1849
24880;1048;1838
24883;1048;1833
24887;1040;1821
24891;1040;1818
24894;1040;1816
24898;219;1741
24902;216;1738
24905;1082;1804
24909;1084;1788
24913;1072;1775
24916;1067;1767
24920;1056;1756
24923;587;1689
24927;218;1664
24931;207;1662
24934;208;1660
24938;216;1646
24942;206;1630
24945;207;1613
24949;206;1609
24953;206;1597
24956;205;1580
24960;205;1579
24964;206;1576
24967;205;1564
24971;206;1565
24977;207;1561
24978;206;1567
24982;206;1563
24985;214;1550
24989;207;1551
24993;206;1550
24996;206;1550
25000;205;1546
25004;207;1549
25007;205;1550
25011;206;1547
25015;213;1546
25018;214;1534
25022;206;1527
25026;206;1517
25029;208;1512
25033;208;1512
25036;206;1516
25040;1182;1595
25044;1151;1567
25047;230;1483
25051;216;1499
25055;207;1483
25058;208;1485
25062;206;1484
25066;207;1482
25069;207;1484
25073;214;1483
25077;208;1496
25080;216;1497
25084;214;1501
25088;216;1512
25091;207;1486
25095;215;1497
25101;216;1503
25102;216;1502
25106;216;1513
25109;215;1512
25113;217;1517
25117;215;1519
25120;216;1528
25124;1180;1640
25128;1180;1612
25131;1160;1611
25135;1136;1610
25139;1129;1612
25142;1118;1614
25146;1113;1613
25149;1101;1613
25153;1100;1625
25157;1099;1627
25160;1096;1628
25164;1086;1631
25168;1085;1640
25171;1084;1641
25175;1083;1643
25179;1081;1642
25182;1080;1643
25186;1080;1644
25190;1072;1645
25193;1072;1656
25197;1071;1659
25201;1070;1659
25204;1067;1662
25208;1068;1671
25211;1069;1675
25217;1065;1679
25219;1065;1688
25222;1066;1689
25226;1064;1693
25230;1064;1695
25233;1065;1706
25237;1065;1710
25241;1065;1721
25244;1064;1723
25248;1055;1724
25252;1056;1728
25255;1055;1737
25259;1055;1737
25262;1055;1739
25266;1054;1739
25270;1054;1739
25273;1053;1740
25277;1054;1739
25281;1055;1741
25284;1053;1740
25288;1052;1742
25292;1053;1741
25295;1053;1742
25299;1053;1744
25303;1052;1753
25306;1052;1755
25310;1051;1756
25314;1051;1758
25317;1052;1759
25321;1054;1768
25324;1051;1767
25328;1050;1768
25334;1053;1770
25335;1051;1771
25339;1050;1771
25343;1052;1771
25346;1051;1773
25350;1052;1773
25354;1051;1783
25357;1053;1784
25361;1051;1785
25365;1051;1789
25368;1052;1788
25372;1053;1790
25376;1052;1800
25379;1052;1804
25383;1053;1804
25386;1053;1804
25390;1053;1805
25394;1053;1805
25397;1052;1806
25401;1053;1806
25405;1053;1804
25408;1052;1805
25412;1053;1805
25416;1053;1802
25419;1053;1800
25423;1052;1791
25427;1051;1786
25430;1053;1787
25434;1053;1776
25437;1051;1769
25441;1053;1758
25445;1052;1758
25451;1052;1744
25452;1053;1742
25456;1055;1742
25459;1053;1741
25463;1051;1742
25467;1052;1739
25470;1052;1740
25474;1051;1739
25478;1050;1739
25481;1051;1740
25485;1051;1738
25489;1050;1738
25492;1050;1739
25496;1049;1742
25499;1050;1743
25503;1049;1751
25507;1040;1744
25510;1049;1753
25514;1048;1753
25518;1048;1755
25521;1049;1757
25525;1050;1767
25529;1040;1768
25532;1049;1771
25536;1048;1774
25540;1040;1786
25543;1049;1787
25547;1049;1790
25550;1050;1798
25554;1048;1801
25558;1040;1802
25561;1049;1805
25567;1050;1805
25569;1039;1805
25572;1040;1804
25576;1049;1807
25580;1040;1806
25583;1040;1805
25587;1050;1807
25591;1048;1807
25594;1040;1806
25598;1050;1804
25602;1049;1804
25605;1040;1802
25609;1040;1801
25612;1049;1800
25616;1048;1790
25620;1040;1790
25623;1048;1789
25627;1040;1790
25631;1040;1788
25634;1040;1789
25638;1049;1791
25642;1047;1791
25645;1040;1791
25649;1048;1799
25653;1039;1800
25656;1040;1801
25660;1040;1801
25663;1050;1802
25667;1040;1801
25671;1048;1802
25674;1040;1802
25678;1048;1803
25684;1040;1803
25685;1048;1804
25689;1048;1804
25693;1040;1803
25696;1048;1803
25700;1040;1803
25704;1048;1805
25707;1040;1807
25711;1040;1807
25715;1048;1816
25718;1040;1817
25722;1040;1818
25725;1049;1819
25729;1049;1818
25733;1049;1819
25736;1049;1817
25740;1048;1816
25744;1048;1815
25747;1040;1807
25751;1049;1807
25755;1049;1808
25758;1039;1816
25762;1049;1807
25766;1040;1806
25769;1040;1816
25773;1040;1804
25777;1040;1787
25780;1040;1786
25784;1040;1773
25787;1039;1771
25791;1048;1770
25795;1048;1760
25801;1040;1756
25802;1049;1755
25806;1050;1752
25809;1049;1742
25813;1049;1741
25817;1048;1739
25820;1049;1736
25824;1040;1727
25828;1048;1735
25831;1049;1726
25835;1040;1726
25838;1050;1725
25842;1040;1724
25846;1048;1724
25849;1040;1725
25853;1040;1724
25857;1040;1723
25860;1049;1722
25864;1040;1723
25868;1040;1725
25871;1040;1721
25875;1039;1721
25879;1049;1721
25882;1040;1723
25886;1040;1722
25890;1040;1723
25893;1049;1723
25897;1040;1724
25900;1040;1723
25904;1050;1724
25908;1040;1724
25911;1049;1726
25917;1040;1726
25919;1049;1727
25922;1048;1728
25926;1040;1735
25930;1049;1726
25933;1048;1734
25937;1049;1736
25941;1040;1735
25944;1040;1735
25948;1049;1727
25951;1040;1725
25955;1040;1727
25959;1040;1727
25962;1049;1725
25966;1049;1725
25970;1040;1724
25973;1040;1725
25977;1040;1725
25981;1040;1725
25984;1040;1727
25988;1040;1728
25992;1049;1725
25995;1049;1725
25999;1040;1725
26003;1049;1725
26006;1040;1725
26010;1040;1735
26013;1049;1727
26017;1048;1727
26021;1040;1734
26024;1049;1736
26028;1040;1736
26034;1040;1736
26035;1050;1736
26039;1048;1736
26043;1050;1737
26046;1051;1739
26050;1048;1738
26054;1050;1741
26057;1051;1744
26061;1049;1753
26065;1050;1756
26068;1050;1758
26072;1049;1758
26075;1051;1769
26079;1049;1759
26083;1040;1758
26086;1048;1758
26090;1040;1767
26094;1049;1769
26097;1049;1769
26101;1040;1769
26105;1049;1768
26108;1050;1771
26112;1050;1770
26116;1049;1771
26119;1048;1773
26123;1050;1774
26126;1050;1776
26130;1050;1787
26134;1051;1787
26137;1050;1788
26141;1051;1801
26145;1051;1801
26151;1052;1803
26152;1051;1805
26156;1050;1816
26159;1050;1822
26163;1049;1822
26167;1050;1823
26170;1050;1832
26174;1051;1832
26178;1040;1833
26181;1049;1834
26185;1050;1834
26188;1051;1832
26192;1050;1831
26196;1050;1819
26199;1051;1816
26203;1049;1814
26207;1050;1806
26210;1050;1802
26214;1051;1801
26218;1050;1790
26221;1051;1785
26225;1051;1775
26229;1051;1770
26232;1052;1769
26236;1052;1768
26239;1051;1760
26243;1051;1760
26247;1051;1760
26250;1051;1768
26254;1052;1769
26258;1052;1768
26261;1052;1768
26267;1051;1759
26269;1051;1759
26272;1050;1755
26276;1051;1754
26280;1052;1753
26283;1052;1755
26287;1050;1753
26291;1051;1752
26294;1051;1741
26298;1050;1739
26301;1040;1737
26305;1050;1736
26309;1051;1727
26312;1051;1723
26316;1051;1722
26320;1050;1719
26323;1052;1720
26327;1051;1720
26331;1052;1720
26334;1056;1722
26338;1066;1726
26342;1069;1727
26345;1070;1738
26349;1079;1744
26352;1080;1751
26356;1081;1752
26360;1083;1754
26363;1086;1756
26367;1096;1759
26371;1095;1760
26374;1099;1771
26378;1100;1774
26384;1112;1786
26385;1112;1790
26389;1115;1792
26393;1113;1799
26396;1117;1805
26400;1128;1804
26404;1129;1816
26407;1130;1816
26411;1133;1818
26414;1133;1820
26418;1146;1819
26422;1149;1818
26425;1160;1819
26429;1176;1820
26433;1178;1822
26436;1181;1823
26440;1183;1831
26444;1195;1831
26447;1196;1832
26451;1198;1832
26455;1200;1832
26458;1198;1831
26462;1199;1833
26466;1209;1833
26469;1210;1836
26473;1212;1836
26476;1215;1836
26480;1212;1839
26484;1214;1839
26487;1214;1847
26491;1223;1847
26495;1225;1849
26501;1240;1850
26502;1241;1850
26506;1245;1850
26509;1246;1853
26513;1247;1853
26517;1256;1854
26520;1256;1855
26524;1260;1864
26527;1260;1862
26531;1261;1856
26535;1272;1853
26538;1272;1853
26542;1279;1853
26546;1290;1851
26549;1293;1849
26553;1303;1838
26557;1306;1837
26560;1309;1832
26564;1311;1819
26568;1321;1822
26571;1323;1815
26575;1326;1803
26579;1338;1803
26582;1339;1800
26586;1340;1790
26589;1343;1790
26593;1353;1789
26597;1356;1787
26600;1358;1788
26604;1359;1791
26608;1358;1791
26611;1358;1802
26617;1358;1801
26619;1358;1802
26622;1359;1806
26626;1358;1807
26630;1359;1818
26633;1368;1832
26637;1367;1832
26640;1367;1833
26644;1367;1834
26648;1370;1834
26651;1370;1835
26655;1371;1836
26659;1372;1833
26662;1372;1833
26666;1371;1820
26670;1372;1815
26673;1370;1805
26677;1375;1800
26681;1384;1783
26684;1384;1773
26688;1375;1758
26692;1371;1754
26695;1369;1739
26699;1368;1726
26702;1370;1711
26706;1371;1708
26710;1374;1693
26713;1375;1688
26717;1382;1673
26721;1384;1662
26724;1385;1658
26728;1374;1647
26734;1384;1631
26735;1383;1630
26739;1388;1624
26743;1389;1613
26746;1390;1615
26750;1389;1600
26753;1391;1593
26757;1399;1595
26761;1390;1591
26764;1389;1592
26768;1388;1591
26772;1389;1592
26775;1389;1595
26779;1389;1596
26783;1389;1594
26786;1389;1593
26790;1391;1608
26794;1390;1608
26797;1391;1611
26801;1391;1609
26805;1390;1610
26808;1391;1613
26812;1391;1623
26815;1391;1624
26819;1400;1625
26823;1401;1627
26826;1402;1630
26830;1404;1630
26834;1403;1631
26837;1407;1641
26841;1408;1641
26845;1416;1643
26851;1416;1647
26852;1417;1655
26856;1420;1655
26859;1419;1656
26863;1419;1657
26867;1417;1658
26870;1422;1658
26874;1432;1660
26877;1431;1659
26881;1434;1662
26885;1435;1661
26888;1433;1661
26892;1431;1661
26896;1438;1661
26899;1439;1662
26903;1439;1662
26907;1448;1663
26910;1450;1662
26914;1448;1662
26918;1451;1662
26921;1452;1670
26925;1451;1671
26928;1440;1674
26932;1447;1673
26936;1438;1673
26939;1435;1675
26943;1434;1675
26947;1423;1677
26950;1432;1678
26954;1433;1678
26958;1422;1679
26961;1415;1679
26967;1408;1690
26969;1416;1689
26972;1406;1689
26976;1406;1691
26980;1406;1693
26983;1406;1704
26987;1405;1704
26990;1406;1707
26994;1415;1709
26998;1415;1709
27001;1408;1711
27005;1416;1720
27009;1415;1720
27012;1416;1723
27016;1416;1723
27020;1415;1726
27023;1418;1726
27027;1415;1736
27031;1419;1737
27034;1421;1738
27038;1422;1740
27041;1420;1742
27045;1418;1741
27049;1420;1742
27052;1419;1743
27056;1419;1751
27060;1421;1752
27063;1420;1753
27067;1420;1755
27071;1423;1755
27074;1423;1755
27078;1434;1756
27084;1436;1755
27085;1436;1754
27089;1448;1752
27093;1450;1753
27096;1450;1752
27100;1449;1751
27103;1449;1740
27107;1453;1738
27111;1454;1738
27114;1453;1735
27118;1454;1726
27122;1455;1723
27125;1456;1725
27129;1463;1723
27133;1464;1721
27136;1464;1723
27140;1464;1719
27144;1464;1712
27147;1464;1710
27151;1463;1719
27154;1455;1719
27158;1454;1719
27162;1452;1720
27165;1452;1720
27169;1452;1720
27173;1453;1720
27176;1454;1720
27180;1450;1719
27184;1450;1711
27187;1440;1710
27191;1440;1711
27195;1448;1712
27201;1450;1725
27202;1450;1724
27206;1448;1726
27209;1449;1726
27213;1450;1728
27216;1450;1737
27220;1450;1737
27224;1449;1741
27227;1451;1744
27231;1451;1756
27235;1450;1756
27238;1450;1756
27242;1450;1758
27246;1450;1758
27249;1450;1760
27253;1453;1768
27257;1453;1770
27260;1453;1769
27264;1453;1770
27268;1453;1769
27271;1453;1768
27275;1453;1768
27278;1453;1767
27282;1455;1768
27286;1455;1758
27289;1456;1768
27293;1456;1760
27297;1456;1768
27300;1466;1769
27304;1466;1769
27308;1464;1769
27311;1466;1768
27317;1466;1770
27319;1465;1771
27322;1465;1772
27326;1464;1773
27329;1465;1774
27333;1456;1775
27337;1455;1789
27340;1454;1790
27344;1454;1790
27348;1462;1790
27351;1462;1799
27355;1453;1800
27359;1450;1801
27362;1452;1802
27366;1451;1801
27370;1451;1791
27373;1453;1786
27377;1454;1775
27381;1454;1773
27384;1452;1771
27388;1454;1768
27391;1451;1758
27395;1451;1757
27399;1451;1752
27402;1451;1741
27406;1454;1727
27410;1464;1722
27413;1465;1720
27417;1464;1709
27421;1465;1710
27424;1464;1710
27428;1464;1712
27434;1464;1723
27435;1464;1724
27439;1467;1727
27442;1468;1737
27446;1468;1743
27450;1470;1753
27453;1471;1754
27457;1469;1755
27461;1470;1758
27464;1469;1759
27468;1471;1770
27472;1471;1771
27475;1472;1771
27479;1479;1773
27483;1472;1774
27486;1471;1774
27490;1479;1785
27494;1480;1786
27497;1480;1790
27501;1480;1792
27504;1480;1801
27508;1480;1803
27512;1479;1804
27515;1479;1804
27519;1480;1805
27523;1480;1816
27526;1480;1820
27530;1480;1819
27534;1479;1820
27537;1480;1821
27541;1479;1832
27545;1479;1838
27551;1479;1839
27552;1472;1840
27555;1479;1848
27559;1480;1851
27563;1481;1852
27566;1479;1852
27570;1479;1855
27574;1482;1854
27577;1481;1854
27581;1482;1856
27585;1481;1854
27588;1481;1856
27592;1481;1854
27596;1480;1854
27599;1481;1854
27603;1481;1851
27607;1480;1852
27610;1481;1850
27614;1480;1851
27617;1480;1852
27621;1480;1851
27625;1480;1851
27628;1480;1850
27632;1480;1852
27636;1480;1852
27639;1480;1851
27643;1480;1855
27647;1481;1854
27650;1479;1853
27654;1478;1854
27658;1481;1856
27661;1482;1862
27667;1483;1864
27669;1484;1865
27672;1484;1868
27676;1483;1870
27679;1483;1870
27683;1485;1882
27687;1484;1883
27690;1485;1884
27694;1482;1887
27698;1481;1887
27701;1480;1896
27705;1480;1896
27709;1479;1897
27712;1479;1898
27716;1481;1897
27720;1479;1897
27723;1480;1900
27727;1480;1900
27730;1480;1901
27734;1480;1902
27738;1481;1902
27741;1481;1912
27745;1481;1912
27749;1481;1903
27752;1482;1913
27756;1480;1914
27760;1479;1913
27763;1480;1912
27767;1479;1912
27771;1471;1914
27774;1467;1912
27778;1466;1912
27784;1464;1913
27785;1465;1912
27789;1465;1912
27792;1464;1913
27796;1465;1913
27800;1466;1913
27803;1465;1914
27807;1464;1913
27811;1465;1914
27814;1466;1913
27818;1465;1915
27822;1465;1914
27825;1465;1915
27829;1468;1917
27833;1466;1915
27836;1467;1914
27840;1467;1912
27843;1468;1912
27847;1470;1912
27851;1469;1904
27854;1480;1902
27858;1471;1901
27862;1471;1902
27865;1478;1902
27869;1471;1900
27873;1470;1898
27876;1471;1898
27880;1471;1896
27884;1472;1896
27887;1472;1897
27891;1478;1895
27895;1472;1887
27901;1479;1886
27902;1471;1886
27905;1478;1885
27909;1471;1882
27913;1479;1883
27916;1479;1880
27920;1479;1871
27924;1471;1867
27927;1471;1864
27931;1470;1864
27935;1469;1863
27938;1479;1855
27942;1480;1854
27946;1481;1853
27949;1480;1856
27953;1481;1863
27956;1480;1855
27960;1479;1856
27964;1478;1854
27967;1480;1854
27971;1479;1854
27975;1479;1854
27978;1471;1853
27982;1472;1853
27986;1480;1852
27989;1480;1850
27993;1479;1851
27997;1480;1849
28000;1479;1849
28004;1472;1847
28008;1480;1838
28011;1480;1837
28043;1496;1832
28044;1495;1834
28044;1488;1833
28047;1488;1835
28050;1496;1835
28054;1498;1836
28058;1498;1837
28061;1497;1838
28065;1498;1837
28069;1500;1838
28072;1502;1838
28076;1501;1837
28079;1502;1837
28083;1501;1839
28087;1502;1838
28090;1501;1839
28094;1502;1839
28098;1511;1839
28101;1503;1837
28105;1504;1835
28109;1503;1833
28112;1502;1833
28116;1503;1833
28120;1503;1831
28123;1511;1821
28127;1510;1816
28131;1504;1814
28134;1502;1806
28138;1504;1807
28141;1502;1805
28145;1513;1806
28149;1503;1805
28155;1512;1803
28156;1503;1803
28160;1512;1803
28163;1511;1801
28167;1512;1799
28171;1512;1792
28174;1512;1788
28178;1515;1776
28182;1515;1774
28185;1516;1773
28189;1514;1772
28192;1516;1769
28196;1515;1768
28200;1516;1755
28203;1516;1743
28207;1515;1741
28211;1517;1738
28214;1518;1739
28218;1527;1727
28222;1534;1722
28225;1545;1720
28229;1531;1708
28233;1532;1707
28236;1534;1706
28240;1534;1706
28244;1544;1704
28247;1545;1696
28251;1549;1694
28254;1548;1693
28258;1550;1694
28262;1552;1691
28265;1552;1692
28271;1560;1693
28273;1559;1692
28276;1560;1694
28280;1561;1705
28284;1562;1707
28287;1562;1708
28291;1561;1708
28295;1563;1710
28298;1564;1720
28302;1565;1719
28305;1566;1720
28309;1564;1720
28313;1564;1720
28316;1562;1712
28320;1564;1711
28324;1564;1711
28327;1564;1710
28331;1565;1712
28335;1565;1711
28338;1566;1710
28342;1567;1711
28346;1565;1707
28349;1566;1706
28353;1576;1703
28357;1567;1695
28360;1575;1692
28364;1566;1688
28367;1566;1677
28371;1566;1673
28375;1564;1660
28378;1567;1657
28382;1566;1655
28388;1566;1643
28389;1566;1640
28393;1576;1628
28397;1576;1613
28400;1576;1609
28404;1568;1598
28408;1566;1584
28411;1564;1578
28415;1566;1559
28419;1565;1546
28422;1566;1530
28426;1566;1497
28429;1565;1487
28433;1567;1471
28437;1568;1455
28440;1574;1437
28444;1578;1432
28448;1582;1416
28451;1581;1404
28455;1582;1402
28459;1582;1375
28462;1582;1373
28466;1584;1373
28470;1581;1385
28473;1582;1384
28477;1592;1399
28480;1581;1400
28484;1580;1405
28488;1581;1417
28491;1582;1420
28495;1581;1420
28499;1581;1419
28505;1581;1433
28506;1581;1431
28510;1592;1421
28513;1593;1403
28517;1597;1404
28521;1595;1405
28524;1596;1387
28528;1595;1383
28532;1595;1375
28535;1596;1375
28539;1597;1374
28542;1608;1385
28546;1608;1385
28550;1609;1385
28553;1610;1390
28557;1611;1389
28561;1610;1389
28564;1610;1389
28568;1612;1389
28572;1614;1400
28575;1623;1389
28579;1624;1389
28583;1626;1374
28586;1629;1358
28590;1628;1356
28593;1629;1340
28597;1629;1341
28601;1640;1337
28604;1640;1325
28608;1640;1319
28612;1639;1293
28615;1644;1277
28621;1657;1272
28623;1656;1261
28626;1660;1240
28630;1670;1213
28634;1673;1192
28637;1672;1177
28641;1674;1163
28645;1676;1148
28648;1673;1133
28652;1673;1118
28655;1675;1101
28659;1675;1103
28663;1688;1101
28666;1694;1072
28670;1705;1066
28674;1706;1052
28677;1710;1049
28681;1720;1053
28685;1722;1040
28688;1722;1034
28692;1735;1021
28696;1735;1000
28699;1726;988
28703;1738;972
28706;1738;957
28710;1742;954
28714;1753;943
28717;1751;924
28721;1755;920
28725;1756;905
28728;1756;895
28732;1756;890
28736;1768;879
28741;1759;863
28743;1758;872
28747;1769;864
28750;1773;856
28754;1772;844
28758;1776;832
28761;1784;828
28765;1786;826
28768;1788;826
28772;1801;829
28776;1801;827
28779;1804;830
28783;1804;839
28787;1805;841
28790;1806;840
28794;1818;832
28798;1818;829
28801;1832;838
28805;1833;827
28809;1838;810
28812;1847;800
28816;1850;797
28820;1855;793
28823;1868;779
28827;1869;774
28830;1884;764
28834;1885;745
28838;1884;744
28841;1887;731
28845;1895;717
28849;1886;703
28852;1897;698
28856;1903;682
28860;1918;668
28865;1928;665
28867;1930;664
28871;1936;653
28874;1948;650
28878;1958;650
28881;1960;634
28885;1964;623
28889;1966;621
28892;1976;620
28896;1978;622
28900;1982;622
28903;1993;622
28907;1996;618
28911;1998;617
28914;1997;619
28918;1999;616
28922;2009;616
28925;2008;617
28929;2011;618
28933;2010;619
28936;2011;617
28940;2015;620
28943;2024;616
28947;2025;619
28951;2029;622
28954;2030;624
28958;2030;632
28962;2029;623
28965;2028;630
28969;2031;624
28973;2030;621
28976;2031;602
28980;2040;600
28984;2043;599
28989;2056;571
28991;2058;569
28994;2059;557
28998;2061;555
29002;2060;552
29005;2059;541
29009;2063;524
29013;2064;510
29016;2062;493
29020;2064;489
29024;2064;488
29027;2063;479
29031;2073;477
29035;2072;474
29038;2064;476
29042;2075;476
29046;2073;474
29049;2063;476
29053;2063;476
29056;2064;478
29060;2073;478
29064;2073;478
29067;2074;477
29071;2076;479
29075;2076;478
29078;2077;479
29082;2075;478
29086;2079;479
29089;2089;478
29093;2088;478
29097;2090;477
29100;2090;477
29104;2091;478
29107;2092;478
29113;2094;477
29115;2094;479
29118;2091;479
29122;2092;478
29126;2093;479
29129;2094;489
29133;2103;488
29137;2103;488
29140;2094;488
29144;2093;488
29148;2092;488
29151;2089;488
29155;2088;489
29159;2087;488
29162;2088;489
29166;2079;491
29169;2087;489
29173;2088;486
29177;2088;478
29180;2087;478
29184;2088;476
29188;2088;476
29191;2087;477
29195;2087;477
29199;2087;479
29202;2088;476
29206;2088;475
29210;2088;477
29213;2090;478
29217;2090;487
29221;2090;488
29224;2089;492
29228;2089;490
29231;2088;489
29237;2088;496
29239;2089;503
29242;2090;494
29246;2090;492
29250;2092;494
29253;2091;503
29257;2091;495
29261;2092;496
29264;2091;496
29268;2103;492
29272;2103;494
29275;2103;496
29279;2106;503
29282;2105;503
29286;2106;495
29290;2106;504
29293;2109;506
29297;2110;508
29301;2111;508
29304;2109;512
29308;2110;510
29312;2109;512
29315;2109;523
29319;2108;534
29323;2109;537
29326;2107;539
29330;2109;539
29334;2107;539
29337;2110;554
29341;2109;553
29344;2108;567
29348;2107;572
29352;2108;598
29355;2106;600
29359;2105;588
29366;2093;615
29366;2092;606
29370;2089;618
29374;2089;632
29377;2087;633
29381;2076;632
29385;2076;634
29388;2076;631
29392;2075;632
29395;2073;622
29399;2073;617
29403;2064;590
29406;2062;584
29410;2057;590
29414;2057;601
29417;2056;586
29421;2056;587
29425;2056;570
29428;2047;571
29432;2046;571
29436;2043;570
29439;2040;574
29443;2042;583
29447;2039;570
29450;2031;575
29454;2031;570
29457;2030;569
29461;2029;556
29465;2028;553
29468;2028;540
29472;2026;540
29476;2025;541
29479;2027;552
29483;2027;552
29513;2028;552
29514;2028;552
29514;2028;551
29517;2030;551
29520;2029;552
29524;2032;552
29527;2040;541
29531;2041;538
29535;2043;537
29538;2043;536
29542;2044;528
29546;2045;536
29549;2048;527
29553;2048;526
29557;2057;525
29560;2058;525
29564;2059;524
29568;2060;522
29571;2060;524
29575;2061;524
29579;2061;524
29582;2062;524
29586;2062;522
29589;2062;523
29593;2064;525
29597;2064;525
29600;2064;527
29604;2064;526
29608;2062;536
29611;2062;536
29615;2061;540
29619;2062;542
29622;2061;542
29626;2059;551
29644;2040;591
29645;2032;591
29645;2032;591
29648;2031;590
29651;2029;587
29655;2028;589
29659;2027;589
29662;2028;590
29666;2024;590
29670;2025;600
29673;2015;590
29677;2015;592
29680;2014;591
29684;2015;590
29688;2013;591
29691;2013;587
29695;2013;590
29699;2013;600
29702;2015;601
29706;2015;607
29710;2014;602
29713;2024;600
29717;2015;604
29721;2015;606
29724;2024;605
29728;2015;604
29731;2024;607
29735;2026;616
29739;2027;616
29742;2026;605
29746;2027;603
29750;2028;605
29753;2028;618
29757;2030;621
29763;2040;622
29764;2039;635
29768;2042;634
29772;2041;637
29775;2044;650
29779;2047;639
29783;2046;648
29786;2046;648
29790;2059;647
29793;2059;635
29797;2058;633
29801;2061;619
29804;2061;605
29808;2060;604
29812;2060;606
29815;2061;601
29819;2061;601
29823;2062;605
29826;2062;605
29830;2062;607
29834;2062;619
29837;2063;624
29841;2063;632
29844;2063;622
29848;2064;633
29852;2064;632
29855;2064;635
29859;2072;638
29863;2072;648
29866;2075;648
29870;2075;650
29874;2074;651
29877;2074;653
29881;2076;653
29887;2076;649
29888;2076;655
29892;2076;663
29896;2077;669
29899;2077;681
29903;2078;680
29906;2077;682
29910;2077;685
29914;2078;695
29917;2087;686
29921;2087;686
29925;2086;688
29928;2087;696
29932;2079;697
29936;2087;698
29939;2087;698
29943;2080;697
29947;2080;695
29950;2079;697
29954;2087;687
29957;2088;683
29961;2086;683
29965;2079;684
29968;2079;687
29972;2077;695
29976;2077;687
29979;2077;696
29983;2076;697
29987;2073;697
29990;2064;698
29994;2063;701
29998;2062;701
30001;2063;714
30005;2062;713
30011;2061;715
30012;2060;720
30016;2062;731
30019;2060;745
30023;2058;734
30027;2057;749
30030;2056;744
30034;2057;736
30038;2056;744
30041;2057;762
30045;2057;768
30049;2056;764
30052;2048;766
30056;2046;778
30060;2048;777
30063;2046;779
30067;2047;798
30071;2045;793
30074;2045;807
30078;2042;796
30081;2042;811
30085;2041;815
30089;2032;825
30092;2031;844
30096;2028;857
30100;2026;860
30103;2022;873
30107;2013;905
30111;2012;911
30114;2011;922
30118;2010;936
30122;1999;954
30125;1998;972
30129;1996;983
30135;1992;987
30136;1992;990
30140;1984;990
30143;1981;987
30147;1977;1001
30151;1976;1002
30154;1963;1003
30158;1961;1006
30162;1952;1016
30165;1950;1021
30169;1946;1022
30173;1944;1033
30176;1935;1035
30180;1933;1037
30184;1933;1038
30187;1929;1037
30191;1927;1040
30194;1916;1040
30198;1915;1040
30202;1913;1040
30205;1911;1048
30209;1901;1049
30213;1900;1052
30216;1899;1049
30220;1898;1049
30224;1897;1051
30227;1898;1053
30231;1896;1051
30235;1896;1050
30238;1894;1051
30242;1887;1050
30245;1888;1049
30249;1896;1040
30255;1888;1035
30256;1895;1036
30260;1895;1038
30264;1896;1037
30267;1895;1039
30271;1897;1039
30275;1898;1049
30278;1899;1048
30282;1900;1052
30286;1901;1053
30289;1899;1054
30293;1900;1063
30297;1901;1064
30300;1900;1065
30304;1902;1066
30307;1900;1067
30311;1902;1068
30315;1901;1068
30318;1902;1066
30322;1903;1069
30326;1902;1069
30329;1911;1068
30333;1904;1068
30337;1911;1072
30340;1912;1079
30344;1902;1081
30348;1902;1083
30351;1903;1083
30355;1901;1080
30359;1902;1085
30362;1901;1085
30366;1898;1095
30372;1898;1086
30373;1896;1085
30377;1897;1095
30380;1897;1098
30384;1888;1100
30388;1895;1103
30391;1886;1112
30395;1884;1102
30399;1886;1103
30402;1886;1112
30406;1885;1113
30410;1884;1113
30413;1883;1115
30417;1882;1116
30420;1882;1128
30424;1882;1119
30428;1881;1119
30431;1880;1119
30435;1881;1131
30439;1880;1132
30442;1880;1130
30446;1870;1128
30450;1869;1135
30453;1870;1143
30457;1871;1143
30461;1869;1147
30464;1870;1147
30468;1870;1150
30472;1871;1149
30475;1878;1150
30479;1871;1160
30482;1878;1160
30488;1871;1150
30490;1872;1159
30493;1871;1161
30497;1871;1161
30501;1879;1161
30504;1880;1163
30508;1880;1166
30512;1881;1167
30515;1882;1166
30519;1881;1163
30523;1881;1164
30526;1882;1163
30530;1882;1164
30533;1882;1164
30537;1883;1163
30541;1883;1164
30544;1882;1163
30548;1883;1166
30552;1883;1174
30555;1883;1168
30559;1883;1176
30563;1885;1167
30566;1886;1167
30570;1884;1167
30574;1884;1167
30577;1887;1176
30581;1886;1166
30585;1885;1166
30588;1885;1166
30592;1884;1167
30595;1885;1166
30599;1884;1165
30605;1886;1164
30606;1886;1165
30610;1886;1160
30614;1886;1162
30617;1895;1160
30621;1895;1152
30625;1888;1159
30628;1886;1150
30632;1896;1148
30636;1897;1148
30639;1896;1149
30643;1895;1151
30646;1887;1152
30650;1887;1150
30654;1896;1147
30657;1887;1146
30661;1887;1145
30665;1887;1143
30668;1885;1146
30672;1887;1149
30676;1885;1150
30679;1886;1161
30683;1885;1160
30687;1886;1150
30690;1886;1151
30694;1885;1150
30698;1885;1151
30701;1884;1146
30705;1884;1131
30708;1886;1134
30712;1884;1135
30716;1884;1132
30722;1883;1131
30723;1882;1129
30727;1882;1129
30730;1881;1128
30734;1879;1120
30738;1872;1118
30741;1880;1119
30745;1869;1126
30749;1867;1119
30752;1866;1132
30756;1865;1133
30760;1864;1127
30763;1862;1128
30767;1852;1131
30770;1850;1129
30774;1849;1129
30778;1840;1126
30781;1838;1130
30785;1836;1132
30789;1834;1143
30792;1835;1145
30796;1832;1147
30800;1831;1147
30803;1832;1147
30807;1831;1149
30811;1831;1150
30814;1833;1150
30818;1832;1150
30821;1834;1151
30825;1834;1148
30829;1834;1151
30832;1835;1150
30838;1836;1161
30840;1838;1162
30843;1837;1162
30847;1838;1167
30851;1848;1167
30854;1840;1176
30858;1848;1180
30862;1847;1182
30865;1848;1194
30869;1848;1199
30873;1848;1209
30876;1848;1208
30880;1846;1208
30883;1847;1211
30887;1840;1213
30891;1846;1215
30894;1838;1224
30898;1848;1240
30902;1848;1246
30905;1838;1243
30909;1839;1256
30913;1847;1258
30916;1839;1276
30920;1838;1277
30924;1836;1290
30927;1838;1293
30931;1835;1295
30934;1834;1295
30938;1833;1306
30942;1822;1307
30945;1821;1310
30949;1819;1319
30955;1817;1325
30956;1817;1325
30960;1818;1336
30964;1816;1335
30967;1815;1338
30971;1816;1340
30975;1815;1352
30978;1816;1355
30982;1816;1359
30986;1816;1370
30989;1817;1368
30993;1817;1370
30996;1816;1374
31000;1817;1375
31004;1818;1374
31007;1817;1384
31011;1817;1383
31015;1818;1376
31018;1818;1383
31022;1818;1385
31026;1818;1386
31029;1819;1387
31033;1818;1385
31037;1818;1385
31040;1819;1387
31044;1820;1387
31047;1819;1388
31051;1819;1400
31055;1820;1399
31058;1821;1400
31062;1821;1400
31066;1821;1401
31072;1821;1400
31073;1822;1401
31077;1822;1403
31080;1823;1405
31084;1823;1406
31088;1823;1403
31091;1823;1404
31095;1832;1405
31099;1824;1406
31102;1832;1406
31106;1832;1404
31109;1832;1405
31113;1831;1403
31117;1824;1403
31120;1832;1407
31124;1831;1406
31128;1832;1407
31131;1831;1416
31135;1832;1417
31139;1832;1419
31142;1823;1421
31146;1832;1422
31150;1831;1419
31153;1832;1419
31157;1832;1423
31161;1832;1432
31164;1832;1437
31168;1832;1434
31171;1832;1438
31175;1833;1439
31179;1833;1448
31182;1833;1448
31188;1833;1448
31190;1834;1450
31193;1833;1452
31197;1835;1452
31201;1832;1454
31204;1832;1464
31208;1823;1464
31212;1830;1467
31215;1823;1468
31219;1821;1471
31222;1822;1480
31226;1821;1481
31230;1820;1481
31233;1821;1481
31237;1823;1482
31241;1821;1484
31244;1822;1485
31248;1821;1485
31252;1820;1485
31255;1820;1487
31259;1820;1488
31263;1821;1486
31266;1822;1487
31270;1820;1498
31274;1820;1500
31277;1820;1501
31281;1821;1503
31284;1820;1502
31288;1821;1511
31292;1822;1502
31295;1820;1512
31299;1819;1513
31305;1818;1518
31306;1816;1519
31310;1816;1517
31314;1816;1517
31317;1815;1527
31321;1807;1528
31325;1805;1528
31328;1805;1532
31332;1802;1545
31335;1803;1545
31339;1801;1547
31343;1799;1549
31346;1791;1551
31350;1791;1560
31354;1800;1564
31357;1800;1563
31361;1800;1566
31365;1801;1565
31368;1800;1565
31372;1801;1564
31376;1800;1565
31379;1800;1563
31383;1800;1565
31387;1801;1565
31390;1802;1563
31394;1802;1563
31397;1804;1563
31401;1803;1562
31405;1803;1565
31408;1803;1565
31412;1803;1564
31416;1803;1565
31422;1806;1565
31423;1805;1566
31427;1805;1565
31430;1806;1564
31434;1805;1562
31438;1806;1560
31441;1816;1563
31445;1815;1563
31448;1815;1560
31452;1806;1560
31456;1815;1551
31459;1816;1559
31463;1807;1550
31467;1815;1548
31470;1816;1545
31474;1816;1546
31478;1816;1545
31481;1815;1536
31485;1816;1548
31489;1817;1548
31492;1816;1545
31496;1816;1545
31500;1817;1545
31503;1816;1545
31507;1816;1534
31510;1818;1533
31514;1820;1532
31518;1819;1518
31521;1819;1514
31525;1820;1487
31529;1819;1470
31532;1818;1453
31538;1819;1432
31540;1819;1420
31543;1819;1418
31547;1820;1403
31551;1820;1385
31554;1821;1355
31558;1832;1335
31562;1831;1304
31565;1824;1262
31569;1832;1246
31572;1832;1242
31576;1833;1228
31580;1834;1197
31583;1834;1176
31587;1837;1162
31591;1838;1149
31594;1847;1134
31598;1848;1131
31602;1849;1132
31605;1850;1129
31609;1851;1119
31613;1852;1119
31616;1854;1119
31620;1863;1118
31623;1866;1118
31627;1868;1116
31631;1870;1115
31634;1880;1115
31638;1880;1115
31642;1880;1115
31645;1883;1114
31649;1885;1120
31655;1898;1130
31656;1900;1130
31660;1902;1132
31664;1902;1144
31667;1902;1148
31671;1914;1166
31675;1917;1180
31678;1917;1195
31682;1918;1212
31685;1920;1242
31689;1928;1263
31693;1930;1276
31696;1931;1302
31700;1933;1323
31704;1944;1339
31707;1948;1356
31711;1949;1359
31715;1951;1370
31718;1960;1385
31722;1961;1389
31726;1961;1391
31729;1963;1399
31733;1963;1401
31736;1975;1407
31740;1978;1418
31744;1983;1419
31747;1992;1420
31751;1994;1431
31755;1996;1422
31758;1997;1433
31762;1997;1434
31766;1998;1436
31772;2000;1436
31773;2008;1437
31777;2010;1437
31780;2011;1437
31784;2012;1437
31788;2015;1438
31791;2014;1449
31795;2025;1451
31798;2025;1453
31802;2022;1449
31806;2014;1440
31809;2014;1450
31813;2014;1446
31817;2011;1431
31820;2013;1431
31824;2011;1417
31828;2010;1416
31831;2007;1416
31835;2007;1419
31839;1999;1420
31842;1997;1408
31846;1993;1400
31849;1993;1384
31853;1993;1385
31857;1992;1370
31860;1983;1341
31864;1981;1327
31868;1978;1310
31871;1976;1294
31875;1966;1309
31879;1961;1289
31882;1959;1258
31888;1950;1208
31890;1950;1208
31893;1945;1209
31897;1943;1209
31901;1934;1211
31904;1933;1195
31908;1932;1196
31911;1929;1193
31915;1931;1193
31919;1928;1196
31922;1928;1195
31926;1929;1196
31930;1927;1199
31933;1916;1210
31937;1913;1211
31941;1913;1194
31944;1919;1230
31948;1928;1273
31952;1929;1294
31955;1931;1289
31959;1928;1288
31963;1942;1294
31966;1947;1321
31970;1951;1342
31973;1962;1353
31977;1978;1353
31981;1992;1373
31984;1998;1343
31988;2013;1355
31992;2009;1325
31995;2011;1294
31999;2010;1245
32005;2015;1184
32006;2014;1175
32010;2014;1145
32014;2024;1120
32017;2028;1118
32021;2024;1079
32024;2007;1063
32028;1992;1034
32032;1979;1020
32035;1962;988
32039;1934;952
32043;1927;920
32046;1911;893
32050;1901;855
32054;1885;826
32057;1852;795
32061;1824;762
32065;1817;731
32068;1805;714
32072;1789;712
32076;1770;696
32079;1741;653
32083;1721;601
32086;1674;570
32090;1647;525
32094;1623;503
32097;1584;461
32101;1565;456
32105;1530;443
32108;1480;442
32112;1435;439
32116;1400;431
32119;1359;429
32125;1325;442
32127;1322;441
32130;1304;445
32134;1262;443
32137;1227;431
32141;1212;414
32145;1195;413
32148;1183;408
32152;1163;408
32156;1151;408
32159;1144;415
32163;1143;392
32167;1134;391
32170;1128;377
32174;1116;378
32178;1113;382
32181;1100;376
32185;1079;375
32189;1066;365
32192;1035;360
32196;1023;359
32199;1024;350
32203;1031;359
32207;1024;367
32210;1023;375
32214;1023;380
32218;1023;378
32221;1022;380
32225;1021;391
32229;1022;395
32232;1022;415
32236;1022;408
32240;1020;439
32243;1022;444
32249;1021;472
32251;1021;479
32254;1022;489
32258;1021;492
32261;1022;508
32265;1021;525
32269;1022;571
32272;1021;583
32276;1021;584
32280;1021;591
32283;1022;618
32287;1022;634
32291;1020;648
32294;1022;684
32298;1021;703
32302;1022;714
32305;1022;714
32309;1022;751
32312;1021;796
32316;1022;830
32320;1022;873
32323;1023;895
32327;1022;944
32331;1022;970
32334;1031;991
32338;1023;1018
32342;1021;1034
32345;1022;1035
32349;1023;1021
32353;1021;1000
32356;1021;968
32360;1019;906
32364;1019;847
32367;1020;812
32373;1019;761
32374;1020;759
32378;1019;734
32382;1018;703
32385;1020;670
32389;1017;638
32393;1017;587
32396;1018;542
32400;1018;495
32404;1017;460
32407;1017;431
32411;1017;399
32415;1017;360
32418;1016;347
32422;1017;331
32425;1017;303
32429;1018;287
32433;1016;280
32436;1016;264
32440;1018;247
32444;1017;235
32447;1017;219
32451;1016;219
32455;1017;218
32458;1016;217
32462;1018;213
32466;1016;203
32469;1017;202
32473;1017;199
32477;1016;186
32480;1016;158
32484;1016;158
32487;1016;156
32491;1016;156
32497;1016;159
32498;1016;158
32502;1016;151
32506;1016;152
32509;1016;142
32513;1008;141
32517;1016;126
32520;1015;123
32524;1016;136
32528;1016;135
32531;1008;111
32535;1016;105
32538;1016;111
32542;1007;96
32546;1008;88
32549;1016;90
32553;1016;88
32557;1015;89
32560;1015;88
32564;1015;88
32568;1015;88
32571;1016;88
32575;1008;88
32579;1016;88
32582;1008;89
32586;1016;87
32590;1016;89
32593;1015;89
32597;1015;88
32600;1016;80
32604;1007;88
32608;1016;89
32611;1016;88
32615;1016;87
32619;1016;87
32622;1007;88
32628;1016;88
32630;1016;88
32633;1016;86
32637;1016;89
32641;1008;87
32644;1015;80
32648;1016;88
32652;1016;88
32655;1008;80
32659;1008;80
32662;1016;87
32666;1016;88
32670;1015;80
32673;1016;88
32677;1016;87
32681;1015;88
32684;1015;79
32688;1008;88
32692;1006;88
32695;1015;80
32699;1008;80
32703;1016;79
32706;1008;88
32710;1016;77
32713;1008;80
32717;1016;79
32721;1008;78
32724;1015;76
32728;1017;76
32732;1008;76
32735;1016;76
32739;1008;73
32743;1008;75
32746;1016;74
32750;1016;75
32754;1016;74
32759;1016;73
32761;1015;74
32765;1014;75
32768;1016;75
32772;1016;75
32775;1017;75
32779;1017;74
32783;1016;74
32786;1016;75
32790;1016;74
32794;1016;74
32797;1008;74
32801;1015;74
32805;1017;75
32808;1016;74
32812;1015;74
32816;1018;74
32819;1016;73
32823;1015;75
32826;1015;74
32830;1016;74
32834;1016;74
32837;1016;75
32841;1016;77
32845;1016;75
32848;1008;76
32852;1016;75
32856;1015;76
32859;1015;76
32863;1016;75
32867;1015;77
32870;1016;77
32874;1015;75
32878;1016;77
32881;1016;76
32885;1008;77
32888;1015;77
32894;1016;76
32896;1016;78
32899;1016;77
32903;1008;76
32907;1016;77
32910;1015;76
32914;1016;77
32918;1008;76
32921;1015;77
32925;1016;76
32929;1017;77
32932;1014;77
32936;1016;77
32939;1016;78
32943;1016;78
32947;1016;78
32950;1017;78
32954;1017;77
32958;1016;76
32961;1016;77
32965;1008;78
32969;1016;76
32972;1016;78
32976;1016;76
32980;1016;78
32983;1015;76
32987;1016;78
32991;1016;78
32994;1016;77
32998;1016;76
33001;1016;77
33005;1017;75
33009;1016;79
33012;1016;79
33016;1015;79
33020;1016;80
33023;1016;78
33029;1014;78
33031;1008;87
33034;1016;80
33038;1015;80
33042;1015;79
33045;1015;79
33049;1015;80
33053;1008;86
33056;1016;79
33060;1015;87
33063;1016;80
33067;1016;87
33071;1015;80
33074;1015;79
33078;1015;79
33082;1016;79
33085;1015;88
33089;1016;88
33093;1016;80
33096;1008;78
33100;1016;86
33104;1016;78
33107;1017;78
33111;1015;80
33114;1016;78
33118;1015;79
33122;1015;86
33125;1016;80
33129;1016;79
33133;1014;79
33136;1016;87
33140;1016;80
33144;1016;80
33147;1017;87
33151;1016;87
33155;1016;87
33161;1016;86
33162;1016;79
33166;1015;78
33169;1016;87
33173;1017;79
33176;1016;78
33180;1016;79
33184;1016;77
33187;1016;78
33191;1017;86
33195;1016;79
33198;1015;79
33202;1016;78
33206;1016;77
33209;1016;78
33213;1006;85
33217;1015;78
33220;1017;78
33224;1016;79
33227;1016;78
33231;1016;79
33235;1015;78
33238;1016;78
33242;1016;86
33246;1016;77
33249;1016;87
33253;1016;80
33257;1016;77
33260;1016;86
33264;1016;79
33268;1016;78
33271;1017;79
33275;1015;79
33279;1016;87
33282;1017;86
33286;1016;86
33289;1017;86
33295;1008;80
33297;1016;90
33300;1016;88
33304;1016;88
33308;1008;88
33311;1015;88
33315;1015;89
33319;1016;80
33322;1016;86
33326;1015;88
33330;1016;88
33333;1016;88
33337;1017;89
33340;1018;90
33344;1016;79
33348;1015;87
33351;1015;90
33355;1016;89
33359;1016;88
33362;1016;88
33366;1017;88
33370;1007;91
33373;1008;90
33377;1006;90
33381;1016;90
33384;1016;90
33388;1007;89
33392;1007;90
33395;1015;88
33399;1015;90
33402;1016;90
33406;1016;89
33410;1015;90
33413;1016;90
33417;1008;90
33421;1016;90
33427;1017;90
33428;1016;91
33432;1016;90
33435;1016;91
33439;1016;92
33443;1016;89
33446;1016;91
33450;1017;92
33454;1016;90
33457;1016;91
33461;1008;89
33464;1017;90
33468;1017;90
33472;1016;91
33475;1016;91
33479;1016;89
33483;1017;91
33486;1007;91
33490;1017;91
33494;1016;91
33497;1015;92
33501;1016;91
33505;1015;92
33508;1015;91
33512;1007;93
33515;1016;91
33519;1015;91
33523;1015;91
33526;1015;92
33530;1008;91
33534;1007;92
33537;1015;91
33541;1016;92
33545;1015;92
33548;1008;93
33552;1007;90
33556;1016;93
33562;1016;92
33563;1016;93
33567;1016;92
33570;1017;92
33574;1014;93
33577;1016;92
33581;1016;91
33585;1016;91
33588;1015;92
33592;1015;93
33596;1016;93
33599;1016;92
33603;1016;92
33607;1016;92
33610;1016;93
33614;1016;91
33618;1015;91
33621;1008;92
33625;1015;93
33628;1016;92
33632;1016;92
33636;1015;92
33639;1016;92
33643;1016;92
33647;1016;92
33650;1008;93
33654;1008;93
33658;1016;92
33661;1016;93
33665;1008;92
33669;1016;93
33672;1015;94
33676;1015;92
33680;1015;93
33683;1016;93
33687;1014;94
33693;1016;93
33694;1017;92
33698;1016;93
33701;1016;92
33705;1016;93
33709;1016;93
33712;1015;93
33716;1016;92
33720;1017;93
33723;1015;93
33727;1015;92
33731;1016;92
33734;1016;94
33738;1016;93
33741;1016;92
33745;1016;93
33749;1015;92
33752;1017;92
33756;1016;92
33760;1017;93
33763;1016;93
33767;1015;93
33771;1016;93
33774;1016;93
33778;1015;93
33782;1016;94
33785;1016;95
33789;1016;94
33793;1017;94
33796;1017;95
33800;1016;93
33803;1016;94
33807;1016;94
33811;1015;95
33814;1017;96
33818;1016;96
33822;1015;95
33828;1008;95
33829;1016;95
33833;1016;95
33836;1016;104
33840;1017;96
33844;1017;102
33847;1015;104
33851;1016;103
33855;1015;104
33858;1008;95
33862;1014;104
33865;1015;96
33869;1016;102
33873;1016;96
33876;1016;94
33880;1016;102
33884;1016;96
33887;1014;103
33891;1015;103
33895;1016;96
33898;1008;103
33902;1016;103
33906;1016;96
33909;1016;95
33913;1016;105
33916;1015;103
33920;1015;96
33924;1016;103
33927;1015;96
33931;1016;104
33935;1008;103
33938;1008;103
33942;1016;96
33946;1015;96
33949;1015;95
33955;1016;104
33957;1016;104
33960;1016;95
33964;1016;96
33968;1015;104
33971;1016;95
33975;1017;104
33978;1016;103
33982;1016;104
33986;1017;96
33989;1008;96
33993;1015;96
33997;1015;95
34000;1016;102
34004;1017;104
34008;1015;96
34011;1007;96
34015;1014;103
34019;1016;104
34022;1015;102
34026;1016;102
34029;1016;95
34033;1016;96
34037;1016;96
34040;1016;95
34044;1015;103
34048;1015;96
34051;1016;104
34055;1017;103
34059;1008;96
34062;1016;95
34066;1016;95
34070;1015;104
34073;1008;96
34077;1008;103
34081;1016;103
34086;1008;96
34088;1008;95
34091;1016;104
34095;1016;102
34099;1016;104
34102;1016;103
34106;1016;103
34110;1017;103
34113;1016;104
34117;1015;104
34121;1007;104
34124;1016;104
34128;1016;95
34132;1015;95
34135;1017;104
34139;1016;104
34142;1017;102
34146;1016;104
34150;1017;94
34153;1016;96
34157;1017;96
34161;1018;103
34164;1007;105
34168;1016;96
34172;1016;104
34175;1018;96
34179;1016;102
34183;1016;95
34186;1016;96
34190;1017;103
34194;1016;103
34197;1016;103
34201;1016;95
34204;1015;96
34208;1018;95
34214;1015;103
34215;1017;104
34219;1017;104
34223;1015;96
34226;1016;94
34230;1015;104
34234;1017;105
34237;1017;103
34241;1016;96
34245;1016;103
34248;1016;105
34252;1017;105
34256;1016;104
34259;1016;105
34263;1016;103
34266;1018;95
34270;1018;105
34274;1017;105
34277;1018;104
34281;1017;96
34285;1017;104
34288;1017;105
34292;1017;104
34296;1017;105
34299;1017;104
34303;1017;103
34307;1016;105
34310;1016;106
34314;1017;104
34317;1017;104
34321;1016;105
34325;1017;104
34328;1017;105
34332;1018;107
34338;1016;106
34339;1017;106
34343;1017;106
34347;1017;105
34350;1017;105
34354;1016;106
34358;1016;104
34361;1017;105
34365;1018;104
34369;1017;105
34372;1016;105
34376;1016;106
34379;1016;106
34383;1017;103
34387;1018;104
34390;1017;105
34394;1016;105
34398;1017;105
34401;1017;105
34405;1017;105
34409;1018;104
34412;1017;105
34416;1017;105
34420;1018;105
34423;1018;104
34427;1017;104
34430;1016;106
34434;1017;104
34438;1017;104
34441;1016;104
34445;1018;105
34449;1018;105
34452;1018;105
34456;1016;105
34462;1017;104
34463;1018;103
34467;1017;103
34471;1018;106
34474;1019;105
34478;1017;104
34482;1017;104
34485;1018;104
34489;1018;104
34492;1019;104
34496;1016;105
34500;1017;105
34503;1017;104
34507;1018;104
34511;1017;105
34514;1017;104
34518;1017;104
34522;1018;104
34525;1016;103
34529;1017;104
34533;1017;106
34536;1017;105
34540;1018;104
34543;1017;104
34547;1018;104
34551;1017;104
34554;1017;104
34558;1018;104
34562;1018;104
34565;1018;105
34569;1018;104
34573;1018;104
34576;1019;103
34580;1017;105
34586;1018;96
34587;1017;104
34591;1017;104
34595;1018;104
34598;1017;104
34602;1018;95
34605;1017;104
34609;1016;104
34613;1018;104
34616;1017;106
34620;1018;105
34624;1018;105
34627;1018;106
34631;1018;106
34635;1018;107
34638;1018;105
34642;1019;105
34646;1019;105
34649;1017;106
34653;1018;104
34657;1019;106
34660;1017;105
34664;1017;106
34667;1017;104
34671;1019;103
34675;1018;103
34678;1017;105
34682;1018;105
34686;1018;105
34689;1017;105
34693;1018;105
34697;1019;105
34700;1019;105
34704;1017;105
34708;1019;104
34714;1020;105
34715;1019;104
34718;1018;108
34722;1018;105
34726;1017;105
34729;1019;107
34733;1018;106
34737;1018;105
34740;1019;106
34744;1018;105
34748;1018;105
34751;1018;106
34755;1017;105
34759;1017;106
34762;1018;105
34766;1017;106
34770;1017;104
34773;1018;104
34777;1017;106
34780;1018;105
34784;1018;105
34788;1016;105
34791;1017;106
34795;1017;106
34799;1018;104
34802;1018;105
34806;1017;104
34810;1017;104
34813;1018;104
34817;1019;105
34821;1018;105
34824;1018;106
34828;1016;105
34831;1018;106
34838;1017;107
34839;1019;105
34842;1018;106
34846;1016;105
34850;1018;106
34853;1018;105
34857;1018;106
34861;1018;104
34864;1017;105
34868;1017;106
34872;1017;106
34875;1018;106
34879;1018;105
34883;1018;104
34886;1018;103
34890;1018;106
34893;1019;105
34897;1018;106
34901;1017;106
34904;1019;107
34908;1017;105
34912;1018;105
34915;1018;104
34919;1019;105
34923;1018;104
34926;1018;107
34930;1018;107
34934;1018;105
34937;1019;105
34941;1019;106
34945;1017;105
34948;1018;107
34952;1019;106
34955;1019;106
34962;1018;105
34963;1019;105
34966;1018;105
34970;1018;106
34974;1018;106
34977;1018;106
34981;1018;106
34985;1019;105
34988;1017;106
34992;1017;105
34996;1017;106
34999;1017;106
35003;1018;106
35006;1017;107
35010;1018;107
35014;1016;108
35017;1019;108
35021;1017;107
35025;1019;107
35028;1018;106
35032;1017;107
35036;1018;107
35039;1017;106
35043;1018;108
35047;1017;106
35050;1018;108
35054;1018;109
35058;1017;106
35061;1018;107
35065;1017;108
35068;1018;107
35072;1017;107
35076;1017;107
35079;1018;107
35085;1017;108
35087;1016;108
35090;1016;109
35094;1018;109
35098;1017;108
35101;1016;109
35105;1017;108
35109;1017;109
35112;1019;108
35116;1016;108
35119;1017;108
35123;1017;108
35127;1017;107
35130;1019;108
35134;1017;107
35138;1017;108
35141;1016;108
35145;1019;109
35149;1017;108
35152;1018;107
35156;1017;108
35160;1017;107
35163;1018;107
35167;1017;109
35171;1017;108
35174;1017;108
35178;1016;108
35181;1016;108
35185;1018;108
35189;1016;108
35192;1017;108
35196;1018;107
35200;1017;108
35203;1017;109
35209;1017;109
35211;1017;107
35214;1018;108
35218;1018;107
35222;1018;108
35225;1017;108
35229;1018;109
35232;1018;109
35236;1019;109
35240;1019;109
35243;1019;109
35247;1019;108
35251;1018;109
35254;1018;108
35258;1018;108
35262;1021;109
35265;1018;109
35269;1018;111
35273;1020;109
35276;1019;110
35280;1020;108
35284;1019;109
35287;1019;108
35291;1019;109
35294;1018;109
35298;1018;110
35302;1019;110
35305;1020;109
35309;1017;108
35313;1019;109
35316;1019;108
35320;1018;110
35324;1018;110
35327;1018;110
35333;1019;110
35335;1019;109
35338;1018;110
35342;1018;110
35346;1017;110
35349;1017;109
35353;1016;108
35356;1016;110
35360;1017;109
35364;1017;109
35367;1018;110
35371;1018;110
35375;1016;109
35378;1018;111
35382;1018;110
35386;1018;111
35389;1017;110
35393;1016;109
35397;1018;111
35400;1020;111
35404;1018;118
35407;1018;111
35411;1018;111
35415;1017;119
35418;1018;118
35422;1018;111
35426;1017;120
35429;1017;120
35433;1018;110
35437;1019;111
35440;1018;110
35444;1018;111
35448;1020;111
35451;1019;110
35486;1018;111
35486;1017;110
35487;1017;119
35489;1019;110
35493;1018;110
35497;1019;109
35500;1018;112
35504;1017;112
35507;1018;112
35511;1019;111
35515;1018;118
35518;1019;118
35522;1018;111
35526;1018;118
35529;1018;111
35533;1019;119
35537;1019;110
35540;1019;110
35544;1020;112
35548;1019;108
35551;1018;118
35555;1019;111
35559;1019;111
35562;1019;111
35566;1018;111
35569;1018;118
35573;1020;111
35577;1020;112
35580;1019;119
35584;1019;118
35588;1019;119
35591;1019;111
35595;1019;119
35599;1019;117
35602;1018;112
35608;1018;111
35610;1018;120
35613;1018;111
35617;1018;111
35620;1018;111
35624;1017;112
35628;1018;111
35631;1018;110
35635;1017;110
35639;1017;111
35642;1018;111
35646;1018;110
35650;1019;112
35653;1018;111
35657;1018;110
35661;1020;111
35664;1018;110
35668;1019;110
35672;1017;110
35675;1018;111
35679;1018;111
35682;1018;111
35686;1018;111
35690;1018;111
35693;1019;112
35697;1018;110
35701;1019;111
35704;1019;111
35708;1019;110
35712;1018;120
35715;1020;111
35719;1017;112
35723;1018;118
35726;1018;117
35732;1017;119
35734;1019;112
35737;1019;120
35741;1018;117
35744;1018;112
35748;1018;110
35752;1018;112
35755;1018;119
35759;1017;112
35763;1019;119
35766;1018;118
35770;1017;118
35774;1018;109
35777;1020;110
35781;1018;120
35785;1019;119
35788;1017;119
35792;1018;120
35795;1019;119
35799;1019;111
35803;1019;119
35806;1019;111
35810;1019;118
35814;1018;119
35817;1019;112
35821;1018;118
35825;1019;112
35828;1019;119
35832;1018;112
35836;1019;119
35839;1019;119
35843;1017;119
35847;1017;112
35850;1018;119
35856;1019;111
35857;1019;112
35861;1018;120
35865;1018;120
35868;1019;110
35872;1017;119
35876;1019;119
35879;1020;110
35883;1017;118
35887;1019;112
35890;1018;112
35894;1017;118
35898;1019;110
35901;1019;112
35905;1020;119
35908;1019;109
35912;1018;112
35916;1018;119
35919;1020;118
35923;1020;111
35927;1018;119
35930;1017;121
35934;1020;118
35938;1019;110
35941;1019;118
35945;1019;119
35949;1017;119
35952;1017;112
35956;1018;119
35960;1019;119
35963;1018;118
35967;1017;119
35970;1018;119
35974;1018;118
35980;1017;120
35981;1018;120
35985;1019;119
35989;1018;120
35992;1017;112
35996;1018;120
36000;1020;119
36003;1017;121
36007;1018;119
36011;1018;120
36014;1016;118
36018;1018;120
36021;1018;120
36025;1017;120
36029;1018;120
36032;1019;121
36036;1017;120
36040;1020;120
36043;1018;121
36047;1019;120
36051;1019;120
36054;1019;120
36058;1019;121
36062;1019;120
36065;1018;121
36069;1017;120
36073;1018;120
36076;1018;121
36080;1019;120
36083;1018;122
36087;1018;120
36091;1017;120
36094;1018;122
36098;1018;122
36104;1018;120
36105;1018;121
36109;1016;121
36113;1018;121
36116;1018;120
36120;1019;121
36124;1019;121
36127;1019;120
36131;1019;122
36135;1019;123
36138;1018;121
36142;1018;121
36145;1019;121
36149;1018;120
36153;1019;121
36156;1019;121
36160;1019;122
36164;1018;122
36167;1017;123
36171;1019;122
36175;1018;122
36178;1020;122
36182;1020;122
36186;1019;122
36189;1018;122
36193;1019;122
36196;1019;123
36200;1019;123
36204;1018;122
36207;1019;122
36211;1019;123
36215;1019;122
36218;1020;123
36222;1020;122
36228;1019;123
36229;1019;123
36233;1019;123
36237;1018;124
36240;1019;124
36244;1019;124
36248;1020;123
36251;1019;123
36255;1019;123
36258;1021;124
36262;1020;122
36266;1020;123
36269;1020;123
36273;1018;122
36277;1019;123
36280;1018;123
36284;1020;123
36288;1019;124
36291;1018;122
36295;1018;123
36299;1019;123
36302;1017;123
36306;1019;124
36309;1018;123
36313;1018;123
36317;1018;122
36320;1019;123
36324;1018;123
36328;1019;125
36331;1019;125
36335;1018;124
36339;1019;125
36342;1019;125
36346;1018;123
36352;1018;124
36353;1019;123
36357;1018;123
36361;1020;124
36364;1018;123
36368;1019;123
36371;1018;124
36375;1018;123
36379;1018;125
36382;1019;123
36386;1019;124
36390;1019;125
36393;1019;125
36397;1018;125
36401;1019;125
36404;1019;125
36408;1019;125
36412;1019;124
36415;1018;124
36419;1018;124
36422;1018;125
36426;1017;125
36430;1019;123
36433;1019;124
36437;1018;125
36441;1018;125
36444;1018;125
36448;1019;125
36452;1018;125
36455;1018;125
36459;1018;124
36463;1019;124
36466;1017;125
36470;1019;124
36474;1019;126
36479;1018;124
36481;1018;124
36484;1020;127
36488;1017;124
36492;1019;127
36495;1019;125
36499;1018;125
36503;1019;124
36506;1019;123
36510;1017;125
36514;1019;125
36517;1017;125
36521;1018;124
36525;1019;125
36528;1018;124
36532;1018;125
36536;1019;125
36539;1018;125
36543;1019;134
36546;1019;126
36550;1019;126
36554;1019;126
36557;1020;127
36561;1019;135
36565;1018;136
36568;1019;136
36572;1020;128
36576;1021;136
36579;1019;136
36583;1017;137
36587;1018;135
36590;1019;136
36594;1020;138
36597;1018;136
36603;1018;138
36605;1020;139
36608;1020;136
36612;1019;138
36616;1019;138
36619;1019;137
36623;1019;138
36627;1018;137
36630;1019;137
36634;1019;138
36638;1019;139
36641;1020;139
36645;1020;138
36649;1020;137
36652;1019;139
36656;1020;140
36659;1018;137
36663;1018;139
36667;1019;139
36670;1018;140
36674;1018;139
36678;1019;140
36681;1019;139
36685;1018;139
36689;1018;141
36692;1018;140
36696;1019;140
36700;1017;140
36703;1020;140
36707;1018;140
36710;1018;142
36714;1020;139
36718;1017;141
36721;1018;139
36727;1017;140
36729;1018;140
36732;1019;140
36736;1020;140
36740;1019;140
36743;1018;139
36747;1019;140
36751;1019;143
36754;1018;140
36758;1018;140
36762;1018;141
36765;1019;140
36769;1019;141
36772;1020;140
36776;1019;141
36780;1020;142
36783;1018;140
36787;1019;141
36791;1019;141
36794;1020;141
36798;1020;142
36802;1018;142
36805;1019;141
36809;1020;142
36813;1019;144
36816;1018;143
36820;1018;143
36823;1018;141
36827;1019;144
36831;1019;144
36834;1019;143
36838;1018;151
36842;1018;142
36845;1018;142
36851;1019;142
36853;1017;142
36856;1019;143
36860;1019;143
36864;1019;150
36867;1019;142
36871;1019;143
36875;1018;144
36878;1019;143
36882;1018;151
36885;1018;150
36889;1019;143
36893;1018;152
36896;1019;142
36900;1018;151
36904;1019;152
36907;1018;143
36911;1019;143
36915;1019;143
36918;1019;144
36922;1018;151
36926;1018;151
36929;1019;150
36933;1018;142
36937;1019;150
36940;1019;144
36944;1019;151
36947;1019;144
36951;1018;152
36955;1019;152
36958;1019;143
36962;1019;152
36966;1019;152
36969;1018;152
36975;1017;151
36977;1018;152
36980;1018;151
36984;1019;153
36988;1018;153
36991;1018;154
36995;1019;152
36998;1019;153
37002;1018;155
37006;1020;152
37009;1018;154
37013;1020;154
37017;1019;153
37020;1017;153
37024;1019;154
37028;1019;152
37031;1020;154
37035;1018;153
37039;1020;153
37042;1020;153
37046;1019;153
37050;1018;154
37053;1018;153
37057;1021;153
37060;1018;152
37064;1020;153
37068;1019;152
37071;1018;153
37075;1019;152
37079;1017;153
37082;1018;153
37086;1019;154
37090;1019;152
37093;1019;153
37099;1017;155
37101;1019;155
37104;1019;153
37108;1020;152
37111;1020;154
37115;1019;154
37119;1019;154
37122;1020;154
37126;1020;153
37130;1019;155
37133;1019;154
37137;1018;153
37141;1019;154
37144;1018;153
37148;1018;152
37152;1018;156
37155;1019;153
37159;1019;153
37163;1019;154
37166;1020;154
37170;1019;154
37173;1019;154
37177;1020;156
37181;1018;153
37184;1019;154
37188;1018;154
37192;1018;154
37195;1020;153
37199;1020;155
37203;1019;154
37206;1019;154
37210;1019;154
37214;1020;153
37217;1019;154
37223;1019;153
37225;1020;155
37228;1019;154
37232;1018;154
37235;1018;155
37239;1019;153
37243;1018;153
37246;1018;153
37250;1019;153
37254;1019;154
37257;1019;154
37261;1020;155
37265;1019;154
37268;1019;154
37272;1019;154
37276;1020;155
37279;1018;155
37283;1019;153
37286;1020;154
37290;1020;156
37294;1019;154
37297;1019;155
37301;1019;155
37305;1018;155
37308;1020;154
37312;1018;154
37316;1020;154
37319;1019;154
37323;1019;153
37327;1019;154
37330;1019;155
37334;1020;155
37338;1019;154
37341;1020;153
37347;1019;154
37348;1019;155
37352;1020;153
37356;1019;155
37359;1021;154
37363;1019;155
37367;1020;155
37370;1020;154
37374;1019;155
37378;1019;153
37381;1020;155
37385;1019;154
37389;1019;154
37392;1021;154
37396;1020;154
37399;1020;155
37403;1021;155
37407;1019;154
37410;1020;156
37414;1020;155
37418;1021;156
37421;1019;155
37425;1020;154
37429;1020;154
37432;1018;156
37436;1019;154
37440;1018;154
37443;1019;154
37447;1021;158
37451;1020;158
37454;1020;157
37458;1020;166
37461;1019;159
37465;1018;157
37469;1021;158
37475;1018;159
37476;1020;157
37480;1021;157
37483;1019;156
37487;1021;158
37491;1019;157
37494;1020;158
37498;1021;157
37502;1019;159
37505;1020;158
37509;1018;158
37512;1020;157
37516;1020;168
37520;1019;157
37523;1020;158
37527;1021;159
37531;1020;159
37534;1018;160
37538;1019;158
37542;1021;166
37545;1020;160
37549;1020;159
37553;1021;159
37556;1020;167
37560;1019;159
37564;1020;159
37567;1020;158
37571;1019;160
37574;1020;168
37578;1020;168
37582;1020;160
37585;1020;160
37589;1020;160
37593;1021;167
37599;1021;168
37600;1020;167
37604;1020;168
37607;1019;167
37611;1019;167
37615;1021;168
37618;1020;159
37622;1019;166
37625;1019;160
37629;1020;168
37633;1019;168
37636;1020;167
37640;1020;167
37644;1021;168
37647;1020;167
37651;1020;168
37655;1019;168
37658;1020;169
37662;1019;168
37666;1020;170
37669;1020;170
37673;1020;171
37677;1021;172
37680;1018;172
37684;1019;170
37687;1020;171
37691;1019;171
37695;1020;170
37698;1020;172
37702;1019;171
37706;1020;172
37709;1019;171
37713;1020;171
37717;1020;171
37723;1019;172
37724;1021;172
37728;1019;172
37731;1021;174
37735;1020;174
37739;1020;174
37742;1021;175
37746;1021;173
37749;1021;173
37753;1019;175
37757;1020;173
37760;1019;174
37764;1019;174
37768;1019;175
37771;1019;173
37775;1020;174
37779;1019;174
37782;1020;175
37786;1020;173
37790;1019;174
37793;1020;173
37797;1020;174
37800;1018;173
37804;1020;184
37808;1022;184
37811;1019;176
37815;1021;184
37819;1020;183
37822;1021;183
37826;1020;183
37830;1021;185
37833;1019;185
37837;1021;186
37841;1021;192
37846;1020;206
37848;1021;204
37852;1019;208
37855;1020;216
37859;1019;216
37862;1020;217
37866;1022;218
37870;1020;218
37873;1020;220
37877;1020;220
37881;1021;219
37884;1021;219
37888;1021;221
37892;1021;221
37895;1020;222
37899;1021;221
37903;1020;222
37906;1020;230
37910;1020;222
37913;1021;223
37917;1021;221
37921;1020;222
37924;1022;222
37928;1020;232
37932;1021;222
37935;1020;221
37939;1021;220
37943;1021;219
37946;1020;220
37950;1020;219
37954;1021;220
37957;1019;219
37961;1022;220
37965;1020;231
37970;1022;236
37972;1021;236
37975;1021;237
37979;1020;235
37983;1021;238
37986;1021;237
37990;1020;237
37994;1021;238
37997;1020;239
38001;1021;248
38005;1022;239
38008;1021;248
38012;1020;248
38016;1020;247
38019;1022;248
38023;1022;239
38027;1021;246
38030;1021;238
38034;1021;238
38037;1020;239
38041;1020;238
38045;1020;247
38048;1020;247
38052;1022;240
38056;1020;247
38059;1020;247
38063;1021;247
38067;1021;248
38070;1022;250
38074;1020;252
38078;1022;251
38081;1021;251
38085;1019;251
38088;1020;252
38094;1022;264
38096;1021;265
38099;1022;266
38103;1021;266
38107;1022;268
38110;1020;270
38114;1022;281
38118;1021;282
38121;1021;285
38125;1022;283
38129;1023;287
38132;1022;288
38136;1021;294
38140;1022;287
38143;1021;284
38147;1021;286
38150;1021;286
38154;1022;288
38158;1021;298
38161;1021;301
38165;1021;301
38169;1022;303
38172;1021;312
38176;1021;314
38180;1022;312
38183;1022;313
38187;1021;314
38191;1021;313
38194;1022;315
38198;1020;314
38201;1023;314
38205;1021;314
38209;1022;314
38212;1022;315
38218;1021;313
38220;1021;315
38223;1022;314
38227;1021;315
38231;1022;318
38234;1022;317
38238;1022;318
38242;1023;320
38245;1023;320
38249;1022;329
38253;1022;319
38256;1022;328
38260;1022;330
38263;1021;329
38267;1022;329
38271;1022;331
38274;1022;334
38278;1021;330
38282;1032;332
38285;1022;332
38289;1032;334
38293;1023;334
38296;1022;334
38300;1022;335
38304;1023;336
38307;1022;334
38311;1023;336
38314;1024;345
38318;1022;346
38322;1030;347
38325;1024;346
38329;1023;346
38333;1022;345
38336;1023;346
38340;1024;346
38346;1023;347
38347;1023;347
38351;1022;348
38355;1032;348
38358;1023;348
38362;1023;348
38366;1024;350
38369;1024;350
38373;1023;348
38376;1023;349
38380;1023;351
38384;1032;359
38387;1024;351
38391;1023;350
38395;1023;351
38398;1023;350
38402;1023;349
38406;1024;360
38409;1024;358
38413;1024;357
38417;1032;359
38420;1033;360
38424;1024;360
38428;1022;361
38431;1023;352
38435;1023;361
38438;1023;361
38442;1023;361
38446;1024;359
38449;1032;362
38453;1023;360
38457;1023;361
38460;1024;359
38464;1033;360
38470;1023;361
38471;1023;361
38475;1032;363
38479;1023;361
38482;1032;361
38486;1032;364
38489;1031;364
38493;1024;365
38497;1022;363
38500;1024;365
38504;1031;365
38508;1024;366
38511;1024;375
38515;1033;368
38519;1024;368
38522;1024;376
38526;1023;376
38530;1024;366
38533;1023;375
38537;1032;374
38541;1032;376
38544;1024;367
38548;1024;366
38551;1024;366
38555;1023;364
38559;1023;364
38562;1024;364
38566;1023;361
38570;1024;363
38573;1032;361
38577;1023;361
38581;1032;360
38584;1024;360
38588;1032;360
38594;1023;359
38595;1031;360
38599;1023;361
38602;1024;359
38606;1024;361
38610;1023;361
38613;1023;350
38617;1032;347
38621;1031;348
38624;1024;345
38628;1023;346
38632;1032;344
38635;1024;344
38639;1023;345
38643;1024;335
38646;1032;333
38650;1032;335
38654;1024;334
38657;1032;344
38661;1024;346
38664;1024;346
38668;1024;347
38672;1024;349
38675;1023;350
38679;1023;351
38683;1032;361
38686;1024;363
38690;1032;363
38694;1033;363
38697;1033;362
38701;1033;364
38705;1024;363
38708;1024;363
38712;1032;362
38718;1024;362
38719;1024;361
38723;1024;360
38726;1023;358
38730;1024;350
38734;1032;349
38737;1024;349
38741;1031;349
38745;1024;347
38748;1032;346
38752;1032;346
38756;1024;344
38759;1032;344
38763;1032;336
38767;1023;335
38770;1024;336
38774;1024;335
38777;1024;335
38781;1032;334
38785;1024;334
38788;1024;334
38792;1032;335
38796;1024;343
38799;1024;344
38803;1024;345
38807;1032;344
38810;1024;343
38814;1024;344
38818;1024;345
38821;1032;344
38825;1032;344
38829;1024;336
38832;1032;332
38836;1033;330
38842;1024;329
38843;1024;330
38847;1032;328
38850;1024;317
38854;1024;316
38858;1024;316
38861;1032;314
38865;1024;314
38869;1024;313
38872;1024;313
38876;1032;314
38880;1024;312
38883;1032;312
38887;1024;311
38890;1024;312
38894;1023;312
38898;1033;312
38901;1024;313
38905;1033;312
38909;1024;304
38912;1024;302
38916;1024;311
38920;1024;311
38923;1024;310
38927;1024;313
38931;1024;312
38934;1024;310
38938;1033;304
38942;1032;311
38945;1024;302
38949;1023;302
38952;1032;301
38956;1032;300
38960;1023;299
38966;1024;297
38967;1032;296
38971;1024;295
38974;1032;286
38978;1022;285
38982;1033;283
38985;1024;284
38989;1024;282
38993;1023;282
38996;1024;279
39000;1032;279
39003;1032;280
39007;1024;279
39011;1033;281
39014;1023;283
39018;1023;280
39022;1024;283
39025;1024;283
39029;1024;284
39033;1023;285
39036;1024;281
39040;1023;279
39044;1024;264
39047;1023;253
39051;1023;250
39055;1023;237
39058;1022;223
39062;1031;207
39065;1022;208
39069;1023;205
39073;1023;204
39076;1022;204
39080;1022;204
39084;1023;203
39090;1032;205
39091;1022;204
39095;1023;202
39098;1023;205
39102;1024;203
39106;1022;204
39109;1022;205
39113;1023;203
39116;1021;204
39120;1023;204
39124;1023;203
39127;1024;207
39131;1023;206
39135;1022;204
39138;1024;205
39142;1032;207
39146;1023;205
39149;1024;205
39153;1031;203
39157;1031;204
39160;1024;202
39164;1021;204
39168;1023;204
39171;1023;205
39175;1031;204
39178;1024;204
39182;1024;204
39186;1023;203
39189;1022;202
39193;1022;203
39197;1031;202
39200;1023;203
39204;1032;202
39208;1023;202
39214;1022;203
39215;1022;203
39219;1023;201
39222;1023;204
39226;1023;203
39230;1022;203
39233;1023;203
39237;1023;203
39240;1023;201
39244;1023;202
39248;1023;202
39251;1023;202
39255;1023;203
39259;1024;203
39262;1024;203
39266;1031;203
39270;1023;205
39273;1023;202
39277;1022;204
39281;1032;202
39284;1022;204
39288;1023;204
39291;1032;203
39295;1022;203
39299;1022;202
39302;1032;203
39306;1024;203
39310;1031;202
39313;1023;202
39317;1023;201
39321;1022;201
39324;1032;203
39328;1024;202
39332;1023;203
39335;1023;201
39341;1022;202
39343;1024;202
39346;1023;203
39350;1023;203
39353;1024;202
39357;1022;203
39361;1032;203
39364;1023;202
39368;1023;202
39372;1024;202
39375;1022;203
39379;1024;203
39383;1024;202
39386;1032;202
39390;1023;203
39394;1023;202
39397;1032;201
39401;1023;202
39404;1022;202
39408;1023;201
39412;1032;202
39415;1023;201
39419;1024;203
39423;1024;202
39426;1023;203
39430;1024;202
39434;1032;202
39437;1022;202
39441;1022;202
39445;1032;202
39448;1024;202
39452;1022;202
39456;1022;201
39459;1024;202
39465;1031;204
39466;1024;203
39470;1024;204
39474;1024;200
39477;1022;202
39481;1023;202
39485;1023;203
39488;1023;200
39492;1032;201
39496;1032;201
39499;1023;202
39503;1022;203
39507;1023;201
39510;1032;202
39514;1024;201
39517;1022;201
39521;1023;201
39525;1032;201
39528;1023;202
39532;1024;201
39536;1021;203
39539;1024;202
39543;1023;202
39547;1023;201
39550;1031;200
39554;1023;201
39558;1022;201
39561;1022;202
39565;1032;202
39569;1023;201
39572;1032;202
39576;1031;200
39579;1022;202
39583;1023;201
39589;1024;201
39590;1024;200
39594;1023;201
39598;1023;201
39601;1024;201
39605;1023;202
39609;1023;201
39612;1022;202
39616;1023;201
39620;1023;203
39623;1032;201
39627;1023;202
39631;1024;202
39634;1023;202
39638;1023;201
39641;1023;202
39645;1023;200
39649;1022;200
39652;1023;202
39656;1022;201
39660;1024;202
39663;1032;202
39667;1022;200
39671;1022;202
39674;1023;201
39678;1023;201
39682;1024;201
39685;1023;200
39689;1022;200
39692;1024;201
39696;1031;200
39700;1022;200
39703;1023;199
39707;1022;192
39713;1022;192
39714;1023;192
39718;1023;199
39722;1024;198
39725;1024;200
39729;1031;199
39733;1023;192
39736;1022;200
39740;1022;192
39744;1023;200
39747;1023;201
39751;1023;200
39754;1023;200
39758;1023;192
39762;1023;200
39765;1022;192
39769;1023;200
39773;1022;198
39776;1023;192
39780;1022;199
39784;1023;200
39787;1022;199
39791;1023;192
39795;1023;201
39798;1022;200
39802;1022;199
39805;1022;199
39809;1023;192
39813;1022;192
39816;1022;191
39820;1022;191
39824;1023;198
39827;1021;191
39831;1021;190
39837;1023;191
39838;1023;191
39842;1021;190
39846;1023;191
39849;1022;190
39853;1022;191
39857;1022;190
39860;1022;190
39864;1022;190
39867;1022;190
39871;1022;191
39875;1021;190
39878;1022;190
39882;1023;190
39886;1022;191
39889;1022;190
39893;1023;190
39897;1021;187
39900;1021;188
39904;1022;189
39908;1021;188
39911;1022;188
39915;1020;187
39918;1021;186
39922;1021;187
39926;1021;186
39929;1022;185
39933;1022;184
39937;1022;185
39940;1021;184
39944;1021;184
39948;1021;183
39951;1020;184
39955;1021;183
39961;1021;185
39962;1022;176
39966;1022;184
39970;1023;183
39973;1022;183
39977;1024;184
39980;1022;183
39984;1022;183
39988;1021;175
39991;1022;184
39995;1022;183
39999;1022;183
40002;1022;184
40006;1023;184
40010;1038;184
40013;1036;184
40017;1039;184
40021;1040;185
40024;1048;184
40028;1048;184
40032;1048;185
40035;1050;184
40039;1050;184
40042;1050;183
40046;1053;185
40050;1056;184
40053;1055;184
40057;1067;185
40061;1067;185
40064;1067;185
40068;1070;185
40072;1079;185
40075;1080;184
40079;1072;184
40085;1070;184
40086;1079;186
40090;1072;185
40093;1080;186
40097;1082;186
40101;1072;187
40104;1081;186
40108;1079;184
40112;1079;186
40115;1079;185
40119;1071;186
40123;1071;185
40126;1071;184
40130;1070;185
40134;1070;186
40137;1070;186
40141;1070;186
40145;1070;184
40148;1070;185
40152;1080;185
40155;1080;186
40159;1080;185
40163;1080;185
40166;1072;185
40170;1080;185
40174;1079;186
40177;1080;186
40181;1070;185
40185;1072;186
40188;1079;186
40192;1067;185
40196;1066;185
40199;1066;186
40203;1065;185
40206;1063;187
40213;1049;186
40214;1040;187
40217;1038;187
40221;1034;184
40225;1024;186
40228;1024;185
40232;1024;185
40236;1024;185
40239;1032;185
40243;1024;185
40247;1024;186
40250;1022;186
40254;1023;185
40258;1023;186
40261;1022;185
40265;1023;186
40268;1022;186
40272;1022;187
40276;1023;187
40279;1023;187
40283;1023;187
40287;6;94
40290;0;103
40294;4;105
40298;2;105
40301;3;105
40305;4;106
40309;2;106
40312;2;108
40316;2;106
40320;4;109
40323;4;107
40327;3;107
40330;2;111
40334;3;108
40338;3;108
40341;2;110
40347;4;109
40349;3;108
40352;3;107
40356;2;108
40360;3;111
40363;3;109
40367;3;109
40371;5;109
40374;5;107
40378;6;109
40381;3;110
40385;5;108
40389;5;108
40392;5;107
40396;5;107
40400;4;108
40403;4;109
40407;3;109
40411;4;108
40414;3;108
40418;3;110
40422;4;109
40425;4;109
40429;3;110
40433;6;109
40436;5;109
40440;4;110
40443;5;111
40447;4;109
40451;5;110
40454;5;109
40458;5;108
40462;5;110
40465;5;111
40469;6;111
40473;6;111
40476;4;110
40480;4;120
40484;5;112
40487;5;121
40491;5;121
40494;4;121
40501;2;124
40502;2;123
40505;4;124
40509;1;124
40513;2;124
40516;3;125
40520;2;124
40524;2;123
40527;2;124
40531;2;124
40535;3;123
40538;2;124
40542;4;125
40546;1;125
40549;2;125
40553;3;124
40556;2;124
40560;4;124
40564;2;125
40567;3;125
40571;2;125
40575;3;125
40578;2;124
40582;2;124
40586;3;125
40589;1;125
40593;2;124
40597;2;126
40600;2;124
40604;2;123
40607;1;123
40611;2;123
40615;1;124
40618;3;121
40622;3;123
40626;2;123
40629;2;123
40633;3;122
40637;3;123
40640;2;123
40644;1;124
40648;3;122
40651;0;121
40657;3;123
40659;4;124
40662;2;123
40666;4;123
40669;2;124
40673;0;123
40677;1;123
40680;3;123
40684;0;123
40688;3;124
40691;1;123
40695;1;122
40699;2;123
40702;1;122
40706;2;123
40710;3;123
40713;3;123
40717;2;123
40721;2;124
40724;3;124
40728;3;123
40731;2;124
40735;2;124
40739;3;125
40742;3;123
40746;3;123
40750;3;123
40753;2;122
40757;2;123
40761;2;123
40764;2;124
40768;1;125
40772;3;123
40775;3;126
40779;2;122
40782;3;126
40786;2;126
40790;3;126
40793;2;126
40797;1;125
40801;1;128
40804;3;135
40808;2;126
40814;2;126
40815;2;136
40819;2;135
40823;2;135
40826;3;136
40830;2;136
40834;3;128
40837;5;127
40841;2;127
40844;0;135
40848;1;136
40852;2;135
40855;4;126
40859;2;135
40863;2;135
40866;3;128
40870;3;135
40874;3;128
40877;2;128
40881;2;128
40885;2;135
40888;2;136
40892;3;136
40895;2;136
40899;2;133
40903;2;126
40906;2;127
40910;3;126
40914;1;136
40917;3;135
40921;2;135
40925;2;135
40928;2;128
40932;4;128
40936;1;136
40939;2;127
40943;2;135
40947;3;127
40950;4;136
40954;2;136
40957;3;135
40961;1;135
40967;2;128
40968;1;126
40972;3;128
40976;4;135
40979;3;136
40983;1;133
40987;3;135
40990;1;127
40994;2;128
40998;4;135
41001;3;134
41005;2;127
41008;2;127
41012;3;135
41016;2;127
41019;2;135
41023;3;134
41027;3;128
41030;2;135
41034;3;127
41038;3;135
41041;1;128
41045;3;136
41049;3;127
41052;2;135
41056;2;134
41060;2;128
41063;3;135
41067;4;128
41070;3;128
41074;1;135
41078;3;127
41081;2;128
41085;3;134
41089;2;128
41092;3;128
41096;3;134
41100;2;136
41103;2;135
41107;2;137
41111;1;128
41114;4;135
41118;3;135
41124;4;136
41125;2;136
41129;3;127
41132;3;134
41136;1;136
41140;3;137
41143;2;128
41147;3;136
41151;3;137
41154;3;136
41158;4;137
41162;2;138
41165;2;137
41169;3;137
41173;2;138
41176;2;138
41180;2;137
41183;3;139
41187;3;137
41191;2;139
41194;3;139
41198;3;137
41202;2;139
41205;2;139
41209;3;139
41213;3;138
41216;2;138
41220;2;139
41224;3;139
41227;1;139
41231;3;139
41235;2;139
41238;3;139
41242;2;138
41245;3;139
41249;3;140
41253;0;140
41256;3;141
41260;2;138
41264;4;141
41267;3;139
41271;3;139
41275;2;140
41281;4;140
41282;3;140
41286;3;140
41289;2;139
41293;4;140
41296;3;140
41300;3;140
41304;2;140
41307;3;139
41311;4;141
41315;2;140
41318;3;140
41322;2;141
41326;1;140
41329;3;140
41333;4;139
41337;3;139
41340;4;141
41344;3;140
41348;5;139
41351;3;140
41355;3;140
41358;2;140
41362;3;140
41366;2;141
41369;2;141
41373;2;138
41377;2;140
41380;2;142
41384;2;139
41388;3;139
41391;3;140
41395;2;141
41399;3;140
41402;2;141
41406;2;140
41409;3;141
41413;2;141
41417;4;141
41420;1;141
41424;3;141
41428;3;140
41434;2;141
41435;1;140
41439;4;142
41442;2;139
41446;3;140
41450;3;141
41453;3;140
41457;3;139
41461;2;140
41464;3;141
41468;2;140
41471;2;140
41475;2;140
41479;2;140
41482;3;141
41486;1;142
41490;3;141
41493;2;142
41497;4;141
41501;2;140
41504;3;140
41508;4;150
41512;1;141
41515;2;142
41519;3;143
41523;3;143
41526;4;141
41530;3;141
41533;2;141
41537;3;142
41541;2;143
41544;3;142
41548;2;142
41552;3;140
41555;2;142
41559;3;142
41563;2;142
41566;2;141
41570;2;142
41574;2;140
41577;2;142
41581;2;142
41584;2;142
41590;2;142
41592;3;141
41595;3;144
41599;3;141
41603;3;142
41606;3;141
41610;1;143
41614;3;143
41617;4;142
41621;2;142
41625;4;141
41628;3;142
41632;3;143
41636;2;144
41639;4;143
41643;2;150
41646;4;142
41650;3;142
41654;2;143
41657;4;150
41661;2;143
41665;3;150
41668;2;151
41672;1;144
41676;2;150
41679;1;151
41683;2;144
41687;3;144
41690;2;143
41694;2;143
41697;3;151
41701;2;150
41705;2;152
41708;3;151
41712;3;152
41716;1;151
41719;4;151
41723;3;152
41727;3;152
41730;2;153
41734;3;153
41738;4;152
41741;3;153
41747;2;152
41749;3;152
41752;4;152
41756;3;153
41759;2;151
41763;3;153
41767;3;153
41770;3;152
41774;4;152
41778;1;153
41781;3;153
41785;3;152
41789;3;152
41792;3;152
41796;3;154
41800;2;154
41803;3;153
41807;2;154
41810;3;152
41814;2;152
41818;2;153
41821;2;153
41825;2;154
41829;2;153
41832;1;153
41836;2;154
41840;3;152
41843;2;144
41847;3;152
41851;2;152
41854;3;152
41858;3;144
41862;2;150
41865;1;144
41869;3;150
41872;3;143
41876;1;142
41880;3;143
41883;2;142
41887;4;142
41891;1;143
41894;1;142
41900;2;142
41902;3;142
41905;2;144
41909;1;141
41913;2;142
41916;3;142
41920;4;151
41924;3;141
41927;1;143
41931;2;142
41934;2;143
41938;3;143
41942;3;143
41945;1;141
41949;4;143
41953;3;141
41956;3;141
5490;1438;3704
5490;1437;3704
5491;1437;3695
5491;1437;3704
5493;1438;3704
5497;1438;3704
5501;1436;3703
5504;1437;3696
5508;1434;3696
5511;1434;3695
5515;1432;3694
5518;1432;3693
5522;1422;3694
5526;1422;3693
5529;1421;3693
5533;1421;3692
5536;1422;3691
5540;1421;3693
5543;1431;3691
5547;1432;3692
5550;1433;3690
5555;1434;3691
5558;1434;3690
5561;1435;3689
5565;1437;3688
5568;1437;3687
5572;1436;3679
5575;1437;3678
5579;1437;3676
5582;1438;3676
5586;1436;3675
5590;1439;3675
5593;1439;3675
5597;1439;3673
5600;1438;3672
5604;1440;3672
5607;1439;3670
5611;1448;3663
5614;1439;3663
5618;1448;3663
5622;1447;3663
5625;1438;3662
5629;1439;3663
5632;1440;3662
5636;1449;3663
5639;1450;3664
5643;1452;3663
5647;1452;3663
5650;1453;3670
5654;1455;3670
5657;1464;3662
5661;1464;3671
5664;1466;3664
5668;1466;3663
5671;1469;3664
5677;1468;3671
5679;1468;3661
5682;1469;3663
5686;1469;3663
5689;1469;3661
5693;1469;3662
5696;1471;3661
5700;1470;3661
5703;1470;3662
5707;1480;3663
5711;1480;3662
5714;1480;3663
5718;1481;3663
5721;1483;3663
5725;1484;3670
5728;1485;3671
5732;1485;3671
5735;1484;3672
5739;1487;3670
5743;1488;3671
5746;1496;3671
5750;1496;3672
5753;1498;3671
5757;1499;3671
5760;1500;3671
5764;1502;3672
5768;1502;3672
5771;1502;3672
5775;1500;3672
5778;1501;3672
5782;1502;3672
5785;1502;3671
5789;1501;3672
5792;1502;3663
5798;1500;3671
5800;1502;3672
5803;1502;3663
5807;1500;3663
5810;1501;3662
5814;1501;3663
5817;1501;3663
5821;1503;3662
5824;1500;3663
5828;1501;3662
5832;1502;3664
5835;1502;3671
5839;1502;3663
5842;1510;3670
5846;1502;3671
5849;1503;3663
5853;1503;3671
5856;1504;3664
5860;1501;3671
5864;1503;3672
5867;1504;3673
5871;1512;3674
5874;1511;3674
5878;1503;3675
5881;1500;3675
5885;1497;3677
5889;1478;3677
5892;1464;3679
5896;1448;3689
5899;1405;3689
5903;1389;3691
5906;1372;3692
5910;1340;3694
5913;1321;3702
5919;1278;3706
5921;1272;3707
5924;1256;3709
5928;1241;3711
5931;1228;3712
5935;1224;3720
5938;1209;3721
5942;1210;3722
5945;1211;3725
5949;1213;3727
5953;1214;3736
5956;1214;3737
5960;1209;3739
5963;1200;3741
5967;1198;3741
5970;1198;3743
5974;1199;3751
5977;1199;3753
5981;1199;3754
5985;1198;3757
5988;1200;3759
5992;1199;3760
5995;1198;3768
5999;1198;3770
6002;1198;3772
6006;1199;3772
6009;1198;3774
6013;1197;3773
6017;1199;3774
6020;1199;3783
6024;1207;3786
6027;1198;3786
6031;1198;3787
6034;1200;3788
6038;1207;3789
6044;1198;3791
6045;1198;3790
6049;1198;3798
6052;1208;3799
6056;1198;3791
6059;1206;3801
6063;1200;3799
6066;1199;3791
6070;1199;3799
6074;1198;3800
6077;1207;3799
6081;1200;3800
6084;1200;3800
6088;1199;3792
6091;1207;3800
6095;1199;3800
6098;1200;3792
6102;1200;3800
6106;1199;3799
6109;1208;3791
6113;1212;3799
6116;1238;3791
6120;1241;3791
6123;1260;3791
6127;1264;3791
6130;1275;3790
6134;1288;3789
6138;1295;3789
6141;1309;3790
6145;1322;3789
6148;1326;3790
6152;1336;3789
6155;1338;3788
6159;1342;3786
6165;1352;3786
6166;1353;3786
6170;1358;3787
6173;1357;3786
6177;1358;3785
6180;1358;3784
6184;1369;3776
6187;1369;3775
6191;1371;3774
6195;1374;3774
6198;1375;3772
6202;1384;3771
6205;1385;3770
6209;1384;3768
6212;1385;3768
6216;1375;3758
6219;1372;3757
6223;1368;3755
6227;1356;3754
6230;1354;3752
6234;1342;3742
6237;1341;3740
6241;1339;3737
6244;1336;3736
6248;1327;3723
6251;1327;3721
6255;1327;3710
6259;1324;3695
6262;1322;3694
6266;1319;3687
6269;1307;3674
6273;1305;3659
6276;1289;3644
6280;1271;3639
6286;1229;3613
6287;1226;3610
6291;1215;3596
6294;1199;3579
6298;1198;3565
6301;1196;3546
6305;1196;3528
6308;1196;3511
6312;1196;3486
6316;1196;3467
6319;1196;3450
6323;1196;3432
6326;1195;3408
6330;1194;3385
6333;1195;3355
6337;1194;3336
6340;1193;3294
6344;1192;3260
6348;1193;3229
6351;1192;3193
6355;1183;3143
6358;1184;3097
6362;1181;3048
6365;1180;2988
6369;1178;2924
6372;1177;2846
6376;1176;2778
6380;1176;2697
6383;1164;2557
6387;1162;2429
6390;1160;2312
6394;1149;2158
6397;1147;2064
6401;1144;1928
6407;1133;1630
6408;1132;1590
6412;1128;1307
6415;1117;1055
6419;1113;796
6422;1102;583
6426;1099;459
6429;1100;440
6433;1099;413
6437;1097;380
6440;1085;335
6444;1082;312
6447;1081;282
6451;1078;256
6454;1067;235
6458;1066;219
6461;1066;205
6465;1064;188
6469;1065;174
6472;1064;169
6476;1066;152
6479;1067;138
6483;1066;136
6486;1065;136
6490;1064;134
6493;1065;126
6497;1066;126
6501;1064;126
6504;1064;126
6508;1065;135
6511;1064;135
6515;1063;128
6518;1064;136
6522;1063;137
6526;1064;136
6529;1056;139
6566;1053;138
6566;1051;138
6567;1051;139
6569;1051;137
6573;1052;138
6576;1053;136
6580;1052;135
6583;1051;136
6587;1052;135
6590;1052;126
6594;1052;124
6598;1051;124
6601;1053;123
6605;1050;122
6608;1051;121
6612;1051;123
6615;1051;122
6619;1050;122
6622;1050;122
6626;1049;122
6630;1048;121
6633;1050;121
6637;1049;122
6640;1050;121
6644;1048;121
6647;1048;122
6651;1049;122
6654;1049;121
6658;1040;122
6662;1048;121
6665;1040;122
6669;1040;121
6672;1050;122
6676;1040;121
6679;1040;123
6683;1040;123
6686;1040;122
6692;1040;125
6694;1040;125
6697;1039;124
6701;1039;125
6704;1039;125
6708;1038;123
6711;1039;125
6715;1038;124
6719;1040;123
6722;1040;124
6726;1039;123
6729;1039;123
6733;1038;124
6736;1038;126
6740;1038;126
6743;1038;126
6747;1037;126
6751;1037;126
6754;1037;133
6758;1038;126
6761;1036;127
6765;1038;126
6768;1038;126
6772;1039;125
6775;1037;126
6779;1038;125
6783;1037;127
6786;1038;125
6790;1036;126
6793;1038;127
6797;1036;137
6800;1036;136
6804;1038;136
6807;1037;137
6811;1036;135
6815;1036;138
6820;1037;138
6822;1036;138
6825;1036;138
6829;1036;138
6832;1037;138
6836;1036;138
6839;1037;139
6843;1036;137
6847;1037;140
6850;1036;139
6854;1036;139
6857;1036;139
6861;1034;140
6864;1035;140
6868;1036;140
6872;1037;139
6875;1036;140
6879;1036;140
6882;1035;142
6886;1034;140
6889;1035;140
6893;1036;142
6896;1036;141
6900;1038;142
6904;1035;142
6907;1035;143
6911;1034;143
6914;1035;143
6918;1034;152
6921;1036;142
6925;1035;151
6928;1034;153
6932;1034;153
6936;1035;153
6939;1034;154
6943;1035;155
6946;1034;156
6952;1034;156
6953;1035;155
6957;1034;155
6960;1035;156
6964;1034;157
6968;1035;155
6971;1034;157
6975;1036;157
6978;1034;158
6982;1034;157
6985;1035;158
6989;1034;158
6993;1035;158
6996;1035;158
7000;1034;168
7003;1034;158
7007;1034;160
7010;1034;168
7014;1035;170
7017;1036;170
7021;1035;169
7025;1035;171
7028;1035;170
7032;1035;171
7035;1035;171
7039;1035;172
7042;1035;172
7046;1034;172
7049;1035;175
7053;1035;173
7057;1035;173
7060;1034;175
7064;1036;174
7067;1035;174
7071;1034;175
7074;1036;183
7080;1034;174
7081;1034;183
7085;1035;175
7089;1035;175
7092;1037;175
7096;1035;175
7099;1035;183
7103;1035;181
7106;1035;183
7110;1035;175
7114;1036;183
7117;1035;182
7121;1034;176
7124;1036;183
7128;1035;176
7131;1035;184
7135;1035;175
7138;1035;184
7142;1035;185
7146;1036;184
7149;1035;175
7153;1035;189
7156;1038;216
7160;1040;223
7163;1049;236
7167;1050;237
7170;1050;315
7174;1052;522
7178;1063;799
7181;1068;1064
7185;1071;1309
7188;1081;1561
7192;1082;1787
7195;1084;1918
7199;1083;2027
7202;1085;2190
7206;1085;2301
7212;1096;2464
7213;1088;2491
7217;1088;2559
7220;1096;2635
7224;1094;2713
7227;1088;2761
7231;1097;2809
7235;1096;2845
7238;1097;2905
7242;1097;2937
7245;1095;2983
7249;1097;3019
7252;1096;3049
7256;1098;3083
7259;1097;3113
7263;1097;3145
7267;1098;3179
7270;1097;3210
7274;1098;3240
7277;1098;3287
7281;1099;3336
7284;1100;3400
7288;1101;3437
7291;1100;3482
7295;1101;3533
7299;1102;3580
7302;1103;3627
7306;1103;3659
7309;1104;3693
7313;1113;3723
7316;1113;3752
7320;1112;3770
7323;1112;3789
7327;1112;3817
7333;1114;3839
7334;1114;3848
7338;1115;3865
7341;1115;3881
7345;1115;3886
7348;1116;3896
7352;1116;3911
7356;1118;3927
7359;1117;3933
7363;1119;3949
7366;1127;3963
7370;1129;3968
7373;1129;3980
7377;1128;3994
7380;1129;3998
7384;1132;4009
7388;1131;4014
7391;1131;4027
7395;1133;4029
7398;1135;4042
7402;1136;4047
7405;1145;4056
7409;1147;4062
7412;1147;4073
7416;1148;4076
7420;1149;4080
7423;1160;4089
7427;1160;4092
7430;1162;4095
7434;1164;4095
7437;1166;4095
7441;1167;4095
7444;1178;4095
7448;1178;4095
7454;1180;4095
7455;1180;4095
7459;1181;4095
7462;1183;4095
7466;1184;4095
7469;1193;4095
7473;1195;4095
7477;1195;4095
7480;1199;4095
7484;1198;4095
7487;1207;4095
7491;1209;4095
7494;1208;4095
7498;1209;4095
7501;1243;4095
7505;1291;4095
7509;1352;4094
7512;1392;4093
7516;1431;4092
7519;1480;4092
7523;1503;4089
7526;1547;4087
7530;1600;4078
7533;1628;4078
7537;1642;4075
7541;1677;4072
7544;1722;4073
7548;1756;4059
7551;1792;4057
7555;1824;4047
7558;1850;4044
7562;1867;4040
7565;1897;4026
7569;1919;4014
7575;1951;3993
7576;1962;3993
7580;1999;3977
7583;2044;3964
7587;2064;3960
7590;2095;3948
7594;2136;3935
7597;2171;3928
7601;2187;3914
7605;2235;3902
7608;2267;3896
7612;2301;3885
7615;2335;3871
7619;2376;3865
7622;2412;3849
7626;2432;3834
7630;2462;3818
7633;2495;3803
7637;2535;3789
7640;2555;3783
7644;2589;3768
7647;2621;3754
7651;2654;3736
7654;2682;3722
7658;2701;3706
7662;2729;3688
7665;2749;3673
7669;2779;3647
7672;2808;3629
7676;2829;3609
7679;2860;3579
7683;2888;3551
7686;2911;3527
7690;2936;3499
7696;2971;3468
7697;2986;3455
7701;3006;3434
7704;3034;3404
7708;3064;3371
7711;3087;3351
7715;3115;3323
7718;3134;3304
7722;3160;3280
7726;3178;3259
7729;3196;3241
7733;3212;3209
7736;3240;3192
7740;3257;3149
7743;3262;3103
7747;3288;3068
7751;3295;3032
7754;3320;2984
7758;3338;2926
7761;3354;2889
7765;3369;2856
7768;3387;2797
7772;3402;2748
7775;3417;2700
7779;3423;2650
7783;3435;2586
7786;3447;2535
7790;3453;2476
7793;3468;2414
7797;3483;2346
7800;3487;2269
7804;3500;2189
7807;3512;2096
7811;3515;1991
7817;3529;1790
7818;3530;1738
7822;3544;1623
7825;3546;1519
7829;3559;1420
7832;3565;1342
7836;3576;1216
7839;3580;1085
7843;3592;968
7847;3599;862
7850;3610;750
7854;3615;697
7857;3629;686
7861;3643;682
7864;3657;680
7868;3662;670
7872;3675;670
7875;3690;665
7879;3704;665
7882;3710;655
7886;3723;655
7889;3735;652
7893;3741;650
7896;3756;639
7900;3770;637
7904;3786;634
7907;3792;632
7911;3803;622
7914;3816;618
7918;3822;608
7921;3835;602
7925;3849;590
7928;3864;584
7932;3868;569
7936;3880;553
7939;3886;527
7945;3901;492
7946;3913;489
7950;3918;473
7953;3930;443
7957;3936;412
7960;3948;375
7964;3961;331
7968;3967;296
7971;3980;255
7975;3992;235
7978;3998;219
7982;4009;204
7985;4014;185
7989;4026;157
7993;4039;139
7996;4044;125
8000;4045;123
8003;4059;119
8007;4063;105
8010;4074;93
8014;4077;89
8017;4088;77
8021;4092;73
8025;4094;63
8028;4095;43
8032;4095;25
8035;4095;7
8039;4095;2
8042;4095;4
8046;4095;0
8049;4095;1
8053;4095;1
8057;4095;1
8060;4095;0
8064;4095;0
8067;4095;1
8071;4095;1
8074;4095;0
8078;4094;0
8084;4078;1
8085;4075;0
8089;4060;1
8092;4041;1
8096;4013;1
8099;3978;2
8103;3946;2
8106;3913;0
8110;3868;0
8114;3818;1
8117;3769;0
8121;3724;1
8124;3675;1
8128;3629;0
8131;3566;1
8135;3513;1
8138;3464;2
8142;3401;0
8146;3342;1
8149;3280;2
8153;3224;2
8156;3129;0
8160;3069;2
8163;3005;0
8167;2920;0
8170;2815;1
8174;2727;1
8178;2621;1
8181;2520;0
8185;2397;1
8188;2287;1
8192;2156;1
8195;2024;1
8199;1912;2
8202;1785;1
8206;1672;0
8210;1499;1
8213;1360;0
8217;1214;1
8220;1068;0
8224;1037;2
8227;1022;1
8231;1017;2
8237;1006;2
8238;1004;0
8242;1000;1
8245;988;1
8249;986;1
8252;986;0
8256;984;2
8259;975;1
8263;974;0
8267;975;0
8270;971;1
8274;973;1
8277;971;0
8281;970;0
8284;969;1
8288;969;0
8291;968;0
8295;968;0
8299;960;1
8302;958;1
8306;958;1
8309;958;1
8313;958;0
8316;957;0
8320;955;1
8323;956;1
8327;956;2
8331;954;2
8334;955;0
8338;953;0
8341;954;0
8345;952;0
8348;953;0
8352;953;1
8355;952;1
8359;952;1
8363;952;2
8366;953;1
8370;952;1
8373;952;0
8377;952;2
8380;950;2
8384;944;2
8388;943;0
8391;943;0
8395;944;1
8401;941;0
8402;942;0
8405;942;0
8409;942;1
8412;942;0
8416;942;1
8420;942;0
8423;942;1
8427;940;1
8430;941;2
8434;941;1
8437;939;1
8441;941;2
8444;941;1
8448;939;1
8452;940;0
8455;940;0
8459;940;1
8462;939;0
8466;939;1
8469;940;2
8473;939;1
8476;939;0
8480;940;0
8484;939;0
8487;938;0
8491;938;1
8494;938;2
8498;939;0
8501;939;1
8505;938;1
8509;939;2
8512;938;0
8516;937;1
8519;939;1
8523;938;0
8526;939;2
8530;938;1
8533;938;2
8537;938;2
8541;938;1
8544;937;1
8548;938;3
8551;937;0
8555;938;0
8558;938;1
8564;938;2
8565;937;3
8569;938;2
8573;938;1
8576;939;3
8580;938;2
8583;937;2
8587;937;2
8590;937;1
8594;938;2
8597;937;1
8601;938;3
8605;938;1
8608;938;2
8612;938;2
8615;937;2
8619;936;1
8622;938;0
8626;938;1
8630;936;2
8633;938;1
8637;937;2
8640;937;2
8644;938;1
8647;937;1
8651;938;2
8654;936;1
8658;937;2
8662;937;2
8665;937;2
8669;938;3
8672;938;2
8676;938;2
8679;937;1
8683;938;1
8686;938;2
8690;937;2
8694;937;1
8697;937;3
8701;937;1
8704;938;2
8708;937;2
8711;937;1
8715;938;3
8718;936;1
8722;938;0
8726;938;1
8731;938;1
8733;937;0
8736;937;2
8740;937;0
8743;938;2
8747;937;2
8751;935;2
8754;926;21
8758;923;43
8761;908;106
8765;906;139
8768;909;169
8772;919;200
8775;922;255
8779;938;791
8783;942;1392
8786;955;1885
8790;956;2344
8793;969;2631
8797;970;2844
8800;970;3017
8804;969;3163
8807;968;3270
8811;967;3351
8815;958;3418
8818;952;3497
8822;936;3598
8825;923;3693
8829;906;3771
8832;891;3837
8836;887;3896
8839;877;3932
8843;874;3967
8847;872;3997
8850;863;4024
8854;863;4032
8857;862;4045
8861;872;4056
8864;873;4059
8872;876;4072
8872;878;4072
8875;879;4076
8879;890;4074
8882;891;4075
8886;893;4078
8889;904;4086
8893;908;4089
8896;908;4092
8900;910;4095
8904;920;4095
8907;922;4095
8911;925;4095
8914;927;4095
8918;936;4095
8921;939;4095
8925;941;4095
8928;944;4095
8932;953;4095
8936;956;4095
8939;968;4095
8943;971;4095
8946;982;4095
8950;989;4095
8953;1003;4095
8957;1006;4095
8960;1016;4095
8964;1023;4095
8968;1034;4095
8971;1040;4095
8975;1051;4095
8978;1063;4095
8982;1066;4095
8985;1068;4095
8989;1080;4095
8992;1083;4095
8998;1087;4095
9000;1095;4095
9003;1097;4095
9007;1099;4095
9010;1100;4095
9014;1102;4095
9017;1113;4095
9021;1115;4095
9025;1117;4095
9028;1118;4095
9032;1119;4095
9035;1129;4095
9039;1132;4095
9042;1136;4095
9046;1178;4095
9049;1230;4095
9053;1320;4092
9057;1402;4089
9060;1480;4078
9064;1530;4074
9067;1596;4073
9071;1646;4072
9074;1672;4060
9078;1704;4057
9081;1753;4046
9085;1800;4041
9089;1822;4031
9092;1855;4028
9096;1897;4023
9099;1932;4008
9103;1992;3996
9106;2044;3992
9110;2077;3976
9113;2140;3963
9119;2234;3948
9121;2250;3945
9124;2302;3933
9128;2346;3917
9131;2392;3902
9135;2429;3887
9138;2473;3870
9142;2511;3864
9146;2571;3848
9149;2606;3832
9153;2652;3817
9156;2702;3803
9160;2744;3791
9163;2778;3783
9167;2799;3769
9170;2824;3753
9174;2845;3740
9178;2887;3726
9181;2920;3720
9185;2958;3708
9188;2984;3693
9192;3015;3680
9195;3039;3672
9199;3066;3660
9202;3098;3641
9206;3118;3615
9210;3144;3608
9213;3160;3581
9217;3177;3563
9220;3196;3543
9224;3214;3516
9227;3240;3495
9231;3247;3470
9234;3272;3449
9240;3305;3407
9242;3310;3403
9245;3326;3383
9249;3343;3341
9252;3368;3324
9256;3386;3304
9259;3405;3288
9263;3421;3246
9267;3436;3226
9270;3451;3196
9274;3467;3164
9277;3481;3119
9281;3487;3071
9284;3512;3021
9288;3527;2975
9291;3533;2922
9295;3546;2875
9299;3563;2839
9302;3583;2775
9306;3598;2716
9309;3612;2649
9313;3627;2575
9316;3642;2509
9320;3656;2426
9323;3662;2349
9327;3677;2279
9331;3691;2183
9334;3705;2074
9338;3719;1946
9341;3725;1754
9345;3738;1609
9348;3753;1434
9352;3759;1258
9355;3773;1052
9361;3800;767
9363;3803;727
9366;3818;712
9370;3833;701
9373;3849;696
9377;3855;685
9380;3871;683
9384;3883;679
9388;3898;668
9391;3911;665
9395;3919;654
9398;3932;650
9402;3936;638
9405;3951;632
9409;3965;616
9412;3979;606
9416;3992;587
9420;3997;569
9423;4011;552
9427;4025;522
9430;4032;490
9434;4044;456
9437;4056;427
9441;4061;393
9444;4074;349
9448;4078;299
9452;4092;253
9455;4095;206
9459;4095;175
9462;4095;143
9466;4095;108
9469;4095;78
9473;4095;71
9476;4095;48
9480;4095;29
9484;4095;30
9487;4095;22
9518;4095;0
9519;4095;0
9519;4095;1
9521;4095;1
9525;4095;0
9529;4095;0
9532;4095;0
9536;4095;0
9539;4095;0
9543;4095;0
9546;4095;0
9550;4095;2
9553;4095;1
9557;4095;1
9561;4095;3
9564;4095;1
9568;4095;1
9571;4095;0
9575;4073;0
9578;4030;2
9582;3995;0
9585;3962;0
9589;3915;1
9593;3867;2
9596;3830;0
9600;3774;1
9603;3736;1
9607;3687;1
9610;3627;2
9614;3567;0
9618;3499;2
9621;3437;1
9625;3390;1
9628;3324;1
9632;3262;1
9635;3194;0
9639;3134;0
9642;3065;1
9646;2968;0
9650;2871;1
9653;2765;0
9657;2634;1
9660;2511;0
9679;1837;0
9679;1824;2
9679;1830;0
9682;1756;1
9685;1582;1
9689;1432;0
9692;1290;0
9696;1131;0
9699;1051;0
9703;1038;1
9707;1023;0
9710;1019;1
9714;1016;1
9717;1005;0
9721;1005;1
9724;1004;0
9728;1004;0
9731;999;1
9735;991;1
9739;988;0
9742;986;0
9746;986;1
9749;985;0
9753;984;0
9756;983;0
9760;974;1
9764;975;0
9767;974;1
9771;971;0
9775;972;2
9778;971;0
9782;971;1
9786;968;1
9789;970;1
9793;969;1
9797;969;0
9800;967;0
9804;960;2
9807;966;0
9811;966;0
9815;960;1
9818;958;0
9822;957;0
9826;957;1
9829;957;0
9835;956;0
9837;957;1
9840;957;2
9844;957;0
9848;956;0
9851;955;1
9855;956;0
9859;955;1
9862;954;0
9866;953;3
9869;954;0
9873;953;0
9877;953;1
9880;955;2
9884;954;1
9888;953;0
9891;952;0
9895;952;0
9899;952;2
9902;952;2
9906;952;1
9910;952;1
9913;952;1
9917;952;0
9920;943;1
9924;943;1
9928;951;0
9931;943;2
9935;951;1
9939;951;1
9942;943;1
9946;951;2
9950;943;1
9953;942;1
9957;943;2
9961;951;1
9964;943;1
9968;942;3
9972;943;0
9975;943;1
9979;943;2
9982;941;1
9986;942;1
9990;942;1
9993;943;3
9997;942;1
10003;941;1
10004;942;2
10008;942;3
10012;941;2
10015;941;2
10019;941;2
10023;942;1
10026;942;0
10030;942;1
10033;942;2
10037;942;1
10041;941;2
10044;942;2
10048;940;3
10052;941;2
10055;941;2
10059;942;3
10063;942;2
10066;942;2
10070;940;0
10074;942;3
10077;942;2
10081;941;2
10085;940;3
10088;942;1
10092;940;3
10095;941;2
10099;942;2
10103;941;3
10106;941;1
10110;941;2
10114;942;1
10117;941;2
10121;941;2
10125;941;2
10128;942;2
10132;939;2
10136;942;2
10139;942;3
10143;943;1
10147;942;1
10150;943;3
10154;941;3
10160;941;1
10161;942;3
10165;941;2
10168;941;3
10172;941;3
10176;940;3
10179;941;3
10183;941;3
10187;940;3
10190;941;2
10194;940;2
10198;940;1
10201;942;3
10205;942;2
10208;942;3
10212;940;1
10216;940;23
10219;923;73
10223;921;106
10227;921;127
10230;924;637
10234;942;1405
10238;957;2046
10241;967;2460
10245;970;2730
10249;970;2936
10252;972;3084
10256;973;3193
10260;974;3310
10263;971;3404
10267;969;3480
10270;966;3579
10274;957;3692
10278;954;3788
10281;952;3864
10285;941;3917
10289;927;3976
10292;907;4014
10298;878;4060
10300;876;4070
10303;861;4088
10307;848;4095
10311;846;4095
10314;855;4095
10318;859;4095
10321;862;4095
10325;874;4095
10329;875;4095
10332;888;4095
10336;891;4095
10340;894;4095
10343;906;4095
10347;920;4095
10351;925;4095
10354;939;4095
10358;951;4095
10362;956;4095
10365;970;4095
10369;984;4095
10373;999;4095
10376;1015;4095
10380;1021;4095
10383;1040;4095
10387;1056;4095
10391;1070;4095
10394;1082;4095
10398;1095;4095
10402;1101;4095
10405;1114;4095
10409;1228;4095
10413;1403;4095
10419;1657;4095
10420;1693;4095
10424;1799;4095
10427;1854;4089
10431;1911;4076
10434;1964;4062
10438;2012;4047
10442;2045;4042
10445;2078;4024
10449;2137;4008
10453;2170;3983
10456;2219;3964
10460;2265;3945
10464;2300;3919
10467;2334;3901
10471;2379;3881
10475;2412;3854
10478;2443;3836
10482;2488;3820
10486;2522;3800
10489;2542;3784
10493;2590;3768
10496;2633;3740
10500;2668;3723
10504;2695;3708
10507;2718;3690
10511;2750;3662
10515;2778;3643
10518;2811;3629
10522;2828;3611
10526;2846;3579
10529;2873;3562
10535;2924;3518
10537;2936;3512
10540;2956;3484
10544;2989;3466
10548;3019;3437
10551;3037;3417
10555;3067;3386
10558;3088;3356
10562;3129;3335
10566;3149;3306
10569;3164;3278
10573;3191;3254
10577;3212;3211
10580;3240;3193
10584;3263;3161
10588;3292;3127
10591;3322;3084
10595;3342;3037
10599;3375;3000
10602;3400;2952
10606;3421;2904
10609;3451;2856
10613;3467;2809
10617;3484;2762
10620;3499;2729
10624;3518;2698
10628;3532;2647
10631;3549;2572
10635;3562;2495
10639;3567;2440
10642;3581;2365
10646;3597;2313
10652;3614;2200
10653;3615;2168
10657;3628;2077
10661;3644;1999
10664;3660;1902
10668;3672;1815
10671;3676;1693
10675;3688;1576
10679;3693;1436
10682;3707;1263
10686;3720;1114
10690;3723;959
10693;3738;828
10697;3743;682
10701;3757;667
10704;3772;664
10708;3787;654
10712;3800;652
10715;3815;650
10719;3821;640
10722;3836;638
10726;3850;635
10730;3864;634
10733;3871;632
10737;3883;631
10741;3897;621
10744;3902;619
10748;3915;617
10752;3927;606
10755;3934;605
10759;3945;601
10763;3950;591
10766;3964;587
10770;3976;576
10776;3995;559
10777;3995;557
10781;4007;542
10784;4013;525
10788;4027;511
10792;4030;503
10795;4044;476
10799;4048;457
10803;4060;430
10806;4072;411
10810;4076;380
10814;4088;359
10817;4093;331
10821;4095;296
10825;4095;253
10828;4095;223
10832;4095;188
10835;4095;168
10839;4095;126
10843;4095;106
10846;4095;76
10850;4095;72
10854;4095;46
10857;4095;46
10861;4095;42
10865;4095;57
10868;4095;57
10872;4095;57
10876;4095;46
10879;4095;42
10883;4095;31
10887;4095;2
10890;4095;1
10894;4095;2
10897;4095;1
10903;4095;2
10905;4095;2
10908;4095;1
10912;4095;2
10916;4095;0
10919;4095;2
10923;4095;0
10927;4095;0
10930;4095;0
10934;4095;0
10938;4095;2
10941;4095;0
10945;4095;0
10949;4095;0
10952;4095;1
10956;4095;1
10959;4090;0
10963;4055;1
10967;4012;1
10970;3977;2
10974;3932;1
10978;3897;2
10981;3854;2
10985;3804;1
10989;3752;2
10992;3704;1
10996;3644;1
11000;3566;2
11003;3502;1
11007;3449;1
11010;3392;1
11014;3322;1
11018;3248;0
11021;3180;2
11025;3102;0
11029;3002;2
11032;2903;1
11036;2800;1
11040;2683;1
11046;2472;1
11047;2423;0
11051;2283;0
11054;2153;1
11058;1984;0
11062;1819;1
11065;1693;0
11069;1499;0
11072;1369;0
11076;1195;0
11080;1024;2
11083;1005;1
11087;986;0
11091;972;1
11094;968;1
11098;954;0
11102;942;1
11105;940;0
11109;939;0
11113;937;2
11116;937;1
11120;935;2
11123;935;1
11127;926;0
11131;925;1
11134;925;0
11138;924;1
11142;923;0
11145;923;2
11149;921;0
11153;920;1
11156;920;1
11160;920;1
11164;919;0
11167;920;0
11171;910;0
11175;919;1
11178;910;1
11182;910;0
11185;909;1
11189;911;1
11193;909;1
11199;908;0
11200;907;2
11204;906;1
11207;906;2
11211;907;1
11215;906;0
11218;906;0
11222;905;2
11226;906;1
11229;905;0
11233;905;1
11236;905;0
11240;904;0
11244;904;2
11247;896;1
11251;904;0
11255;903;1
11258;904;0
11262;895;2
11266;904;0
11269;903;1
11273;903;0
11277;895;0
11280;895;1
11284;896;0
11288;903;3
11291;894;0
11295;895;0
11298;894;0
11302;894;1
11306;894;0
11309;894;1
11313;894;0
11317;895;0
11320;894;1
11324;895;0
11328;893;0
11331;895;0
11335;893;0
11339;892;2
11342;894;0
11346;895;1
11350;893;2
11355;893;2
11357;895;1
11360;895;0
11364;893;1
11368;894;0
11371;894;1
11375;894;1
11379;894;1
11382;892;1
11386;892;1
11390;895;0
11393;894;0
11397;894;0
11401;893;0
11404;901;2
11408;894;2
11411;894;2
11415;894;3
11419;893;1
11422;893;2
11426;894;2
11430;894;3
11433;894;1
11437;894;2
11441;894;2
11444;894;2
11448;893;2
11452;893;2
11455;894;2
11459;894;1
11463;894;2
11466;894;3
11470;894;3
11473;894;2
11477;894;2
11481;894;3
11484;894;2
11488;894;4
11492;894;2
11495;893;2
11499;893;2
11503;895;3
11509;894;1
11510;894;2
11514;895;2
11517;895;3
11521;895;3
11524;896;3
11528;895;3
11532;895;3
11535;903;3
11539;896;3
11543;895;2
11546;895;3
11550;895;4
11554;895;5
11557;902;2
11561;896;4
11565;896;4
11568;895;3
11572;902;4
11576;879;4
11579;874;72
11583;872;122
11586;876;142
11590;887;302
11594;905;1133
11597;921;1897
11601;934;2412
11605;936;2728
11608;938;2952
11612;938;3116
11616;939;3244
11619;937;3336
11623;936;3419
11627;927;3517
11630;936;3640
11634;936;3725
11638;939;3789
11641;939;3840
11645;936;3883
11651;910;3934
11652;907;3948
11656;892;3975
11659;889;3993
11663;891;4009
11667;892;4024
11670;906;4041
11674;911;4044
11678;923;4060
11681;936;4072
11685;940;4076
11689;952;4087
11692;958;4094
11696;971;4095
11699;984;4095
11703;989;4095
11707;1001;4095
11710;1016;4095
11714;1019;4095
11718;1024;4095
11721;1038;4095
11725;1053;4095
11729;1053;4095
11732;1064;4095
11736;1069;4095
11740;1070;4095
11743;1081;4095
11747;1084;4095
11751;1087;4095
11754;1097;4095
11758;1101;4094
11761;1112;4091
11765;1116;4088
11771;1120;4077
11772;1127;4074
11776;1130;4063
11780;1176;4056
11783;1272;4046
11787;1352;4043
11791;1416;4039
11794;1480;4028
11798;1534;4013
11802;1612;4007
11805;1660;3994
11809;1707;3978
11812;1754;3966
11816;1773;3948
11820;1807;3936
11823;1866;3919
11827;1904;3911
11831;1949;3885
11834;1994;3870
11838;2043;3850
11842;2088;3832
11845;2140;3819
11849;2159;3804
11853;2200;3788
11856;2234;3769
11860;2271;3757
11864;2315;3739
11867;2366;3723
11871;2408;3706
11874;2432;3693
11878;2490;3672
11882;2521;3656
11888;2573;3625
11889;2586;3613
11893;2619;3606
11896;2653;3582
11900;2682;3562
11904;2700;3544
11907;2733;3518
11911;2767;3496
11915;2796;3470
11918;2816;3447
11922;2842;3420
11925;2876;3404
11929;2907;3384
11933;2928;3355
11936;2957;3320
11940;2986;3279
11944;3023;3246
11947;3052;3223
11951;3072;3192
11955;3102;3150
11958;3130;3115
11962;3148;3066
11966;3176;3020
11969;3197;2958
11973;3226;2920
11977;3244;2873
11980;3263;2827
11984;3289;2774
11987;3308;2715
11991;3325;2638
11995;3343;2558
11998;3358;2489
12004;3390;2348
12006;3400;2315
12009;3415;2223
12013;3422;2064
12017;3439;1965
12020;3452;1836
12024;3468;1707
12028;3485;1565
12031;3500;1385
12035;3512;1151
12039;3519;983
12042;3534;780
12046;3549;666
12049;3564;655
12053;3581;649
12057;3608;638
12060;3615;635
12064;3641;634
12068;3657;621
12071;3672;618
12075;3688;616
12079;3705;606
12082;3722;603
12086;3738;600
12090;3755;588
12093;3772;584
12097;3786;572
12100;3803;568
12104;3816;555
12108;3831;542
12111;3838;534
12115;3854;508
12119;3867;493
12125;3886;460
12126;3895;447
12130;3910;428
12133;3919;397
12137;3933;366
12141;3947;334
12144;3950;297
12148;3968;253
12152;3981;216
12155;3996;174
12159;4010;139
12162;4024;96
12166;4039;62
12170;4045;43
12173;4056;47
12177;4063;33
12181;4075;33
12184;4077;43
12188;4088;41
12192;4092;39
12195;4095;24
12199;4095;4
12203;4095;1
12206;4095;1
12210;4095;0
12213;4095;1
12217;4095;0
12221;4095;1
12224;4095;0
12228;4095;1
12232;4095;2
12235;4095;0
12239;4095;2
12243;4095;0
12246;4095;0
12250;4095;0
12254;4095;1
12260;4095;0
12261;4093;1
12265;4087;2
12268;4062;0
12272;4043;0
12275;4025;1
12279;4009;2
12283;3979;2
12286;3934;0
12290;3911;1
12294;3854;2
12297;3817;1
12301;3758;1
12305;3721;2
12308;3658;1
12312;3596;1
12316;3543;0
12319;3487;2
12323;3401;0
12326;3342;2
12330;3273;0
12334;3223;1
12337;3177;1
12341;3103;2
12345;3038;0
12348;2972;1
12352;2889;0
12356;2796;0
12359;2669;0
12363;2535;0
12367;2408;0
12370;2268;1
12374;2120;0
12378;1994;1
12381;1878;1
12385;1767;1
12388;1610;1
12392;1448;1
12396;1288;0
12402;1054;1
12403;1034;1
12407;1006;0
12410;991;1
12414;972;0
12418;966;0
12421;953;0
12425;937;1
12429;911;1
12432;905;0
12436;905;0
12440;905;0
12443;906;1
12447;904;2
12450;905;0
12454;904;0
12458;896;0
12461;904;1
12465;896;1
12469;896;0
12472;904;0
12476;894;0
12480;894;0
12483;894;0
12487;895;1
12491;896;0
12494;893;0
12498;895;0
12501;894;1
12505;894;0
12509;892;0
12512;893;0
12516;894;0
12520;892;0
12523;892;0
12527;895;0
12531;895;0
12534;893;0
12538;892;0
12542;892;2
12545;892;1
12549;893;2
12553;892;2
12559;890;1
12560;890;0
12563;891;1
12567;891;0
12571;892;0
12574;890;1
12578;891;0
12582;891;0
12585;890;1
12589;891;2
12593;890;1
12596;889;1
12600;890;1
12604;890;1
12607;890;1
12611;891;1
12614;890;0
12618;890;0
12622;890;1
12625;890;1
12629;890;1
12633;890;0
12636;890;1
12640;889;0
12644;891;1
12647;890;1
12651;890;1
12655;889;1
12658;889;0
12662;890;1
12666;889;0
12669;889;0
12673;890;2
12676;889;1
12680;890;0
12684;889;1
12687;889;1
12691;890;1
12695;888;3
12698;889;2
12702;888;4
12706;889;2
12709;889;4
12715;889;3
12717;889;3
12720;889;2
12724;888;3
12727;889;3
12731;889;5
12735;888;5
12738;888;5
12742;880;4
12746;889;6
12749;889;5
12753;888;5
12757;888;5
12760;888;6
12764;889;6
12768;888;8
12771;889;5
12775;879;6
12779;888;6
12782;888;7
12786;880;8
12789;886;8
12793;888;8
12797;880;7
12800;888;6
12804;887;7
12808;887;6
12811;888;7
12815;889;4
12819;890;4
12822;889;3
12826;888;2
12830;890;3
12833;890;2
12837;892;1
12841;892;2
12844;891;1
12848;891;1
12851;891;1
12855;891;2
12859;892;1
12862;891;1
12868;893;1
12870;891;2
12873;891;0
12877;891;3
12881;891;5
12884;890;5
12888;880;17
12892;863;75
12895;864;119
12899;873;143
12902;888;393
12906;904;1115
12910;912;1774
12913;923;2238
12917;926;2573
12921;936;2825
12924;938;2986
12928;936;3102
12932;936;3211
12935;936;3321
12939;935;3418
12943;926;3512
12946;926;3623
12950;927;3707
12954;928;3775
12957;935;3836
12961;924;3870
12964;922;3901
12968;906;3927
12972;892;3951
12975;886;3976
12979;876;3995
12983;878;4014
12986;890;4027
12990;904;4039
12994;910;4046
13000;936;4062
13001;937;4064
13005;941;4074
13008;953;4090
13012;960;4094
13015;971;4095
13019;974;4095
13023;986;4095
13026;989;4095
13030;1002;4095
13034;1005;4095
13037;1017;4095
13041;1018;4095
13045;1022;4095
13048;1039;4095
13052;1052;4095
13056;1056;4095
13059;1068;4095
13063;1071;4095
13067;1080;4095
13070;1083;4095
13074;1086;4095
13077;1097;4095
13081;1100;4095
13085;1101;4095
13088;1113;4095
13092;1116;4095
13096;1118;4095
13099;1130;4095
13103;1131;4095
13107;1135;4095
13110;1143;4094
13114;1147;4089
13120;1214;4073
13121;1224;4072
13125;1256;4059
13128;1308;4047
13132;1359;4040
13136;1417;4026
13139;1451;4012
13143;1530;3997
13147;1592;3982
13150;1625;3966
13154;1688;3951
13158;1739;3935
13161;1788;3919
13165;1848;3914
13169;1883;3897
13172;1928;3880
13176;1981;3865
13180;2016;3849
13183;2062;3834
13187;2128;3824
13190;2171;3806
13194;2220;3790
13198;2280;3774
13201;2331;3757
13205;2393;3741
13209;2431;3726
13212;2494;3711
13216;2539;3693
13220;2584;3687
13223;2607;3656
13227;2664;3640
13231;2696;3613
13237;2752;3565
13238;2763;3549
13242;2793;3531
13245;2827;3496
13249;2871;3469
13252;2904;3447
13256;2940;3419
13260;2972;3388
13263;3017;3370
13267;3048;3342
13271;3072;3295
13274;3103;3261
13278;3134;3228
13282;3161;3193
13285;3178;3160
13289;3208;3104
13293;3230;3064
13296;3272;3005
13300;3293;2956
13303;3310;2895
13307;3340;2830
13311;3359;2777
13314;3383;2696
13318;3403;2600
13322;3419;2520
13325;3447;2431
13329;3465;2312
13333;3482;2200
13336;3502;2032
13340;3518;1918
13344;3534;1752
13347;3546;1606
13353;3576;1273
13355;3577;1196
13358;3592;989
13362;3609;794
13365;3627;678
13369;3645;667
13373;3661;654
13376;3677;649
13380;3692;646
13384;3708;636
13387;3723;631
13391;3738;623
13395;3753;618
13398;3769;606
13402;3785;603
13406;3799;597
13409;3806;584
13413;3820;571
13416;3833;558
13420;3847;552
13424;3853;538
13427;3869;524
13431;3882;507
13435;3888;478
13438;3903;461
13442;3917;443
13446;3931;424
13449;3945;395
13453;3958;375
13457;3963;347
13460;3978;302
13464;3991;264
13468;4008;215
13471;4014;168
13477;4040;96
13478;4041;89
13482;4056;57
13486;4063;23
13489;4074;7
13493;4087;3
13497;4095;1
13500;4095;0
13504;4095;3
13508;4095;3
13511;4095;1
13515;4095;1
13519;4095;1
13522;4095;1
13526;4095;1
13529;4095;3
13533;4095;0
13537;4095;0
13540;4095;1
13544;4095;0
13548;4095;2
13551;4095;0
13555;4095;0
13559;4095;2
13562;4095;0
13566;4095;0
13570;4095;1
13573;4095;1
13577;4095;1
13581;4095;1
13584;4095;0
13588;4095;2
13591;4095;0
13595;4090;1
13599;4061;1
13602;4039;0
13606;3997;2
13610;3950;0
13613;3912;1
13619;3832;1
13621;3816;1
13624;3757;1
13628;3688;1
13632;3625;0
13635;3561;2
13639;3486;1
13643;3416;0
13646;3343;0
13650;3277;2
13653;3224;2
13657;3133;1
13661;3035;1
13664;2940;0
13668;2823;0
13672;2682;0
13675;2538;0
13679;2396;0
13683;2233;2
13686;2060;2
13690;1913;2
13694;1786;2
13697;1630;0
13701;1434;0
13704;1302;1
13708;1150;0
13712;1081;0
13715;1063;1
13719;1039;1
13723;1024;1
13726;1017;2
13730;989;0
13734;984;0
13737;972;0
13741;971;2
13745;971;1
13748;971;1
13752;970;1
13756;968;1
13759;968;0
13765;968;0
13766;967;2
13770;968;2
13774;959;1
13777;960;1
13781;957;0
13785;959;1
13788;957;0
13792;957;0
13796;957;1
13799;957;0
13803;956;0
13807;955;1
13810;955;1
13814;955;1
13817;953;1
13821;955;0
13825;953;0
13828;954;0
13832;953;2
13836;952;0
13839;953;1
13843;952;1
13847;944;0
13850;952;1
13854;952;0
13858;950;1
13861;950;0
13865;943;0
13869;944;0
13872;950;0
13876;942;0
13879;951;1
13883;941;0
13887;943;0
13890;941;0
13894;943;3
13898;943;2
13901;942;0
13905;941;1
13909;943;0
13912;942;0
13918;940;0
13920;942;0
13923;941;1
13927;941;1
13931;941;1
13934;942;2
13938;941;0
13941;941;0
13945;942;0
13949;942;0
13952;942;0
13956;940;1
13960;941;0
13963;939;0
13967;943;1
13971;942;1
13974;942;2
13978;940;0
13982;940;0
13985;941;0
13989;940;1
13992;942;1
13996;942;0
14000;941;0
14003;942;1
14007;941;0
14011;943;0
14014;941;0
14018;943;1
14022;942;2
14025;943;2
14029;943;0
14033;942;0
14036;950;1
14040;951;2
14044;943;2
14047;951;2
14051;943;1
14054;943;2
14058;943;3
14062;942;2
14065;943;3
14069;943;3
14075;942;3
14076;942;4
14080;941;3
14084;941;3
14087;943;4
14091;942;3
14095;941;2
14098;942;1
14102;942;1
14105;940;1
14109;943;0
14113;944;1
14116;942;1
14120;950;2
14124;942;1
14127;944;2
14131;943;1
14135;941;1
14138;941;0
14142;951;2
14146;943;1
14149;942;2
14153;941;1
14157;943;2
14160;942;2
14164;942;2
14167;951;0
14171;943;0
14175;943;1
14178;941;2
14182;943;2
14186;941;1
14189;943;1
14193;942;1
14197;943;2
14200;941;2
14204;943;2
14208;942;2
14211;927;3
14215;924;43
14218;908;88
14222;905;123
14228;936;1308
14229;942;1614
14233;958;2207
14237;968;2543
14240;972;2830
14244;972;3016
14248;973;3150
14251;974;3260
14255;973;3359
14259;971;3439
14262;968;3532
14266;969;3645
14270;969;3737
14273;970;3804
14277;970;3866
14280;969;3912
14284;958;3946
14288;939;3978
14291;906;4009
14295;875;4029
14299;862;4046
14302;872;4062
14306;888;4076
14310;904;4080
14313;926;4092
14317;940;4095
14321;952;4095
14324;957;4095
14328;967;4095
14332;971;4095
14335;975;4095
14339;987;4095
14342;991;4095
14346;1001;4095
14352;1018;4095
14353;1021;4095
14357;1032;4095
14361;1037;4095
14364;1050;4095
14368;1055;4095
14372;1065;4095
14375;1070;4095
14379;1080;4095
14383;1085;4095
14386;1096;4095
14390;1098;4095
14393;1100;4093
14397;1110;4089
14401;1112;4078
14404;1134;4073
14408;1212;4064
14412;1308;4060
14415;1392;4055
14419;1481;4044
14423;1566;4031
14426;1627;4027
14430;1659;4014
14434;1719;4009
14437;1755;3992
14441;1774;3977
14445;1792;3962
14448;1822;3949
14452;1852;3933
14455;1897;3918
14459;1928;3902
14463;1950;3886
14502;2413;3725
14503;2424;3724
14503;2427;3724
14506;2463;3722
14509;2506;3703
14513;2537;3679
14517;2573;3662
14520;2608;3656
14524;2648;3640
14528;2686;3624
14531;2718;3609
14535;2752;3595
14538;2791;3577
14542;2814;3551
14546;2843;3528
14549;2872;3501
14553;2906;3483
14557;2926;3466
14560;2954;3447
14564;2976;3432
14568;2999;3404
14571;3023;3374
14575;3055;3354
14579;3087;3325
14582;3117;3308
14586;3144;3277
14590;3168;3243
14593;3194;3209
14597;3214;3161
14600;3242;3119
14604;3274;3072
14608;3304;3047
14614;3334;2971
14615;3340;2956
14619;3356;2921
14622;3373;2887
14626;3390;2839
14630;3405;2776
14633;3422;2715
14637;3438;2639
14641;3453;2554
14644;3469;2458
14648;3483;2378
14651;3498;2295
14655;3512;2174
14659;3520;2046
14662;3534;1928
14666;3548;1773
14670;3562;1592
14673;3577;1423
14677;3593;1210
14681;3608;1017
14684;3612;832
14688;3625;670
14692;3640;649
14695;3647;638
14699;3659;634
14703;3674;623
14706;3687;622
14710;3703;618
14713;3709;616
14717;3725;606
14721;3738;603
14724;3752;600
14728;3770;588
14734;3791;582
14735;3799;572
14739;3806;568
14743;3822;557
14746;3837;541
14750;3851;537
14754;3866;522
14757;3881;505
14761;3896;488
14765;3903;471
14768;3919;442
14772;3933;414
14775;3946;392
14779;3961;350
14783;3967;318
14786;3980;295
14790;3994;255
14794;4008;232
14797;4014;199
14801;4027;183
14805;4041;156
14808;4048;126
14812;4059;103
14816;4073;59
14819;4087;31
14823;4093;45
14826;4095;43
14830;4095;56
14834;4095;56
14837;4095;54
14841;4095;44
14845;4095;6
14848;4095;1
14852;4095;0
14856;4095;0
14861;4095;2
14863;4095;0
14867;4095;0
14870;4095;0
14874;4095;0
14878;4095;1
14881;4095;1
14885;4095;1
14888;4095;0
14892;4095;1
14896;4095;0
14899;4095;2
14903;4095;1
14907;4095;0
14910;4095;0
14914;4095;2
14918;4095;0
14921;4095;0
14925;4095;0
14929;4075;0
14932;4044;2
14936;4011;0
14939;3963;0
14943;3928;1
14947;3883;3
14950;3836;2
14954;3788;1
14958;3742;0
14961;3689;0
14965;3627;1
14969;3563;0
14972;3485;0
14976;3420;0
14980;3355;1
14983;3291;0
14987;3209;2
14991;3117;0
14994;3020;2
14998;2920;0
15001;2810;0
15007;2585;2
15009;2520;1
15012;2399;0
15016;2235;2
15020;2104;0
15023;1951;0
15027;1786;2
15031;1644;1
15034;1464;0
15038;1260;1
15042;1146;1
15045;1055;1
15049;1035;1
15052;1017;0
15056;1002;0
15060;985;0
15063;970;1
15067;953;0
15071;952;1
15074;952;1
15078;953;1
15082;951;1
15085;951;1
15089;942;1
15093;942;2
15096;941;2
15100;940;0
15104;940;0
15107;940;1
15111;939;1
15114;939;0
15118;938;0
15122;939;1
15125;937;0
15129;938;1
15133;937;1
15136;938;0
15140;937;2
15144;935;0
15147;936;0
15151;936;0
15157;928;1
15158;936;0
15162;934;0
15166;936;0
15169;936;2
15173;936;1
15176;927;2
15180;926;0
15184;926;0
15187;927;0
15191;927;2
15195;926;1
15198;925;0
15202;925;0
15206;925;0
15209;926;1
15213;925;1
15217;923;0
15220;925;1
15224;924;0
15227;925;2
15231;924;0
15235;925;0
15238;922;0
15242;924;1
15246;923;1
15249;924;1
15253;922;1
15257;923;1
15260;923;1
15264;923;1
15268;923;1
15271;922;1
15275;922;1
15279;921;0
15282;923;1
15286;922;1
15289;922;1
15293;922;1
15297;924;0
15300;923;0
15304;921;0
15308;923;1
15314;923;0
15315;922;1
15319;923;0
15322;923;1
15326;924;1
15330;923;2
15333;924;1
15337;923;1
15340;925;0
15344;924;1
15348;925;0
15351;925;1
15355;924;1
15359;925;1
15362;924;2
15366;926;2
15370;925;0
15373;925;1
15377;925;1
15381;925;0
15384;925;2
15388;924;0
15392;924;3
15395;924;0
15399;925;3
15402;926;1
15406;925;1
15410;925;1
15413;924;1
15417;923;2
15421;924;1
15424;926;2
15428;925;1
15432;924;2
15435;925;1
15439;926;1
15443;924;2
15446;925;0
15450;926;1
15453;924;1
15457;927;1
15461;926;1
15467;927;0
15468;926;1
15472;926;0
15475;927;0
15479;927;1
15483;926;2
15486;927;0
15490;926;0
15494;935;1
15497;926;1
15501;935;1
15505;928;0
15508;927;1
15512;928;0
15515;927;0
15519;928;1
15523;928;1
15526;936;2
15530;936;0
15534;927;0
15537;936;0
15541;928;0
15545;925;1
15548;924;19
15552;905;74
15556;911;248
15559;936;1232
15563;953;2057
15567;958;2491
15570;967;2810
15574;969;3022
15577;971;3166
15581;972;3276
15585;973;3370
15588;972;3449
15592;973;3519
15596;974;3610
15599;974;3703
15603;984;3775
15609;988;3871
15610;988;3895
15614;989;3927
15618;988;3960
15621;990;3979
15625;986;4008
15628;973;4028
15632;968;4046
15636;968;4074
15639;971;4088
15643;984;4095
15647;992;4095
15650;1004;4095
15654;1016;4095
15658;1021;4095
15661;1024;4095
15665;1034;4095
15669;1039;4095
15672;1051;4095
15676;1055;4095
15680;1066;4095
15683;1072;4095
15687;1081;4095
15690;1083;4095
15694;1087;4095
15698;1098;4095
15701;1101;4095
15705;1110;4095
15709;1112;4095
15712;1115;4095
15716;1118;4095
15720;1128;4095
15723;1132;4091
15729;1161;4078
15731;1164;4075
15734;1229;4072
15738;1353;4063
15741;1481;4057
15745;1564;4044
15749;1659;4039
15752;1725;4028
15756;1818;4014
15760;1885;4009
15763;1947;3994
15767;2029;3976
15771;2108;3959
15774;2155;3945
15778;2219;3928
15782;2284;3913
15785;2349;3896
15789;2398;3868
15793;2441;3851
15796;2504;3832
15800;2553;3806
15803;2607;3788
15807;2655;3768
15811;2700;3743
15814;2745;3722
15818;2765;3703
15822;2797;3676
15825;2827;3659
15829;2860;3629
15833;2903;3607
15836;2936;3579
15840;2957;3550
15846;3016;3516
15847;3030;3502
15851;3048;3480
15854;3070;3455
15858;3101;3448
15862;3134;3423
15865;3164;3404
15869;3192;3387
15873;3224;3366
15876;3247;3342
15880;3275;3325
15884;3294;3306
15887;3320;3279
15891;3342;3258
15895;3370;3240
15898;3390;3209
15902;3415;3184
15906;3433;3160
15909;3448;3117
15913;3465;3071
15916;3482;3034
15920;3497;3000
15924;3514;2952
15927;3528;2908
15931;3547;2875
15935;3562;2824
15938;3577;2782
15942;3583;2748
15946;3608;2703
15949;3625;2653
15953;3630;2605
15957;3641;2537
15963;3660;2412
15964;3663;2380
15968;3687;2296
15971;3692;2175
15975;3704;2123
15978;3710;2012
15982;3721;1911
15986;3725;1754
15989;3736;1552
15993;3743;1391
15997;3753;1214
16000;3768;1049
16004;3772;889
16008;3784;731
16011;3790;622
16015;3802;616
16019;3815;606
16022;3821;604
16026;3836;601
16029;3847;590
16033;3854;590
16037;3869;586
16040;3881;585
16044;3886;574
16048;3899;573
16051;3913;570
16055;3919;567
16059;3932;556
16062;3946;552
16066;3960;541
16070;3965;537
16073;3979;525
16077;3992;512
16081;3995;506
16086;4014;480
16088;4013;476
16091;4028;458
16095;4039;432
16099;4045;412
16102;4056;382
16106;4061;361
16110;4074;334
16113;4079;301
16117;4092;268
16121;4095;236
16124;4095;202
16128;4095;156
16132;4095;124
16135;4095;94
16139;4095;62
16142;4095;28
16146;4095;9
16150;4095;5
16153;4095;3
16157;4095;1
16161;4095;2
16164;4095;1
16168;4095;1
16172;4095;3
16175;4095;1
16179;4095;0
16183;4095;2
16186;4095;1
16190;4095;1
16194;4095;0
16197;4095;2
16201;4095;0
16204;4095;0
16208;4095;1
16212;4095;1
16218;4095;1
16219;4095;2
16223;4095;1
16226;4095;2
16230;4095;1
16234;4095;2
16237;4095;1
16241;4095;2
16245;4095;1
16248;4095;0
16252;4095;0
16255;4095;1
16259;4095;1
16263;4095;2
16266;4095;1
16270;4095;1
16274;4093;0
16277;4057;0
16281;4013;1
16285;3977;1
16288;3933;1
16292;3899;1
16296;3848;1
16299;3789;0
16303;3725;2
16307;3659;0
16310;3593;1
16314;3519;0
16317;3454;2
16321;3373;1
16325;3293;0
16328;3200;2
16332;3087;1
16336;2984;2
16339;2873;1
16343;2734;1
16347;2620;1
16350;2492;2
16354;2346;1
16358;2184;1
16363;1920;0
16365;1868;0
16369;1678;1
16372;1487;1
16376;1353;0
16379;1184;0
16383;1114;0
16387;1097;0
16390;1082;1
16394;1066;0
16398;1051;0
16401;1021;1
16405;1005;1
16409;1004;0
16412;1005;2
16416;1005;0
16420;1005;0
16423;1003;1
16427;1002;2
16430;1000;1
16434;1001;1
16438;1000;0
16441;999;0
16445;1000;0
16449;999;0
16452;992;1
16456;992;0
16460;990;0
16463;991;1
16467;988;0
16471;989;1
16474;990;1
16478;988;2
16482;988;0
16485;987;2
16489;988;1
16492;986;1
16496;987;0
16500;986;0
16503;987;1
16509;986;0
16511;984;1
16514;984;1
16518;985;0
16522;984;1
16525;984;0
16529;984;2
16533;983;0
16536;984;1
16540;976;0
16543;984;1
16547;982;1
16551;983;0
16554;975;1
16558;975;0
16562;974;0
16565;975;0
16569;975;1
16573;974;0
16576;975;0
16580;973;0
16584;974;1
16587;973;1
16591;973;0
16595;973;1
16598;974;0
16602;973;1
16605;973;0
16609;973;0
16613;972;1
16616;974;0
16620;973;1
16624;972;1
16627;971;0
16631;974;1
16635;973;0
16638;972;1
16642;972;0
16646;972;1
16649;972;0
16653;973;1
16657;974;0
16660;973;1
16666;973;0
16667;973;1
16671;973;1
16675;973;1
16678;973;0
16682;973;1
16686;974;0
16689;973;0
16693;974;1
16697;973;0
16700;974;0
16704;974;0
16708;973;1
16711;973;0
16715;973;0
16718;975;0
16722;974;1
16726;973;1
16729;973;1
16733;973;2
16737;974;1
16740;973;0
16744;971;1
16748;973;1
16751;973;2
16755;973;0
16759;973;2
16762;972;1
16766;972;0
16770;973;1
16773;973;2
16777;973;1
16780;971;2
16784;972;1
16788;972;1
16791;974;1
16795;973;0
16799;973;1
16802;972;1
16806;973;1
16810;972;0
16813;972;1
16817;974;1
16823;973;0
16824;973;1
16828;973;2
16831;973;0
16835;973;1
16839;973;1
16842;973;0
16846;974;1
16850;976;0
16853;973;2
16857;972;2
16861;973;1
16864;973;0
16868;973;0
16872;969;1
16875;967;27
16879;957;62
16883;952;302
16886;968;1223
16890;985;1979
16893;1001;2459
16897;1001;2712
16901;1004;2938
16904;1006;3072
16908;1005;3182
16912;1006;3293
16915;1007;3389
16919;1006;3465
16923;1005;3566
16926;1006;3687
16930;1015;3784
16934;1016;3851
16937;1018;3902
16941;1017;3947
16944;1016;3977
16948;1006;3998
16954;982;4028
16955;972;4030
16959;957;4048
16963;953;4072
16966;959;4078
16970;973;4088
16974;988;4093
16977;1000;4095
16981;1004;4095
16985;1015;4095
16988;1017;4095
16992;1019;4095
16996;1021;4095
16999;1032;4095
17003;1037;4095
17006;1053;4095
17010;1068;4095
17014;1069;4095
17017;1080;4095
17021;1083;4095
17025;1087;4095
17028;1096;4095
17032;1099;4095
17036;1103;4095
17039;1114;4094
17043;1117;4088
17047;1120;4087
17050;1129;4076
17054;1132;4073
17058;1136;4064
17061;1191;4062
17065;1304;4061
17068;1401;4058
17074;1533;4055
17076;1580;4047
17079;1661;4043
17083;1737;4041
17087;1787;4031
17090;1855;4025
17094;1903;4015
17098;1951;4008
17101;1996;3994
17105;2039;3980
17109;2060;3967
17112;2091;3952
17116;2141;3945
17119;2185;3930
17123;2208;3912
17127;2264;3898
17130;2304;3882
17134;2344;3866
17138;2392;3850
17141;2430;3836
17145;2488;3821
17149;2537;3804
17152;2586;3787
17156;2633;3773
17160;2663;3755
17163;2702;3739
17167;2751;3736
17171;2792;3720
17174;2815;3704
17178;2854;3688
17181;2876;3673
17185;2920;3656
17191;2957;3629
17192;2973;3628
17196;3003;3614
17200;3033;3599
17203;3064;3582
17207;3083;3578
17211;3100;3565
17214;3133;3547
17218;3161;3528
17222;3181;3516
17225;3208;3497
17229;3229;3482
17232;3244;3466
17236;3274;3450
17240;3289;3435
17243;3311;3417
17247;3338;3401
17251;3360;3386
17254;3386;3369
17258;3403;3340
17262;3422;3323
17265;3439;3307
17269;3463;3289
17273;3480;3276
17276;3496;3257
17280;3512;3229
17284;3529;3209
17287;3548;3180
17291;3565;3149
17294;3579;3128
17298;3598;3088
17302;3613;3054
17308;3640;2990
17309;3644;2984
17313;3660;2951
17316;3675;2908
17320;3695;2861
17324;3709;2831
17327;3725;2779
17331;3741;2746
17335;3758;2687
17338;3772;2630
17342;3786;2558
17345;3801;2487
17349;3817;2396
17353;3824;2296
17356;3839;2153
17360;3854;2012
17364;3866;1880
17367;3871;1720
17371;3885;1530
17375;3899;1337
17378;3912;1131
17382;3926;906
17386;3932;714
17389;3945;648
17393;3959;636
17397;3967;632
17400;3980;621
17404;3994;618
17407;4009;608
17411;4015;604
17415;4026;602
17418;4040;600
17424;4057;585
17426;4058;584
17429;4072;573
17433;4079;568
17437;4092;554
17440;4095;539
17444;4095;523
17448;4095;505
17451;4095;478
17455;4095;442
17459;4095;409
17462;4095;378
17466;4095;344
17469;4095;302
17473;4095;264
17477;4095;222
17480;4095;186
17484;4095;159
17488;4095;138
17491;4095;89
17495;4095;59
17499;4095;28
17502;4095;46
17506;4095;46
17510;4095;45
17513;4095;44
17517;4095;21
17520;4095;4
17524;4095;2
17528;4095;1
17531;4095;1
17535;4095;1
17539;4095;2
17542;4095;1
17546;4095;2
17550;4095;2
17555;4095;1
17557;4095;0
17561;4095;0
17564;4095;2
17568;4095;0
17572;4095;0
17575;4095;0
17579;4095;1
17582;4095;1
17586;4095;0
17590;4095;1
17593;4095;1
17597;4095;2
17601;4095;0
17604;4095;1
17608;4095;1
17612;4058;0
17615;4013;2
17619;3977;0
17623;3931;2
17626;3881;1
17630;3818;1
17633;3752;1
17637;3679;0
17641;3607;0
17644;3534;1
17648;3467;0
17652;3388;1
17655;3309;0
17659;3215;1
17663;3086;1
17666;2970;1
17670;2840;0
17674;2701;1
17677;2558;1
17681;2458;0
17685;2300;1
17688;2125;1
17692;1949;2
17695;1836;2
17701;1544;0
17703;1480;1
17706;1307;1
17710;1149;2
17714;1113;0
17717;1085;0
17721;1071;2
17725;1054;0
17728;1039;1
17732;1019;0
17736;1018;1
17739;1017;0
17743;1016;1
17746;1016;0
17750;1006;0
17754;1006;1
17757;1004;0
17761;1006;0
17765;1004;0
17768;1004;0
17772;1003;1
17776;1003;2
17779;1003;0
17783;1003;1
17787;1002;0
17790;1001;1
17794;1000;0
17798;1000;0
17801;1000;0
17805;1000;1
17808;990;1
17812;999;1
17816;1000;0
17819;991;2
17823;1000;1
17827;990;1
17830;990;0
17834;992;1
17838;988;0
17841;990;0
17847;989;1
17849;990;0
17852;988;0
17856;988;1
17860;988;0
17863;988;2
17867;987;0
17870;989;0
17874;986;0
17878;986;1
17881;987;1
17885;988;0
17889;986;1
17892;988;2
17896;987;1
17900;986;2
17903;986;0
17907;986;0
17911;986;0
17914;985;0
17918;985;1
17921;987;1
17925;984;2
17929;986;0
17932;986;0
17936;985;2
17940;985;0
17943;984;1
17947;984;1
17951;985;0
17954;985;2
17958;985;0
17962;986;0
17965;986;0
17969;985;2
17973;986;1
17976;986;1
17980;987;1
17983;986;0
17987;986;0
17991;987;0
17994;988;2
18000;986;1
18002;986;1
18005;986;0
18009;987;2
18013;986;0
18016;987;1
18020;988;0
18024;986;2
18027;985;1
18031;988;2
18034;986;1
18038;987;1
18042;987;0
18045;987;0
18049;987;1
18053;987;0
18056;987;2
18060;988;0
18064;987;0
18067;987;1
18071;987;1
18075;987;1
18078;987;1
18082;987;0
18086;986;0
18089;988;1
18093;986;2
18096;988;2
18100;987;1
18104;989;1
18107;988;0
18111;988;1
18115;987;0
18118;986;0
18122;987;1
18126;987;1
18129;987;1
18133;988;0
18137;987;2
18140;989;2
18144;987;0
18147;988;1
18151;987;2
18157;988;0
18158;988;0
18162;989;3
18166;988;0
18169;987;0
18173;989;0
18177;988;2
18180;989;2
18184;988;1
18188;989;2
18191;989;0
18195;989;1
18199;987;2
18202;990;5
18206;975;47
18209;984;75
18213;984;104
18217;990;711
18220;1003;1479
18224;1016;2142
18228;1019;2538
18231;1022;2811
18235;1032;3018
18239;1024;3167
18242;1034;3291
18246;1024;3391
18250;1034;3495
18253;1036;3608
18257;1037;3720
18261;1039;3801
18264;1048;3869
18268;1050;3917
18271;1049;3962
18275;1040;3997
18279;1033;4025
18282;1006;4044
18288;955;4074
18290;950;4077
18293;940;4088
18297;944;4093
18301;959;4095
18304;971;4095
18308;974;4095
18312;987;4095
18315;989;4095
18319;990;4095
18322;999;4095
18326;1003;4095
18330;1006;4095
18333;1019;4095
18337;1024;4095
18341;1036;4095
18344;1040;4095
18348;1065;4095
18352;1071;4095
18355;1081;4095
18359;1086;4095
18363;1095;4092
18366;1099;4079
18370;1103;4072
18374;1114;4058
18377;1119;4055
18381;1131;4041
18384;1134;4029
18388;1243;4024
18392;1388;4014
18395;1481;4010
18399;1592;3997
18403;1722;3991
18409;1853;3967
18410;1887;3964
18414;1932;3949
18417;1983;3935
18421;2029;3928
18425;2075;3913
18428;2125;3897
18432;2184;3880
18435;2263;3865
18439;2313;3849
18443;2360;3832
18446;2408;3804
18450;2456;3785
18454;2495;3768
18457;2554;3743
18461;2602;3726
18465;2652;3708
18468;2695;3688
18472;2734;3659
18476;2765;3628
18479;2808;3594
18483;2841;3567
18487;2863;3534
18490;2905;3516
18494;2923;3495
18497;2953;3455
18501;2976;3422
18505;3003;3391
18508;3032;3368
18512;3064;3336
18516;3088;3305
18519;3127;3277
18525;3168;3230
18527;3183;3224
18530;3208;3192
18534;3228;3150
18538;3257;3114
18541;3276;3069
18545;3294;3017
18548;3324;2970
18552;3343;2920
18556;3370;2863
18559;3389;2825
18563;3405;2776
18567;3421;2719
18570;3438;2651
18574;3455;2570
18578;3480;2478
18581;3487;2414
18585;3502;2330
18589;3515;2233
18592;3532;2092
18596;3547;1917
18600;3560;1767
18603;3574;1630
18607;3580;1515
18610;3595;1342
18614;3608;1161
18618;3625;1021
18621;3631;874
18625;3644;750
18629;3657;632
18632;3672;618
18636;3679;608
18642;3706;604
18643;3706;602
18647;3722;600
18651;3739;591
18654;3752;589
18658;3756;588
18662;3771;587
18665;3774;584
18669;3786;575
18672;3799;574
18676;3804;571
18680;3818;570
18683;3821;567
18687;3836;559
18691;3847;557
18694;3854;556
18698;3865;553
18702;3870;544
18705;3882;540
18709;3887;538
18713;3900;527
18716;3902;526
18720;3915;524
18723;3928;512
18727;3933;508
18731;3946;504
18734;3950;493
18738;3964;489
18742;3975;477
18745;3980;462
18749;3993;455
18753;3996;440
18756;4011;415
18760;4015;399
18766;4030;367
18767;4031;362
18771;4043;334
18775;4046;316
18778;4058;295
18782;4063;280
18785;4074;264
18789;4087;248
18793;4091;235
18796;4095;219
18800;4095;202
18804;4095;190
18807;4095;176
18811;4095;168
18815;4095;139
18818;4095;121
18822;4095;107
18826;4095;94
18829;4095;101
18833;4095;91
18836;4095;78
18840;4095;76
18844;4095;64
18847;4095;58
18851;4095;4
18855;4095;3
18858;4095;2
18862;4095;2
18866;4095;2
18869;4095;1
18873;4095;1
18877;4095;1
18880;4095;2
18884;4095;0
18888;4095;1
18891;4095;0
18897;4095;1
18898;4095;2
18902;4095;2
18906;4095;1
18909;4095;1
18913;4095;1
18917;4095;0
18920;4095;2
18924;4095;2
18928;4078;1
18931;4044;0
18935;4014;1
18939;3982;2
18942;3946;1
18946;3913;2
18950;3867;1
18953;3816;0
18957;3770;1
18960;3721;0
18964;3661;2
18968;3613;1
18971;3564;0
18975;3496;2
18979;3423;0
18982;3367;0
18986;3292;0
18990;3224;1
18993;3135;1
18997;3036;1
19001;2940;1
19004;2847;1
19008;2729;0
19011;2590;0
19015;2461;0
19019;2348;1
19022;2186;1
19026;2058;2
19030;1942;1
19033;1801;0
19037;1674;0
19043;1389;0
19044;1320;1
19048;1151;1
19052;1052;2
19055;1023;1
19059;1005;0
19063;989;0
19066;974;2
19070;960;2
19073;940;1
19077;934;1
19081;925;2
19084;926;1
19088;926;2
19092;925;0
19095;925;1
19099;923;2
19103;923;1
19106;923;2
19110;922;1
19114;922;2
19117;920;0
19121;921;1
19124;921;0
19128;919;1
19132;920;0
19135;920;2
19139;919;0
19143;919;2
19146;911;0
19150;919;1
19154;911;2
19157;911;1
19161;910;0
19165;910;1
19168;911;1
19172;910;3
19176;909;1
19179;908;1
19183;909;0
19186;908;1
19190;908;1
19196;909;0
19197;909;0
19201;908;1
19205;908;1
19208;909;1
19212;907;0
19216;906;1
19219;908;0
19223;907;0
19227;905;1
19230;907;1
19234;906;0
19237;905;0
19241;905;0
19245;905;1
19248;906;2
19252;904;2
19256;905;2
19259;906;1
19263;905;0
19267;905;0
19270;905;1
19274;904;1
19278;905;1
19281;905;1
19285;905;2
19289;905;1
19292;904;1
19296;904;1
19299;905;0
19303;904;0
19307;903;2
19310;905;0
19314;904;0
19318;904;2
19321;904;0
19325;904;1
19329;904;0
19332;906;2
19336;905;0
19340;905;0
19343;904;1
19347;904;0
19353;905;0
19354;904;0
19358;905;1
19361;905;2
19365;906;0
19369;906;1
19372;905;0
19376;906;0
19380;906;1
19383;908;2
19387;907;0
19391;909;1
19394;909;1
19398;909;1
19402;911;2
19405;912;1
19409;911;2
19412;912;0
19416;912;1
19420;912;0
19423;920;2
19427;919;2
19431;920;0
19434;920;0
19438;919;1
19442;920;1
19445;920;2
19449;920;0
19453;919;0
19456;921;0
19460;919;1
19464;919;0
19467;920;0
19471;919;0
19474;920;0
19478;919;0
19482;919;0
19485;919;1
19489;920;2
19493;912;0
19496;912;1
19500;912;2
19506;920;0
19507;919;1
19511;920;0
19515;912;0
19518;920;0
19522;920;0
19525;919;2
19529;912;0
19533;919;1
19536;912;0
19540;920;0
19544;919;1
19547;919;1
19551;921;1
19555;920;2
19558;920;1
19562;921;0
19566;920;1
19569;919;1
19573;918;6
19577;908;27
19580;904;59
19584;904;92
19587;912;1038
19591;927;1856
19595;941;2424
19598;952;2743
19602;954;2959
19606;955;3117
19609;954;3242
19613;955;3352
19617;955;3435
19620;954;3503
19624;952;3584
19628;951;3679
19631;944;3783
19635;943;3853
19638;940;3911
19642;937;3951
19648;920;3999
19649;908;4015
19653;889;4041
19657;874;4060
19660;856;4077
19664;844;4093
19668;847;4095
19671;860;4095
19675;878;4095
19679;894;4095
19682;907;4095
19686;917;4095
19690;920;4095
19693;925;4095
19697;934;4095
19700;941;4095
19704;953;4095
19708;959;4095
19711;972;4095
19715;986;4095
19719;989;4095
19722;1003;4095
19726;1015;4095
19730;1019;4095
19733;1023;4095
19737;1035;4095
19741;1040;4095
19744;1053;4095
19748;1065;4095
19752;1071;4095
19755;1082;4095
19759;1087;4095
19762;1096;4095
19768;1224;4095
19770;1294;4095
19773;1419;4095
19777;1529;4095
19781;1626;4092
19784;1721;4087
19788;1819;4076
19792;1899;4073
19795;1919;4062
19799;1951;4056
19803;1984;4042
19806;2007;4031
19810;2028;4024
19813;2061;4010
19817;2078;3997
19821;2104;3982
19824;2168;3976
19828;2205;3961
19832;2254;3945
19835;2311;3919
19839;2359;3913
19843;2408;3896
19846;2442;3871
19850;2494;3854
19854;2525;3840
19857;2571;3831
19861;2616;3816
19865;2650;3790
19868;2696;3774
19872;2733;3759
19875;2776;3743
19879;2808;3727
19885;2857;3706
19886;2871;3704
19890;2904;3690
19894;2936;3677
19897;2969;3660
19901;3001;3642
19905;3020;3626
19908;3048;3610
19912;3068;3596
19916;3103;3574
19919;3133;3549
19923;3168;3529
19926;3197;3496
19930;3225;3479
19934;3246;3451
19937;3280;3436
19941;3306;3417
19945;3326;3390
19948;3357;3368
19952;3389;3337
19956;3419;3310
19959;3448;3288
19963;3469;3260
19967;3497;3240
19970;3513;3214
19974;3531;3192
19978;3547;3152
19981;3564;3131
19985;3580;3100
19988;3596;3068
19992;3610;3023
19996;3625;2990
20002;3642;2926
20003;3645;2908
20007;3660;2872
20010;3675;2830
20014;3689;2784
20018;3705;2750
20021;3720;2711
20025;3736;2667
20029;3742;2621
20032;3756;2541
20036;3770;2489
20039;3786;2410
20043;3791;2328
20047;3805;2206
20050;3819;2075
20054;3831;1963
20058;3836;1806
20061;3849;1675
20065;3853;1501
20069;3865;1308
20072;3869;1070
20076;3883;847
20080;3885;649
20083;3901;619
20087;3916;615
20091;3929;603
20094;3945;600
20098;3960;590
20101;3967;586
20105;3980;584
20109;3994;574
20112;4007;571
20116;4015;566
20122;4032;552
20123;4042;552
20127;4056;541
20131;4061;527
20134;4075;521
20138;4088;505
20142;4094;486
20145;4095;457
20149;4095;426
20153;4095;392
20156;4095;349
20160;4095;314
20163;4095;270
20167;4095;234
20171;4095;205
20174;4095;173
20178;4095;138
20182;4095;106
20185;4095;78
20189;4095;64
20193;4095;59
20196;4095;57
20200;4095;56
20204;4095;57
20207;4095;42
20211;4095;18
20214;4095;5
20218;4095;5
20222;4095;3
20225;4095;3
20229;4095;2
20233;4095;2
20236;4095;0
20240;4095;2
20244;4095;1
20247;4095;0
20253;4095;2
20255;4095;1
20258;4095;2
20262;4095;0
20266;4095;0
20269;4095;2
20273;4095;1
20276;4095;1
20280;4095;0
20284;4095;0
20287;4095;0
20291;4095;1
20295;4088;1
20298;4056;0
20302;4014;2
20306;3977;0
20309;3933;1
20313;3885;2
20317;3832;1
20320;3774;1
20324;3723;1
20327;3659;1
20331;3580;0
20335;3511;1
20338;3433;2
20342;3367;0
20346;3290;1
20349;3212;1
20353;3136;1
20357;3018;1
20360;2909;1
20364;2778;1
20368;2632;0
20371;2506;2
20375;2360;1
20379;2190;0
20382;2058;1
20386;1898;0
20389;1752;0
20395;1464;1
20397;1419;0
20400;1276;2
20404;1129;2
20408;1085;2
20411;1069;0
20415;1056;1
20419;1040;0
20422;1022;1
20426;1003;2
20430;992;2
20433;1000;0
20437;991;0
20440;992;1
20444;989;1
20448;989;0
20451;987;1
20455;986;0
20459;988;1
20462;986;0
20466;985;0
20470;984;1
20473;984;2
20477;986;0
20481;983;1
20484;983;0
20488;976;2
20492;976;0
20495;975;1
20499;973;0
20502;974;0
20506;973;0
20510;974;0
20513;974;0
20517;973;0
20521;973;0
20524;970;1
20528;972;0
20532;971;0
20535;971;1
20539;972;1
20543;971;0
20549;970;1
20550;969;0
20554;970;1
20557;970;1
20561;970;1
20564;969;2
20568;969;3
20572;970;0
20575;971;1
20579;969;0
20583;969;0
20586;969;0
20590;969;0
20594;969;0
20597;969;0
20601;968;1
20605;968;0
20608;967;1
20612;970;1
20615;968;0
20619;969;0
20623;968;2
20626;968;1
20630;968;1
20634;968;1
20637;969;0
20641;968;2
20645;967;0
20648;969;0
20652;969;0
20656;968;1
20659;968;0
20663;969;0
20667;969;2
20670;969;2
20674;968;0
20677;968;0
20681;970;1
20685;970;1
20688;969;1
20692;968;2
20696;969;0
20699;970;1
20705;970;0
20707;970;1
20710;969;0
20714;969;2
20718;971;0
20721;970;1
20725;970;1
20728;971;1
20732;970;0
20736;972;1
20739;971;2
20743;971;0
20747;973;1
20750;972;2
20754;971;1
20758;972;0
20761;972;2
20765;972;0
20769;971;2
20772;972;0
20776;971;2
20780;973;1
20783;971;1
20787;971;0
20790;971;2
20794;971;1
20798;971;0
20801;972;2
20805;971;1
20809;971;1
20812;971;1
20816;972;1
20820;973;1
20823;971;2
20827;971;2
20831;972;1
20834;972;2
20838;972;0
20841;973;2
20845;971;2
20849;973;1
20852;972;2
20858;971;1
20860;973;3
20863;973;1
20867;972;1
20871;974;2
20874;972;3
20878;971;3
20882;959;29
20885;958;56
20889;958;78
20893;966;202
20896;973;983
20900;987;1711
20903;1000;2295
20907;1002;2647
20911;1005;2909
20914;1014;3103
20918;1016;3259
20922;1017;3387
20925;1015;3511
20929;1016;3643
20933;1016;3756
20936;1016;3838
20940;1020;3903
20944;1017;3951
20947;1006;3995
20951;986;4024
20955;952;4046
20958;921;4064
20962;892;4088
20965;889;4093
20969;903;4095
20973;922;4095
20976;941;4095
20980;954;4095
20984;969;4095
20990;975;4095
20991;974;4095
20995;984;4095
20998;990;4095
21002;1002;4095
21006;1007;4095
21009;1019;4095
21013;1032;4095
21016;1039;4095
21020;1052;4095
21024;1064;4095
21027;1069;4095
21031;1080;4095
21035;1095;4095
21038;1098;4090
21042;1211;4078
21046;1353;4075
21049;1479;4063
21053;1610;4060
21057;1741;4056
21060;1831;4043
21064;1899;4032
21068;1979;4027
21071;2059;4015
21075;2136;4008
21078;2189;3992
21082;2267;3977
21086;2347;3961
21089;2432;3944
21093;2509;3918
21097;2591;3900
21100;2651;3882
21106;2750;3837
21108;2764;3834
21111;2812;3815
21115;2846;3790
21119;2894;3768
21122;2938;3744
21126;2984;3724
21129;3016;3703
21133;3050;3675
21137;3072;3646
21140;3103;3615
21144;3144;3593
21148;3175;3562
21151;3207;3532
21155;3240;3496
21159;3262;3468
21162;3294;3437
21166;3325;3404
21170;3355;3373
21173;3401;3343
21177;3423;3310
21181;3453;3288
21184;3482;3259
21188;3502;3229
21191;3528;3198
21195;3548;3167
21199;3563;3128
21202;3583;3085
21206;3611;3052
21210;3629;3024
21213;3644;2988
21217;3662;2958
21223;3693;2890
21224;3696;2861
21228;3720;2809
21232;3740;2765
21235;3760;2743
21239;3775;2687
21243;3790;2638
21246;3806;2584
21250;3819;2504
21253;3833;2442
21257;3839;2361
21261;3855;2268
21264;3869;2142
21268;3880;2014
21272;3888;1871
21275;3901;1754
21279;3912;1623
21283;3919;1483
21286;3931;1328
21290;3944;1206
21294;3947;1080
21297;3962;876
21301;3964;728
21304;3976;620
21308;3982;615
21312;3993;604
21315;3998;603
21319;4011;599
21323;4024;589
21326;4028;588
21330;4031;586
21334;4043;584
21337;4048;576
21343;4060;570
21345;4061;570
21348;4074;568
21352;4079;558
21356;4091;557
21359;4093;553
21363;4095;544
21366;4095;539
21370;4095;535
21374;4095;524
21377;4095;520
21381;4095;505
21385;4095;493
21388;4095;486
21392;4095;471
21396;4095;454
21399;4095;430
21403;4095;409
21407;4095;391
21410;4095;367
21414;4095;360
21417;4095;328
21421;4095;296
21425;4095;265
21428;4095;222
21432;4095;200
21436;4095;175
21439;4095;138
21443;4095;107
21447;4095;95
21450;4095;73
21454;4095;74
21458;4095;60
21461;4095;55
21467;4095;45
21469;4095;42
21472;4095;30
21476;4095;6
21479;4095;5
21483;4095;1
21487;4095;0
21490;4095;1
21494;4095;1
21498;4095;1
21501;4095;0
21505;4095;2
21509;4095;0
21512;4095;1
21516;4095;1
21520;4095;1
21523;4095;0
21527;4095;2
21530;4095;2
21534;4095;2
21538;4095;2
21541;4095;1
21545;4095;1
21549;4095;0
21552;4095;1
21556;4095;0
21560;4095;2
21563;4095;1
21567;4095;0
21571;4095;1
21574;4095;2
21578;4095;2
21582;4095;0
21585;4077;2
21589;4030;1
21592;3991;0
21596;3933;0
21600;3882;2
21603;3817;0
21609;3695;1
21611;3661;1
21614;3577;2
21618;3504;2
21622;3416;0
21625;3311;1
21629;3214;1
21633;3088;0
21636;2983;0
21640;2861;1
21644;2714;1
21647;2586;0
21651;2456;0
21654;2311;1
21658;2138;0
21662;1996;1
21665;1822;1
21669;1641;1
21673;1470;2
21676;1304;1
21680;1150;0
21684;1129;0
21687;1113;0
21691;1096;2
21695;1080;0
21698;1053;0
21702;1040;1
21705;1040;2
21709;1040;1
21713;1038;1
21716;1036;0
21720;1035;0
21724;1034;1
21727;1024;0
21731;1032;0
21735;1022;2
21738;1023;0
21742;1023;1
21746;1020;1
21752;1023;1
21753;1020;0
21757;1021;0
21760;1019;0
21764;1018;0
21767;1019;0
21771;1019;1
21775;1018;2
21778;1017;1
21782;1016;0
21786;1017;0
21789;1016;2
21793;1016;1
21797;1017;0
21800;1016;1
21804;1015;0
21808;1006;1
21811;1007;1
21815;1007;1
21818;1007;1
21822;1007;1
21826;1006;0
21829;1006;2
21833;1005;2
21837;1005;0
21840;1006;2
21844;1007;1
21848;1005;0
21851;1005;1
21855;1005;0
21859;1004;0
21862;1004;0
21866;1004;2
21870;1003;0
21873;1003;2
21877;1005;2
21880;1003;2
21884;1003;1
21888;1003;0
21891;1003;0
21897;1003;1
21899;1002;0
21902;1003;0
21906;1003;1
21910;1004;0
21913;1005;0
21917;1003;0
21921;1004;1
21924;1003;2
21928;1005;1
21931;1004;1
21935;1003;0
21939;1004;0
21942;1004;0
21946;1004;0
21950;1006;0
21953;1005;0
21957;1005;1
21961;1006;0
21964;1005;1
21968;1004;1
21972;1006;0
21975;1004;1
21979;1006;1
21983;1005;1
21986;1006;0
21990;1006;2
21993;1006;1
21997;1006;2
22001;1006;0
22004;1005;0
22008;1006;0
22012;1007;0
22015;1007;1
22019;1007;0
22023;1007;1
22026;1006;0
22030;1005;1
22034;1006;1
22040;1006;0
22041;1006;0
22045;1005;0
22048;1006;0
22052;1008;1
22055;1007;1
22059;1005;2
22063;1006;0
22066;1007;1
22070;1005;1
22074;1005;1
22077;1006;0
22081;1006;0
22085;1005;2
22088;1006;2
22092;1005;1
22096;1006;0
22099;1006;1
22103;1006;0
22106;1007;1
22110;1006;1
22114;1006;1
22117;1006;0
22121;1005;1
22125;1006;0
22128;1006;1
22132;1005;0
22136;1004;1
22139;1005;4
22143;1001;26
22147;990;46
22150;992;61
22154;991;78
22158;1000;298
22161;1003;891
22165;1016;1629
22168;1021;2127
22172;1032;2511
22176;1024;2796
22216;957;4014
22217;956;4022
22217;956;4024
22220;954;4042
22223;955;4059
22227;970;4078
22231;984;4087
22234;990;4093
22238;1005;4095
22242;1017;4095
22245;1021;4095
22249;1032;4095
22253;1024;4095
22256;1037;4095
22260;1040;4095
22263;1063;4095
22267;1069;4095
22271;1081;4092
22274;1085;4090
22278;1088;4088
22282;1100;4088
22285;1102;4087
22289;1112;4079
22293;1116;4076
22296;1129;4075
22300;1131;4072
22304;1134;4062
22307;1144;4059
22311;1145;4047
22315;1239;4045
22318;1326;4041
22322;1483;4040
22328;1662;4030
22329;1690;4031
22333;1755;4028
22336;1806;4027
22340;1866;4024
22344;1912;4015
22347;1946;4010
22351;1982;3998
22355;2028;3996
22358;2063;3991
22362;2106;3978
22366;2156;3963
22369;2184;3949
22373;2215;3934
22376;2253;3916
22380;2286;3896
22384;2344;3879
22387;2380;3855
22391;2415;3839
22395;2447;3820
22398;2510;3799
22402;2558;3774
22406;2602;3753
22409;2633;3726
22413;2670;3696
22417;2713;3674
22420;2745;3656
22424;2778;3625
22428;2800;3596
22431;2840;3565
22435;2872;3545
22438;2904;3519
22444;2941;3479
22446;2953;3465
22449;2983;3439
22453;3014;3419
22457;3037;3402
22460;3066;3385
22464;3085;3360
22468;3116;3342
22471;3134;3327
22475;3161;3307
22479;3192;3287
22482;3199;3260
22486;3223;3229
22489;3245;3197
22493;3273;3167
22497;3288;3134
22500;3304;3100
22504;3327;3066
22508;3342;3020
22511;3371;2988
22515;3383;2952
22519;3401;2906
22522;3418;2856
22526;3433;2795
22530;3450;2761
22533;3465;2713
22537;3479;2652
22541;3495;2583
22544;3512;2524
22548;3517;2456
22551;3531;2396
22555;3545;2332
22561;3562;2158
22562;3565;2120
22566;3580;2026
22570;3594;1901
22573;3609;1769
22577;3613;1609
22581;3628;1496
22584;3643;1372
22588;3647;1214
22592;3660;1040
22595;3674;875
22599;3679;759
22602;3691;616
22606;3703;603
22610;3709;599
22613;3722;588
22617;3736;585
22621;3741;584
22624;3754;576
22628;3768;572
22632;3775;569
22635;3786;559
22639;3801;558
22643;3806;554
22646;3822;553
22650;3835;543
22654;3848;538
22657;3854;536
22661;3869;526
22664;3880;512
22668;3894;510
22672;3901;505
22675;3918;491
22681;3935;463
22683;3945;460
22686;3950;443
22690;3965;425
22694;3978;396
22697;3983;366
22701;3996;344
22705;4011;303
22708;4022;280
22712;4029;253
22716;4041;236
22719;4046;215
22723;4059;200
22726;4064;184
22730;4076;153
22734;4088;143
22737;4094;139
22741;4095;126
22745;4095;109
22748;4095;91
22752;4095;78
22756;4095;72
22759;4095;59
22763;4095;40
22767;4095;5
22770;4095;2
22774;4095;2
22777;4095;2
22781;4095;2
22785;4095;1
22788;4095;1
22792;4095;0
22796;4095;2
22799;4095;0
22803;4095;0
22807;4095;0
22810;4095;0
22816;4095;1
22818;4095;0
22821;4095;1
22825;4095;0
22829;4095;2
22832;4095;3
22836;4095;0
22839;4095;0
22843;4088;0
22847;4059;2
22850;4026;1
22854;3978;1
22858;3934;2
22861;3896;2
22865;3855;1
22869;3819;0
22872;3768;2
22876;3722;0
22880;3661;0
22883;3607;0
22887;3545;0
22890;3469;0
22894;3402;0
22898;3327;0
22901;3257;2
22905;3180;2
22909;3087;1
22912;2990;1
22916;2889;1
22920;2779;2
22923;2651;2
22927;2506;2
22931;2393;2
22934;2235;1
22938;2120;0
22942;2008;2
22945;1886;1
22949;1770;0
22952;1614;0
22958;1400;0
22960;1339;1
22963;1191;1
22967;1099;0
22971;1084;0
22974;1067;0
22978;1050;0
22982;1035;1
22985;1018;0
22989;991;2
22993;975;1
22996;973;2
23000;975;1
23003;973;1
23007;974;0
23011;973;0
23014;971;0
23018;972;0
23022;971;1
23025;972;0
23029;969;1
23033;970;0
23036;970;1
23040;970;0
23044;970;0
23047;969;0
23051;968;0
23055;968;0
23058;968;1
23062;968;1
23065;967;1
23069;970;0
23073;959;0
23076;968;1
23080;967;0
23084;960;0
23087;968;0
23091;960;0
23095;968;0
23098;959;1
23102;967;0
23106;967;0
23111;960;0
23113;958;0
23117;958;0
23120;966;0
23124;960;0
23127;958;1
23131;957;0
23135;958;1
23138;959;2
23142;958;0
23146;958;2
23149;958;1
23153;957;0
23157;958;0
23160;957;0
23164;958;0
23168;956;1
23171;957;1
23175;957;0
23178;956;1
23182;955;1
23186;957;0
23189;956;0
23193;957;1
23197;957;0
23200;955;0
23204;956;0
23208;958;1
23211;957;0
23215;957;2
23219;958;0
23222;957;2
23226;959;1
23230;957;1
23233;959;0
23237;958;0
23240;957;0
23244;958;1
23248;957;0
23251;967;1
23255;966;0
23259;967;0
23264;967;1
23266;967;0
23270;968;2
23273;969;0
23277;969;1
23281;968;1
23284;969;1
23288;969;0
23291;968;1
23295;969;1
23299;969;0
23302;969;1
23306;969;0
23310;970;0
23313;970;2
23317;970;1
23321;968;0
23324;970;1
23328;971;0
23332;969;0
23335;967;0
23339;969;1
23343;969;1
23346;969;1
23350;970;1
23353;970;1
23357;969;0
23361;969;2
23364;969;1
23368;971;1
23372;970;2
23375;970;1
23379;970;1
23383;969;0
23386;969;1
23390;969;1
23394;971;2
23397;970;0
23401;970;0
23404;969;1
23408;970;0
23412;969;0
23415;970;0
23421;970;0
23423;968;1
23426;970;1
23430;967;9
23434;955;24
23437;956;30
23441;950;57
23445;952;79
23448;957;488
23452;970;1181
23456;974;1770
23459;985;2207
23463;985;2509
23466;987;2778
23470;985;2988
23474;984;3128
23477;973;3256
23481;971;3404
23485;970;3532
23488;969;3646
23492;968;3751
23496;966;3817
23499;951;3880
23503;936;3917
23507;908;3965
23510;887;3997
23514;876;4025
23518;873;4042
23521;876;4055
23525;890;4060
23528;896;4072
23532;910;4073
23536;923;4074
23539;937;4078
23543;940;4087
23547;942;4091
23552;955;4091
23554;954;4091
23558;959;4093
23561;968;4093
23565;971;4094
23569;982;4092
23572;988;4093
23576;1001;4095
23579;1015;4095
23583;1018;4095
23587;1024;4095
23590;1038;4095
23594;1052;4095
23598;1066;4095
23601;1081;4092
23605;1084;4088
23609;1096;4088
23612;1100;4078
23616;1113;4077
23620;1119;4075
23623;1129;4063
23627;1132;4059
23631;1135;4056
23634;1176;4044
23638;1276;4043
23641;1407;4039
23645;1514;4027
23649;1623;4015
23652;1720;4009
23656;1801;3996
23660;1852;3980
23663;1903;3966
23669;2027;3944
23671;2040;3933
23674;2088;3915
23678;2154;3897
23682;2222;3871
23685;2282;3853
23689;2336;3835
23692;2391;3807
23696;2439;3790
23700;2489;3760
23703;2553;3740
23707;2602;3707
23711;2648;3675
23714;2686;3643
23718;2731;3613
23722;2784;3578
23725;2830;3547
23729;2876;3514
23733;2910;3483
23736;2954;3450
23740;2986;3403
23744;3018;3370
23747;3051;3326
23751;3098;3304
23754;3134;3276
23758;3167;3239
23762;3197;3194
23765;3224;3159
23769;3243;3103
23773;3272;3038
23776;3292;2988
23780;3311;2940
23786;3351;2871
23787;3356;2842
23791;3371;2794
23795;3392;2743
23798;3407;2696
23802;3432;2617
23806;3448;2526
23809;3465;2444
23813;3470;2366
23816;3483;2248
23820;3498;2126
23824;3514;1951
23827;3528;1804
23831;3535;1658
23835;3560;1547
23838;3576;1418
23842;3582;1240
23846;3597;1134
23849;3612;991
23853;3625;843
23857;3629;704
23860;3644;606
23864;3657;591
23867;3671;588
23871;3677;586
23875;3691;585
23878;3704;574
23882;3711;574
23886;3725;571
23889;3737;570
23893;3743;560
23897;3756;560
23900;3769;558
23906;3786;554
23908;3788;554
23911;3802;553
23915;3808;551
23919;3822;542
23922;3837;540
23926;3850;537
23929;3854;536
23933;3866;525
23937;3871;521
23940;3885;510
23944;3897;506
23948;3912;494
23951;3916;489
23955;3931;476
23959;3944;462
23962;3949;455
23966;3960;440
23970;3967;414
23973;3979;409
23977;3982;393
23980;3996;378
23984;4008;360
23988;4014;334
23991;4025;316
23995;4031;297
23999;4043;279
24002;4048;252
24006;4060;233
24010;4072;216
24013;4075;199
24017;4091;181
24021;4095;158
24024;4095;140
24030;4095;79
24032;4095;76
24035;4095;73
24039;4095;62
24042;4095;58
24046;4095;56
24050;4095;45
24053;4095;39
24057;4095;42
24061;4095;40
24064;4095;30
24068;4095;4
24072;4095;2
24075;4095;3
24079;4095;3
24083;4095;1
24086;4095;0
24090;4095;2
24093;4095;2
24097;4095;2
24101;4095;2
24104;4095;0
24108;4095;1
24112;4095;1
24115;4095;1
24119;4095;2
24123;4095;2
24126;4095;0
24130;4095;2
24134;4095;1
24137;4095;0
24141;4095;2
24145;4095;0
24148;4095;1
24152;4095;0
24155;4095;0
24159;4095;0
24163;4087;0
24166;4046;1
24172;3979;1
24174;3961;2
24177;3932;2
24181;3888;2
24185;3864;1
24188;3815;0
24192;3768;3
24196;3705;1
24199;3639;1
24203;3562;3
24207;3498;0
24210;3435;0
24214;3369;2
24217;3273;0
24221;3191;0
24225;3070;0
24228;2973;1
24232;2872;1
24236;2715;0
24239;2591;0
24243;2458;0
24247;2271;2
24250;2139;2
24254;2011;1
24258;1883;0
24261;1750;0
24265;1552;0
24268;1437;1
24272;1258;2
24276;1132;1
24279;1102;1
24283;1085;2
24287;1070;1
24290;1055;1
24294;1048;0
24298;1023;1
24301;1016;0
24305;1014;2
24309;1015;0
24314;1007;2
24316;1006;0
24320;1007;1
24323;1006;0
24327;1005;0
24330;1004;0
24334;1002;0
24338;1003;0
24341;1002;1
24345;1002;2
24349;1002;0
24352;1001;2
24356;1001;0
24360;1000;1
24363;1001;1
24367;1000;0
24371;1000;0
24374;999;3
24378;991;1
24381;991;1
24385;991;2
24389;999;0
24392;990;0
24396;991;0
24400;990;0
24403;990;0
24407;990;0
24411;989;1
24414;988;0
24418;988;0
24422;988;1
24425;989;1
24429;989;1
24433;986;1
24436;988;1
24440;987;1
24443;988;0
24447;988;1
24451;987;1
24454;987;2
24458;986;0
24464;987;1
24465;987;1
24469;986;0
24473;987;0
24476;987;0
24480;986;1
24484;986;0
24487;986;1
24491;986;1
24494;986;1
24498;987;1
24502;986;0
24505;986;1
24509;986;0
24513;986;0
24516;986;2
24520;986;0
24524;986;0
24527;986;1
24531;987;1
24535;986;2
24538;987;0
24542;986;1
24546;986;0
24549;986;0
24553;986;1
24556;987;2
24560;987;2
24564;986;1
24567;986;0
24571;987;0
24575;988;1
24578;987;1
24582;987;0
24586;989;1
24589;988;0
24593;988;2
24597;990;1
24600;989;0
24604;989;1
24608;989;2
24611;988;2
24615;989;0
24621;989;0
24622;989;1
24626;990;1
24629;988;0
24633;990;0
24637;989;2
24640;990;1
24644;989;2
24648;991;0
24651;989;0
24655;988;0
24659;989;1
24662;991;0
24666;990;0
24669;989;0
24673;989;1
24677;990;2
24680;990;1
24684;990;1
24688;990;2
24691;989;0
24695;990;1
24699;989;1
24702;990;2
24706;990;1
24710;990;1
24713;990;1
24717;991;2
24721;989;0
24724;989;0
24728;990;0
24731;989;0
24735;990;3
24739;990;1
24742;989;2
24746;990;1
24750;989;0
24753;991;1
24757;989;2
24761;991;2
24764;990;1
24768;991;1
24772;991;0
24777;989;8
24779;984;29
24782;974;46
24786;983;74
24790;975;138
24793;989;878
24797;1002;1580
24801;1005;2089
24804;1016;2428
24808;1018;2698
24812;1018;2907
24815;1018;3066
24819;1018;3193
24823;1017;3353
24826;1008;3486
24830;1016;3624
24834;1017;3726
24837;1017;3799
24841;1017;3852
24844;1016;3896
24848;1006;3933
24852;989;3967
24855;984;3995
24859;975;4027
24863;976;4042
24866;987;4057
24870;1001;4059
24874;1006;4060
24877;1019;4061
24881;1022;4072
24885;1024;4073
24888;1024;4076
24892;1036;4087
24898;1039;4089
24899;1040;4090
24903;1054;4088
24906;1079;4088
24910;1084;4088
24914;1095;4089
24917;1100;4092
24921;1101;4091
24925;1113;4091
24928;1114;4091
24932;1120;4090
24936;1131;4088
24939;1135;4077
24943;1146;4075
24947;1148;4075
24950;1151;4063
24954;1160;4063
24957;1192;4062
24961;1261;4061
24965;1371;4061
24968;1470;4059
24972;1599;4059
24976;1723;4058
24979;1833;4055
24983;1918;4047
24987;1964;4042
24990;2009;4032
24994;2061;4028
24998;2104;4014
25001;2169;4010
25005;2190;3997
25009;2248;3982
25014;2345;3960
25016;2349;3950
25019;2429;3943
25023;2489;3927
25027;2539;3912
25030;2601;3895
25034;2653;3869
25038;2703;3852
25041;2748;3833
25045;2781;3818
25049;2827;3801
25052;2863;3784
25056;2920;3769
25060;2968;3752
25063;3001;3726
25067;3032;3708
25070;3062;3680
25074;3086;3663
25078;3114;3641
25081;3144;3624
25085;3176;3608
25089;3208;3581
25092;3226;3563
25096;3256;3545
25100;3288;3528
25103;3310;3512
25107;3336;3487
25111;3357;3479
25114;3383;3452
25118;3405;3436
25122;3433;3407
25125;3453;3390
25131;3496;3344
25132;3497;3340
25136;3513;3309
25140;3527;3290
25143;3535;3263
25147;3560;3242
25151;3565;3214
25154;3582;3180
25158;3597;3150
25162;3612;3130
25165;3629;3098
25169;3643;3068
25173;3659;3035
25176;3673;3002
25180;3679;2968
25183;3690;2940
25187;3707;2907
25191;3711;2878
25194;3723;2857
25198;3738;2824
25202;3743;2796
25205;3755;2759
25209;3768;2718
25213;3775;2696
25216;3786;2636
25220;3799;2587
25224;3804;2526
25227;3818;2473
25231;3820;2398
25235;3833;2335
25238;3836;2282
25242;3848;2159
25248;3855;1943
25249;3855;1899
25253;3867;1754
25256;3879;1612
25260;3882;1471
25264;3895;1322
25267;3900;1164
25271;3914;991
25275;3918;798
25278;3928;670
25282;3943;633
25286;3948;622
25289;3962;618
25293;3966;616
25296;3982;606
25300;3991;604
25304;3997;600
25307;4010;592
25311;4025;589
25315;4028;588
25318;4042;584
25322;4056;573
25326;4063;571
25329;4074;568
25333;4088;556
25337;4095;542
25340;4095;536
25344;4095;519
25348;4095;494
25351;4095;474
25355;4095;444
25358;4095;411
25362;4095;378
25366;4095;346
25372;4095;283
25373;4095;268
25377;4095;235
25380;4095;207
25384;4095;183
25388;4095;154
25391;4095;122
25395;4095;90
25399;4095;76
25402;4095;61
25406;4095;59
25410;4095;58
25413;4095;59
25417;4095;58
25420;4095;56
25424;4095;56
25428;4095;31
25431;4095;8
25435;4095;3
25439;4095;1
25442;4095;0
25446;4095;1
25450;4095;0
25453;4095;0
25457;4095;2
25461;4095;1
25464;4095;1
25468;4095;0
25471;4095;0
25475;4095;1
25479;4095;0
25482;4095;0
25486;4095;2
25490;4095;2
25493;4095;2
25497;4095;0
25501;4095;0
25507;4095;1
25508;4095;0
25512;4095;0
25515;4095;2
25519;4095;2
25523;4090;1
25526;4047;0
25530;4009;0
25533;3967;1
25537;3928;0
25541;3881;1
25544;3834;1
25548;3768;2
25552;3708;1
25555;3629;0
25559;3551;2
25563;3487;1
25566;3406;1
25570;3309;2
25574;3210;0
25577;3104;1
25581;2973;0
25584;2841;1
25588;2702;0
25592;2586;1
25595;2447;0
25599;2298;2
25603;2136;1
25606;2007;1
25610;1866;2
25614;1689;1
25617;1530;3
25621;1403;1
25625;1241;0
25628;1165;0
25632;1148;0
25636;1134;1
25639;1119;0
25643;1112;1
25646;1098;0
25652;1083;1
25654;1082;0
25657;1081;2
25661;1081;2
25665;1071;2
25668;1071;1
25672;1070;1
25676;1068;0
25679;1067;1
25683;1067;0
25687;1066;0
25690;1067;0
25694;1065;2
25697;1064;1
25701;1064;1
25705;1064;1
25708;1064;0
25712;1064;0
25716;1055;0
25719;1056;1
25723;1054;1
25727;1054;1
25730;1054;0
25734;1053;2
25738;1054;2
25741;1054;0
25745;1054;1
25749;1052;0
25752;1053;2
25756;1052;1
25759;1051;1
25763;1051;2
25767;1050;1
25770;1052;1
25774;1050;1
25778;1049;0
25781;1051;1
25785;1050;0
25789;1051;0
25795;1050;1
25796;1050;1
25800;1050;1
25803;1049;0
25807;1040;1
25811;1040;0
25814;1040;1
25818;1040;1
25821;1049;1
25825;1040;2
25829;1040;0
25832;1040;0
25836;1040;0
25840;1040;0
25843;1040;1
25847;1040;1
25851;1039;0
25854;1040;1
25858;1040;0
25862;1040;0
25865;1040;0
25869;1040;2
25872;1040;1
25876;1040;0
25880;1040;0
25883;1040;2
25887;1040;3
25891;1040;1
25894;1040;0
25898;1040;2
25902;1040;0
25905;1049;0
25909;1047;0
25913;1040;1
25916;1040;1
25920;1040;1
25924;1049;1
25927;1040;1
25931;1048;1
25934;1040;0
25942;1040;2
25942;1040;2
25945;1040;1
25949;1049;0
25953;1050;0
25956;1048;2
25960;1049;0
25964;1050;0
25967;1050;1
25971;1040;0
25975;1050;1
25978;1049;2
25982;1040;1
25985;1049;2
25989;1049;0
25993;1050;2
25996;1050;1
26000;1049;3
26004;1049;1
26007;1049;1
26011;1049;0
26015;1050;0
26018;1048;1
26022;1049;1
26026;1049;0
26029;1040;1
26033;1040;0
26037;1048;2
26040;1040;1
26044;1049;0
26047;1048;2
26051;1049;0
26055;1050;1
26058;1048;2
26062;1048;2
26066;1049;1
26069;1048;1
26073;1050;1
26077;1040;0
26083;1049;0
26084;1048;1
26088;1040;2
26091;1049;1
26095;1040;1
26099;1048;0
26102;1040;0
26106;1040;1
26109;1037;1
26113;1024;20
26117;1034;43
26120;1023;62
26124;1023;382
26128;1036;1178
26131;1052;1912
26135;1054;2348
26139;1064;2666
26142;1066;2911
26146;1066;3102
26150;1064;3244
26153;1051;3373
26157;1022;3479
26160;988;3626
26164;971;3753
26168;955;3848
26171;953;3914
26175;950;3966
26179;927;4013
26182;908;4043
26186;890;4072
26190;874;4093
26193;863;4095
26197;874;4095
26201;890;4095
26204;907;4095
26210;936;4095
26212;938;4095
26215;953;4095
26219;957;4095
26222;960;4095
26226;971;4095
26230;975;4095
26233;986;4095
26237;990;4095
26241;1004;4095
26244;1016;4095
26248;1021;4095
26252;1024;4095
26255;1038;4095
26259;1054;4095
26263;1063;4095
26266;1071;4095
26270;1080;4091
26273;1084;4088
26277;1097;4076
26281;1101;4072
26284;1112;4062
26288;1117;4060
26292;1119;4057
26295;1130;4046
26299;1176;4041
26303;1259;4039
26306;1368;4028
26310;1465;4024
26314;1560;4012
26317;1675;3998
26321;1772;3993
26325;1851;3981
26330;1961;3962
26332;1979;3961
26335;1998;3944
26339;2059;3930
26343;2112;3914
26346;2142;3896
26350;2175;3869
26354;2220;3854
26357;2268;3833
26361;2314;3816
26365;2347;3790
26368;2383;3774
26372;2429;3756
26376;2472;3738
26379;2536;3722
26383;2573;3703
26386;2618;3673
26390;2654;3645
26394;2696;3625
26397;2732;3597
26401;2749;3565
26405;2781;3544
26408;2823;3528
26412;2859;3504
26416;2893;3486
26419;2924;3465
26423;2954;3447
26427;2990;3421
26430;3018;3401
26434;3038;3384
26438;3065;3358
26441;3088;3338
26447;3134;3295
26448;3146;3290
26452;3178;3256
26456;3197;3226
26459;3224;3194
26463;3247;3159
26467;3279;3118
26470;3306;3082
26474;3336;3037
26478;3352;2989
26481;3370;2937
26485;3400;2875
26489;3417;2829
26492;3433;2781
26496;3449;2731
26500;3466;2671
26503;3482;2616
26507;3495;2536
26510;3513;2472
26514;3528;2396
26518;3545;2317
26521;3560;2218
26525;3565;2120
26529;3583;1946
26532;3597;1742
26536;3614;1612
26540;3628;1480
26543;3643;1340
26547;3656;1147
26551;3671;970
26554;3677;799
26558;3689;634
26564;3710;601
26565;3711;599
26569;3724;590
26572;3741;587
26576;3752;585
26580;3768;574
26583;3784;573
26587;3789;571
26591;3804;570
26594;3819;567
26598;3832;559
26602;3838;556
26605;3852;553
26609;3865;542
26613;3880;541
26616;3886;538
26620;3902;536
26623;3915;524
26627;3929;520
26631;3943;510
26634;3948;503
26638;3962;493
26642;3976;487
26645;3982;474
26649;3993;458
26653;4000;444
26656;4012;427
26660;4027;411
26664;4039;393
26667;4044;364
26671;4057;347
26674;4062;318
26678;4074;299
26682;4087;268
26688;4095;247
26689;4095;237
26693;4095;218
26696;4095;188
26700;4095;170
26704;4095;142
26707;4095;136
26711;4095;123
26715;4095;122
26718;4095;109
26722;4095;93
26726;4095;74
26729;4095;71
26733;4095;58
26736;4095;58
26740;4095;48
26744;4095;31
26747;4095;20
26751;4095;2
26755;4095;3
26758;4095;2
26762;4095;3
26766;4095;2
26769;4095;0
26773;4095;1
26777;4095;1
26780;4095;1
26784;4095;0
26787;4095;1
26791;4095;1
26795;4095;1
26798;4095;1
26802;4095;1
26806;4095;1
26809;4095;1
26813;4091;1
26817;4042;2
26847;3597;0
26847;3592;1
26848;3579;0
26850;3529;1
26854;3438;2
26858;3342;2
26861;3244;2
26865;3136;1
26869;3048;0
26872;2942;1
26876;2807;1
26880;2654;0
26883;2537;0
26887;2360;0
26891;2221;0
26894;2091;0
26898;1951;2
26902;1833;2
26905;1598;1
26909;1438;0
26912;1257;0
26916;1128;1
26920;1070;1
26923;1051;0
26927;1038;0
26931;1024;0
26934;1020;1
26938;1017;1
26942;1014;2
26945;1006;1
26949;1004;0
26953;1003;0
26956;1002;0
26960;1000;1
26964;1000;1
26967;992;0
26971;992;1
26974;992;1
26978;990;1
26982;988;0
27000;987;0
27001;987;1
27001;987;0
27004;987;0
27007;986;0
27011;986;1
27015;986;2
27018;984;0
27022;983;0
27025;982;1
27029;975;0
27033;983;0
27036;973;1
27040;974;1
27044;973;1
27047;971;1
27051;972;0
27055;973;0
27058;972;0
27062;971;1
27066;971;1
27069;971;2
27073;971;2
27077;970;1
27080;969;1
27084;970;1
27087;971;2
27091;971;1
27095;970;0
27098;970;1
27102;969;0
27106;969;1
27109;970;1
27113;969;0
27117;970;0
27120;969;1
27124;969;0
27128;970;1
27131;970;0
27135;969;1
27138;968;0
27142;969;1
27148;970;1
27149;969;0
27153;970;0
27157;969;1
27160;970;1
27164;968;1
27168;968;1
27171;968;0
27175;969;2
27179;970;3
27182;969;2
27186;969;0
27190;969;2
27193;971;2
27197;969;1
27200;969;1
27204;969;0
27208;968;3
27211;968;1
27215;970;0
27219;969;1
27222;969;1
27226;971;0
27230;970;2
27233;968;0
27237;969;1
27241;969;2
27244;968;1
27248;969;1
27251;970;1
27255;971;1
27259;969;2
27262;969;2
27266;969;0
27270;970;2
27273;970;0
27277;968;1
27281;969;2
27284;970;1
27288;969;0
27292;969;0
27295;969;1
27299;968;2
27305;970;1
27306;969;0
27310;970;1
27313;969;0
27317;969;1
27321;970;0
27324;971;0
27328;972;1
27332;971;1
27335;969;1
27339;970;1
27343;969;1
27346;969;1
27350;970;1
27354;971;1
27357;971;1
27361;970;2
27364;970;1
27368;970;2
27372;969;1
27375;970;1
27379;971;2
27383;971;1
27386;958;0
27390;971;3
27394;967;18
27397;957;28
27401;954;56
27405;944;126
27408;957;1100
27412;969;1880
27416;974;2407
27419;984;2735
27423;986;2969
27426;987;3146
27430;985;3271
27434;975;3375
27437;966;3482
27441;943;3576
27445;920;3671
27451;905;3820
27452;896;3839
27456;903;3901
27459;894;3951
27463;888;3995
27467;872;4027
27470;848;4056
27474;829;4063
27478;814;4079
27481;811;4092
27485;810;4095
27488;815;4095
27492;830;4095
27496;843;4095
27499;860;4095
27503;875;4095
27507;877;4095
27510;890;4095
27514;894;4095
27518;905;4095
27521;910;4095
27525;920;4095
27529;926;4095
27532;939;4095
27536;944;4093
27539;955;4092
27543;969;4092
27547;984;4088
27550;988;4077
27554;1004;4075
27558;1019;4064
27561;1036;4059
27565;1050;4045
27569;1053;4042
27575;1071;4027
27576;1080;4025
27580;1162;4023
27583;1342;4013
27587;1517;3999
27591;1672;3996
27594;1753;3991
27598;1848;3977
27601;1918;3963
27605;1964;3959
27609;2042;3948
27612;2110;3932
27616;2168;3918
27620;2232;3901
27623;2271;3894
27627;2345;3869
27631;2408;3854
27634;2459;3838
27638;2506;3830
27642;2560;3802
27645;2604;3785
27649;2637;3767
27652;2684;3742
27656;2729;3723
27660;2775;3693
27663;2814;3671
27667;2846;3641
27671;2879;3612
27674;2922;3577
27678;2955;3559
27682;2984;3519
27685;3031;3496
27691;3082;3433
27693;3088;3421
27696;3129;3388
27700;3159;3357
27704;3194;3322
27707;3227;3287
27711;3257;3260
27714;3291;3229
27718;3324;3195
27722;3343;3162
27725;3373;3127
27729;3400;3084
27733;3416;3048
27736;3435;3006
27740;3454;2969
27744;3479;2911
27747;3497;2859
27751;3513;2807
27755;3530;2761
27758;3547;2714
27762;3563;2671
27765;3577;2618
27769;3593;2539
27773;3607;2478
27776;3624;2409
27780;3629;2316
27784;3644;2250
27787;3657;2172
27791;3672;2093
27795;3679;1979
27798;3694;1864
27802;3709;1754
27808;3735;1630
27809;3738;1596
27813;3752;1514
27817;3756;1384
27820;3771;1292
27824;3775;1184
27827;3786;1065
27831;3790;971
27835;3802;844
27838;3808;748
27842;3820;651
27846;3832;586
27849;3835;583
27853;3848;576
27857;3852;575
27860;3864;573
27864;3869;572
27868;3880;569
27871;3885;569
27875;3896;559
27879;3901;560
27882;3912;557
27886;3917;558
27889;3930;558
27893;3942;556
27897;3945;554
27900;3950;554
27904;3962;552
27908;3965;552
27911;3976;544
27915;3982;542
27919;3992;542
27922;3999;540
27928;4015;538
27930;4014;539
27933;4026;536
27937;4038;528
27940;4043;526
27944;4055;523
27948;4059;520
27951;4072;510
27955;4077;503
27959;4088;490
27962;4092;476
27966;4095;460
27970;4095;441
27973;4095;415
27977;4095;394
27981;4095;367
27984;4095;335
27988;4095;302
27992;4095;271
27995;4095;238
27999;4095;217
28002;4095;185
28006;4095;155
28010;4095;136
28013;4095;120
28017;4095;107
28021;4095;94
28024;4095;78
28028;4095;73
28032;4095;62
28035;4095;60
28039;4095;47
28043;4095;25
28046;4095;2
28050;4095;2
28056;4095;1
28057;4095;1
28061;4095;0
28064;4095;1
28068;4095;0
28072;4095;1
28075;4095;1
28079;4095;2
28083;4095;2
28086;4095;1
28090;4095;0
28094;4095;1
28097;4095;0
28101;4095;1
28105;4095;1
28108;4095;0
28112;4095;1
28115;4095;2
28119;4095;1
28123;4058;1
28126;4011;2
28130;3976;1
28134;3928;2
28137;3884;1
28141;3822;0
28145;3756;0
28148;3704;2
28152;3623;3
28156;3531;0
28159;3467;2
28163;3370;0
28166;3277;1
28170;3193;2
28174;3086;0
28177;2982;1
28181;2861;0
28185;2729;0
28188;2603;0
28192;2431;1
28198;2200;1
28199;2138;1
28203;2010;1
28207;1868;2
28210;1723;1
28214;1504;2
28218;1358;0
28221;1177;1
28225;1085;2
28228;1069;0
28232;1056;1
28236;1050;0
28239;1037;0
28243;1034;1
28247;1024;0
28250;1022;0
28254;1021;1
28258;1018;0
28261;1018;0
28265;1018;0
28269;1014;0
28272;1007;0
28276;1014;0
28280;1005;0
28283;1005;0
28287;1005;2
28290;1005;0
28294;1003;1
28298;1002;2
28301;1002;1
28305;1000;1
28309;1000;0
28312;1001;2
28316;991;1
28320;991;1
28323;991;0
28327;998;1
28331;991;2
28334;990;2
28338;989;0
28344;988;2
28345;988;0
28349;989;1
28352;988;1
28356;988;1
28360;987;1
28363;988;0
28367;987;2
28371;987;0
28374;985;1
28378;984;0
28382;986;1
28385;985;0
28389;984;0
28393;985;0
28396;983;0
28400;983;1
28403;984;0
28407;985;0
28411;975;2
28414;976;1
28418;976;1
28422;975;1
28425;975;0
28429;975;0
28433;975;1
28436;974;2
28440;975;1
28444;974;2
28447;974;1
28451;973;0
28454;973;1
28458;974;0
28462;974;0
28465;975;2
28469;972;1
28473;974;0
28476;974;0
28480;974;1
28484;974;1
28487;975;1
28491;973;2
28495;973;0
28501;975;0
28502;975;1
28506;975;1
28509;974;1
28513;974;0
28516;974;1
28520;973;1
28524;975;2
28527;976;0
28531;984;1
28535;982;2
28538;974;2
28542;975;1
28546;982;0
28549;982;0
28553;975;1
28557;975;1
28560;975;1
28564;975;0
28568;982;1
28571;974;1
28575;976;1
28578;974;0
28582;975;2
28586;975;0
28589;976;1
28593;975;0
28597;984;1
28600;982;3
28604;982;1
28608;983;0
28611;975;1
28615;983;1
28619;975;1
28622;983;1
28626;975;2
28629;982;2
28633;982;0
28637;976;1
28640;975;1
28644;974;0
28648;985;1
28651;974;0
28657;984;0
28659;982;1
28662;976;1
28666;975;1
28670;983;3
28673;976;1
28677;975;1
28681;983;0
28684;983;1
28688;975;1
28691;975;0
28695;976;1
28699;974;0
28702;972;1
28706;940;2
28710;943;1
28713;939;21
28717;926;40
28721;921;60
28724;920;93
28728;926;638
28732;941;1452
28735;955;2056
28739;953;2474
28742;954;2766
28746;952;2953
28750;939;3098
28753;908;3198
28757;859;3293
28761;812;3385
28764;781;3485
28768;776;3625
28772;766;3712
28775;766;3799
28779;768;3866
28783;776;3914
28786;775;3950
28790;766;3983
28796;760;4024
28797;758;4026
28801;749;4041
28804;748;4047
28808;751;4057
28812;762;4058
28815;764;4063
28819;778;4063
28823;783;4060
28826;795;4061
28830;797;4061
28834;809;4061
28837;813;4064
28841;815;4073
28845;825;4075
28848;828;4075
28852;831;4077
28855;842;4089
28859;846;4094
28863;857;4095
28866;862;4095
28870;871;4095
28874;875;4095
28877;877;4095
28881;887;4095
28885;894;4095
28888;903;4095
28892;909;4095
28896;922;4095
28899;937;4095
28903;943;4095
28907;955;4095
28910;960;4095
28914;971;4095
28920;987;4095
28921;987;4095
28925;1000;4095
28928;1003;4095
28932;1014;4095
28936;1018;4095
28939;1022;4095
28943;1034;4095
28947;1036;4095
28950;1040;4095
28954;1050;4095
28958;1053;4095
28961;1055;4095
28965;1065;4095
28969;1066;4095
28972;1069;4095
28976;1103;4088
28979;1165;4073
28983;1241;4060
28987;1321;4046
28990;1405;4040
28994;1502;4027
28998;1607;4013
29001;1677;3998
29005;1736;3983
29009;1806;3978
29012;1834;3965
29016;1867;3950
29020;1920;3932
29023;1984;3917
29027;2028;3901
29030;2074;3882
29037;2175;3851
29038;2201;3849
29041;2255;3822
29045;2301;3816
29049;2344;3791
29052;2395;3776
29056;2461;3758
29060;2504;3739
29063;2550;3723
29067;2590;3703
29071;2649;3675
29074;2700;3656
29078;2746;3631
29082;2782;3608
29085;2815;3579
29089;2855;3559
29092;2888;3530
29096;2908;3497
29100;2942;3467
29103;2974;3438
29107;3006;3422
29111;3037;3391
29114;3066;3358
29118;3096;3338
29122;3128;3305
29125;3148;3262
29129;3179;3230
29133;3210;3208
29136;3226;3179
29140;3248;3159
29143;3262;3112
29147;3278;3067
29153;3311;3005
29154;3322;3000
29158;3341;2967
29162;3358;2921
29165;3373;2873
29169;3401;2815
29173;3416;2766
29176;3434;2715
29180;3450;2652
29184;3469;2587
29187;3485;2476
29191;3499;2393
29195;3516;2252
29198;3528;2136
29202;3544;1976
29205;3560;1786
29209;3567;1595
29213;3580;1403
29216;3594;1214
29220;3599;972
29224;3610;731
29227;3624;604
29231;3640;588
29235;3656;584
29238;3661;574
29242;3676;570
29246;3690;569
29249;3704;559
29253;3723;555
29256;3736;552
29260;3743;541
29264;3759;538
29267;3774;527
29273;3800;521
29275;3804;509
29278;3818;504
29282;3834;488
29286;3849;477
29289;3864;461
29293;3872;446
29297;3887;426
29300;3902;409
29304;3914;381
29308;3927;352
29311;3935;317
29315;3950;295
29318;3962;266
29322;3976;248
29326;3982;232
29329;3994;202
29333;3997;188
29337;4009;176
29340;4015;170
29344;4027;141
29348;4040;109
29351;4045;88
29355;4058;25
29359;4062;3
29362;4072;1
29366;4075;2
29370;4074;1
29373;4075;1
29377;4076;0
29380;4075;1
29384;4076;0
29388;4075;1
29391;4075;1
29395;4073;0
29399;4063;0
29405;4058;1
29406;4046;1
29410;4041;1
29413;4030;0
29417;4012;0
29421;3993;2
29424;3967;0
29428;3935;1
29431;3899;0
29435;3853;0
29439;3808;2
29442;3774;0
29446;3752;0
29450;3720;1
29453;3687;0
29457;3644;0
29461;3598;1
29464;3549;0
29468;3496;1
29472;3438;1
29475;3384;2
29479;3324;1
29483;3246;0
29486;3182;2
29490;3099;0
29493;3006;2
29497;2910;1
29501;2796;1
29504;2632;0
29508;2473;1
29512;2286;0
29515;2124;0
29519;2025;0
29523;1868;1
29526;1709;2
29530;1550;0
29534;1400;0
29537;1194;1
29541;990;1
29547;925;1
29548;918;1
29552;890;1
29555;862;1
29559;842;1
29563;814;2
29566;798;0
29570;780;0
29574;778;0
29577;782;1
29581;783;2
29585;784;1
29588;792;1
29592;784;0
29596;792;1
29599;792;1
29603;793;0
29606;794;0
29610;794;1
29614;793;0
29617;793;0
29621;793;2
29625;793;4
29628;794;1
29632;795;1
29636;793;1
29639;792;0
29643;793;0
29647;792;1
29650;793;1
29654;793;0
29657;794;1
29661;794;0
29665;793;1
29668;793;1
29672;793;0
29676;793;2
29679;794;0
29683;792;2
29687;793;1
29690;794;2
29694;792;1
29698;792;0
29742;793;1
29742;791;0
29743;790;0
29745;790;0
29749;793;2
29753;792;0
29756;792;2
29760;784;2
29764;792;0
29767;792;1
29771;783;0
29774;791;1
29778;791;0
29782;792;1
29785;791;0
29789;791;1
29793;792;1
29796;793;0
29800;792;1
29804;792;0
29807;794;1
29811;792;1
29815;793;0
29818;792;0
29822;794;1
29825;794;0
29829;793;0
29833;794;1
29836;793;1
29840;794;1
29844;793;1
29847;793;0
29851;793;1
29855;793;0
29858;794;0
29862;793;0
29866;793;1
29869;793;1
29873;794;1
29877;793;0
29880;794;2
29884;793;0
29890;794;2
29891;795;2
29895;794;0
29898;795;2
29902;793;1
29906;794;2
29909;795;0
29913;795;1
29917;793;0
29920;793;0
29924;793;0
29928;794;1
29931;795;0
29935;793;1
29939;794;0
29942;795;1
29946;796;0
29949;793;0
29953;795;0
29957;794;0
29960;796;1
29964;796;0
29968;795;1
29971;796;2
29975;796;0
29979;796;1
29982;795;1
29986;796;0
29990;795;1
29993;796;0
29997;797;0
30000;796;1
30004;796;1
30008;793;0
30011;797;4
30015;792;27
30019;781;57
30022;782;492
30026;810;1519
30030;825;2151
30033;829;2573
30037;832;2856
30043;844;3144
30044;841;3183
30048;839;3304
30052;826;3387
30055;813;3456
30059;808;3534
30062;810;3632
30066;824;3743
30070;825;3823
30073;832;3895
30077;845;3946
30081;855;3994
30084;854;4029
30088;843;4059
30092;830;4076
30095;815;4095
30099;811;4095
30103;811;4095
30106;825;4095
30110;841;4095
30113;854;4095
30117;861;4095
30121;873;4095
30124;874;4095
30128;879;4095
30132;890;4095
30135;894;4095
30139;906;4095
30143;910;4095
30146;922;4095
30150;936;4095
30154;939;4095
30157;952;4095
30161;959;4095
30167;984;4095
30168;984;4095
30172;990;4095
30175;1001;4095
30179;1016;4095
30183;1020;4095
30186;1033;4095
30190;1037;4094
30194;1051;4092
30197;1224;4089
30201;1383;4078
30205;1512;4073
30208;1631;4064
30212;1722;4057
30216;1785;4043
30219;1863;4029
30223;1946;4023
30226;2013;4005
30230;2077;3983
30234;2136;3976
30237;2186;3950
30241;2251;3932
30245;2311;3913
30248;2376;3885
30252;2442;3868
30256;2494;3849
30259;2555;3822
30263;2634;3804
30267;2703;3773
30270;2775;3755
30274;2823;3726
30278;2863;3694
30283;2939;3661
30285;2953;3655
30288;2988;3625
30292;3022;3594
30296;3066;3564
30299;3103;3534
30303;3143;3516
30307;3178;3496
30310;3212;3469
30314;3245;3452
30318;3262;3438
30321;3292;3421
30325;3324;3403
30329;3352;3385
30332;3371;3358
30336;3402;3339
30340;3433;3321
30343;3452;3294
30347;3479;3273
30350;3488;3255
30354;3515;3215
30358;3532;3198
30361;3551;3175
30365;3563;3135
30369;3581;3099
30372;3607;3054
30376;3614;3016
30380;3628;2973
30383;3641;2936
30387;3657;2904
30391;3672;2872
30394;3678;2815
30400;3706;2745
30401;3708;2732
30405;3726;2701
30409;3740;2651
30412;3754;2620
30416;3770;2576
30420;3787;2538
30423;3800;2475
30427;3816;2426
30431;3819;2376
30434;3832;2312
30438;3839;2251
30442;3853;2191
30445;3864;2108
30449;3871;2030
30453;3884;1950
30456;3896;1865
30460;3901;1757
30463;3913;1677
30467;3919;1550
30471;3932;1450
30474;3945;1325
30478;3950;1198
30482;3962;1096
30485;3976;984
30489;3980;843
30493;3992;731
30496;3997;623
30500;4012;570
30504;4024;568
30507;4030;560
30511;4041;557
30514;4056;554
30520;4072;552
30522;4072;552
30525;4077;541
30529;4090;542
30533;4095;538
30536;4095;536
30540;4095;527
30544;4095;525
30547;4095;512
30551;4095;512
30555;4095;509
30558;4095;504
30562;4095;492
30566;4095;479
30569;4095;464
30573;4095;446
30576;4095;426
30580;4095;384
30584;4095;350
30587;4095;328
30591;4095;298
30595;4095;239
30598;4095;200
30602;4095;168
30606;4095;112
30609;4095;59
30613;4095;40
30617;4095;27
30620;4095;29
30624;4095;8
30627;4095;4
30631;4095;2
30635;4095;2
30638;4095;1
30642;4095;2
30648;4095;1
30649;4095;1
30653;4095;2
30657;4095;2
30660;4095;2
30664;4095;1
30668;4095;0
30671;4095;0
30675;4095;1
30679;4095;2
30682;4095;1
30686;4095;2
30689;4095;1
30693;4095;0
30697;4095;1
30700;4095;2
30704;4095;1
30708;4095;1
30711;4095;1
30715;4073;2
30719;4011;2
30722;3965;0
30726;3902;1
30730;3834;2
30733;3754;0
30737;3675;2
30741;3567;2
30744;3486;1
30748;3405;1
30751;3295;0
30755;3198;0
30759;3082;0
30762;2969;0
30766;2831;2
30770;2703;1
30773;2568;0
30777;2381;1
30781;2237;1
30784;2057;1
30790;1848;0
30792;1758;1
30795;1579;1
30799;1404;1
30802;1199;1
30806;1072;1
30810;1051;2
30813;1034;1
30817;1005;0
30821;989;0
30824;968;0
30828;954;0
30832;952;1
30835;952;0
30839;952;1
30843;943;0
30846;944;0
30850;943;1
30854;944;2
30857;942;1
30861;942;0
30864;941;1
30868;943;1
30872;940;0
30875;939;0
30879;940;0
30883;939;3
30886;938;1
30890;938;1
30894;938;1
30897;939;1
30901;939;0
30905;937;1
30908;937;1
30912;937;1
30915;939;0
30919;937;0
30923;938;1
30926;936;2
30930;937;2
30934;937;1
30937;937;2
30943;937;1
30945;937;1
30948;937;0
30952;936;3
30956;928;0
30959;935;0
30963;936;2
30967;927;0
30970;927;1
30974;928;0
30977;927;1
30981;928;1
30985;936;0
30988;927;0
30992;935;2
30996;928;1
30999;926;1
31003;928;1
31007;926;2
31010;926;0
31014;926;2
31018;926;1
31021;925;0
31025;927;0
31028;927;1
31032;927;1
31036;926;1
31039;926;1
31043;936;1
31047;926;2
31050;928;2
31054;927;1
31058;936;1
31061;935;0
31065;935;2
31069;936;2
31072;936;0
31076;936;0
31080;936;1
31083;936;0
31087;937;0
31090;936;1
31094;937;0
31100;937;1
31101;938;0
31105;937;2
31109;937;0
31112;937;2
31116;938;1
31120;939;2
31123;939;1
31127;938;1
31131;938;0
31134;938;0
31138;938;0
31142;939;0
31145;939;1
31149;939;1
31152;938;2
31156;940;1
31160;939;1
31163;939;0
31167;940;0
31171;939;1
31174;937;0
31178;937;0
31182;938;2
31185;939;0
31189;938;0
31193;939;1
31196;939;0
31200;939;2
31203;939;1
31207;938;1
31211;939;1
31214;939;1
31218;941;1
31222;939;1
31225;939;0
31229;939;2
31233;940;0
31236;940;2
31240;939;2
31244;940;0
31247;940;1
31253;941;0
31255;938;0
31258;941;0
31262;940;1
31265;924;1
31269;936;9
31273;926;40
31276;922;71
31280;920;334
31284;934;1177
31287;943;1869
31291;956;2397
31295;959;2672
31298;959;2890
31302;967;3068
31306;968;3196
31309;968;3308
31313;969;3405
31316;967;3496
31320;958;3593
31324;959;3703
31327;956;3786
31331;943;3863
31335;940;3915
31338;927;3961
31342;920;3997
31346;894;4025
31349;873;4044
31353;844;4062
31357;827;4077
31360;829;4091
31364;840;4095
31368;857;4095
31371;876;4095
31375;889;4095
31378;903;4095
31384;920;4095
31386;920;4095
31389;922;4095
31393;926;4095
31397;939;4095
31400;952;4095
31404;957;4095
31408;969;4095
31411;972;4095
31415;984;4095
31419;992;4095
31422;1002;4095
31426;1014;4095
31430;1019;4095
31433;1024;4095
31437;1038;4095
31440;1049;4092
31444;1053;4088
31448;1065;4087
31451;1070;4078
31455;1080;4075
31459;1113;4075
31462;1245;4074
31466;1387;4064
31470;1547;4062
31473;1690;4063
31477;1784;4059
31481;1847;4046
31484;1903;4041
31488;1949;4029
31491;1975;4016
31495;2044;4011
31499;2092;3997
31505;2186;3978
31506;2189;3966
31510;2222;3948
31513;2284;3933
31517;2333;3915
31521;2367;3897
31524;2430;3884
31528;2462;3864
31532;2504;3848
31535;2559;3823
31539;2603;3803
31543;2648;3784
31546;2687;3757
31550;2719;3742
31553;2763;3723
31557;2798;3692
31561;2827;3662
31564;2861;3641
31568;2890;3623
31572;2926;3597
31575;2957;3576
31579;2987;3547
31583;3018;3527
31586;3037;3502
31590;3066;3472
31594;3086;3451
31597;3115;3424
31601;3145;3405
31604;3161;3385
31608;3192;3357
31612;3210;3324
31615;3227;3304
31621;3262;3257
31623;3274;3241
31626;3294;3207
31630;3321;3166
31634;3339;3130
31637;3369;3072
31641;3386;3018
31645;3403;2972
31648;3423;2924
31652;3438;2875
31656;3450;2825
31659;3466;2766
31663;3480;2734
31666;3497;2687
31670;3514;2665
31674;3520;2604
31677;3533;2538
31681;3559;2489
31685;3565;2427
31688;3577;2383
31692;3592;2328
31696;3598;2236
31699;3610;2151
31703;3626;2064
31707;3640;1959
31710;3647;1849
31714;3659;1758
31717;3662;1641
31721;3676;1502
31725;3689;1375
31728;3694;1246
31732;3707;1071
31738;3725;889
31739;3727;824
31743;3740;696
31747;3752;575
31750;3755;570
31754;3769;569
31758;3774;559
31761;3786;557
31765;3799;555
31769;3803;552
31772;3817;553
31776;3822;544
31779;3835;544
31783;3848;540
31787;3852;541
31790;3864;539
31794;3871;539
31798;3884;535
31801;3897;528
31805;3903;525
31809;3915;523
31812;3928;512
31816;3934;508
31820;3946;505
31823;3959;494
31827;3966;489
31831;3979;477
31834;3992;463
31838;3997;455
31841;4009;439
31845;4014;414
31849;4024;394
31852;4032;361
31856;4043;327
31862;4059;283
31863;4059;268
31867;4071;252
31871;4074;236
31874;4088;219
31878;4093;203
31882;4095;188
31885;4095;153
31889;4095;137
31892;4095;126
31896;4095;108
31900;4095;94
31903;4095;74
31907;4095;73
31911;4095;64
31914;4095;60
31918;4095;61
31922;4095;48
31925;4095;27
31929;4095;4
31933;4095;3
31936;4095;2
31940;4095;0
31944;4095;1
31947;4095;0
31951;4095;2
31954;4095;0
31958;4095;1
31962;4095;1
31965;4095;2
31969;4095;1
31973;4095;0
31976;4095;1
31980;4095;2
31984;4095;2
31987;4073;0
31991;4042;1
31997;3982;1
31998;3967;1
32002;3927;0
32005;3884;0
32009;3849;2
32013;3801;1
32016;3752;1
32020;3690;0
32024;3642;0
32027;3576;2
32031;3503;0
32035;3455;0
32038;3388;0
32042;3306;0
32046;3246;1
32049;3163;0
32053;3082;2
32057;3016;2
32060;2941;1
32064;2840;1
32067;2711;2
32071;2587;0
32075;2447;2
32078;2298;0
32082;2139;0
32086;2008;0
32089;1880;2
32093;1787;1
32097;1631;0
32100;1465;1
32104;1321;1
32108;1134;1
32111;968;2
32115;940;1
32118;920;2
32122;893;2
32126;864;0
32129;844;0
32133;827;0
32137;808;1
32143;794;0
32144;794;0
32148;797;1
32151;799;0
32155;798;1
32159;798;0
32162;799;0
32166;797;2
32170;806;0
32173;798;1
32177;798;1
32180;798;1
32184;797;2
32188;796;0
32191;798;1
32195;798;1
32199;797;0
32202;798;0
32206;798;0
32210;798;1
32213;798;0
32217;800;1
32221;798;0
32224;807;1
32228;797;0
32232;799;0
32235;799;0
32239;800;1
32242;800;1
32246;807;0
32250;798;1
32253;798;2
32257;798;0
32261;799;1
32264;798;0
32268;798;0
32272;798;0
32275;797;1
32279;798;1
32283;797;0
32286;798;1
32290;796;0
32296;798;1
32297;797;1
32301;796;0
32304;797;2
32308;797;1
32312;797;1
32315;797;2
32319;796;0
32323;797;1
32326;797;1
32330;796;0
32334;796;0
32337;796;0
32341;797;0
32345;797;0
32348;797;0
32352;798;0
32355;796;1
32359;796;1
32363;797;1
32366;796;0
32370;797;2
32374;797;0
32377;797;1
32381;798;2
32385;799;2
32388;799;0
32392;798;1
32396;797;1
32399;799;1
32403;800;1
32406;799;1
32410;807;0
32414;807;0
32417;808;1
32421;808;1
32425;808;0
32428;808;1
32432;809;0
32436;808;0
32439;810;1
32443;810;0
32447;811;2
32453;811;1
32454;812;3
32458;812;2
32461;811;1
32465;812;1
32468;810;2
32472;811;1
32476;812;1
32479;811;0
32483;812;1
32487;812;0
32490;811;1
32494;812;1
32498;811;1
32501;811;0
32505;810;2
32509;812;1
32512;810;1
32516;810;0
32519;811;1
32523;813;0
32527;812;2
32530;811;0
32534;811;1
32538;811;1
32541;811;0
32545;811;1
32549;812;2
32552;812;1
32556;811;1
32560;811;1
32563;811;2
32567;811;1
32571;811;1
32574;813;2
32578;812;0
32581;812;1
32585;813;0
32589;813;0
32592;815;1
32596;814;1
32600;813;2
32603;812;0
32609;810;26
32611;799;28
32614;796;61
32618;798;493
32622;824;1470
32625;830;2090
32629;841;2539
32633;843;2824
32636;845;3032
32640;844;3183
32643;843;3280
32647;842;3386
32651;831;3466
32654;827;3532
32658;826;3610
32662;829;3707
32665;830;3799
32669;827;3863
32673;825;3913
32676;824;3960
32680;812;3993
32684;799;4026
32687;790;4044
32691;777;4074
32694;778;4092
32698;768;4095
32702;774;4095
32705;780;4095
32709;792;4095
32713;796;4095
32716;808;4095
32720;811;4095
32724;815;4095
32727;825;4095
32731;831;4095
32737;857;4095
32738;858;4095
32742;864;4095
32746;876;4095
32749;890;4095
32753;895;4095
32756;907;4095
32760;919;4095
32764;924;4095
32767;937;4095
32771;943;4095
32775;955;4095
32778;969;4095
32782;976;4095
32786;990;4095
32789;1002;4095
32793;1015;4095
32797;1020;4095
32800;1024;4095
32804;1036;4095
32807;1040;4095
32811;1053;4095
32815;1055;4095
32818;1068;4095
32822;1070;4095
32826;1135;4095
32829;1239;4095
32833;1308;4095
32837;1359;4095
32840;1451;4095
32844;1487;4093
32848;1517;4089
32851;1582;4077
32857;1648;4061
32859;1673;4059
32862;1695;4046
32866;1740;4043
32869;1789;4030
32873;1817;4025
32877;1838;4014
32880;1851;4009
32884;1872;3997
32888;1915;3992
32891;1949;3981
32895;1976;3975
32899;2000;3963
32902;2041;3959
32906;2064;3948
32910;2091;3943
32913;2109;3932
32917;2111;3928
32920;2123;3917
32924;2139;3912
32928;2158;3900
32931;2172;3897
32935;2174;3885
32939;2187;3879
32942;2217;3870
32946;2253;3865
32950;2271;3851
32953;2299;3836
32957;2331;3823
32961;2377;3818
32964;2400;3804
32968;2448;3790
32974;2509;3768
32975;2522;3758
32979;2554;3752
32982;2588;3736
32986;2632;3720
32990;2669;3705
32993;2712;3692
32997;2745;3674
33001;2760;3661
33004;2808;3640
33008;2846;3627
33012;2878;3613
33015;2909;3594
33019;2954;3583
33023;2984;3564
33026;3019;3544
33030;3055;3517
33034;3097;3487
33037;3118;3469
33041;3162;3448
33044;3184;3433
33048;3216;3416
33052;3246;3390
33055;3264;3369
33059;3293;3340
33063;3323;3312
33066;3354;3288
33070;3373;3259
33074;3405;3230
33077;3437;3198
33081;3465;3176
33085;3483;3134
33091;3516;3064
33092;3526;3048
33095;3535;3000
33099;3562;2952
33103;3577;2910
33106;3597;2859
33110;3612;2810
33114;3627;2759
33117;3644;2697
33121;3663;2608
33125;3679;2522
33128;3703;2457
33132;3725;2351
33136;3743;2206
33139;3768;2012
33143;3786;1736
33147;3799;1498
33150;3818;1309
33154;3831;1002
33157;3839;714
33161;3852;599
33165;3871;576
33168;3886;572
33172;3912;559
33176;3919;557
33179;3936;553
33183;3950;540
33187;3967;528
33190;3982;523
33194;3996;508
33198;4015;494
33201;4028;487
33207;4047;455
33208;4056;443
33212;4071;409
33216;4087;366
33219;4093;330
33223;4095;287
33227;4095;238
33230;4095;204
33234;4095;158
33238;4095;107
33241;4095;58
33245;4095;31
33249;4095;26
33252;4095;20
33256;4095;16
33260;4095;7
33263;4095;4
33267;4095;3
33270;4095;1
33274;4095;2
33278;4095;2
33281;4095;3
33285;4095;1
33289;4095;1
33292;4095;1
33296;4095;0
33300;4095;1
33303;4095;1
33307;4095;1
33311;4095;0
33314;4095;1
33318;4095;1
33321;4095;0
33325;4095;2
33329;4044;1
33332;3984;1
33336;3942;0
33340;3896;2
33346;3817;1
33347;3800;1
33351;3723;0
33354;3643;2
33358;3560;1
33362;3480;0
33365;3384;1
33369;3293;2
33373;3211;2
33376;3114;1
33380;3006;1
33383;2892;1
33387;2766;0
33391;2637;1
33394;2510;0
33398;2376;1
33402;2202;1
33405;2028;1
33409;1848;0
33413;1707;1
33416;1514;1
33420;1308;0
33424;1104;0
33427;1016;1
33431;991;0
33435;985;1
33438;972;0
33442;958;1
33445;942;1
33449;940;0
33453;939;0
33456;937;1
33460;938;0
33464;936;1
33467;936;1
33471;927;0
33475;934;1
33478;927;2
33482;926;0
33486;925;2
33492;924;2
33493;925;1
33496;924;0
33500;924;0
33504;924;0
33507;923;2
33511;923;0
33515;923;0
33518;922;0
33522;922;2
33526;922;0
33529;922;1
33533;921;0
33537;920;0
33540;920;0
33544;920;0
33548;920;1
33551;920;2
33555;920;0
33558;920;1
33562;920;0
33566;919;0
33569;918;0
33573;918;0
33577;920;0
33580;919;0
33584;910;1
33588;912;0
33591;910;0
33595;920;0
33599;910;0
33602;912;0
33606;910;0
33609;911;0
33613;911;0
33617;910;1
33620;908;2
33624;909;1
33628;909;1
33631;909;0
33635;910;1
33639;909;0
33642;909;1
33648;910;0
33650;910;2
33653;911;1
33657;910;1
33661;911;1
33664;910;2
33668;909;1
33671;910;2
33675;911;0
33679;911;1
33682;910;1
33686;911;1
33690;919;1
33693;909;2
33697;910;0
33701;910;1
33704;910;2
33708;910;1
33712;911;0
33715;911;0
33719;910;1
33723;909;0
33726;911;0
33730;911;0
33733;911;1
33737;911;1
33741;911;0
33744;911;1
33748;910;1
33752;911;1
33755;912;0
33759;920;0
33763;919;1
33766;918;1
33770;920;1
33774;919;1
33777;911;0
33781;920;0
33784;920;1
33788;920;0
33792;919;0
33795;919;2
33799;920;1
33805;910;0
33806;920;1
33810;920;0
33814;912;0
33817;920;1
33821;920;2
33825;922;0
33828;921;1
33832;921;0
33836;922;0
33839;922;1
33843;921;0
33846;922;0
33850;924;0
33854;923;1
33857;923;0
33861;924;2
33865;923;2
33868;923;0
33872;925;0
33876;924;1
33879;925;2
33883;925;0
33887;925;1
33890;925;0
33894;925;2
33897;926;1
33901;927;1
33905;926;8
33908;921;24
33912;918;33
33916;922;697
33919;938;1551
33923;950;2192
33927;953;2606
33930;956;2877
33934;958;3066
33938;959;3214
33941;969;3321
33945;967;3406
33951;967;3531
33952;968;3563
33956;967;3662
33959;969;3757
33963;969;3833
33967;970;3883
33970;968;3935
33974;958;3980
33978;955;4012
33981;944;4040
33985;925;4060
33989;910;4076
33992;906;4088
33996;895;4094
34000;904;4095
34003;907;4095
34007;909;4095
34010;922;4095
34014;926;4093
34018;934;4095
34021;937;4095
34025;939;4095
34029;951;4095
34032;953;4095
34036;955;4095
34040;959;4095
34043;970;4095
34047;971;4095
34051;975;4095
34054;987;4095
34058;1001;4095
34062;1002;4095
34065;1015;4095
34069;1018;4095
34075;1024;4095
34076;1035;4095
34080;1049;4095
34083;1052;4095
34087;1065;4095
34091;1069;4095
34094;1082;4095
34098;1084;4095
34102;1088;4095
34105;1098;4095
34109;1103;4095
34113;1112;4095
34116;1163;4095
34120;1210;4095
34124;1320;4095
34127;1407;4095
34131;1467;4095
34134;1515;4092
34138;1578;4079
34142;1646;4073
34145;1704;4060
34149;1741;4044
34153;1790;4028
34156;1835;4010
34160;1880;3993
34164;1916;3982
34167;1963;3962
34171;2007;3944
34175;2056;3928
34178;2120;3903
34182;2185;3884
34185;2266;3868
34191;2362;3839
34193;2381;3834
34196;2432;3816
34200;2508;3790
34204;2587;3774
34207;2639;3754
34211;2715;3739
34215;2765;3721
34218;2813;3693
34222;2860;3676
34226;2905;3647
34229;2952;3624
34233;2988;3595
34237;3032;3565
34240;3064;3547
34244;3101;3518
34247;3136;3486
34251;3176;3454
34255;3208;3418
34258;3229;3374
34262;3263;3341
34266;3295;3311
34269;3324;3274
34273;3354;3240
34277;3385;3209
34280;3407;3165
34284;3435;3131
34288;3464;3069
34291;3483;3019
34295;3512;2953
34298;3534;2911
34302;3552;2861
34308;3592;2777
34309;3595;2761
34313;3611;2713
34317;3640;2655
34320;3645;2588
34324;3661;2537
34328;3675;2461
34331;3689;2392
34335;3703;2328
34339;3709;2240
34342;3723;2137
34346;3738;1991
34350;3751;1832
34353;3770;1673
34357;3775;1528
34360;3788;1369
34364;3805;1200
34368;3820;1003
34371;3832;809
34375;3837;652
34379;3851;588
34382;3863;583
34386;3870;573
34390;3881;570
34393;3896;569
34397;3901;558
34401;3914;556
34404;3919;554
34408;3932;551
34411;3946;544
34415;3960;540
34419;3965;539
34422;3979;528
34428;3998;525
34430;3999;524
34433;4012;521
34437;4026;510
34441;4031;506
34444;4043;494
34448;4055;491
34452;4060;477
34455;4074;469
34459;4078;455
34463;4090;430
34466;4095;411
34470;4095;383
34473;4095;363
34477;4095;334
34481;4095;300
34484;4095;269
34488;4095;234
34492;4095;200
34495;4095;172
34499;4095;137
34503;4095;94
34506;4095;75
34510;4095;57
34514;4095;57
34517;4095;45
34521;4095;44
34525;4095;41
34528;4095;28
34532;4095;3
34535;4095;2
34539;4095;0
34543;4095;3
34546;4095;2
34550;4095;1
34556;4095;0
34557;4095;2
34561;4095;2
34565;4095;0
34568;4095;2
34572;4095;1
34576;4095;0
34579;4095;2
34583;4095;0
34586;4095;2
34590;4095;1
34594;4095;0
34597;4095;0
34601;4095;1
34605;4095;0
34608;4095;1
34612;4095;1
34616;4095;1
34619;4095;1
34623;4095;1
34627;4095;0
34630;4078;1
34634;4041;2
34638;3994;1
34641;3950;0
34645;3899;0
34648;3836;2
34652;3774;1
34656;3705;0
34659;3615;1
34663;3534;0
34667;3468;1
34670;3373;2
34674;3289;1
34678;3191;1
34681;3069;2
34685;2958;1
34689;2793;2
34692;2652;1
34696;2555;1
34702;2301;0
34703;2251;3
34707;2077;0
34710;1928;1
34714;1752;1
34718;1512;1
34721;1323;3
34725;1144;1
34729;1024;0
34732;1016;0
34736;1000;0
34740;984;1
34743;970;1
34747;944;0
34751;936;0
34754;938;2
34758;937;0
34761;936;2
34765;928;2
34769;927;0
34772;928;1
34776;926;0
34780;926;0
34783;924;0
34787;923;0
34791;924;0
34794;923;1
34798;923;1
34802;922;1
34805;923;1
34809;922;0
34812;922;2
34816;921;0
34820;922;0
34823;921;1
34827;921;0
34831;921;1
34834;921;1
34838;920;1
34842;920;0
34845;921;0
34851;919;1
34853;920;2
34856;920;0
34860;920;1
34864;920;2
34867;919;1
34871;920;1
34874;919;1
34878;919;1
34882;919;2
34885;919;0
34889;918;0
34893;910;0
34896;911;1
34900;918;0
34904;910;2
34907;911;1
34911;909;1
34915;911;1
34918;910;0
34922;909;0
34926;910;2
34929;909;1
34933;910;2
34936;909;0
34940;909;1
34944;910;0
34947;910;2
34951;909;1
34955;911;0
34958;910;1
34962;909;0
34966;909;0
34969;909;1
34973;910;1
34977;910;0
34980;910;1
34984;910;1
34987;910;1
34991;910;1
34995;911;1
34998;911;2
35002;911;0
35008;911;0
35009;919;1
35013;912;0
35017;911;0
35020;911;0
35024;911;1
35028;918;1
35031;912;0
35035;918;1
35039;912;1
35042;919;0
35046;912;2
35049;919;1
35053;912;1
35057;919;2
35060;919;2
35064;918;1
35068;920;2
35071;912;1
35075;911;1
35079;912;2
35082;911;1
35086;911;1
35090;919;1
35093;911;1
35097;912;0
35100;919;1
35104;910;0
35108;910;1
35111;911;0
35115;912;1
35119;912;2
35122;919;1
35126;920;1
35130;912;1
35133;912;0
35137;919;1
35141;919;1
35144;912;2
35148;920;0
35152;921;0
35155;920;0
35159;919;2
35165;920;2
35166;920;1
35170;920;1
35173;912;0
35177;922;1
35181;920;0
35184;920;0
35188;922;1
35192;922;1
35195;920;0
35199;920;1
35203;922;1
35206;920;0
35210;921;1
35213;921;0
35217;921;1
35221;923;1
35224;920;2
35228;923;1
35232;921;6
35235;909;22
35239;906;31
35243;909;330
35246;922;1064
35250;935;1725
35254;939;2184
35257;942;2503
35261;953;2747
35265;953;2906
35268;955;3049
35272;955;3152
35275;955;3258
35279;957;3343
35283;957;3464
35286;958;3576
35290;967;3661
35294;968;3737
35297;968;3799
35303;969;3868
35305;968;3881
35308;959;3902
35312;955;3928
35316;952;3946
35319;939;3964
35323;939;3977
35327;940;3978
35330;951;3991
35334;954;3994
35337;956;3994
35341;960;3994
35345;970;4000
35348;974;4010
35352;974;4015
35356;984;4025
35359;986;4030
35363;989;4038
35367;1001;4041
35370;1002;4046
35374;1014;4058
35378;1017;4059
35381;1020;4073
35385;1024;4079
35388;1035;4089
35392;1040;4093
35396;1050;4095
35399;1054;4095
35403;1068;4095
35407;1082;4095
35410;1096;4095
35414;1098;4095
35418;1102;4095
35421;1114;4095
35427;1130;4095
35429;1132;4095
35432;1145;4095
35436;1181;4095
35440;1307;4095
35443;1482;4095
35447;1680;4095
35450;1815;4095
35454;1886;4093
35458;1995;4091
35461;2075;4087
35465;2168;4075
35469;2251;4072
35472;2315;4061
35476;2391;4056
35480;2442;4047
35483;2524;4039
35487;2586;4024
35491;2639;4012
35494;2715;3995
35498;2766;3983
35501;2815;3977
35505;2864;3962
35509;2905;3948
35512;2938;3935
35516;2972;3917
35520;3015;3911
35523;3040;3895
35527;3084;3880
35531;3118;3865
35534;3147;3850
35538;3179;3832
35544;3241;3805
35545;3246;3802
35549;3272;3786
35553;3292;3768
35556;3310;3743
35560;3328;3737
35563;3357;3719
35567;3384;3696
35571;3403;3675
35574;3422;3659
35578;3440;3630
35582;3466;3611
35585;3484;3582
35589;3503;3560
35593;3520;3530
35596;3545;3499
35600;3561;3468
35604;3578;3438
35607;3584;3405
35611;3609;3374
35614;3627;3352
35618;3642;3322
35622;3656;3292
35625;3673;3261
35629;3678;3228
35633;3694;3197
35636;3707;3165
35640;3723;3134
35644;3736;3100
35647;3752;3056
35651;3757;3032
35655;3771;2986
35661;3787;2925
35662;3790;2920
35666;3804;2877
35669;3816;2839
35673;3830;2799
35676;3835;2762
35680;3850;2734
35684;3855;2701
35687;3867;2654
35691;3872;2606
35695;3885;2552
35698;3897;2462
35702;3903;2399
35706;3915;2331
35709;3927;2236
35713;3932;2155
35717;3944;2029
35720;3948;1914
35724;3961;1791
35728;3966;1630
35731;3976;1485
35735;3982;1341
35738;3992;1160
35742;3997;999
35746;4009;791
35749;4013;668
35753;4025;589
35757;4030;586
35760;4041;581
35764;4047;573
35768;4058;569
35771;4063;568
35777;4080;556
35779;4088;556
35782;4093;553
35786;4095;552
35789;4095;542
35793;4095;539
35797;4095;528
35800;4095;525
35804;4095;522
35808;4095;508
35811;4095;504
35815;4095;492
35819;4095;480
35822;4095;471
35826;4095;447
35830;4095;426
35833;4095;398
35837;4095;366
35841;4095;333
35844;4095;311
35848;4095;270
35851;4095;248
35855;4095;216
35859;4095;173
35862;4095;153
35866;4095;125
35870;4095;90
35873;4095;75
35877;4095;71
35881;4095;57
35884;4095;45
35888;4095;33
35892;4095;26
35895;4095;2
35899;4095;1
35905;4095;2
35906;4095;1
35910;4095;2
35913;4095;1
35917;4095;0
35921;4095;1
35924;4095;1
35928;4095;2
35932;4095;1
35935;4095;0
35939;4095;2
35943;4095;1
35946;4095;2
35950;4095;2
35954;4095;1
35957;4095;0
35961;4095;0
35964;4095;1
35968;4095;1
35972;4095;1
35975;4095;2
35979;4095;0
35983;4095;0
35986;4095;0
35990;4095;0
35994;4095;1
35997;4095;1
36001;4095;0
36005;4095;1
36008;4095;1
36012;4072;0
36016;4022;1
36019;3967;1
36023;3917;1
36026;3851;1
36030;3784;1
36034;3707;1
36037;3624;1
36041;3552;0
36047;3405;0
36048;3383;4
36052;3293;0
36056;3182;0
36059;3067;1
36063;2952;2
36067;2798;0
36070;2682;0
36074;2568;0
36077;2440;0
36081;2286;1
36085;2140;1
36088;1975;1
36092;1773;1
36096;1598;1
36099;1466;1
36103;1325;0
36107;1174;1
36110;1100;0
36114;1082;1
36118;1066;1
36121;1051;0
36125;1036;0
36129;1007;1
36132;1004;0
36136;1003;1
36139;1003;0
36143;1001;0
36147;1000;0
36150;991;1
36154;990;1
36158;989;1
36161;990;0
36165;989;0
36169;988;1
36172;989;0
36176;987;1
36180;987;0
36183;987;0
36187;987;2
36193;985;1
36194;987;1
36198;986;1
36201;987;1
36205;985;1
36209;986;1
36212;985;0
36216;984;0
36220;985;2
36223;985;0
36227;985;2
36231;984;0
36234;984;0
36238;984;1
36242;984;2
36245;984;0
36249;984;1
36252;983;0
36256;985;0
36260;984;0
36263;983;0
36267;975;0
36271;984;0
36274;984;1
36278;976;0
36282;983;0
36285;983;0
36289;975;0
36293;984;0
36296;982;1
36300;984;0
36303;976;1
36307;983;1
36311;976;0
36314;976;1
36318;975;0
36322;976;1
36325;974;1
36329;975;0
36333;975;0
36336;976;1
36340;974;0
36344;975;0
36350;982;0
36351;975;0
36355;975;0
36358;982;0
36362;975;1
36365;975;0
36369;983;2
36373;975;1
36376;984;0
36380;975;1
36384;983;2
36387;984;1
36391;984;2
36395;984;1
36398;984;0
36402;985;1
36406;984;0
36409;984;1
36413;985;2
36417;985;2
36420;985;1
36424;985;0
36427;985;1
36431;985;0
36435;986;0
36438;985;0
36442;985;1
36446;985;1
36449;985;1
36453;985;2
36457;984;2
36460;985;1
36464;985;2
36468;984;1
36471;986;1
36475;985;0
36478;984;0
36482;985;2
36486;986;1
36489;986;1
36493;985;0
36497;985;1
36500;986;2
36506;986;2
36508;986;2
36511;985;1
36515;986;0
36519;988;2
36522;986;0
36526;986;0
36530;988;1
36533;985;0
36537;986;0
36540;986;0
36544;987;0
36548;988;1
36551;986;1
36555;986;0
36559;988;0
36562;987;0
36566;988;1
36570;987;3
36573;987;2
36577;987;0
36581;988;1
36584;989;1
36588;989;0
36591;989;0
36595;984;0
36599;988;5
36602;986;21
36606;985;43
36610;976;60
36613;986;701
36617;1000;1536
36621;1005;2123
36624;1015;2473
36628;1020;2792
36632;1020;2987
36635;1020;3131
36639;1022;3255
36643;1021;3352
36649;1016;3488
36650;1016;3528
36653;1004;3615
36657;1002;3722
36661;1000;3807
36664;991;3870
36668;990;3920
36672;984;3965
36675;973;4008
36679;969;4029
36683;958;4055
36686;956;4073
36690;954;4078
36694;956;4092
36697;969;4095
36701;974;4095
36704;984;4095
36708;1000;4095
36712;1007;4095
36715;1016;4095
36719;1020;4095
36723;1024;4095
36726;1035;4095
36730;1040;4095
36734;1054;4095
36737;1066;4095
36741;1080;4095
36745;1086;4095
36748;1097;4095
36752;1101;4095
36756;1103;4095
36759;1115;4095
36763;1118;4095
36769;1132;4095
36770;1134;4095
36774;1143;4095
36777;1148;4095
36781;1152;4094
36785;1192;4090
36788;1305;4087
36792;1436;4077
36796;1564;4074
36799;1706;4062
36803;1774;4057
36807;1881;4047
36810;1935;4043
36814;1999;4031
36818;2061;4026
36821;2121;4012
36825;2159;3998
36828;2218;3993
36832;2251;3977
36836;2300;3963
36839;2332;3949
36843;2393;3944
36847;2427;3928
36850;2473;3913
36854;2506;3887
36858;2551;3870
36861;2598;3854
36865;2635;3832
36869;2684;3817
36872;2702;3789
36876;2733;3771
36879;2781;3753
36886;2814;3719
36887;2826;3708
36890;2857;3687
36894;2890;3662
36898;2910;3641
36901;2938;3613
36905;2959;3592
36909;2988;3566
36912;3017;3546
36916;3048;3533
36920;3066;3514
36923;3087;3496
36927;3113;3471
36931;3132;3450
36934;3160;3424
36938;3178;3406
36941;3208;3389
36945;3230;3373
36949;3256;3352
36952;3276;3326
36956;3303;3306
36960;3327;3287
36963;3352;3258
36967;3371;3229
36971;3388;3198
36974;3417;3167
36978;3438;3134
36982;3456;3104
36985;3479;3069
36989;3496;3036
36992;3501;2990
36996;3527;2953
37002;3548;2894
37003;3559;2879
37007;3577;2840
37011;3582;2796
37014;3596;2761
37018;3610;2729
37022;3624;2700
37025;3639;2669
37029;3643;2618
37033;3660;2558
37036;3673;2512
37040;3688;2445
37044;3695;2398
37047;3708;2349
37051;3723;2296
37054;3736;2239
37058;3742;2157
37062;3756;2031
37065;3769;1931
37069;3774;1772
37073;3785;1631
37076;3787;1513
37080;3800;1423
37084;3806;1245
37087;3816;1082
37091;3821;923
37095;3823;795
37098;3834;651
37102;3838;573
37105;3849;570
37109;3852;567
37113;3865;558
37116;3870;556
37212;4095;255
37212;4095;254
37212;4095;251
37215;4095;235
37219;4095;217
37222;4095;188
37226;4095;158
37230;4095;139
37233;4095;122
37237;4095;107
37241;4095;105
37244;4095;91
37248;4095;72
37251;4095;44
37255;4095;27
37259;4095;6
37262;4095;1
37266;4095;2
37270;4095;2
37273;4095;2
37277;4095;1
37281;4095;2
37284;4095;2
37288;4095;1
37292;4095;1
37295;4095;2
37299;4095;0
37303;4095;1
37306;4095;2
37310;4095;3
37313;4095;1
37317;4095;2
37321;4095;2
37324;4095;0
37328;4095;0
37332;4095;2
37335;4095;0
37436;2014;0
37436;1996;0
37436;1992;0
37439;1928;0
37443;1753;2
37446;1582;0
37450;1401;0
37454;1279;0
37457;1129;2
37461;1049;1
37465;1033;1
37468;1016;0
37472;1003;1
37476;988;0
37479;971;0
37483;954;0
37487;938;1
37490;936;1
37494;937;1
37497;938;1
37501;935;1
37505;936;1
37508;928;1
37512;936;1
37516;935;1
37519;928;1
37523;927;0
37527;928;1
37530;927;0
37534;927;2
37538;927;0
37541;927;1
37545;927;1
37548;925;0
37552;925;0
37556;927;0
37559;926;1
37563;926;1
37567;926;1
37570;926;0
37574;927;1
37598;925;0
37598;924;1
37598;924;1
37601;927;1
37605;925;0
37608;925;1
37612;924;1
37616;924;0
37619;923;0
37623;923;0
37626;925;0
37630;924;0
37634;925;1
37637;924;0
37641;924;0
37645;925;0
37648;923;0
37652;925;0
37656;923;0
37659;924;1
37663;924;1
37667;923;0
37670;924;1
37674;923;0
37677;924;1
37681;923;0
37685;923;0
37688;923;0
37692;924;0
37696;925;0
37699;924;1
37703;923;0
37707;925;0
37710;925;0
37714;924;0
37718;924;1
37721;925;1
37725;925;0
37729;925;1
37732;926;0
37736;925;1
37739;925;2
37743;927;0
37749;926;0
37750;925;0
37754;926;0
37758;936;0
37761;928;0
37765;928;0
37769;928;0
37772;927;0
37776;937;2
37780;927;1
37783;935;0
37787;937;0
37790;937;2
37794;937;2
37798;937;0
37801;937;1
37805;938;0
37809;938;0
37812;938;1
37816;936;2
37820;938;0
37823;938;1
37827;939;1
37831;937;2
37834;938;2
37838;938;2
37842;937;0
37845;938;1
37849;938;0
37852;938;0
37856;938;1
37860;938;1
37863;939;1
37867;939;1
37871;938;1
37874;939;1
37878;939;2
37882;939;0
37885;941;1
37889;939;2
37893;941;1
37896;940;0
37900;940;1
37906;941;1
37907;940;2
37911;942;1
37914;939;1
37918;940;0
37922;941;1
37925;941;1
37929;940;0
37933;940;1
37936;942;2
37940;941;0
37944;940;1
37947;942;1
37951;942;0
37955;942;1
37958;937;0
37962;952;4
37965;938;20
37969;927;44
37973;924;62
37976;939;904
37980;953;1752
37984;958;2297
37987;968;2634
37991;970;2847
37995;972;3019
37998;973;3159
38002;973;3247
38006;971;3351
38009;969;3432
38013;969;3487
38017;960;3551
38020;956;3616
38024;952;3693
38027;941;3769
38031;939;3837
38035;939;3883
38038;939;3927
38044;936;3976
38046;935;3981
38049;924;4008
38053;910;4026
38057;906;4046
38060;905;4063
38064;906;4078
38068;910;4090
38071;924;4090
38075;937;4092
38078;941;4094
38082;955;4095
38086;965;4095
38089;974;4095
38093;989;4095
38097;1004;4095
38100;1018;4095
38104;1037;4095
38108;1056;4095
38111;1079;4095
38115;1084;4095
38119;1095;4095
38122;1100;4095
38126;1111;4095
38130;1116;4095
38133;1128;4095
38137;1132;4095
38140;1165;4095
38144;1261;4095
38148;1405;4092
38151;1519;4093
38155;1608;4091
38159;1723;4079
38165;1863;4076
38166;1870;4074
38170;1934;4063
38173;2012;4057
38177;2062;4047
38181;2104;4041
38184;2157;4031
38188;2234;4024
38191;2281;4011
38195;2335;3997
38199;2381;3994
38202;2442;3982
38206;2493;3975
38210;2526;3959
38213;2575;3947
38217;2622;3935
38221;2667;3927
38224;2715;3914
38228;2761;3901
38232;2781;3896
38235;2826;3883
38239;2842;3865
38243;2856;3848
38246;2877;3831
38250;2890;3816
38253;2907;3799
38257;2923;3783
38261;2937;3769
38264;2959;3755
38268;2984;3741
38272;2990;3726
38275;3006;3719
38281;3032;3695
38283;3037;3693
38286;3054;3680
38290;3065;3676
38294;3081;3672
38297;3082;3663
38301;3084;3659
38304;3088;3663
38308;3101;3673
38312;3113;3673
38315;3118;3676
38319;3128;3677
38323;3135;3676
38326;3150;3676
38330;3164;3673
38334;3179;3664
38337;3192;3660
38341;3208;3647
38345;3230;3643
38348;3248;3630
38352;3275;3613
38356;3296;3595
38359;3320;3577
38363;3340;3560
38366;3358;3535
38370;3384;3520
38374;3401;3499
38377;3418;3482
38381;3448;3452
38385;3467;3436
38388;3483;3423
38392;3503;3407
38398;3534;3372
38399;3535;3367
38403;3561;3340
38407;3567;3321
38410;3583;3292
38414;3597;3275
38418;3613;3244
38421;3626;3214
38425;3642;3179
38428;3657;3146
38432;3664;3111
38436;3677;3068
38439;3702;3032
38443;3709;2988
38447;3723;2956
38450;3739;2909
38454;3755;2857
38458;3772;2792
38461;3786;2749
38465;3803;2698
38469;3817;2633
38472;3832;2559
38476;3836;2475
38479;3848;2393
38483;3863;2317
38487;3869;2189
38490;3883;2030
38494;3896;1865
38498;3902;1674
38501;3916;1483
38505;3930;1259
38509;3936;1053
38515;3961;701
38516;3962;621
38520;3976;576
38523;3992;571
38527;3999;559
38531;4013;556
38534;4027;552
38538;4041;543
38541;4054;541
38545;4063;534
38549;4075;524
38552;4088;522
38556;4093;509
38560;4095;505
38563;4095;491
38567;4095;478
38571;4095;471
38574;4095;457
38578;4095;432
38582;4095;407
38585;4095;364
38589;4079;328
38592;4095;272
38596;4095;256
38600;4095;224
38603;4095;173
38607;4095;109
38611;4095;60
38614;4095;30
38618;4095;21
38622;4095;18
38625;4095;9
38629;4095;5
38633;4095;4
38636;4095;4
38642;4095;4
38644;4095;2
38647;4095;2
38651;4095;1
38654;4095;3
38658;4095;2
38662;4095;1
38665;4095;0
38669;4095;2
38673;4095;1
38676;4095;2
38680;4095;1
38684;4095;1
38687;4095;2
38691;4095;0
38695;4095;2
38698;4095;2
38702;4095;0
38705;4095;0
38709;4095;0
38713;4095;1
38716;4095;1
38720;16;1
38724;1771;0
38727;2445;0
38731;2808;1
38735;4077;2
38738;123;0
38742;776;1
38746;1276;0
38749;252;1
38753;5;0
38757;3;2
38760;3;1
38764;3501;1
38767;3417;0
38771;3338;1
38775;2991;2
38778;3151;1
38782;3048;1
38788;2825;2
38789;2747;1
38793;2666;0
38797;2537;2
38800;2095;0
38804;2215;1
38808;2028;0
38811;1840;0
38815;1631;2
38819;1464;0
38822;1325;0
38826;1151;0
38829;1114;1
38833;1099;2
38837;1069;0
38840;1070;0
38844;1052;1
38848;717;0
38851;1023;0
38855;1022;0
38859;1020;0
38862;1017;0
38866;1016;2
38870;1015;1
38873;1016;0
38877;140;0
38880;3;0
38884;3;1
38888;2;1
38891;2;0
38895;2;0
38899;3;2
38902;3;0
38906;2;1
38910;2;2
38913;2;0
38917;2;0
38921;3;1
38924;2;0
38928;2;1
38932;2;0
38935;2;1
38939;2;1
38942;2;0
38949;2;1
38950;3;0
38953;2;0
38957;3;2
38961;0;0
38964;2;0
38968;3;2
38972;1;1
38975;3;0
38979;2;0
38983;2;0
38986;3;1
38990;3;0
38993;2;2
38997;1;1
39001;1;2
39004;4;1
39008;2;1
39012;2;0
39015;1;2
39019;1;0
39023;2;1
39026;2;1
39030;3;0
39034;1;0
39037;4;2
39041;0;1
39045;2;0
39048;4;0
39052;2;0
39055;2;0
39059;1;0
39063;1;1
39066;4;0
39070;2;0
39074;2;0
39077;1;0
39081;2;1
39085;2;1
39088;2;0
39092;0;0
39096;3;2
39099;2;0
39103;3;0
39106;1;0
39110;2;0
39114;1;0
39117;2;0
39121;1;0
39125;2;1
39128;2;1
39134;1;1
39136;2;0
39139;3;0
39143;2;0
39147;4;1
39150;0;0
39154;1;0
39158;2;0
39161;3;0
39165;2;1
39168;2;3
39172;3;0
39176;2;1
39179;2;0
39183;3;0
39187;2;0
39190;1;0
39194;2;0
39198;2;1
39201;1;0
39205;3;0
39209;1;0
39212;3;0
39216;2;0
39220;2;0
39223;1;1
39227;0;0
39230;2;0
39234;3;0
39238;3;1
39241;0;0
39245;1;1
39249;2;1
39252;3;0
39256;0;0
39260;2;2
39263;3;0
39267;2;0
39271;1;1
39274;1;0
39278;3;0
39281;3;0
39285;2;1
39289;1;0
39292;2;2
39296;2;0
39300;1;1
39303;2;0
39307;3;1
39311;2;0
39314;3;1
39320;4;2
39322;3;0
39325;2;1
39329;3;0
39333;1;0
39336;1;0
39340;3;1
39343;3;1
39347;8;0
39351;25;3
39354;56;300
39358;136;1240
39362;185;1913
39365;222;2411
39369;250;2743
39373;264;2974
39376;268;3133
39380;271;3241
39384;272;3326
39387;282;3408
39391;283;3481
39394;286;3530
39398;287;3582
39402;296;3656
39405;301;3735
39409;313;3802
39413;315;3851
39416;319;3897
39420;328;3928
39424;334;3948
39427;1255;3995
39431;1212;4014
39435;1193;4027
39438;891;4024
39442;380;4013
39446;382;4025
39449;392;4016
39455;1144;4048
39456;1273;4046
39460;1239;4046
39464;1227;4055
39467;1226;4046
39471;1229;4056
39475;1240;4043
39478;431;4008
39482;441;3993
39486;1290;4010
39489;1259;3996
39493;621;3950
39497;460;3942
39500;473;3928
39504;478;3917
39507;487;3902
39511;490;3895
39515;492;3881
39518;492;3865
39522;494;3847
39526;493;3832
39529;502;3807
39533;496;3799
39537;494;3783
39540;494;3757
39544;493;3740
39548;493;3711
39551;493;3691
39555;493;3663
39559;491;3645
39562;490;3627
39566;490;3610
39569;491;3580
39573;488;3562
39579;479;3532
39580;479;3528
39584;488;3511
39588;479;3495
39591;476;3466
39595;476;3449
39599;475;3421
39602;474;3403
39606;472;3386
39610;472;3370
39613;471;3344
39617;463;3336
39621;462;3312
39624;461;3293
39628;459;3277
39631;460;3260
39635;458;3241
39639;458;3226
39642;458;3211
39646;457;3196
39650;456;3182
39653;455;3176
39657;448;3166
39661;456;3151
39664;455;3134
39668;447;3117
39672;445;3101
39675;446;3087
39679;446;3072
39682;443;3053
39686;443;3037
39690;442;3018
39693;441;3000
39697;441;2984
39703;432;2956
39704;430;2953
39708;440;2940
39712;439;2926
39715;431;2920
39719;432;2909
39723;430;2906
39726;431;2892
39730;430;2888
39734;430;2889
39737;431;2876
39741;430;2874
39744;430;2876
39748;431;2877
39752;430;2889
39755;432;2892
39759;439;2903
39763;439;2911
39766;439;2926
39770;440;2938
39774;441;2953
39777;442;2958
39781;442;2976
39785;444;3002
39788;443;3018
39792;444;3024
39795;445;3047
39799;447;3053
39803;447;3083
39806;448;3088
39810;456;3114
39814;456;3129
39817;456;3147
39821;456;3161
39827;458;3194
39828;458;3197
39832;459;3209
39836;460;3226
39839;460;3240
39843;460;3256
39847;462;3272
39850;462;3288
39854;462;3294
39857;461;3311
39861;463;3325
39865;464;3337
39868;464;3352
39872;464;3358
39876;473;3374
39879;463;3390
39883;472;3406
39887;472;3420
39890;472;3435
39894;472;3449
39898;473;3465
39901;474;3480
39905;474;3495
39909;475;3502
39912;473;3514
39916;472;3529
39919;474;3534
39923;474;3549
39927;474;3564
39930;473;3576
39934;475;3594
39938;476;3596
39941;476;3608
39945;475;3614
39951;475;3629
39952;476;3629
39956;476;3642
39960;475;3655
39963;476;3657
39967;477;3658
39970;475;3659
39974;476;3661
39978;477;3662
39981;477;3663
39985;477;3663
39989;475;3662
39992;476;3662
39996;474;3659
40000;475;3658
40003;474;3648
40007;473;3646
40011;473;3642
40014;473;3640
40018;473;3630
40022;471;3624
40025;471;3615
40029;472;3610
40032;463;3608
40036;463;3596
40040;462;3583
40043;461;3579
40047;462;3568
40051;460;3566
40054;460;3563
40058;458;3561
40062;458;3560
40065;458;3561
40069;457;3561
40073;455;3560
40079;455;3562
40080;454;3564
40083;447;3565
40087;447;3566
40091;446;3575
40094;446;3575
40098;443;3576
40102;443;3581
40105;442;3581
40109;442;3591
40113;440;3593
40116;439;3595
40120;431;3597
40124;431;3608
40127;431;3610
40131;430;3613
40135;429;3614
40138;429;3624
40142;429;3626
40145;427;3630
40149;427;3629
40153;427;3632
40156;425;3639
40160;428;3640
40164;426;3641
40167;426;3641
40171;426;3641
40175;426;3642
40178;424;3644
40182;425;3644
40186;423;3645
40189;424;3644
40193;416;3644
40196;416;3643
40203;423;3641
40204;424;3641
40207;414;3641
40211;422;3641
40215;414;3639
40218;422;3640
40222;412;3630
40226;414;3629
40229;414;3628
40233;414;3627
40237;414;3627
40240;412;3626
40244;413;3625
40248;414;3623
40251;412;3624
40255;413;3623
40258;413;3615
40262;411;3613
40266;411;3614
40269;410;3615
40273;410;3615
40277;410;3614
40280;410;3612
40284;411;3615
40288;410;3615
40291;409;3615
40295;410;3615
40299;409;3615
40302;409;3615
40306;408;3623
40310;406;3624
40313;399;3624
40317;408;3625
40320;399;3627
40327;399;3627
40328;399;3627
40331;405;3628
40335;399;3628
40339;399;3630
40342;399;3640
40346;398;3632
40350;396;3640
40353;398;3640
40357;397;3642
40361;397;3643
40364;397;3645
40368;397;3646
40371;397;3647
40375;395;3655
40379;396;3657
40382;395;3657
40386;397;3657
40390;396;3657
40393;396;3657
40397;396;3658
40401;397;3661
40404;397;3660
40408;398;3660
40412;397;3662
40415;398;3671
40419;398;3662
40423;398;3671
40426;397;3672
40430;399;3673
40433;398;3673
40437;398;3673
40441;398;3674
40444;399;3672
40450;399;3676
40452;399;3676
40455;406;3676
40459;398;3677
40463;405;3678
40466;407;3678
40470;399;3687
40474;398;3688
40477;398;3688
40481;399;3689
40484;397;3690
40488;398;3690
40492;399;3691
40495;398;3691
40499;399;3694
40503;406;3692
40506;398;3695
40510;398;3694
40514;398;3694
40517;396;3694
40521;398;3695
40525;397;3695
40528;399;3695
40532;398;3704
40536;399;3705
40539;396;3705
40543;397;3704
40546;398;3704
40550;396;3705
40554;397;3704
40557;397;3705
40561;398;3705
40565;398;3705
40568;398;3707
40574;395;3707
40576;398;3707
40579;397;3708
40583;397;3708
40587;397;3708
40590;399;3708
40594;397;3710
40597;396;3710
40601;396;3711
40605;397;3711
40608;396;3719
40612;395;3720
40616;396;3721
40619;397;3722
40623;397;3722
40627;396;3721
40630;397;3723
40634;398;3724
40638;397;3725
40641;396;3725
40645;396;3726
40649;396;3725
40652;396;3726
40656;396;3735
40659;396;3727
40663;396;3736
40667;397;3736
40670;397;3737
40674;397;3736
40678;396;3736
40681;397;3736
40685;398;3737
40689;396;3736
40692;398;3737
40698;396;3737
40700;396;3737
40703;398;3737
40707;397;3738
40711;396;3738
40714;397;3737
40718;397;3737
40721;396;3738
40725;397;3739
40729;397;3737
40732;395;3738
40736;398;3740
40740;397;3739
40743;396;3739
40747;396;3739
40751;397;3740
40754;396;3740
40758;397;3741
40762;397;3740
40765;396;3741
40769;397;3741
40772;397;3741
40776;397;3741
40780;396;3740
40783;396;3740
40787;396;3740
40791;396;3740
40794;397;3741
40798;396;3741
40802;397;3742
40805;396;3740
40809;397;3740
40813;396;3743
40816;397;3741
40822;396;3741
40824;395;3741
40827;397;3743
40831;395;3741
40834;397;3743
40838;398;3742
40842;396;3741
40845;396;3741
40849;396;3743
40853;397;3743
40856;396;3743
40860;395;3743
40864;396;3743
40867;396;3750
40871;397;3751
40875;397;3752
40878;397;3751
40882;396;3751
40885;395;3751
40889;396;3754
40893;396;3753
40896;397;3752
40900;396;3752
40904;396;3753
40907;396;3754
40911;397;3753
40915;396;3753
40918;396;3753
40922;398;3753
40926;397;3755
40929;395;3755
40933;396;3755
40937;396;3754
40940;396;3755
40946;396;3756
40947;396;3754
40951;396;3756
40955;396;3753
40958;396;3755
40962;397;3755
40966;395;3755
40969;395;3755
40973;396;3754
40977;396;3756
40980;396;3758
40984;396;3755
40988;397;3756
40991;395;3757
40995;396;3757
40998;396;3757
41002;397;3757
41006;395;3757
41009;396;3756
41013;395;3757
41017;397;3759
41020;396;3755
41024;396;3757
41028;396;3759
41031;395;3758
41035;395;3756
41039;397;3758
41042;396;3758
41046;397;3759
41050;396;3760
41053;394;3757
41057;397;3758
41060;396;3759
41064;394;3758
41068;398;3759
41074;397;3767
41075;397;3767
41079;395;3758
41082;396;3768
41086;395;3768
41090;395;3768
41093;395;3768
41097;397;3768
41101;396;3769
41104;397;3769
41108;396;3767
41112;397;3768
41115;398;3770
41119;395;3768
41122;395;3768
41126;396;3768
41130;398;3768
41133;397;3768
41137;395;3768
41141;397;3768
41144;397;3768
41148;396;3767
41152;396;3767
41155;396;3759
41159;397;3759
41163;395;3758
41166;397;3759
41170;395;3758
41173;395;3760
41177;396;3766
41181;397;3759
41184;397;3766
41188;398;3768
41192;396;3767
41198;396;3758
41199;397;3768
41203;396;3759
41206;396;3758
41210;396;3758
41214;397;3758
41217;397;3758
41221;396;3757
41225;397;3758
41228;397;3758
41232;395;3758
41235;397;3757
41239;397;3757
41243;398;3755
41246;396;3754
41250;395;3755
41254;398;3755
41257;396;3754
41261;396;3754
41265;395;3754
41268;397;3753
41272;395;3754
41276;396;3753
41279;396;3752
41283;398;3752
41286;395;3752
41290;397;3743
41294;397;3742
41297;396;3742
41301;397;3741
41305;397;3741
41308;396;3740
41312;396;3739
41316;396;3740
41322;396;3737
41323;397;3736
41327;394;3737
41330;396;3736
41334;397;3728
41338;396;3726
41341;396;3726
41345;394;3725
41348;397;3725
41352;396;3724
41356;396;3724
41359;395;3724
41363;396;3722
41367;394;3721
41370;395;3720
41374;397;3711
41378;396;3711
41381;396;3710
41385;396;3710
41389;393;3710
41392;395;3709
41396;395;3709
41399;395;3707
41403;396;3706
41407;397;3709
41410;396;3707
41414;396;3706
41418;396;3707
41421;396;3705
41425;396;3705
41429;395;3706
41432;394;3705
41436;395;3705
41440;396;3704
41446;395;3695
41447;395;3694
41451;394;3694
41454;396;3694
41458;396;3693
41461;394;3693
41465;395;3693
41469;396;3692
41472;395;3692
41476;395;3692
41480;395;3691
41483;395;3689
41487;397;3689
41491;395;3688
41494;395;3688
41498;395;3687
41502;395;3679
41505;396;3679
41509;396;3676
41513;396;3676
41516;395;3674
41520;394;3674
41523;395;3673
41527;395;3672
41531;394;3672
41534;394;3663
41538;396;3660
41542;394;3661
41545;394;3659
41549;395;3658
41553;394;3658
41556;395;3656
41560;396;3655
41564;394;3647
41570;396;3647
41571;396;3647
41574;396;3647
41578;394;3645
41582;394;3645
41585;395;3644
41589;394;3643
41593;395;3642
41596;396;3642
41600;394;3642
41604;395;3640
41607;394;3641
41611;396;3640
41615;396;3640
41618;396;3640
41622;395;3640
41626;396;3640
41629;395;3638
41633;396;3640
41636;396;3640
41640;396;3632
41644;396;3631
41647;394;3632
41651;394;3640
41655;395;3639
41658;396;3631
41662;395;3631
41666;394;3631
41669;395;3638
41673;395;3629
41677;395;3631
41680;395;3630
41684;397;3630
41687;395;3631
41694;395;3629
41695;395;3629
41698;396;3629
41702;396;3630
41706;397;3629
41709;396;3629
41713;394;3630
41717;397;3629
41720;396;3629
41724;395;3629
41728;395;3629
41731;396;3629
41735;394;3630
41739;395;3630
41742;396;3629
41746;396;3629
41749;395;3630
41753;395;3630
41757;395;3631
41760;394;3630
41764;396;3640
41768;396;3638
41771;395;3631
41775;397;3639
41779;396;3639
41782;395;3639
41786;397;3639
41790;395;3639
41793;394;3631
41797;395;3632
41800;396;3632
41804;397;3631
41808;394;3631
41811;396;3640
41818;396;3639
41819;398;3640
41822;396;3639
41826;396;3630
41830;397;3631
41833;396;3638
41837;396;3639
41841;397;3631
41844;396;3639
41848;395;3632
41852;396;3639
41855;398;3640
41859;397;3639
41862;396;3639
41866;395;3632
41870;397;3640
41873;395;3632
41877;395;3630
41881;395;3631
41884;396;3629
41888;397;3629
41892;396;3629
41895;397;3630
41899;396;3628
41903;396;3628
41906;395;3628
41910;396;3627
41914;396;3628
41917;396;3626
41921;395;3626
41924;395;3626
41928;396;3625
41932;397;3625
41935;398;3625
41939;396;3625
41945;397;3625
41946;397;3624
41950;397;3624
41954;396;3624
41957;397;3624
41961;396;3624
41965;395;3623
41968;396;3624
41972;396;3615
41975;397;3615
41979;396;3624
41983;395;3622
41986;396;3624
41990;396;3623
41994;396;3615
41997;397;3616
42001;397;3623
42005;396;3623
42008;398;3615
42012;397;3615
42016;396;3624
42019;397;3623
42023;397;3623
42027;395;3615
42030;397;3615
42034;395;3616
42037;397;3623
42041;396;3623
42045;396;3616
42048;397;3615
42052;397;3615
42056;397;3623
42059;395;3614
42063;397;3614
42069;395;3614
42070;396;3614
42074;397;3613
42078;397;3613
42081;394;3614
42085;396;3613
42088;395;3615
42092;397;3613
42096;396;3614
42099;395;3614
42103;394;3613
42107;396;3613
42110;396;3614
42114;396;3612
42118;396;3614
42121;395;3613
42125;396;3614
42129;396;3622
42132;396;3614
42136;396;3622
42140;396;3615
42143;396;3615
42147;394;3615
42150;396;3615
42154;397;3624
42158;397;3623
42161;396;3624
42165;395;3616
42169;397;3623
42172;398;3624
42176;396;3623
42180;394;3624
42183;397;3625
