time_s,L1_heel,L2_lateral_forefoot,L3_medial_forefoot,R1_heel,R2_lateral_forefoot,R3_medial_forefoot,L_ax,L_ay,L_az,L_gx,L_gy,L_gz,R_ax,R_ay,R_az,R_gx,R_gy,R_gz
0.0,0.0,0.776,2.0,4.0,0.776,0.0,0.0399,0.0013,0.9922,33.43,0.51,-1.11,0.0363,0.0023,0.9774,-34.82,1.17,0.17
0.01,0.381,0.913,2.163,3.666,0.638,0.0,0.0335,0.0017,1.0011,33.48,-0.06,-0.63,0.0355,0.0057,1.0121,-33.68,-1.88,1.46
0.02,0.76,1.048,2.32,3.323,0.497,0.0,0.0414,0.0132,0.9939,36.08,-1.4,-0.94,0.043,-0.0057,1.0012,-33.74,-0.33,-0.61
0.03,1.139,1.181,2.473,2.973,0.356,0.0,0.0501,0.0233,0.9965,33.75,-0.71,-0.55,0.0265,-0.0195,0.9954,-33.71,-0.04,0.11
0.04,1.514,1.311,2.619,2.617,0.214,0.0,0.0326,0.0242,1.0158,34.15,-0.26,-0.21,0.0175,-0.0102,1.0077,-32.43,0.02,0.75
0.05,1.886,1.438,2.76,2.254,0.071,0.0,0.0326,0.0299,1.0124,32.07,-1.6,0.84,0.0365,-0.0531,1.0142,-33.53,0.18,-1.32
0.06,2.254,1.561,2.895,1.886,0.0,0.0,0.0507,0.0282,0.9858,31.48,-0.74,-0.32,0.0377,-0.0147,0.9708,-32.84,0.61,3.1
0.07,2.617,1.682,3.023,1.514,0.0,0.0,0.0426,0.0341,1.0069,32.63,0.65,-1.59,0.0498,-0.0578,1.0029,-31.56,-0.04,0.03
0.08,2.973,1.798,3.144,1.139,0.0,0.0,0.0302,0.0322,1.0064,29.39,1.43,1.14,0.0222,-0.0525,0.9841,-31.38,-0.37,0.14
0.09,3.323,1.91,3.258,0.76,0.0,0.0,0.0403,0.069,0.9866,29.41,-0.42,-0.84,0.0464,-0.0519,1.0031,-29.32,-0.41,1.26
0.1,3.666,2.018,3.365,0.381,0.0,0.0,0.0303,0.0441,1.006,28.85,0.76,-0.06,0.0586,-0.0581,0.9991,93.91,-0.61,-99.09
0.11,4.0,2.121,3.464,0.0,0.0,0.0,0.0302,0.0546,1.0129,27.82,-1.91,0.45,-0.0038,-0.0084,1.0062,105.45,0.79,24.88
0.12,4.325,2.22,3.555,0.0,0.0,0.0,0.0373,0.0591,0.986,26.34,0.66,0.2,0.0307,-0.0305,0.9939,-8.06,-0.65,249.18
0.13,4.64,2.313,3.639,0.0,0.0,0.0,0.0158,0.0797,0.9877,25.63,-0.8,1.09,0.0828,-0.0186,0.9773,-7.36,0.85,245.64
0.14,4.945,2.402,3.713,0.0,0.0,0.0,0.0177,0.0721,1.0068,24.57,0.31,0.48,0.1296,-0.0283,0.9868,-7.62,0.02,243.42
0.15,5.239,2.484,3.78,0.0,0.0,0.0,0.0293,0.0915,0.999,23.17,-0.25,-0.86,0.1769,-0.0208,0.989,-7.07,-0.52,240.09
0.16,5.521,2.562,3.838,0.0,0.0,0.0,0.0248,0.0761,1.0015,19.93,1.32,2.18,0.2059,-0.0255,0.9872,-6.18,0.62,234.39
0.17,5.79,2.633,3.887,0.0,0.0,0.0,0.038,0.0891,0.9991,19.05,-0.87,0.19,0.2666,-0.025,0.9559,-5.6,-0.73,228.34
0.18,6.046,2.698,3.928,0.0,0.0,0.0,0.0258,0.0812,0.9993,18.88,0.63,-0.15,0.2774,-0.0324,0.9674,-5.31,0.64,219.02
0.19,6.288,2.758,3.959,0.0,0.0,0.0,0.0208,0.1139,0.9818,16.88,-0.28,0.96,0.3069,-0.0329,0.9391,-3.09,0.21,208.66
0.2,6.517,2.811,3.982,0.0,0.0,0.0,0.0496,0.0832,1.0053,12.86,-0.16,0.25,0.369,-0.0257,0.937,-5.26,-0.6,200.94
0.21,6.73,2.858,3.995,0.0,0.0,0.0,0.0326,0.1005,1.0063,12.78,-0.18,0.4,0.3667,-0.0198,0.9156,-3.79,0.53,190.14
0.22,6.928,2.898,4.0,0.0,0.0,0.0,0.0356,0.1058,0.9921,8.61,-0.85,2.49,0.4166,-0.0359,0.9096,-4.75,0.55,177.45
0.23,7.111,2.931,3.995,0.0,0.0,0.0,0.0207,0.1052,0.9938,8.75,-0.01,-0.28,0.4766,-0.0391,0.9038,-2.24,1.16,163.35
0.24,7.277,2.958,3.982,0.0,0.0,0.0,0.0295,0.1006,0.9788,8.7,-0.06,-0.32,0.4696,-0.0247,0.8701,-3.16,0.97,150.68
0.25,7.427,2.979,3.959,0.0,0.0,0.0,0.036,0.1022,0.9992,3.93,0.24,0.12,0.4804,-0.0314,0.8636,-1.74,0.49,138.42
0.26,7.56,2.992,3.928,0.0,0.0,0.0,0.0234,0.1046,0.9997,2.1,0.08,1.07,0.5103,-0.023,0.8611,-1.25,-1.13,119.78
0.27,7.676,2.999,3.887,0.0,0.0,0.0,0.0387,0.103,0.9933,1.74,0.8,-1.51,0.527,-0.0405,0.8731,-0.01,2.45,102.41
0.28,7.774,2.999,3.838,0.0,0.0,0.0,0.0289,0.1141,1.0052,-2.52,0.92,-1.97,0.5432,-0.0492,0.8316,-0.26,-1.4,86.67
0.29,7.855,2.992,3.78,0.0,0.0,0.0,0.032,0.1263,0.9906,-3.56,-1.05,-0.59,0.5598,-0.0366,0.8531,0.28,0.95,70.97
0.3,7.919,2.979,3.713,0.0,0.0,0.0,0.0289,0.0979,0.9997,-4.28,0.87,-1.63,0.5517,-0.0388,0.8467,2.9,0.43,51.47
0.31,7.964,2.958,3.639,0.0,0.0,0.0,0.0534,0.0888,0.9839,-7.44,-1.19,-0.42,0.5853,-0.0316,0.8213,2.33,-1.17,35.7
0.32,7.991,2.931,3.555,0.0,0.0,0.0,0.0348,0.1002,0.994,-8.94,0.59,0.5,0.5748,-0.0367,0.8167,2.05,-0.12,18.19
0.33,8.0,2.898,3.464,0.0,0.0,0.0,0.0243,0.1252,0.9927,-9.84,0.62,-0.89,0.5808,-0.0225,0.8119,2.92,-0.08,1.54
0.34,7.991,2.858,3.365,0.0,0.0,0.0,0.0431,0.0894,0.9969,-12.01,-1.91,-1.43,0.566,-0.0322,0.819,5.37,1.31,-16.5
0.35,7.964,2.811,3.258,0.0,0.0,0.0,0.0227,0.1115,0.9912,-13.96,0.09,0.07,0.5813,-0.0271,0.8083,4.03,-0.71,-34.67
0.36,7.919,2.758,3.144,0.0,0.0,0.0,0.037,0.1093,0.9938,-16.32,-0.47,0.86,0.5595,-0.0262,0.826,4.11,-0.26,-55.24
0.37,7.855,2.698,3.023,0.0,0.0,0.0,0.0153,0.084,1.0036,-17.32,-0.76,-1.69,0.5559,-0.025,0.8478,4.62,-2.34,-69.42
0.38,7.774,2.633,2.895,0.0,0.0,0.0,0.0216,0.092,0.9913,-19.46,1.35,0.82,0.5323,-0.0262,0.8342,5.25,1.73,-86.55
0.39,7.676,2.562,2.76,0.0,0.0,0.0,0.0369,0.0991,0.9799,-20.46,-0.65,0.82,0.5175,-0.0198,0.8469,5.68,-1.07,-103.47
0.4,7.56,2.484,2.619,0.0,0.0,0.0,0.0423,0.0753,1.0138,-22.93,-0.81,0.95,0.5177,-0.0317,0.8424,5.45,0.33,-121.39
0.41,7.427,2.402,2.473,0.0,0.0,0.0,0.0366,0.073,1.0104,-24.05,0.08,1.22,0.4871,-0.0085,0.8744,6.04,-0.1,-135.77
0.42,7.277,2.313,2.32,0.0,0.0,0.0,0.0337,0.0649,0.984,-26.23,0.69,2.2,0.4612,-0.0236,0.8852,6.74,-0.1,-150.8
0.43,7.111,2.22,2.163,0.0,0.0,0.0,0.0319,0.0561,1.0041,-26.55,-0.14,-0.36,0.439,-0.033,0.8958,8.55,0.81,-165.53
0.44,6.928,2.121,2.0,0.0,0.0,0.0,0.0201,0.055,0.9925,-28.52,1.17,0.11,0.4256,-0.0166,0.9058,7.93,1.67,-176.56
0.45,6.73,2.018,1.833,0.0,0.0,0.19,0.0277,0.0443,1.0004,-29.93,0.53,-0.42,0.3832,-0.0255,0.918,8.44,0.25,-189.5
0.46,6.517,1.91,1.662,0.0,0.0,0.38,0.0303,0.0518,1.001,-29.57,-2.18,0.0,0.3568,-0.0088,0.9386,10.22,0.66,-197.26
0.47,6.288,1.798,1.487,0.0,0.0,0.569,0.0455,0.0385,0.996,-30.53,-0.53,1.53,0.3244,0.0082,0.9456,10.52,0.33,-210.22
0.48,6.046,1.682,1.308,0.0,0.0,0.757,0.0383,0.0431,0.9907,-30.77,-0.56,-1.35,0.2694,-0.0201,0.9605,9.18,1.02,-217.85
0.49,5.79,1.561,1.127,0.0,0.0,0.943,0.0173,0.0196,0.9919,-32.69,0.48,-0.86,0.2363,-0.0072,0.9701,9.05,-0.46,-228.69
0.5,5.521,1.438,0.943,0.0,0.071,1.127,0.0381,0.0328,0.9898,-32.46,-2.62,1.38,0.2152,-0.0264,0.9885,9.0,1.08,-234.47
0.51,5.239,1.311,0.757,0.0,0.214,1.308,0.031,0.0321,0.9908,-32.81,2.55,1.02,0.1639,-0.0026,0.992,10.7,1.11,-239.48
0.52,4.945,1.181,0.569,0.0,0.356,1.487,0.0281,-0.0021,0.9986,-33.31,0.53,-0.36,0.1401,-0.0142,0.9935,9.92,1.08,-244.89
0.53,4.64,1.048,0.38,0.0,0.497,1.662,0.041,0.0157,0.9922,-34.86,0.15,0.85,0.0965,-0.0098,1.0114,9.82,-0.66,-247.57
0.54,4.325,0.913,0.19,0.0,0.638,1.833,0.0452,0.0183,1.0062,-34.05,1.18,0.34,0.0508,-0.0128,1.0033,9.45,-0.17,-149.27
0.55,4.0,0.776,0.0,0.0,0.776,2.0,0.0442,-0.0121,1.0143,-33.89,2.34,1.5,0.0531,0.0073,1.0124,21.49,0.24,-25.08
0.56,3.666,0.638,0.0,0.381,0.913,2.163,0.0265,0.0107,0.9936,-34.19,0.87,0.07,0.0341,0.0161,1.0054,34.52,-1.37,1.86
0.57,3.323,0.497,0.0,0.76,1.048,2.32,0.0318,-0.0077,1.0017,-36.12,0.95,1.03,0.0414,0.0122,0.9809,32.71,1.59,0.38
0.58,2.973,0.356,0.0,1.139,1.181,2.473,0.0382,-0.0249,1.0042,-33.59,0.13,2.64,0.0291,0.0092,1.0123,34.75,-0.01,0.48
0.59,2.617,0.214,0.0,1.514,1.311,2.619,0.0447,-0.0243,1.0038,-31.15,-0.14,0.6,0.0594,0.0396,1.0005,32.83,0.28,0.54
0.6,2.254,0.071,0.0,1.886,1.438,2.76,0.0301,-0.0239,0.9997,-33.23,-0.48,0.05,0.0547,0.022,0.9984,32.72,-0.58,0.61
0.61,1.886,0.0,0.0,2.254,1.561,2.895,0.033,-0.0344,1.0062,-32.99,-0.83,0.72,0.035,0.0136,1.0016,30.92,-1.33,-0.08
0.62,1.514,0.0,0.0,2.617,1.682,3.023,0.0238,-0.0354,1.0034,-31.18,-0.69,-0.37,0.0388,0.0453,0.9951,31.54,-0.6,-0.32
0.63,1.139,0.0,0.0,2.973,1.798,3.144,0.0229,-0.0554,0.9859,-30.43,-1.35,2.39,0.0485,0.0351,1.0006,30.41,0.22,0.17
0.64,0.76,0.0,0.0,3.323,1.91,3.258,0.043,-0.0498,1.0068,-28.63,-0.08,0.18,0.0334,0.0614,0.9921,29.78,0.67,1.16
0.65,0.381,0.0,0.0,3.666,2.018,3.365,0.0485,-0.0707,1.0067,93.36,-1.68,-100.27,0.0283,0.0528,1.0105,30.29,0.16,1.13
0.66,0.0,0.0,0.0,4.0,2.121,3.464,-0.0007,-0.0196,0.9922,105.95,0.19,24.01,0.0436,0.0676,0.9964,27.89,0.35,-0.24
0.67,0.0,0.0,0.0,4.325,2.22,3.555,0.0536,-0.0289,0.9992,-7.36,-0.04,250.15,0.0357,0.0803,0.9934,25.72,-0.34,0.77
0.68,0.0,0.0,0.0,4.64,2.313,3.639,0.0904,-0.0286,1.0028,-7.71,0.15,248.01,0.0367,0.0587,0.9876,24.52,0.5,-0.19
0.69,0.0,0.0,0.0,4.945,2.402,3.713,0.123,-0.0102,0.9892,-6.82,-0.52,243.48,0.0266,0.0694,0.9993,24.47,1.48,0.03
0.7,0.0,0.0,0.0,5.239,2.484,3.78,0.1749,-0.0128,0.9957,-5.7,3.08,240.15,0.0177,0.0783,0.9981,23.73,0.7,-0.47
0.71,0.0,0.0,0.0,5.521,2.562,3.838,0.2272,-0.0188,1.0006,-5.4,1.36,232.44,0.0373,0.0982,0.9998,21.2,0.81,-0.18
0.72,0.0,0.0,0.0,5.79,2.633,3.887,0.2507,-0.0369,0.9598,-6.94,-1.24,227.31,0.0439,0.0798,0.9854,20.02,0.29,1.34
0.73,0.0,0.0,0.0,6.046,2.698,3.928,0.3042,-0.0301,0.9433,-4.49,0.23,219.6,0.0326,0.0836,0.9794,18.3,-1.5,0.09
0.74,0.0,0.0,0.0,6.288,2.758,3.959,0.2981,-0.0157,0.9486,-4.86,-0.61,211.76,0.0493,0.0973,1.0014,17.4,-1.04,0.14
0.75,0.0,0.0,0.0,6.517,2.811,3.982,0.3662,-0.0272,0.9406,-4.2,-1.01,199.11,0.0279,0.0893,1.0097,12.28,0.45,-1.45
0.76,0.0,0.0,0.0,6.73,2.858,3.995,0.3903,-0.0061,0.9183,-3.66,-1.34,187.42,0.0244,0.099,0.9844,13.09,-0.01,-0.31
0.77,0.0,0.0,0.0,6.928,2.898,4.0,0.4156,-0.0259,0.9223,-3.33,0.43,175.66,0.0342,0.0839,1.0103,11.57,0.44,-0.24
0.78,0.0,0.0,0.0,7.111,2.931,3.995,0.4464,-0.0285,0.8815,-1.42,-0.68,162.17,0.0341,0.1232,0.9971,7.37,1.68,-0.83
0.79,0.0,0.0,0.0,7.277,2.958,3.982,0.4499,-0.0339,0.8893,-2.12,0.97,150.97,0.0426,0.089,0.9941,5.92,0.73,0.02
0.8,0.0,0.0,0.0,7.427,2.979,3.959,0.4894,-0.0298,0.8644,-2.58,0.99,136.54,0.0271,0.1003,0.9901,4.02,1.26,-0.43
0.81,0.0,0.0,0.0,7.56,2.992,3.928,0.5144,-0.0328,0.8765,-1.27,1.37,119.98,0.0486,0.1038,0.9801,2.2,0.09,0.08
0.82,0.0,0.0,0.0,7.676,2.999,3.887,0.5423,-0.0243,0.8691,-0.11,-0.85,104.95,0.0546,0.1236,1.0038,0.5,-0.81,0.12
0.83,0.0,0.0,0.0,7.774,2.999,3.838,0.5364,-0.0218,0.8325,1.52,0.48,87.39,0.0345,0.0912,0.9862,-0.74,-0.06,-0.96
0.84,0.0,0.0,0.0,7.855,2.992,3.78,0.545,-0.0392,0.8272,1.48,0.63,70.25,0.0474,0.124,0.9862,-2.07,-0.8,-0.4
0.85,0.0,0.0,0.0,7.919,2.979,3.713,0.5571,-0.0444,0.8353,0.61,-0.47,52.74,0.0243,0.111,1.0039,-3.79,1.56,0.08
0.86,0.0,0.0,0.0,7.964,2.958,3.639,0.5776,-0.0491,0.8184,4.53,-0.77,35.22,0.0457,0.1066,0.9753,-7.64,0.79,1.18
0.87,0.0,0.0,0.0,7.991,2.931,3.555,0.5756,-0.0253,0.8192,2.88,1.61,16.26,0.0454,0.0913,0.979,-9.55,0.52,0.26
0.88,0.0,0.0,0.0,8.0,2.898,3.464,0.5683,-0.0409,0.819,4.45,0.23,0.26,0.0435,0.1051,0.9943,-9.27,1.24,-0.66
0.89,0.0,0.0,0.0,7.991,2.858,3.365,0.5774,-0.0508,0.8005,3.58,0.64,-17.85,0.0347,0.0902,0.9976,-11.78,-2.02,0.4
0.9,0.0,0.0,0.0,7.964,2.811,3.258,0.5694,-0.0247,0.8222,4.8,-0.82,-34.79,0.0054,0.1078,0.9997,-14.15,0.59,1.71
0.91,0.0,0.0,0.0,7.919,2.758,3.144,0.5718,-0.0029,0.8199,5.63,-1.22,-52.98,0.0285,0.0828,0.9921,-15.51,-1.31,0.92
0.92,0.0,0.0,0.0,7.855,2.698,3.023,0.5461,-0.027,0.8279,6.52,-0.57,-70.51,0.0286,0.0884,1.0207,-17.72,-0.01,0.55
0.93,0.0,0.0,0.0,7.774,2.633,2.895,0.5383,-0.0175,0.8548,6.86,-0.12,-88.13,0.0251,0.0808,0.9934,-18.81,-0.31,0.73
0.94,0.0,0.0,0.0,7.676,2.562,2.76,0.5236,-0.0241,0.8367,7.15,-1.06,-103.65,0.0361,0.073,0.9936,-21.25,0.66,1.44
0.95,0.0,0.0,0.0,7.56,2.484,2.619,0.4962,-0.0247,0.8676,6.41,-0.01,-118.92,0.0307,0.0865,0.9883,-22.16,0.23,1.08
0.96,0.0,0.0,0.0,7.427,2.402,2.473,0.4945,-0.0133,0.8678,6.59,-1.69,-136.13,0.0267,0.0804,0.9978,-25.38,1.35,0.57
0.97,0.0,0.0,0.0,7.277,2.313,2.32,0.4724,-0.0241,0.8798,7.9,-1.12,-149.54,0.0243,0.0828,1.003,-25.92,-0.6,1.07
0.98,0.0,0.0,0.0,7.111,2.22,2.163,0.4455,-0.0172,0.903,8.89,0.67,-163.28,0.0277,0.0484,1.0092,-27.19,0.71,-1.08
0.99,0.0,0.0,0.0,6.928,2.121,2.0,0.4163,-0.0152,0.9114,8.09,0.6,-177.27,0.0461,0.0722,0.9826,-28.09,0.16,-1.5
1.0,0.0,0.0,0.19,6.73,2.018,1.833,0.3753,-0.0237,0.9266,9.71,-0.39,-189.29,0.0283,0.0816,0.9953,-29.74,-1.64,0.16
1.01,0.0,0.0,0.38,6.517,1.91,1.662,0.3537,-0.0055,0.9433,10.4,-1.02,-199.65,0.0298,0.047,1.0025,-30.36,-0.92,0.07
1.02,0.0,0.0,0.569,6.288,1.798,1.487,0.3209,-0.0156,0.9426,8.31,-1.03,-211.18,0.0303,0.0651,1.0042,-32.25,-0.15,-0.54
1.03,0.0,0.0,0.757,6.046,1.682,1.308,0.2806,-0.0198,0.9513,8.63,-0.37,-218.8,0.0383,0.0381,0.9986,-31.0,1.11,0.83
1.04,0.0,0.0,0.943,5.79,1.561,1.127,0.2494,-0.0052,0.9571,9.54,0.64,-228.02,0.0395,0.0215,1.0042,-32.34,0.46,-1.86
1.05,0.0,0.071,1.127,5.521,1.438,0.943,0.2159,-0.0178,0.969,10.17,0.93,-232.88,0.0045,0.0264,0.9909,-34.57,-1.17,-0.53
1.06,0.0,0.214,1.308,5.239,1.311,0.757,0.1901,-0.0068,1.0147,9.48,-0.5,-237.24,0.0451,0.0342,1.0147,-34.2,-0.14,-0.48
1.07,0.0,0.356,1.487,4.945,1.181,0.569,0.1312,-0.0054,1.004,11.48,-1.15,-244.84,0.0493,0.0095,1.0092,-33.42,2.02,-1.64
1.08,0.0,0.497,1.662,4.64,1.048,0.38,0.0894,0.0073,0.9827,10.63,0.27,-246.61,0.0244,0.0059,0.9859,-34.57,0.11,1.49
1.09,0.0,0.638,1.833,4.325,0.913,0.19,0.0428,0.003,0.9858,10.3,-0.82,-149.78,0.0252,0.0119,0.9886,-34.89,-0.33,-1.36
1.1,0.0,0.776,2.0,4.0,0.776,0.0,0.0157,-0.0003,1.0042,20.83,-0.52,-23.8,0.0304,0.0,0.9889,-34.33,0.49,-0.59
1.11,0.381,0.913,2.163,3.666,0.638,0.0,0.0346,0.0142,1.0048,32.88,1.33,-1.27,0.0273,-0.0001,1.0062,-33.85,0.76,0.91
1.12,0.76,1.048,2.32,3.323,0.497,0.0,0.0355,0.0258,1.0048,34.31,0.83,0.48,0.0371,-0.0096,0.9865,-35.47,-0.46,0.65
1.13,1.139,1.181,2.473,2.973,0.356,0.0,0.0595,0.0234,0.9967,31.62,0.16,-0.87,0.0154,-0.0131,0.9959,-33.2,0.5,-1.11
1.14,1.514,1.311,2.619,2.617,0.214,0.0,0.033,0.0238,0.9979,34.38,-1.27,-0.21,0.0237,-0.028,1.0037,-34.16,-0.33,0.68
1.15,1.886,1.438,2.76,2.254,0.071,0.0,0.0379,0.0164,1.0022,32.71,0.21,-1.03,0.0503,-0.0272,0.9983,-32.88,0.72,0.29
1.16,2.254,1.561,2.895,1.886,0.0,0.0,0.0346,0.0245,0.9996,35.5,1.06,0.82,0.0256,-0.0445,1.0014,-32.3,0.17,2.33
1.17,2.617,1.682,3.023,1.514,0.0,0.0,0.0232,0.0377,0.9764,33.86,-0.38,-0.84,0.0473,-0.0279,0.9879,-32.08,0.48,0.4
1.18,2.973,1.798,3.144,1.139,0.0,0.0,0.0463,0.0401,0.996,30.56,1.35,0.55,0.0385,-0.0525,1.0043,-31.76,-0.76,-0.14
1.19,3.323,1.91,3.258,0.76,0.0,0.0,0.0424,0.0496,0.9896,29.72,1.29,-0.34,0.0168,-0.0402,0.9919,-30.11,-0.82,-0.86
1.2,3.666,2.018,3.365,0.381,0.0,0.0,0.0428,0.0572,0.9995,29.81,1.66,-0.11,0.0413,-0.0589,0.9945,-27.19,0.95,-0.74
1.21,4.0,2.121,3.464,0.0,0.0,0.0,0.0258,0.0668,1.0274,29.41,0.31,0.15,0.0337,-0.0595,0.9999,103.86,-0.08,24.02
1.22,4.325,2.22,3.555,0.0,0.0,0.0,0.0489,0.0655,1.0009,24.88,0.59,-0.76,0.039,-0.0248,0.9999,117.17,0.29,150.42
1.23,4.64,2.313,3.639,0.0,0.0,0.0,0.0209,0.0756,0.9938,23.45,1.41,0.21,0.0893,-0.0314,0.9962,-7.83,-0.31,247.16
1.24,4.945,2.402,3.713,0.0,0.0,0.0,0.0408,0.0757,1.0058,23.25,0.45,1.53,0.1342,-0.04,0.9838,-7.13,0.9,244.55
1.25,5.239,2.484,3.78,0.0,0.0,0.0,0.0568,0.0593,1.0011,23.01,-0.5,-0.78,0.1783,-0.0343,0.982,-7.82,-0.61,241.09
1.26,5.521,2.562,3.838,0.0,0.0,0.0,0.025,0.0734,1.0002,21.41,-0.45,1.17,0.2236,-0.0281,0.977,-7.05,-0.14,231.59
1.27,5.79,2.633,3.887,0.0,0.0,0.0,0.0292,0.0849,1.0017,20.4,0.24,1.5,0.2551,-0.0238,0.9539,-6.3,0.79,228.4
1.28,6.046,2.698,3.928,0.0,0.0,0.0,0.0359,0.0775,1.0159,16.49,-1.29,-0.82,0.2748,-0.0168,0.9525,-6.35,1.17,219.2
1.29,6.288,2.758,3.959,0.0,0.0,0.0,0.0299,0.0985,0.9838,13.67,-0.14,-1.46,0.3196,-0.0322,0.9495,-5.0,-0.52,210.49
1.3,6.517,2.811,3.982,0.0,0.0,0.0,0.0194,0.1104,0.9996,15.09,1.1,0.3,0.3874,-0.0374,0.9206,-4.68,1.96,199.06
1.31,6.73,2.858,3.995,0.0,0.0,0.0,0.0356,0.1096,0.9854,11.6,-2.19,-0.55,0.3967,-0.0437,0.9322,-1.88,0.31,187.95
1.32,6.928,2.898,4.0,0.0,0.0,0.0,0.0243,0.0973,1.0,8.57,1.53,1.87,0.4423,-0.0251,0.9204,-4.34,-1.04,177.04
1.33,7.111,2.931,3.995,0.0,0.0,0.0,0.0396,0.116,0.9851,8.85,1.12,0.03,0.4594,-0.0165,0.8824,-2.51,0.37,165.89
1.34,7.277,2.958,3.982,0.0,0.0,0.0,0.0257,0.1039,0.99,7.6,-0.46,-0.8,0.4722,-0.0181,0.896,-1.79,-0.38,150.64
1.35,7.427,2.979,3.959,0.0,0.0,0.0,0.0504,0.1001,0.9911,4.75,0.54,-1.15,0.4946,-0.024,0.869,-2.53,0.43,136.26
1.36,7.56,2.992,3.928,0.0,0.0,0.0,0.0271,0.098,1.0037,2.47,0.0,1.09,0.5105,-0.0249,0.8634,-0.19,-0.04,119.47
1.37,7.676,2.999,3.887,0.0,0.0,0.0,0.0317,0.1015,1.0031,0.82,1.23,-0.57,0.5101,-0.0144,0.8442,-0.69,0.07,103.12
1.38,7.774,2.999,3.838,0.0,0.0,0.0,0.043,0.1006,0.9815,-1.35,0.98,0.04,0.5418,-0.0281,0.8494,-2.2,-0.91,86.48
1.39,7.855,2.992,3.78,0.0,0.0,0.0,0.0226,0.1059,0.9945,-4.28,-1.4,0.96,0.5652,-0.0248,0.8367,1.54,0.99,69.86
1.4,7.919,2.979,3.713,0.0,0.0,0.0,0.0372,0.1051,0.9869,-5.59,0.59,-0.48,0.5561,-0.0343,0.8185,0.35,-1.16,51.02
1.41,7.964,2.958,3.639,0.0,0.0,0.0,0.048,0.1025,0.9815,-6.28,-0.21,-0.05,0.5726,-0.0444,0.8107,0.99,-1.11,34.81
1.42,7.991,2.931,3.555,0.0,0.0,0.0,0.0188,0.1055,0.9921,-8.39,0.08,-0.02,0.5808,-0.0372,0.8051,3.3,0.37,17.25
1.43,8.0,2.898,3.464,0.0,0.0,0.0,0.0367,0.1113,0.9914,-10.42,-0.73,0.68,0.5645,-0.03,0.8207,2.83,1.6,-0.18
1.44,7.991,2.858,3.365,0.0,0.0,0.0,0.0375,0.1069,1.0189,-13.42,1.75,0.59,0.5678,-0.0287,0.8254,4.65,-0.35,-17.68
1.45,7.964,2.811,3.258,0.0,0.0,0.0,0.0427,0.0803,0.9992,-14.41,1.04,-0.22,0.5583,-0.0093,0.8289,5.48,0.7,-35.17
1.46,7.919,2.758,3.144,0.0,0.0,0.0,0.0225,0.0669,0.9813,-18.16,-0.74,0.06,0.5539,-0.027,0.8256,4.15,1.07,-53.09
1.47,7.855,2.698,3.023,0.0,0.0,0.0,0.0217,0.0989,0.9897,-17.51,-1.33,-0.37,0.5403,-0.0151,0.8212,6.1,0.81,-70.93
1.48,7.774,2.633,2.895,0.0,0.0,0.0,0.0401,0.0727,1.0059,-17.91,-0.39,-1.48,0.5326,-0.0303,0.8335,5.04,-0.31,-89.22
1.49,7.676,2.562,2.76,0.0,0.0,0.0,0.0379,0.0806,1.0168,-22.39,0.43,0.26,0.5417,-0.028,0.8608,8.51,-1.09,-104.3
1.5,7.56,2.484,2.619,0.0,0.0,0.0,0.0374,0.0674,0.9804,-23.02,0.24,1.89,0.5017,-0.037,0.8546,6.04,-2.21,-120.63
1.51,7.427,2.402,2.473,0.0,0.0,0.0,0.0384,0.057,0.9778,-23.54,1.25,-0.88,0.4928,-0.03,0.8721,8.19,-0.26,-134.52
1.52,7.277,2.313,2.32,0.0,0.0,0.0,0.0281,0.0762,1.0156,-23.98,0.79,-0.77,0.4647,-0.016,0.8718,8.41,1.18,-148.72
1.53,7.111,2.22,2.163,0.0,0.0,0.0,0.0372,0.0738,1.0011,-26.97,0.97,-0.87,0.4572,-0.0198,0.8985,8.27,-1.12,-162.57
1.54,6.928,2.121,2.0,0.0,0.0,0.0,0.0378,0.0557,0.9888,-28.4,0.33,0.72,0.4318,-0.009,0.9034,7.64,0.7,-175.8
1.55,6.73,2.018,1.833,0.0,0.0,0.19,0.0278,0.0307,1.0031,-30.78,-1.39,0.45,0.3981,-0.0152,0.9314,8.49,-0.95,-188.83
1.56,6.517,1.91,1.662,0.0,0.0,0.38,0.0536,0.046,0.9717,-29.72,-0.2,-0.16,0.361,-0.019,0.9414,6.79,0.11,-200.41
1.57,6.288,1.798,1.487,0.0,0.0,0.569,0.0396,0.0501,0.9984,-28.7,1.06,-0.92,0.322,0.0076,0.9409,9.45,0.71,-210.8
1.58,6.046,1.682,1.308,0.0,0.0,0.757,0.023,0.026,1.0018,-31.27,-0.05,0.09,0.2767,-0.0132,0.9561,9.82,-0.66,-220.65
1.59,5.79,1.561,1.127,0.0,0.0,0.943,0.0415,0.037,1.008,-32.28,0.5,-1.56,0.2705,0.0011,0.9624,9.81,0.17,-226.13
1.6,5.521,1.438,0.943,0.0,0.071,1.127,0.0252,0.0293,0.9888,-32.54,-0.32,0.14,0.2043,-0.0129,0.9631,6.89,-0.42,-234.12
1.61,5.239,1.311,0.757,0.0,0.214,1.308,0.0428,0.0295,1.0,-33.37,-1.03,0.87,0.1779,-0.0,0.9766,8.74,0.71,-240.82
1.62,4.945,1.181,0.569,0.0,0.356,1.487,0.0465,0.0191,0.99,-34.56,-0.12,-1.25,0.1401,0.0039,0.9935,9.38,0.24,-244.81
1.63,4.64,1.048,0.38,0.0,0.497,1.662,0.0267,0.0022,1.0019,-33.21,0.31,-1.53,0.0813,-0.0015,0.9995,10.5,0.06,-248.01
1.64,4.325,0.913,0.19,0.0,0.638,1.833,0.0445,0.0179,0.9904,-33.97,-0.66,1.58,0.0539,-0.0253,1.0005,10.55,1.56,-249.01
1.65,4.0,0.776,0.0,0.0,0.776,2.0,0.039,-0.0016,0.9953,-34.24,-0.24,-0.61,0.0076,0.0002,0.997,22.09,0.66,-23.78
1.66,3.666,0.638,0.0,0.381,0.913,2.163,0.0431,-0.0063,0.9894,-35.17,-0.94,1.14,0.0522,0.0183,1.0087,34.83,-0.69,99.65
1.67,3.323,0.497,0.0,0.76,1.048,2.32,0.0539,-0.0213,1.0058,-32.73,1.12,-0.15,0.0302,0.0172,1.0,33.0,-0.09,-2.25
1.68,2.973,0.356,0.0,1.139,1.181,2.473,0.0324,-0.0223,1.0078,-33.09,-0.29,-0.16,0.022,0.0223,1.0063,34.36,-0.08,-0.19
1.69,2.617,0.214,0.0,1.514,1.311,2.619,0.0274,-0.0326,0.9968,-33.92,1.45,0.44,0.0298,0.0065,0.9814,33.84,0.08,-0.16
1.7,2.254,0.071,0.0,1.886,1.438,2.76,0.026,-0.0312,0.9993,-31.86,1.53,-0.88,0.037,0.0223,0.9597,33.24,2.52,-0.22
1.71,1.886,0.0,0.0,2.254,1.561,2.895,0.0267,-0.0181,0.9843,-32.76,-0.08,0.13,0.0355,0.0393,1.0016,32.08,0.37,-0.63
1.72,1.514,0.0,0.0,2.617,1.682,3.023,0.0341,-0.0545,0.9956,-32.33,-1.01,-0.38,0.031,0.0449,0.9843,33.38,-2.04,0.22
1.73,1.139,0.0,0.0,2.973,1.798,3.144,0.0383,-0.0623,0.9978,-31.5,-2.09,-1.32,0.0158,0.0583,0.9962,31.23,-0.54,0.07
1.74,0.76,0.0,0.0,3.323,1.91,3.258,0.0377,-0.0368,1.0243,-31.6,-1.47,0.34,0.0396,0.05,0.995,28.86,-1.93,-0.02
1.75,0.381,0.0,0.0,3.666,2.018,3.365,0.0432,-0.0587,0.9867,-28.34,-1.37,-0.26,0.0546,0.0606,1.0137,29.06,-0.33,0.41
1.76,0.0,0.0,0.0,4.0,2.121,3.464,0.035,-0.0682,1.0121,103.39,1.38,24.69,0.0395,0.0617,1.0015,28.46,-1.99,-0.43
1.77,0.0,0.0,0.0,4.325,2.22,3.555,0.0581,-0.0095,1.0088,114.25,0.12,147.84,0.041,0.0564,0.9989,25.93,-0.87,-0.49
1.78,0.0,0.0,0.0,4.64,2.313,3.639,0.0842,-0.0273,0.9988,-9.65,0.39,248.74,0.0406,0.0482,1.0053,26.33,-1.52,1.38
1.79,0.0,0.0,0.0,4.945,2.402,3.713,0.1567,-0.0043,1.0089,-7.25,-2.22,244.86,0.0389,0.0793,1.0003,24.25,0.38,0.56
1.8,0.0,0.0,0.0,5.239,2.484,3.78,0.1775,-0.017,0.9887,-6.88,-1.2,240.54,0.0442,0.0808,0.9917,20.09,0.0,0.83
1.81,0.0,0.0,0.0,5.521,2.562,3.838,0.2033,-0.0298,0.9809,-6.6,0.89,233.64,0.0389,0.0767,1.0067,21.22,0.3,1.23
1.82,0.0,0.0,0.0,5.79,2.633,3.887,0.2403,-0.0044,0.9671,-6.84,0.29,225.39,0.0318,0.0701,0.9846,18.93,-0.1,0.53
1.83,0.0,0.0,0.0,6.046,2.698,3.928,0.2934,-0.033,0.9693,-6.48,-0.15,221.1,0.0269,0.0959,0.9986,18.23,-1.39,0.93
1.84,0.0,0.0,0.0,6.288,2.758,3.959,0.3221,-0.0204,0.9566,-4.33,0.56,209.99,0.0324,0.0898,0.9796,16.93,0.51,-1.58
1.85,0.0,0.0,0.0,6.517,2.811,3.982,0.3651,-0.0256,0.9271,-4.82,1.64,199.14,0.038,0.1007,0.9969,14.42,1.92,0.2
1.86,0.0,0.0,0.0,6.73,2.858,3.995,0.3942,-0.0163,0.9075,-3.41,-0.22,189.12,0.0317,0.1161,0.9966,14.09,0.41,-0.18
1.87,0.0,0.0,0.0,6.928,2.898,4.0,0.4179,-0.0143,0.9057,-4.06,0.07,177.72,0.038,0.078,1.0112,10.41,-0.43,1.68
1.88,0.0,0.0,0.0,7.111,2.931,3.995,0.437,-0.0301,0.8869,-2.43,0.19,163.49,0.0393,0.0941,0.9786,9.33,-1.43,0.93
1.89,0.0,0.0,0.0,7.277,2.958,3.982,0.4546,-0.0383,0.8817,-0.74,2.39,150.91,0.0432,0.1004,0.9881,7.61,-0.91,-0.63
1.9,0.0,0.0,0.0,7.427,2.979,3.959,0.4871,-0.0265,0.8828,-0.88,-2.1,136.07,0.0477,0.118,1.0023,4.78,0.45,0.37
1.91,0.0,0.0,0.0,7.56,2.992,3.928,0.5194,-0.0381,0.8547,-1.29,0.68,118.59,0.0357,0.0878,0.9973,3.71,1.07,0.17
1.92,0.0,0.0,0.0,7.676,2.999,3.887,0.5296,-0.0113,0.8487,-0.04,-0.11,103.05,0.0218,0.1238,0.9957,0.38,0.26,0.45
1.93,0.0,0.0,0.0,7.774,2.999,3.838,0.5292,-0.03,0.8408,0.05,0.57,88.21,0.0314,0.1058,0.9844,-1.4,0.8,-1.02
1.94,0.0,0.0,0.0,7.855,2.992,3.78,0.5549,-0.0349,0.8412,0.89,-0.66,67.63,0.0353,0.1032,0.988,-4.24,0.71,0.36
1.95,0.0,0.0,0.0,7.919,2.979,3.713,0.5659,-0.0292,0.8042,1.14,-0.05,52.93,0.0165,0.1015,1.0065,-4.63,0.51,-0.23
1.96,0.0,0.0,0.0,7.964,2.958,3.639,0.5596,-0.0443,0.8162,1.88,0.71,34.1,0.0488,0.0981,0.9936,-6.48,-0.66,0.28
1.97,0.0,0.0,0.0,7.991,2.931,3.555,0.5738,-0.0401,0.8218,2.82,3.11,17.34,0.0363,0.1116,0.998,-7.53,0.17,-0.72
1.98,0.0,0.0,0.0,8.0,2.898,3.464,0.5742,-0.0179,0.8308,2.18,0.81,-0.3,0.0387,0.0887,0.9933,-9.79,-0.85,-0.59
1.99,0.0,0.0,0.0,7.991,2.858,3.365,0.5609,-0.0358,0.8148,2.71,-0.85,-18.17,0.0486,0.1009,0.9828,-12.71,0.02,1.17
2.0,0.0,0.0,0.0,7.964,2.811,3.258,0.572,-0.039,0.8036,2.88,-0.42,-36.09,0.0286,0.0913,1.0042,-15.41,0.33,-1.05
2.01,0.0,0.0,0.0,7.919,2.758,3.144,0.5677,-0.0224,0.833,3.2,-0.45,-54.17,0.0406,0.0849,1.0001,-15.55,1.68,-0.98
2.02,0.0,0.0,0.0,7.855,2.698,3.023,0.564,-0.015,0.8264,4.09,-1.8,-68.05,0.0338,0.1154,1.0184,-16.58,-1.31,-0.05
2.03,0.0,0.0,0.0,7.774,2.633,2.895,0.5521,-0.0187,0.8285,5.96,-0.33,-85.39,0.0331,0.0905,0.9855,-18.58,0.48,-0.77
2.04,0.0,0.0,0.0,7.676,2.562,2.76,0.5137,-0.0149,0.843,5.38,0.73,-104.89,0.0272,0.089,1.0042,-19.83,1.48,-0.89
2.05,0.0,0.0,0.0,7.56,2.484,2.619,0.5014,-0.0313,0.8576,7.24,-1.27,-118.08,0.0516,0.0904,0.9831,-22.64,0.76,0.11
2.06,0.0,0.0,0.0,7.427,2.402,2.473,0.4967,-0.0367,0.8646,7.2,1.05,-135.39,0.0311,0.0608,0.9981,-24.34,0.83,-1.51
2.07,0.0,0.0,0.0,7.277,2.313,2.32,0.4749,-0.0062,0.8605,5.6,0.49,-149.5,0.0419,0.0883,1.0067,-25.97,0.59,-1.01
2.08,0.0,0.0,0.0,7.111,2.22,2.163,0.4506,-0.0231,0.9041,8.61,-0.73,-163.57,0.0161,0.0412,0.9765,-26.57,1.3,2.05
2.09,0.0,0.0,0.0,6.928,2.121,2.0,0.4572,-0.021,0.9207,9.12,-0.14,-177.22,0.0467,0.0538,0.9954,-27.79,-1.09,0.46
2.1,0.0,0.0,0.19,6.73,2.018,1.833,0.3952,-0.0037,0.9274,7.65,1.6,-187.72,0.0454,0.052,0.9922,-28.61,-1.39,-0.75
2.11,0.0,0.0,0.38,6.517,1.91,1.662,0.3693,-0.0099,0.9223,9.37,0.73,-199.76,0.0359,0.0573,0.991,-29.96,-0.01,0.42
2.12,0.0,0.0,0.569,6.288,1.798,1.487,0.3338,-0.0093,0.9439,8.37,0.01,-210.53,0.0326,0.0484,1.0022,-30.87,-2.16,0.57
2.13,0.0,0.0,0.757,6.046,1.682,1.308,0.2951,0.0094,0.9573,9.56,-0.24,-220.45,0.0389,0.0391,1.0098,-32.33,1.23,0.99
2.14,0.0,0.0,0.943,5.79,1.561,1.127,0.2479,-0.017,0.9739,8.41,0.08,-228.02,0.0578,0.0351,0.9974,-31.32,1.22,-0.13
2.15,0.0,0.071,1.127,5.521,1.438,0.943,0.2194,0.0004,0.9839,8.07,-0.51,-235.59,0.0173,0.0197,1.001,-32.79,-0.43,0.98
2.16,0.0,0.214,1.308,5.239,1.311,0.757,0.1635,-0.0065,0.9779,9.63,-2.1,-239.56,0.0427,0.0087,1.0003,-33.54,-0.37,-2.04
2.17,0.0,0.356,1.487,4.945,1.181,0.569,0.1271,-0.0027,0.9924,10.0,2.04,-245.18,0.0258,0.0251,0.9992,-34.5,-0.07,-1.06
2.18,0.0,0.497,1.662,4.64,1.048,0.38,0.082,0.0117,1.0008,9.81,0.16,-247.41,0.0347,0.0189,0.9884,-35.36,0.05,0.16
2.19,0.0,0.638,1.833,4.325,0.913,0.19,0.0444,0.0033,1.0136,9.08,0.4,-147.68,0.0324,0.0218,1.0105,-32.89,0.13,0.33
2.2,0.0,0.776,2.0,4.0,0.776,0.0,0.058,0.0054,1.0064,21.86,-0.06,-23.64,0.0306,-0.0079,1.0023,-33.7,0.56,-0.91
2.21,0.381,0.913,2.163,3.666,0.638,0.0,0.0162,0.0167,1.0073,34.47,-0.74,-0.03,0.0348,0.0009,1.0033,-35.82,-0.17,0.26
2.22,0.76,1.048,2.32,3.323,0.497,0.0,0.0418,0.0083,1.0002,33.99,-0.19,-0.09,0.0236,-0.0148,0.9913,-33.27,0.94,-0.62
2.23,1.139,1.181,2.473,2.973,0.356,0.0,0.0188,0.0095,1.0133,33.93,-1.6,1.88,0.0452,-0.006,0.9946,-32.83,0.45,-0.28
2.24,1.514,1.311,2.619,2.617,0.214,0.0,0.0302,0.0133,1.0032,32.69,2.28,0.52,0.017,-0.0135,0.9973,-33.24,-0.61,1.02
2.25,1.886,1.438,2.76,2.254,0.071,0.0,0.0458,0.0098,0.9903,34.04,-1.23,-0.33,0.0403,-0.0274,0.9836,-31.27,1.34,0.91
2.26,2.254,1.561,2.895,1.886,0.0,0.0,0.0355,0.0557,1.0128,31.09,-1.03,-1.43,0.0316,-0.0386,0.9819,-32.04,-1.36,-1.0
2.27,2.617,1.682,3.023,1.514,0.0,0.0,0.0241,0.0297,1.0055,32.04,-0.44,0.39,0.0232,-0.0311,0.9926,-32.97,-0.09,-1.06
2.28,2.973,1.798,3.144,1.139,0.0,0.0,0.0277,0.044,0.9939,31.92,1.29,0.83,0.0369,-0.0397,1.0035,-30.37,0.97,-0.41
2.29,3.323,1.91,3.258,0.76,0.0,0.0,0.0417,0.0487,0.9933,30.31,0.01,-0.63,0.0193,-0.0583,0.9915,-29.58,-0.72,-0.03
2.3,3.666,2.018,3.365,0.381,0.0,0.0,0.0276,0.0597,1.0008,28.61,-1.24,0.29,0.0353,-0.0699,0.9876,-29.42,0.31,-0.66
2.31,4.0,2.121,3.464,0.0,0.0,0.0,0.0371,0.0697,1.0021,27.18,1.25,-0.36,0.0207,-0.0644,0.9894,105.79,0.54,25.88
2.32,4.325,2.22,3.555,0.0,0.0,0.0,0.0354,0.0748,0.9992,27.55,0.73,-0.18,0.0482,-0.0047,0.9943,113.81,-0.86,149.4
2.33,4.64,2.313,3.639,0.0,0.0,0.0,0.0284,0.0649,1.0,23.81,0.54,-2.49,0.0776,-0.0098,0.9925,-6.58,-0.07,247.55
2.34,4.945,2.402,3.713,0.0,0.0,0.0,0.0563,0.0734,1.0136,22.9,0.72,-0.22,0.125,-0.0337,1.013,-8.04,-0.16,242.71
2.35,5.239,2.484,3.78,0.0,0.0,0.0,0.0412,0.0819,1.007,22.03,2.39,0.97,0.1742,-0.0354,0.9955,-7.71,-0.55,240.74
2.36,5.521,2.562,3.838,0.0,0.0,0.0,0.0146,0.0803,0.9979,22.15,2.19,-0.63,0.2041,-0.0121,0.9872,-6.39,2.3,231.12
2.37,5.79,2.633,3.887,0.0,0.0,0.0,0.0368,0.1024,1.0051,19.71,-0.69,0.05,0.2505,-0.0373,0.9793,-5.37,-0.76,227.96
2.38,6.046,2.698,3.928,0.0,0.0,0.0,0.0283,0.0945,0.985,16.72,1.62,-0.76,0.2735,-0.0218,0.9471,-5.14,1.0,220.08
2.39,6.288,2.758,3.959,0.0,0.0,0.0,0.0434,0.0998,0.9991,15.67,0.38,0.36,0.3306,-0.0339,0.9334,-5.54,-0.39,209.62
2.4,6.517,2.811,3.982,0.0,0.0,0.0,0.027,0.1017,1.013,13.62,0.5,-0.22,0.3756,-0.0124,0.9223,-4.77,-1.09,201.16
2.41,6.73,2.858,3.995,0.0,0.0,0.0,0.0338,0.1092,0.9925,11.72,-1.69,-0.94,0.4174,-0.037,0.934,-4.86,0.1,188.64
2.42,6.928,2.898,4.0,0.0,0.0,0.0,0.0399,0.1012,0.986,11.56,-0.17,1.33,0.4196,-0.0184,0.9023,-3.4,0.65,176.62
2.43,7.111,2.931,3.995,0.0,0.0,0.0,0.0436,0.0881,0.9877,7.34,-0.81,0.93,0.4533,-0.0285,0.8824,-1.54,0.92,163.85
2.44,7.277,2.958,3.982,0.0,0.0,0.0,0.0229,0.1065,0.9832,8.41,0.83,-0.6,0.452,-0.0283,0.8781,-2.04,1.56,152.82
2.45,7.427,2.979,3.959,0.0,0.0,0.0,0.0316,0.097,0.9862,5.7,1.07,0.5,0.5066,-0.0508,0.868,-0.6,2.95,136.34
2.46,7.56,2.992,3.928,0.0,0.0,0.0,0.0302,0.0989,0.9903,4.02,-2.07,0.54,0.5186,-0.0533,0.8619,0.58,0.25,120.36
2.47,7.676,2.999,3.887,0.0,0.0,0.0,0.0284,0.1103,0.9799,0.52,-0.02,0.64,0.5227,-0.0336,0.8516,-0.88,-0.66,102.81
2.48,7.774,2.999,3.838,0.0,0.0,0.0,0.0526,0.1169,0.9941,-1.13,1.12,-1.69,0.554,-0.0289,0.8319,0.11,0.45,87.4
2.49,7.855,2.992,3.78,0.0,0.0,0.0,0.0389,0.1044,1.003,-4.36,-0.19,1.01,0.5506,-0.0425,0.8395,3.05,-0.27,69.53
2.5,7.919,2.979,3.713,0.0,0.0,0.0,0.0223,0.1066,0.9849,-5.4,0.73,-0.57,0.5575,-0.042,0.8203,2.91,0.93,53.9
2.51,7.964,2.958,3.639,0.0,0.0,0.0,0.0441,0.1195,1.0093,-6.31,0.35,-0.36,0.5732,-0.0252,0.8207,0.37,-1.3,35.67
2.52,7.991,2.931,3.555,0.0,0.0,0.0,0.0561,0.1035,0.9994,-7.41,0.34,2.64,0.5617,-0.0248,0.8265,3.0,2.37,16.69
2.53,8.0,2.898,3.464,0.0,0.0,0.0,0.0452,0.1254,1.0047,-11.69,-0.27,0.3,0.5838,-0.0313,0.8124,3.18,0.86,0.08
2.54,7.991,2.858,3.365,0.0,0.0,0.0,0.0197,0.1031,0.9881,-12.79,-1.22,-0.39,0.5617,-0.0215,0.814,4.55,-1.68,-18.66
2.55,7.964,2.811,3.258,0.0,0.0,0.0,0.0301,0.0775,1.0034,-14.38,-1.12,-2.21,0.558,-0.0403,0.8283,3.52,-0.71,-35.38
2.56,7.919,2.758,3.144,0.0,0.0,0.0,0.0476,0.1,0.9842,-17.38,0.71,1.39,0.553,-0.0313,0.8182,3.96,0.82,-53.93
2.57,7.855,2.698,3.023,0.0,0.0,0.0,0.0278,0.0934,1.0043,-17.1,0.02,-1.35,0.5607,-0.0104,0.8289,4.63,1.18,-70.32
2.58,7.774,2.633,2.895,0.0,0.0,0.0,0.0393,0.0992,0.9974,-20.06,-0.14,-1.0,0.5354,-0.0252,0.8459,5.23,-1.27,-86.51
2.59,7.676,2.562,2.76,0.0,0.0,0.0,0.0426,0.0896,1.0015,-21.11,-0.42,-0.33,0.514,-0.0236,0.8698,7.09,0.71,-103.78
2.6,7.56,2.484,2.619,0.0,0.0,0.0,0.0256,0.0777,0.9845,-22.88,-0.31,1.42,0.5048,-0.0007,0.8655,5.55,-1.95,-120.05
2.61,7.427,2.402,2.473,0.0,0.0,0.0,0.0343,0.0628,0.9876,-24.66,1.05,0.77,0.4913,-0.0365,0.8753,6.54,-0.09,-134.79
2.62,7.277,2.313,2.32,0.0,0.0,0.0,0.0025,0.0687,1.0029,-25.24,-0.34,-0.16,0.458,-0.0133,0.8879,5.78,1.11,-148.93
2.63,7.111,2.22,2.163,0.0,0.0,0.0,0.0247,0.0577,0.9877,-26.73,-1.34,0.31,0.4339,-0.0032,0.8844,8.96,-0.55,-164.62
2.64,6.928,2.121,2.0,0.0,0.0,0.0,0.0324,0.0557,1.0021,-28.08,0.74,-0.6,0.4398,-0.0217,0.9092,9.58,-1.51,-176.29
2.65,6.73,2.018,1.833,0.0,0.0,0.19,0.0224,0.0625,0.9841,-29.54,-0.2,0.14,0.3808,-0.0084,0.9206,8.32,0.15,-187.38
2.66,6.517,1.91,1.662,0.0,0.0,0.38,0.0512,0.0682,1.0065,-29.51,0.03,0.07,0.3547,-0.0253,0.9368,8.65,-0.6,-199.31
2.67,6.288,1.798,1.487,0.0,0.0,0.569,0.0206,0.0501,0.986,-29.09,1.61,0.97,0.3206,-0.0207,0.947,9.67,0.63,-209.99
2.68,6.046,1.682,1.308,0.0,0.0,0.757,0.0305,0.0288,1.0041,-31.41,-0.02,0.97,0.2844,-0.0084,0.9612,10.94,-0.89,-218.51
2.69,5.79,1.561,1.127,0.0,0.0,0.943,0.0362,0.0396,1.005,-31.27,0.29,0.49,0.2573,-0.0026,0.9648,10.09,-0.77,-226.67
2.7,5.521,1.438,0.943,0.0,0.071,1.127,0.0493,0.0415,0.992,-34.26,-1.18,-0.36,0.2213,0.0024,0.9778,9.16,-2.02,-233.19
2.71,5.239,1.311,0.757,0.0,0.214,1.308,0.0205,0.0176,1.0049,-33.21,-0.22,0.74,0.1682,0.0086,0.9729,8.39,0.17,-241.6
2.72,4.945,1.181,0.569,0.0,0.356,1.487,0.0465,0.0165,1.0018,-34.85,0.61,-0.09,0.1171,-0.006,0.9884,9.01,-0.16,-245.53
2.73,4.64,1.048,0.38,0.0,0.497,1.662,0.035,0.0121,0.9939,-35.51,-1.56,-1.08,0.0996,0.0084,1.0101,10.28,-1.19,-246.14
2.74,4.325,0.913,0.19,0.0,0.638,1.833,0.0251,-0.0019,0.9893,-34.94,0.2,-0.4,0.0426,-0.0052,1.0022,9.6,0.19,-250.56
2.75,4.0,0.776,0.0,0.0,0.776,2.0,0.0395,0.0065,0.9798,-33.06,0.1,0.08,0.0173,0.009,0.9998,22.46,1.03,-24.44
2.76,3.666,0.638,0.0,0.381,0.913,2.163,0.0369,-0.0072,1.0029,-33.25,0.04,0.91,0.0124,0.0081,1.0183,33.64,-0.22,99.65
2.77,3.323,0.497,0.0,0.76,1.048,2.32,0.0289,-0.0077,0.9837,-33.79,1.04,-0.18,0.0369,0.0164,0.9857,32.97,0.27,-1.0
2.78,2.973,0.356,0.0,1.139,1.181,2.473,0.0356,-0.0267,1.0002,-35.28,0.33,-1.21,0.0541,0.0221,0.9881,32.57,0.27,0.35
2.79,2.617,0.214,0.0,1.514,1.311,2.619,0.031,-0.0281,0.9965,-33.56,1.48,0.06,0.0314,0.0077,1.0162,34.93,-1.2,0.2
2.8,2.254,0.071,0.0,1.886,1.438,2.76,0.036,-0.0223,1.0057,-32.56,-0.99,0.11,0.0326,0.0183,0.9994,33.75,2.06,2.11
2.81,1.886,0.0,0.0,2.254,1.561,2.895,0.0415,-0.0389,0.9958,-32.09,0.14,0.19,0.0379,0.0362,0.9963,33.99,-0.47,-0.62
2.82,1.514,0.0,0.0,2.617,1.682,3.023,0.0508,-0.0235,0.9953,-33.4,0.08,0.92,0.0293,0.0239,0.9866,32.09,0.66,1.44
2.83,1.139,0.0,0.0,2.973,1.798,3.144,0.0225,-0.0502,1.0056,-31.63,-1.07,1.02,0.0318,0.0545,1.0028,30.31,0.77,0.35
2.84,0.76,0.0,0.0,3.323,1.91,3.258,0.0562,-0.0492,1.0014,-29.89,0.96,-0.59,0.0315,0.0602,1.0035,31.15,-0.14,-0.66
2.85,0.381,0.0,0.0,3.666,2.018,3.365,0.0154,-0.0473,1.001,-28.28,2.32,-0.62,0.0286,0.0599,0.9868,28.78,0.61,0.8
2.86,0.0,0.0,0.0,4.0,2.121,3.464,0.0334,-0.0757,1.0022,103.02,-0.02,23.8,0.0472,0.0503,0.9961,27.93,0.25,0.57
2.87,0.0,0.0,0.0,4.325,2.22,3.555,0.0494,-0.0375,0.9835,115.32,0.51,149.75,0.0395,0.08,0.9938,26.47,-1.42,0.04
2.88,0.0,0.0,0.0,4.64,2.313,3.639,0.0896,-0.0365,1.0036,-7.43,0.08,248.59,0.0374,0.0911,0.9994,22.29,-0.33,0.27
2.89,0.0,0.0,0.0,4.945,2.402,3.713,0.1233,-0.0099,0.9975,-6.31,-0.71,243.67,0.043,0.0765,0.9854,25.48,-0.61,-0.6
2.9,0.0,0.0,0.0,5.239,2.484,3.78,0.1692,-0.0293,0.9748,-6.04,-1.82,239.33,0.0323,0.0842,1.0088,22.92,-0.46,-0.83
2.91,0.0,0.0,0.0,5.521,2.562,3.838,0.2069,0.0007,0.9746,-5.69,-0.71,235.41,0.0272,0.0849,1.0051,21.25,-1.3,0.76
2.92,0.0,0.0,0.0,5.79,2.633,3.887,0.2452,-0.0316,0.9673,-6.6,-1.39,227.63,0.0289,0.0916,0.992,19.27,1.13,-0.22
2.93,0.0,0.0,0.0,6.046,2.698,3.928,0.2971,-0.0251,0.9558,-7.21,1.7,219.58,0.0349,0.0884,0.9932,17.85,1.6,-0.08
2.94,0.0,0.0,0.0,6.288,2.758,3.959,0.3279,-0.0124,0.9489,-5.19,-0.12,208.86,0.0243,0.0921,0.9937,15.39,0.98,0.28
2.95,0.0,0.0,0.0,6.517,2.811,3.982,0.351,-0.0085,0.9477,-3.27,-0.35,200.56,0.0299,0.1042,0.9871,14.85,1.27,0.27
2.96,0.0,0.0,0.0,6.73,2.858,3.995,0.3984,-0.0087,0.9315,-2.33,0.89,187.77,0.0297,0.1209,0.9902,11.12,-0.34,-1.43
2.97,0.0,0.0,0.0,6.928,2.898,4.0,0.4217,-0.0178,0.8946,-2.46,-1.12,175.42,0.0561,0.0854,0.9917,10.77,-0.64,1.29
2.98,0.0,0.0,0.0,7.111,2.931,3.995,0.4536,-0.0201,0.9011,-2.18,-0.77,163.16,0.0072,0.1001,1.0104,9.27,-0.78,0.12
2.99,0.0,0.0,0.0,7.277,2.958,3.982,0.4761,-0.0249,0.8957,-1.66,0.07,149.05,0.0331,0.0906,1.0036,6.6,0.64,-0.2
3.0,0.0,0.0,0.0,7.427,2.979,3.959,0.4833,-0.0233,0.8743,-2.02,1.03,134.77,0.0522,0.1194,1.0034,5.25,0.23,0.43
3.01,0.0,0.0,0.0,7.56,2.992,3.928,0.5052,-0.0368,0.8702,-1.01,0.5,118.22,0.0361,0.0983,0.9977,1.94,-0.08,0.24
3.02,0.0,0.0,0.0,7.676,2.999,3.887,0.535,-0.0396,0.8693,1.38,0.25,104.68,0.0424,0.0901,0.9827,0.01,1.3,0.77
3.03,0.0,0.0,0.0,7.774,2.999,3.838,0.5477,-0.0314,0.8505,-0.65,0.08,88.38,0.0359,0.1109,0.9935,-0.74,0.4,0.54
3.04,0.0,0.0,0.0,7.855,2.992,3.78,0.5529,-0.033,0.8352,2.49,0.4,68.4,0.0282,0.1216,1.0037,-2.25,-0.84,0.72
3.05,0.0,0.0,0.0,7.919,2.979,3.713,0.5633,-0.0356,0.8371,1.14,0.2,54.05,0.0125,0.1101,0.9814,-6.75,-0.68,1.35
3.06,0.0,0.0,0.0,7.964,2.958,3.639,0.5812,-0.0238,0.8238,3.37,-1.03,34.72,0.037,0.1045,1.0005,-6.28,0.68,0.88
3.07,0.0,0.0,0.0,7.991,2.931,3.555,0.5664,-0.0208,0.8199,1.21,0.05,18.67,0.0271,0.1052,1.0175,-9.25,1.04,-0.16
3.08,0.0,0.0,0.0,8.0,2.898,3.464,0.579,-0.029,0.8153,3.76,-1.07,-0.07,0.0269,0.1136,1.0051,-10.78,0.55,-1.12
3.09,0.0,0.0,0.0,7.991,2.858,3.365,0.5703,-0.0145,0.8353,2.99,0.08,-17.78,0.0299,0.0887,1.0088,-13.77,1.9,1.67
3.1,0.0,0.0,0.0,7.964,2.811,3.258,0.5663,-0.04,0.8142,2.85,-0.48,-35.72,0.0523,0.094,0.997,-15.08,1.64,-0.24
3.11,0.0,0.0,0.0,7.919,2.758,3.144,0.5731,-0.0297,0.8421,5.01,2.54,-51.86,0.0589,0.088,1.0048,-15.02,0.44,-0.47
3.12,0.0,0.0,0.0,7.855,2.698,3.023,0.5614,-0.0341,0.8378,6.32,-0.04,-71.58,0.0371,0.0779,0.9882,-17.66,-0.84,-1.74
3.13,0.0,0.0,0.0,7.774,2.633,2.895,0.5497,-0.0446,0.8264,4.96,-1.4,-86.65,0.0303,0.0831,1.0036,-19.72,-1.31,0.34
3.14,0.0,0.0,0.0,7.676,2.562,2.76,0.5406,-0.0257,0.853,4.78,-0.13,-102.62,0.0231,0.0939,1.0025,-21.03,-0.39,0.15
3.15,0.0,0.0,0.0,7.56,2.484,2.619,0.511,-0.025,0.8384,6.64,0.52,-118.95,0.0396,0.0847,0.9992,-21.94,0.75,-1.52
3.16,0.0,0.0,0.0,7.427,2.402,2.473,0.4984,-0.0074,0.8769,7.07,1.67,-132.67,0.0527,0.0815,1.0097,-23.43,1.83,0.45
3.17,0.0,0.0,0.0,7.277,2.313,2.32,0.4667,-0.0149,0.8914,8.12,-0.59,-150.16,0.0324,0.0722,0.9915,-25.31,0.42,-0.5
3.18,0.0,0.0,0.0,7.111,2.22,2.163,0.4487,-0.0301,0.8892,8.9,-1.58,-162.55,0.0111,0.0715,0.9953,-25.42,1.17,2.69
3.19,0.0,0.0,0.0,6.928,2.121,2.0,0.4173,0.0001,0.9092,8.25,0.82,-176.66,0.0416,0.0535,0.9985,-26.74,-0.25,-0.57
3.2,0.0,0.0,0.19,6.73,2.018,1.833,0.3904,-0.0048,0.9405,10.5,-1.38,-187.47,0.0448,0.0535,0.9875,-28.4,0.62,-0.44
3.21,0.0,0.0,0.38,6.517,1.91,1.662,0.3639,-0.0096,0.9286,9.17,-0.44,-199.89,0.019,0.0534,1.0003,-29.77,0.82,-0.87
3.22,0.0,0.0,0.569,6.288,1.798,1.487,0.3161,-0.0161,0.9353,8.88,-0.26,-210.44,0.0367,0.049,0.9811,-30.08,-1.98,1.28
3.23,0.0,0.0,0.757,6.046,1.682,1.308,0.3095,-0.0218,0.9722,7.85,-0.07,-217.84,0.0394,0.044,1.009,-31.24,-0.41,-0.37
3.24,0.0,0.0,0.943,5.79,1.561,1.127,0.241,-0.0143,0.9875,9.42,0.69,-227.61,0.0342,0.0338,0.9992,-31.2,0.95,-0.72
3.25,0.0,0.071,1.127,5.521,1.438,0.943,0.1997,0.002,0.9773,9.52,-0.68,-235.36,0.027,0.0257,0.9937,-31.97,0.27,0.71
3.26,0.0,0.214,1.308,5.239,1.311,0.757,0.1828,0.0117,0.9953,10.97,-0.27,-240.09,0.0451,0.0553,0.9908,-34.38,-1.2,-1.38
3.27,0.0,0.356,1.487,4.945,1.181,0.569,0.1374,0.0101,1.005,10.59,-0.01,-243.36,0.0309,0.0269,0.9969,-34.84,-2.43,0.63
3.28,0.0,0.497,1.662,4.64,1.048,0.38,0.0931,-0.0085,0.9888,9.03,0.15,-245.75,0.02,0.0161,1.0062,-34.73,-0.37,1.78
3.29,0.0,0.638,1.833,4.325,0.913,0.19,0.0498,-0.013,0.9942,10.43,0.1,-248.94,0.0144,0.0036,1.0049,-33.22,-0.07,0.57
3.3,0.0,0.776,2.0,4.0,0.776,0.0,-0.0001,0.0014,1.0123,22.94,0.44,-23.53,0.0475,-0.0045,0.9923,-35.83,-0.88,0.64
3.31,0.381,0.913,2.163,3.666,0.638,0.0,0.0259,-0.0117,1.0162,35.73,0.84,98.64,0.0411,-0.0073,0.9909,-33.8,0.14,0.87
3.32,0.76,1.048,2.32,3.323,0.497,0.0,0.0357,0.0152,1.0049,34.92,0.39,-0.44,0.0358,-0.009,1.0059,-33.67,0.51,1.71
3.33,1.139,1.181,2.473,2.973,0.356,0.0,0.0281,0.0164,0.9904,34.51,0.45,-0.29,0.0305,-0.0367,0.992,-32.59,0.67,1.21
3.34,1.514,1.311,2.619,2.617,0.214,0.0,0.0447,0.0191,1.019,33.42,-1.58,-0.11,0.0296,-0.0394,0.9997,-33.18,-2.36,0.44
3.35,1.886,1.438,2.76,2.254,0.071,0.0,0.0334,0.0136,0.9936,33.25,0.05,0.08,0.0241,-0.0359,1.0002,-34.21,-1.31,0.9
3.36,2.254,1.561,2.895,1.886,0.0,0.0,0.0266,0.0403,0.9954,33.51,0.48,0.69,0.0306,-0.0331,1.0019,-33.22,-0.3,-0.89
3.37,2.617,1.682,3.023,1.514,0.0,0.0,0.0317,0.0354,1.002,30.22,0.73,-0.44,0.0137,-0.0431,1.0071,-32.73,0.57,0.78
3.38,2.973,1.798,3.144,1.139,0.0,0.0,0.039,0.0345,1.0139,30.39,-0.69,0.14,0.0275,-0.0314,0.9857,-31.28,0.49,-1.01
3.39,3.323,1.91,3.258,0.76,0.0,0.0,0.0293,0.0227,1.0066,29.05,-0.66,-0.05,0.0318,-0.0663,0.979,-30.01,0.47,-0.37
3.4,3.666,2.018,3.365,0.381,0.0,0.0,0.0267,0.0563,1.0019,29.19,-0.57,-0.93,0.041,-0.0641,0.9921,-29.98,-0.38,-3.08
3.41,4.0,2.121,3.464,0.0,0.0,0.0,0.0373,0.0792,1.0021,28.94,0.54,-0.11,0.0345,-0.0463,1.0155,106.69,-0.33,25.25
3.42,4.325,2.22,3.555,0.0,0.0,0.0,0.0373,0.0829,0.9976,25.92,1.03,-0.14,0.0515,-0.0186,1.0191,114.15,-0.73,148.41
3.43,4.64,2.313,3.639,0.0,0.0,0.0,0.0298,0.0662,1.0025,22.85,-0.41,-0.17,0.1003,-0.0124,1.0143,-6.22,0.77,248.26
3.44,4.945,2.402,3.713,0.0,0.0,0.0,0.0302,0.069,0.9713,23.46,0.91,0.03,0.1401,-0.002,0.9894,-5.98,-0.92,244.37
3.45,5.239,2.484,3.78,0.0,0.0,0.0,0.0372,0.0837,0.9933,23.34,0.12,0.08,0.176,-0.0307,0.9671,-5.83,0.85,240.7
3.46,5.521,2.562,3.838,0.0,0.0,0.0,0.0204,0.0728,0.9984,21.45,-0.12,-0.43,0.212,-0.0259,0.9536,-6.97,0.21,232.86
3.47,5.79,2.633,3.887,0.0,0.0,0.0,0.0208,0.0894,0.9841,19.76,-0.21,1.27,0.2412,-0.0287,0.9615,-5.46,-0.05,228.16
3.48,6.046,2.698,3.928,0.0,0.0,0.0,0.0277,0.0972,0.9992,17.41,0.75,-1.17,0.296,-0.0464,0.9551,-6.58,-0.66,221.25
3.49,6.288,2.758,3.959,0.0,0.0,0.0,0.0328,0.1048,0.9931,14.71,0.33,-0.72,0.3411,-0.0309,0.9586,-3.88,-1.36,210.81
3.5,6.517,2.811,3.982,0.0,0.0,0.0,0.038,0.0941,1.0124,14.74,2.28,2.78,0.3614,-0.0198,0.942,-4.34,-0.65,200.68
3.51,6.73,2.858,3.995,0.0,0.0,0.0,0.0497,0.0954,1.0104,11.59,-0.85,-1.04,0.4086,-0.0239,0.9229,-4.14,-0.33,188.87
3.52,6.928,2.898,4.0,0.0,0.0,0.0,0.0435,0.0907,0.9898,12.77,0.52,-1.35,0.4034,-0.0237,0.8988,-4.4,-2.37,176.03
3.53,7.111,2.931,3.995,0.0,0.0,0.0,0.0333,0.0928,0.9928,9.28,-0.53,0.73,0.4339,-0.0341,0.8853,-5.09,-0.2,164.27
3.54,7.277,2.958,3.982,0.0,0.0,0.0,0.0347,0.1002,0.9934,6.22,-0.87,-2.08,0.4783,-0.0373,0.8849,-3.08,0.92,148.13
3.55,7.427,2.979,3.959,0.0,0.0,0.0,0.0249,0.1071,0.9895,4.26,-0.01,-0.24,0.4942,-0.0184,0.8774,-0.35,0.57,134.57
3.56,7.56,2.992,3.928,0.0,0.0,0.0,0.0347,0.1133,0.9959,2.84,0.14,2.15,0.524,-0.0363,0.8632,-1.28,-0.5,117.89
3.57,7.676,2.999,3.887,0.0,0.0,0.0,0.032,0.0965,0.9863,0.74,2.92,-1.54,0.5274,-0.0285,0.8388,-0.46,0.05,103.02
3.58,7.774,2.999,3.838,0.0,0.0,0.0,0.0381,0.1194,0.9826,0.14,-0.18,-1.98,0.5329,-0.0298,0.8467,0.95,-0.56,87.9
3.59,7.855,2.992,3.78,0.0,0.0,0.0,0.0266,0.1014,1.0002,-2.74,-1.13,-1.5,0.551,-0.0167,0.8369,2.69,0.15,70.85
3.6,7.919,2.979,3.713,0.0,0.0,0.0,0.0401,0.1033,1.0003,-5.61,0.27,0.9,0.5468,-0.0214,0.816,2.79,1.54,53.13
3.61,7.964,2.958,3.639,0.0,0.0,0.0,0.0502,0.095,0.9861,-4.91,-2.07,1.12,0.5572,-0.0437,0.8145,1.07,0.97,35.7
3.62,7.991,2.931,3.555,0.0,0.0,0.0,0.0338,0.0769,1.0032,-8.66,-0.09,-0.51,0.582,-0.0423,0.8266,0.67,0.52,15.93
3.63,8.0,2.898,3.464,0.0,0.0,0.0,0.0389,0.1083,0.9881,-9.82,0.02,0.68,0.5823,-0.0241,0.8164,5.54,-0.49,-0.37
3.64,7.991,2.858,3.365,0.0,0.0,0.0,0.0418,0.1048,0.9972,-13.04,0.79,1.39,0.5759,-0.0299,0.8356,6.0,0.75,-18.49
3.65,7.964,2.811,3.258,0.0,0.0,0.0,0.0309,0.0923,1.0031,-13.87,0.97,1.79,0.5513,-0.0331,0.8274,4.46,-1.69,-36.19
3.66,7.919,2.758,3.144,0.0,0.0,0.0,0.0371,0.0932,0.9948,-15.67,-0.5,-0.25,0.5585,-0.0176,0.8219,3.52,-0.25,-52.48
3.67,7.855,2.698,3.023,0.0,0.0,0.0,0.035,0.0947,0.9999,-19.58,-0.15,-2.3,0.5409,-0.025,0.8327,6.27,0.58,-71.21
3.68,7.774,2.633,2.895,0.0,0.0,0.0,0.0359,0.0707,0.9905,-17.32,-0.77,-0.82,0.5534,-0.0254,0.841,5.69,0.74,-87.86
3.69,7.676,2.562,2.76,0.0,0.0,0.0,0.0272,0.0775,0.994,-19.63,-1.13,-0.43,0.5217,-0.0171,0.842,6.16,0.67,-105.81
3.7,7.56,2.484,2.619,0.0,0.0,0.0,0.0351,0.087,0.9942,-22.83,0.31,-0.26,0.5,-0.0275,0.8503,7.62,0.29,-119.96
3.71,7.427,2.402,2.473,0.0,0.0,0.0,0.0399,0.0625,0.9891,-24.97,-1.27,-0.19,0.4919,-0.0068,0.8776,7.5,-0.2,-136.08
3.72,7.277,2.313,2.32,0.0,0.0,0.0,0.0494,0.0737,0.9951,-24.89,-0.41,1.12,0.4634,-0.0291,0.891,6.38,0.54,-149.55
3.73,7.111,2.22,2.163,0.0,0.0,0.0,0.0445,0.0527,0.9817,-26.43,-1.0,1.27,0.4603,-0.0133,0.9012,7.63,-0.95,-164.46
3.74,6.928,2.121,2.0,0.0,0.0,0.0,0.0564,0.0662,0.9926,-27.36,0.55,-0.17,0.4113,-0.0041,0.9232,8.97,-0.84,-176.45
3.75,6.73,2.018,1.833,0.0,0.0,0.19,0.0272,0.0562,0.9949,-28.62,1.8,1.1,0.3755,-0.0308,0.9155,9.15,0.06,-188.85
3.76,6.517,1.91,1.662,0.0,0.0,0.38,0.0436,0.0353,0.9955,-29.32,-1.3,0.36,0.3364,-0.0189,0.9504,9.21,0.17,-198.21
3.77,6.288,1.798,1.487,0.0,0.0,0.569,0.0367,0.0578,0.9959,-29.29,-1.85,0.06,0.324,-0.0024,0.9369,10.16,-1.83,-209.55
3.78,6.046,1.682,1.308,0.0,0.0,0.757,0.0568,0.0334,0.9979,-30.98,-0.12,0.91,0.283,-0.0007,0.9473,9.1,0.46,-220.98
3.79,5.79,1.561,1.127,0.0,0.0,0.943,0.0268,0.0271,1.0036,-33.31,0.02,0.07,0.2368,-0.0123,0.9503,9.86,0.77,-228.39
3.8,5.521,1.438,0.943,0.0,0.071,1.127,0.0265,0.0315,1.0077,-31.5,0.22,2.06,0.2238,-0.0162,0.9728,6.48,-0.08,-233.89
3.81,5.239,1.311,0.757,0.0,0.214,1.308,0.0289,0.0352,0.9926,-31.72,-0.45,-1.44,0.1779,0.0024,0.9802,9.56,2.37,-240.5
3.82,4.945,1.181,0.569,0.0,0.356,1.487,0.0137,0.0077,0.9872,-30.6,-0.2,-0.52,0.1292,0.0065,0.9968,10.89,-0.68,-246.95
3.83,4.64,1.048,0.38,0.0,0.497,1.662,0.0296,0.0126,0.9889,-35.15,0.37,-0.13,0.1005,-0.0152,0.9987,9.82,-0.36,-245.8
3.84,4.325,0.913,0.19,0.0,0.638,1.833,0.0273,0.0103,0.9945,-33.95,1.04,0.44,0.0502,-0.0138,0.9871,9.79,-0.4,-248.33
3.85,4.0,0.776,0.0,0.0,0.776,2.0,0.0364,0.0069,0.9959,-36.34,-1.96,1.27,-0.0082,0.0023,0.9961,21.22,-0.08,-24.32
3.86,3.666,0.638,0.0,0.381,0.913,2.163,0.0383,-0.0042,0.9917,-33.64,-0.37,-0.02,0.0245,0.0123,0.9957,35.2,-0.33,99.39
3.87,3.323,0.497,0.0,0.76,1.048,2.32,0.0537,-0.0156,0.9864,-34.58,0.21,-1.42,0.0431,0.0089,0.9816,34.58,-1.41,0.43
3.88,2.973,0.356,0.0,1.139,1.181,2.473,0.0444,-0.0261,0.9947,-31.83,-0.92,0.84,0.0389,0.0246,0.9894,34.58,-0.55,-0.7
3.89,2.617,0.214,0.0,1.514,1.311,2.619,0.0291,-0.0229,1.0009,-34.14,1.73,0.75,0.0366,0.0166,0.9914,31.64,-0.1,0.2
3.9,2.254,0.071,0.0,1.886,1.438,2.76,0.0259,-0.0402,1.0049,-34.55,-0.64,-1.94,0.0264,0.0084,1.0133,32.71,1.23,-0.92
3.91,1.886,0.0,0.0,2.254,1.561,2.895,0.0398,-0.0644,0.9932,-32.73,-0.04,-0.0,0.041,0.0309,1.0007,31.98,2.2,1.52
3.92,1.514,0.0,0.0,2.617,1.682,3.023,0.0217,-0.0364,0.9944,-33.53,0.56,-1.59,0.0273,0.0414,1.0052,31.27,1.34,-1.57
3.93,1.139,0.0,0.0,2.973,1.798,3.144,0.0532,-0.0371,0.9891,-29.99,-0.59,-0.66,0.0339,0.0434,0.9833,30.12,-0.78,1.23
3.94,0.76,0.0,0.0,3.323,1.91,3.258,0.0467,-0.0751,0.9978,-31.89,-1.85,-0.9,0.0494,0.0399,1.01,29.48,-0.7,0.04
3.95,0.381,0.0,0.0,3.666,2.018,3.365,0.0302,-0.0667,0.9893,-28.79,-0.43,0.81,0.0283,0.0384,1.0108,29.67,-0.16,-0.49
3.96,0.0,0.0,0.0,4.0,2.121,3.464,0.0178,-0.0553,1.0032,103.14,1.03,24.96,0.0192,0.0564,0.9775,25.8,1.78,0.17
3.97,0.0,0.0,0.0,4.325,2.22,3.555,0.0571,0.0007,0.981,115.16,-0.34,147.77,0.0244,0.0752,0.9901,28.29,-0.17,0.73
3.98,0.0,0.0,0.0,4.64,2.313,3.639,0.0857,-0.021,0.9924,-5.93,-0.85,248.03,0.0448,0.0833,1.0018,25.72,-1.33,1.37
3.99,0.0,0.0,0.0,4.945,2.402,3.713,0.1419,-0.0298,0.9943,-6.8,0.93,242.55,0.0374,0.0869,1.003,23.83,-0.5,0.31
4.0,0.0,0.0,0.0,5.239,2.484,3.78,0.1553,-0.0256,0.9868,-7.59,-0.33,239.9,0.0336,0.0709,0.9895,23.34,0.76,-0.89
4.01,0.0,0.0,0.0,5.521,2.562,3.838,0.2059,-0.0111,1.0039,-6.31,-0.51,233.13,0.0298,0.0713,0.9929,19.46,0.69,0.06
4.02,0.0,0.0,0.0,5.79,2.633,3.887,0.2511,-0.0324,0.9711,-5.78,0.15,226.76,0.0398,0.0913,0.9897,18.67,-0.2,1.82
4.03,0.0,0.0,0.0,6.046,2.698,3.928,0.2891,-0.0349,0.9471,-4.83,0.77,219.65,0.0264,0.0959,0.9965,17.57,0.68,1.35
4.04,0.0,0.0,0.0,6.288,2.758,3.959,0.3198,-0.0326,0.9446,-6.16,2.38,210.57,0.038,0.0965,1.0071,17.35,-2.27,0.91
4.05,0.0,0.0,0.0,6.517,2.811,3.982,0.3642,-0.0381,0.9156,-3.68,0.83,201.22,0.0276,0.075,0.9871,14.18,0.1,0.8
4.06,0.0,0.0,0.0,6.73,2.858,3.995,0.3788,-0.028,0.9198,-6.43,1.16,188.62,0.0259,0.0888,1.0046,12.88,0.86,0.7
4.07,0.0,0.0,0.0,6.928,2.898,4.0,0.4172,-0.0136,0.8994,-3.81,-0.51,176.86,0.0285,0.0991,0.9866,10.0,-0.83,1.16
4.08,0.0,0.0,0.0,7.111,2.931,3.995,0.4466,-0.0271,0.9041,-3.1,-1.03,163.07,0.0311,0.106,0.9858,9.19,-0.84,-0.46
4.09,0.0,0.0,0.0,7.277,2.958,3.982,0.4749,-0.0333,0.8769,-1.41,0.06,149.81,0.0344,0.1101,1.0023,8.48,-1.87,-1.36
4.1,0.0,0.0,0.0,7.427,2.979,3.959,0.4987,-0.034,0.8692,-1.44,0.11,135.43,0.0373,0.1049,1.0032,5.87,1.59,0.07
4.11,0.0,0.0,0.0,7.56,2.992,3.928,0.4996,-0.0469,0.8529,-2.28,-1.08,119.56,-0.002,0.1075,1.0025,2.85,-0.72,-0.82
4.12,0.0,0.0,0.0,7.676,2.999,3.887,0.5122,-0.0226,0.8665,-1.28,-0.18,101.92,0.0268,0.1053,0.9808,1.65,0.24,-1.06
4.13,0.0,0.0,0.0,7.774,2.999,3.838,0.5544,-0.0322,0.837,0.49,0.4,87.59,0.031,0.1113,0.9893,-0.4,0.6,-0.72
4.14,0.0,0.0,0.0,7.855,2.992,3.78,0.5565,-0.0331,0.851,0.8,0.36,70.71,0.05,0.1073,1.0022,-2.42,1.51,2.49
4.15,0.0,0.0,0.0,7.919,2.979,3.713,0.5546,0.0008,0.8348,0.88,0.5,52.39,0.0241,0.1041,0.9944,-3.76,-0.15,0.14
4.16,0.0,0.0,0.0,7.964,2.958,3.639,0.584,-0.0278,0.8271,1.56,0.29,34.25,0.0365,0.0998,0.9834,-5.7,-0.54,0.36
4.17,0.0,0.0,0.0,7.991,2.931,3.555,0.5735,-0.0379,0.8234,3.31,-0.51,19.29,0.0498,0.1019,0.9989,-8.83,0.17,-1.22
4.18,0.0,0.0,0.0,8.0,2.898,3.464,0.5854,-0.0341,0.8227,2.66,-0.51,0.49,0.0218,0.1043,0.9873,-9.94,1.28,-1.84
4.19,0.0,0.0,0.0,7.991,2.858,3.365,0.573,-0.0178,0.8004,3.64,-1.2,-18.04,0.0388,0.1001,1.0126,-12.81,-0.17,-0.82
4.2,0.0,0.0,0.0,7.964,2.811,3.258,0.5891,-0.0274,0.8196,6.44,1.78,-36.67,0.0269,0.0989,1.0103,-15.15,-0.95,1.44
4.21,0.0,0.0,0.0,7.919,2.758,3.144,0.5796,-0.0422,0.8352,3.37,0.01,-53.9,0.0299,0.1059,1.0011,-16.25,-1.54,0.33
4.22,0.0,0.0,0.0,7.855,2.698,3.023,0.5506,-0.0177,0.8323,3.45,-0.22,-69.04,0.0269,0.0922,1.009,-17.76,-1.22,0.6
4.23,0.0,0.0,0.0,7.774,2.633,2.895,0.5513,-0.0326,0.8263,6.58,-0.93,-87.12,0.0276,0.0798,0.9963,-21.0,0.86,0.74
4.24,0.0,0.0,0.0,7.676,2.562,2.76,0.534,-0.0061,0.8488,5.6,2.94,-104.27,0.0621,0.0917,1.0036,-20.06,-0.32,-0.59
4.25,0.0,0.0,0.0,7.56,2.484,2.619,0.5245,-0.0129,0.8765,6.41,-1.07,-119.15,0.0433,0.0654,1.011,-25.2,-0.61,1.39
4.26,0.0,0.0,0.0,7.427,2.402,2.473,0.4819,-0.027,0.8831,6.38,-0.43,-135.81,0.0459,0.0642,0.999,-21.16,-0.72,-0.63
4.27,0.0,0.0,0.0,7.277,2.313,2.32,0.4766,-0.0084,0.882,7.31,0.42,-148.13,0.0398,0.0741,0.9943,-23.73,0.09,1.41
4.28,0.0,0.0,0.0,7.111,2.22,2.163,0.456,-0.0192,0.9047,9.55,0.6,-162.16,0.0188,0.0714,0.9801,-26.78,-0.24,0.44
4.29,0.0,0.0,0.0,6.928,2.121,2.0,0.4011,-0.0099,0.9043,9.12,0.96,-177.02,0.0388,0.0491,0.9967,-27.7,-0.27,-1.79
4.3,0.0,0.0,0.19,6.73,2.018,1.833,0.3776,-0.0121,0.9039,9.51,1.81,-189.33,0.0456,0.0528,1.006,-28.51,1.35,-0.75
4.31,0.0,0.0,0.38,6.517,1.91,1.662,0.3376,-0.0239,0.9244,7.53,0.51,-202.5,0.0264,0.0454,1.0075,-30.42,1.54,-1.78
4.32,0.0,0.0,0.569,6.288,1.798,1.487,0.3216,-0.0203,0.9615,8.07,-1.06,-211.53,0.0446,0.0413,1.0034,-30.55,-1.61,1.16
4.33,0.0,0.0,0.757,6.046,1.682,1.308,0.2958,-0.0019,0.9546,6.63,-0.26,-220.48,0.0419,0.0502,0.9931,-31.7,0.33,-0.02
4.34,0.0,0.0,0.943,5.79,1.561,1.127,0.2661,-0.0139,0.9655,8.87,0.31,-226.99,0.0534,0.0422,0.979,-32.36,-0.78,-2.23
4.35,0.0,0.071,1.127,5.521,1.438,0.943,0.2126,-0.0129,0.9743,10.82,2.07,-234.27,0.0307,0.0293,0.994,-32.68,-0.25,0.38
4.36,0.0,0.214,1.308,5.239,1.311,0.757,0.1875,-0.0167,1.0042,10.53,-1.4,-240.92,0.0239,0.0183,0.9961,-34.68,0.31,-0.54
4.37,0.0,0.356,1.487,4.945,1.181,0.569,0.1157,-0.0011,1.0078,9.9,1.2,-244.26,0.0313,0.0044,0.9961,-33.71,-0.21,-1.48
4.38,0.0,0.497,1.662,4.64,1.048,0.38,0.0698,0.017,1.0184,10.19,0.18,-246.64,0.0493,0.0261,1.0055,-33.87,0.23,1.68
4.39,0.0,0.638,1.833,4.325,0.913,0.19,0.043,-0.0125,0.9975,9.57,0.84,-148.52,0.0166,0.0119,1.0192,-34.07,0.67,0.11
4.4,0.0,0.776,2.0,4.0,0.776,0.0,0.0387,0.0002,1.0023,22.47,-0.1,-26.74,0.0142,-0.0071,1.0006,-34.47,0.29,-0.29
4.41,0.381,0.913,2.163,3.666,0.638,0.0,0.0346,0.0201,0.9842,34.96,-0.84,-0.13,0.0358,0.0012,0.9972,-33.06,-0.65,-0.4
4.42,0.76,1.048,2.32,3.323,0.497,0.0,0.0142,0.0111,1.0141,32.41,0.75,-1.38,0.0305,-0.0126,0.9967,-34.38,-0.63,-1.51
4.43,1.139,1.181,2.473,2.973,0.356,0.0,0.034,0.0224,0.9876,34.05,0.65,0.9,0.035,-0.0207,1.0005,-33.52,-1.44,-1.3
4.44,1.514,1.311,2.619,2.617,0.214,0.0,0.0219,0.0131,1.0013,34.3,0.97,0.78,0.0444,-0.0194,0.9908,-32.07,-0.85,1.28
4.45,1.886,1.438,2.76,2.254,0.071,0.0,0.0416,0.0338,0.988,32.45,-0.01,-0.9,0.0294,-0.0369,1.0002,-32.95,1.96,-0.47
4.46,2.254,1.561,2.895,1.886,0.0,0.0,0.0386,0.0333,0.9929,32.96,-0.6,-0.77,0.0162,-0.0386,1.0033,-32.05,-0.79,0.02
4.47,2.617,1.682,3.023,1.514,0.0,0.0,0.0255,0.0506,0.9902,34.37,-1.56,-0.46,0.0553,-0.0395,1.0007,-31.65,-1.19,-2.04
4.48,2.973,1.798,3.144,1.139,0.0,0.0,0.0298,0.0581,0.9922,30.63,0.82,-2.25,0.0249,-0.0512,1.0029,-29.5,0.32,-1.32
4.49,3.323,1.91,3.258,0.76,0.0,0.0,0.0243,0.0774,0.9927,30.22,0.42,0.34,0.0243,-0.0448,1.0024,-30.08,-0.11,0.61
4.5,3.666,2.018,3.365,0.381,0.0,0.0,0.0343,0.0624,0.9923,28.08,-0.97,-0.27,0.0459,-0.0379,0.9801,-27.53,-0.2,0.38
4.51,4.0,2.121,3.464,0.0,0.0,0.0,0.0445,0.0648,1.0058,27.89,-0.54,0.97,0.0311,-0.0691,1.0039,105.12,1.41,26.6
4.52,4.325,2.22,3.555,0.0,0.0,0.0,0.025,0.0682,0.9861,26.98,-0.47,-1.1,0.0429,-0.0365,0.9921,114.62,0.55,150.39
4.53,4.64,2.313,3.639,0.0,0.0,0.0,0.0399,0.0672,0.9991,25.43,-1.48,-0.62,0.0917,-0.0413,0.985,-6.89,-0.53,246.91
4.54,4.945,2.402,3.713,0.0,0.0,0.0,0.0296,0.0784,1.0088,22.85,-0.82,-1.51,0.1403,-0.024,0.9803,-7.47,-0.42,244.45
4.55,5.239,2.484,3.78,0.0,0.0,0.0,0.027,0.0761,0.9911,22.64,-1.13,-1.0,0.1679,-0.0304,0.9893,-6.11,-0.5,239.26
4.56,5.521,2.562,3.838,0.0,0.0,0.0,0.0338,0.0845,0.9888,22.38,-0.41,-1.18,0.2271,-0.0228,0.9748,-9.0,0.87,236.0
4.57,5.79,2.633,3.887,0.0,0.0,0.0,0.0245,0.0995,0.9934,19.78,-0.74,1.0,0.2297,-0.0246,0.9508,-5.8,-0.31,228.27
4.58,6.046,2.698,3.928,0.0,0.0,0.0,0.0294,0.0795,1.0072,18.65,-1.63,-0.7,0.2962,-0.0429,0.9619,-5.77,-1.79,219.31
4.59,6.288,2.758,3.959,0.0,0.0,0.0,0.0229,0.1039,0.997,15.75,2.02,0.12,0.3159,-0.0459,0.9312,-5.86,-0.05,210.25
4.6,6.517,2.811,3.982,0.0,0.0,0.0,0.0545,0.1083,0.9895,14.98,1.25,-0.38,0.3717,-0.0256,0.9348,-4.82,-1.54,201.33
4.61,6.73,2.858,3.995,0.0,0.0,0.0,0.0353,0.0962,0.9995,12.71,-0.78,-1.27,0.3909,-0.0279,0.923,-4.3,2.18,189.28
4.62,6.928,2.898,4.0,0.0,0.0,0.0,0.0279,0.0782,0.9834,9.63,0.27,-0.17,0.4119,-0.0341,0.9166,-3.22,-0.97,178.11
4.63,7.111,2.931,3.995,0.0,0.0,0.0,0.037,0.095,1.0011,9.03,0.42,0.6,0.4521,-0.047,0.9127,-3.98,-0.16,161.32
4.64,7.277,2.958,3.982,0.0,0.0,0.0,0.0338,0.1154,0.9982,5.81,1.19,-1.21,0.4787,-0.0261,0.8687,-1.72,0.26,150.09
4.65,7.427,2.979,3.959,0.0,0.0,0.0,0.0327,0.1032,0.9909,4.24,-0.82,0.81,0.498,-0.0184,0.8699,-0.1,-0.29,134.48
4.66,7.56,2.992,3.928,0.0,0.0,0.0,0.041,0.0942,0.9856,3.12,1.09,-0.85,0.5005,-0.0285,0.8565,-0.6,-0.29,121.42
4.67,7.676,2.999,3.887,0.0,0.0,0.0,0.0425,0.0994,0.9851,1.28,-0.55,-0.48,0.5227,-0.0399,0.8535,0.52,0.42,105.27
4.68,7.774,2.999,3.838,0.0,0.0,0.0,0.0296,0.1129,0.9993,-2.17,-1.34,0.53,0.5416,-0.031,0.8424,1.39,1.53,87.29
4.69,7.855,2.992,3.78,0.0,0.0,0.0,0.0291,0.1096,1.0062,-1.88,0.72,-0.66,0.5527,-0.045,0.8292,2.12,0.77,71.88
4.7,7.919,2.979,3.713,0.0,0.0,0.0,0.0321,0.1011,0.9877,-4.3,1.29,0.04,0.5696,-0.0205,0.8223,3.33,1.48,54.86
4.71,7.964,2.958,3.639,0.0,0.0,0.0,0.0119,0.0988,0.9987,-7.51,2.59,-0.31,0.5483,-0.03,0.8111,1.54,-1.05,35.61
4.72,7.991,2.931,3.555,0.0,0.0,0.0,0.0197,0.0972,0.9734,-10.25,-1.2,0.13,0.5756,-0.0481,0.8295,1.89,0.32,20.28
4.73,8.0,2.898,3.464,0.0,0.0,0.0,0.0486,0.0902,0.9886,-10.73,0.7,-2.38,0.5707,-0.0329,0.8234,3.96,0.16,-0.03
4.74,7.991,2.858,3.365,0.0,0.0,0.0,0.0513,0.1136,0.9943,-12.87,-0.41,-1.83,0.5639,-0.0246,0.8289,4.44,0.35,-18.03
4.75,7.964,2.811,3.258,0.0,0.0,0.0,0.0324,0.0919,0.9858,-14.12,0.78,0.62,0.561,-0.0319,0.8193,5.04,1.38,-34.67
4.76,7.919,2.758,3.144,0.0,0.0,0.0,0.0407,0.1047,0.9857,-16.35,-1.47,1.04,0.5599,-0.0305,0.8202,6.68,-0.22,-53.43
4.77,7.855,2.698,3.023,0.0,0.0,0.0,0.038,0.1048,0.9887,-19.7,-1.26,-0.91,0.5171,-0.0391,0.822,5.32,-0.41,-70.26
4.78,7.774,2.633,2.895,0.0,0.0,0.0,0.0657,0.0963,0.9986,-19.72,-0.78,-0.24,0.5346,-0.0203,0.8439,6.23,0.53,-85.85
4.79,7.676,2.562,2.76,0.0,0.0,0.0,0.0461,0.0785,0.9941,-21.22,0.08,0.29,0.5187,-0.0314,0.8389,5.29,-1.78,-103.7
4.8,7.56,2.484,2.619,0.0,0.0,0.0,0.0336,0.0831,0.9739,-21.8,-0.64,0.69,0.5162,-0.0453,0.8779,8.86,-0.24,-121.36
4.81,7.427,2.402,2.473,0.0,0.0,0.0,0.0253,0.0748,0.9754,-24.57,0.66,-2.03,0.4835,-0.0262,0.8575,6.83,-0.13,-134.62
4.82,7.277,2.313,2.32,0.0,0.0,0.0,0.0188,0.0617,0.9908,-23.56,1.03,-0.89,0.4676,-0.0114,0.8853,7.26,-0.92,-150.33
4.83,7.111,2.22,2.163,0.0,0.0,0.0,0.0369,0.0695,1.0018,-28.43,0.6,-0.33,0.4609,-0.0238,0.9108,7.61,1.06,-162.65
4.84,6.928,2.121,2.0,0.0,0.0,0.0,0.0273,0.0497,0.97,-26.4,1.62,0.7,0.4286,-0.0011,0.914,7.67,-1.06,-175.86
4.85,6.73,2.018,1.833,0.0,0.0,0.19,0.0207,0.0685,0.9928,-29.04,0.42,2.5,0.3985,-0.0127,0.9227,7.92,-0.14,-187.23
4.86,6.517,1.91,1.662,0.0,0.0,0.38,0.0284,0.0468,0.9928,-28.97,-1.22,-0.23,0.353,-0.0121,0.9239,8.42,0.29,-198.98
4.87,6.288,1.798,1.487,0.0,0.0,0.569,0.0241,0.0482,1.0122,-30.66,1.36,-1.41,0.3297,-0.0151,0.932,7.86,1.35,-208.96
4.88,6.046,1.682,1.308,0.0,0.0,0.757,0.0518,0.0436,0.9947,-30.41,-0.61,0.4,0.2863,-0.0129,0.9651,8.68,-0.01,-219.81
4.89,5.79,1.561,1.127,0.0,0.0,0.943,0.0437,0.0326,1.0026,-32.65,0.91,1.32,0.2491,-0.0132,0.983,11.63,0.94,-226.32
4.9,5.521,1.438,0.943,0.0,0.071,1.127,0.0348,0.0354,1.0004,-33.96,1.57,0.11,0.216,-0.0119,0.9729,10.6,0.7,-231.98
4.91,5.239,1.311,0.757,0.0,0.214,1.308,0.0497,0.019,0.9778,-31.94,0.46,-0.91,0.1653,-0.0018,0.9738,10.93,0.12,-240.26
4.92,4.945,1.181,0.569,0.0,0.356,1.487,0.0357,0.0266,1.0069,-33.87,-1.5,0.96,0.1444,-0.0147,0.967,11.3,-1.09,-242.18
4.93,4.64,1.048,0.38,0.0,0.497,1.662,0.0263,-0.0015,1.0015,-33.81,-0.92,0.66,0.0852,-0.0143,0.9864,12.04,-1.43,-247.7
4.94,4.325,0.913,0.19,0.0,0.638,1.833,0.0501,0.0072,1.0045,-32.96,1.32,-1.03,0.0497,-0.013,0.9979,8.49,0.11,-249.9
4.95,4.0,0.776,0.0,0.0,0.776,2.0,0.0403,0.0194,1.0387,-35.29,-0.17,0.38,0.0146,0.0205,1.016,21.03,-0.54,-24.55
4.96,3.666,0.638,0.0,0.381,0.913,2.163,0.0245,-0.016,0.9785,-33.6,0.08,1.0,0.0452,0.0113,1.0061,33.39,0.92,100.72
4.97,3.323,0.497,0.0,0.76,1.048,2.32,0.033,-0.0187,1.0166,-34.62,0.76,1.18,0.0208,0.015,1.0024,33.56,0.75,0.91
4.98,2.973,0.356,0.0,1.139,1.181,2.473,0.0261,-0.0127,0.9964,-33.88,0.7,-0.07,0.0393,0.0073,0.9952,33.45,-0.18,-0.96
4.99,2.617,0.214,0.0,1.514,1.311,2.619,0.0211,-0.0219,1.002,-33.29,0.28,-0.36,0.0434,0.0299,0.9933,32.92,-1.16,0.43
5.0,2.254,0.071,0.0,1.886,1.438,2.76,0.0442,-0.026,0.9985,-34.37,-0.21,1.23,0.0438,0.0283,1.013,33.09,0.51,-0.69
5.01,1.886,0.0,0.0,2.254,1.561,2.895,0.054,-0.0303,0.9945,-33.04,-0.31,-1.21,0.0238,0.0373,1.0008,32.3,-1.02,-1.49
5.02,1.514,0.0,0.0,2.617,1.682,3.023,0.0209,-0.0344,0.9929,-30.2,0.86,0.44,0.0283,0.031,0.9775,30.83,-0.76,-0.93
5.03,1.139,0.0,0.0,2.973,1.798,3.144,0.0405,-0.0351,1.0016,-29.85,0.55,-1.37,0.0448,0.0478,0.9916,28.56,-0.98,-0.75
5.04,0.76,0.0,0.0,3.323,1.91,3.258,0.0284,-0.0474,0.9829,-29.89,-0.26,1.07,0.0273,0.0472,0.9895,28.83,-0.14,0.52
5.05,0.381,0.0,0.0,3.666,2.018,3.365,0.03,-0.059,1.0053,-28.57,1.08,-0.26,0.0319,0.0489,0.9923,28.27,1.17,1.15
5.06,0.0,0.0,0.0,4.0,2.121,3.464,0.029,-0.0548,0.9933,104.93,-0.13,26.11,0.0507,0.0689,1.0031,27.46,-0.01,-1.47
5.07,0.0,0.0,0.0,4.325,2.22,3.555,0.0349,-0.0009,0.9876,116.84,-0.85,149.54,0.0344,0.0509,0.9961,25.39,-0.44,0.35
5.08,0.0,0.0,0.0,4.64,2.313,3.639,0.0873,-0.0226,0.9915,-7.77,-0.76,245.92,0.0276,0.0764,0.9961,24.74,-1.53,-1.18
5.09,0.0,0.0,0.0,4.945,2.402,3.713,0.1212,-0.0323,1.0039,-6.93,-0.98,245.41,0.0261,0.0819,1.0097,22.74,0.55,0.63
5.1,0.0,0.0,0.0,5.239,2.484,3.78,0.174,-0.0127,0.9796,-5.58,-0.27,241.12,0.0382,0.0703,0.9893,22.31,-0.78,-0.62
5.11,0.0,0.0,0.0,5.521,2.562,3.838,0.2114,-0.0261,0.9806,-7.05,1.23,234.83,0.0216,0.0746,1.0146,19.84,0.12,-1.05
5.12,0.0,0.0,0.0,5.79,2.633,3.887,0.2487,-0.0477,0.9603,-4.24,-0.81,226.36,0.0324,0.0841,0.9889,18.49,-0.35,0.8
5.13,0.0,0.0,0.0,6.046,2.698,3.928,0.2795,-0.0184,0.9647,-6.84,0.19,218.84,0.0382,0.0924,0.9963,16.38,0.84,-0.59
5.14,0.0,0.0,0.0,6.288,2.758,3.959,0.3185,-0.0331,0.9524,-3.17,-0.66,210.2,0.0479,0.091,0.9923,15.83,-0.16,-0.32
5.15,0.0,0.0,0.0,6.517,2.811,3.982,0.3655,-0.0295,0.9518,-4.64,-0.26,199.18,0.0416,0.0994,0.9961,13.36,-0.06,-2.22
5.16,0.0,0.0,0.0,6.73,2.858,3.995,0.3945,-0.026,0.9189,-3.97,-1.51,190.39,0.0278,0.1151,0.9991,13.33,0.49,0.95
5.17,0.0,0.0,0.0,6.928,2.898,4.0,0.4089,-0.028,0.9144,-5.07,-0.22,176.7,0.0467,0.0944,0.9988,10.99,2.11,0.82
5.18,0.0,0.0,0.0,7.111,2.931,3.995,0.4464,-0.0233,0.8959,-3.07,-0.19,160.81,0.0319,0.084,0.9867,8.64,0.89,0.01
5.19,0.0,0.0,0.0,7.277,2.958,3.982,0.4773,-0.0351,0.8953,-3.08,0.54,149.97,0.0225,0.1107,0.9829,6.0,-0.09,-1.53
5.2,0.0,0.0,0.0,7.427,2.979,3.959,0.4749,-0.026,0.8632,-2.07,0.22,134.64,0.0332,0.1203,1.0191,5.26,0.0,1.21
5.21,0.0,0.0,0.0,7.56,2.992,3.928,0.5163,-0.0339,0.8667,-1.02,-1.2,119.59,0.0493,0.1081,0.9891,3.62,-0.52,-0.67
5.22,0.0,0.0,0.0,7.676,2.999,3.887,0.5209,-0.024,0.8472,0.66,1.08,103.36,0.0366,0.0936,1.0009,1.12,-0.95,-0.45
5.23,0.0,0.0,0.0,7.774,2.999,3.838,0.5473,-0.0252,0.8396,0.5,0.21,88.06,0.035,0.1032,0.9778,0.63,-0.55,2.31
5.24,0.0,0.0,0.0,7.855,2.992,3.78,0.5455,-0.0406,0.8336,1.19,0.2,71.46,0.0513,0.093,0.9912,-2.47,-0.77,-0.7
5.25,0.0,0.0,0.0,7.919,2.979,3.713,0.544,-0.0202,0.8292,0.37,-0.01,53.36,0.0206,0.1099,0.9928,-3.96,0.65,0.74
5.26,0.0,0.0,0.0,7.964,2.958,3.639,0.5522,-0.0361,0.8212,1.16,-0.52,35.19,0.022,0.0889,0.9989,-6.67,-1.07,0.56
5.27,0.0,0.0,0.0,7.991,2.931,3.555,0.5728,-0.0223,0.8218,4.41,0.22,17.77,0.0187,0.0981,0.967,-8.03,1.33,0.39
5.28,0.0,0.0,0.0,8.0,2.898,3.464,0.5762,-0.0262,0.8346,2.44,0.48,0.02,0.0386,0.0894,0.9961,-11.38,0.75,0.28
5.29,0.0,0.0,0.0,7.991,2.858,3.365,0.5633,-0.0109,0.8295,5.38,-1.75,-18.61,0.0366,0.0987,0.9831,-12.89,0.02,0.38
5.3,0.0,0.0,0.0,7.964,2.811,3.258,0.5749,-0.0308,0.8311,4.03,-0.54,-34.96,0.0503,0.0914,0.9981,-13.88,0.0,0.27
5.31,0.0,0.0,0.0,7.919,2.758,3.144,0.5455,-0.0313,0.8222,4.8,-0.25,-52.61,0.0373,0.0943,0.9847,-15.64,-0.56,-0.05
5.32,0.0,0.0,0.0,7.855,2.698,3.023,0.5525,-0.0271,0.8239,6.38,0.26,-68.8,0.0309,0.0898,0.9868,-17.18,0.27,1.51
5.33,0.0,0.0,0.0,7.774,2.633,2.895,0.5295,-0.029,0.8499,7.07,1.19,-86.0,0.0349,0.0765,0.9929,-18.23,1.09,-1.31
5.34,0.0,0.0,0.0,7.676,2.562,2.76,0.521,-0.0169,0.858,6.16,-0.77,-104.41,0.0361,0.0891,0.9854,-22.34,-0.7,1.02
5.35,0.0,0.0,0.0,7.56,2.484,2.619,0.5113,-0.0399,0.8742,6.34,-0.5,-118.84,0.0182,0.0786,0.9915,-23.41,-1.53,0.82
5.36,0.0,0.0,0.0,7.427,2.402,2.473,0.483,-0.0331,0.8646,7.11,-0.51,-135.94,0.062,0.0651,0.9846,-23.64,0.7,0.7
5.37,0.0,0.0,0.0,7.277,2.313,2.32,0.4659,-0.0319,0.8803,7.91,-0.8,-148.94,0.0401,0.0932,0.9786,-25.96,0.32,1.12
5.38,0.0,0.0,0.0,7.111,2.22,2.163,0.4555,-0.0104,0.8787,8.85,-0.35,-164.03,0.037,0.071,1.0074,-23.14,-1.12,-0.09
5.39,0.0,0.0,0.0,6.928,2.121,2.0,0.4129,-0.0014,0.9041,8.32,0.77,-177.58,0.0411,0.06,0.9845,-27.2,-0.73,-1.87
5.4,0.0,0.0,0.19,6.73,2.018,1.833,0.3978,-0.018,0.9309,9.26,-1.05,-188.42,0.042,0.0707,0.996,-28.89,-0.86,-0.07
5.41,0.0,0.0,0.38,6.517,1.91,1.662,0.3467,-0.0171,0.929,10.59,0.43,-202.56,0.0335,0.0699,1.0056,-30.34,-0.72,-0.99
5.42,0.0,0.0,0.569,6.288,1.798,1.487,0.3296,-0.0132,0.9523,9.6,-1.7,-211.8,0.0286,0.0447,0.9922,-31.22,-0.32,-0.73
5.43,0.0,0.0,0.757,6.046,1.682,1.308,0.303,-0.0006,0.9555,9.78,-0.56,-219.32,0.0409,0.0442,0.9903,-31.52,-0.27,-1.24
5.44,0.0,0.0,0.943,5.79,1.561,1.127,0.2263,-0.0198,0.9712,8.16,-0.33,-227.04,0.0388,0.0253,1.001,-32.15,-0.65,-0.48
5.45,0.0,0.071,1.127,5.521,1.438,0.943,0.2039,-0.0065,0.9658,7.23,1.67,-234.31,0.0268,0.028,1.0101,-33.32,-0.76,-0.6
5.46,0.0,0.214,1.308,5.239,1.311,0.757,0.177,0.0026,0.9861,10.4,-0.27,-241.15,0.0491,0.0217,0.9874,-33.64,-0.23,-2.38
5.47,0.0,0.356,1.487,4.945,1.181,0.569,0.1275,-0.0003,0.9617,10.03,-2.2,-244.8,0.0378,0.0197,0.9977,-32.41,0.17,0.7
5.48,0.0,0.497,1.662,4.64,1.048,0.38,0.0905,-0.0017,0.9943,9.69,-2.0,-246.75,0.0422,0.0153,0.982,-32.65,-0.32,2.22
5.49,0.0,0.638,1.833,4.325,0.913,0.19,0.0375,0.0082,0.9827,10.5,0.03,-248.47,0.0488,0.0116,0.9954,-33.95,1.16,0.61
5.5,0.0,0.776,2.0,4.0,0.776,0.0,0.0009,-0.027,1.0121,22.2,0.61,-24.86,0.0351,0.0024,0.9997,-35.59,0.51,-0.2
5.51,0.381,0.913,2.163,3.666,0.638,0.0,0.0333,0.0128,1.0071,35.33,0.38,101.16,0.0381,-0.0181,0.9908,-33.66,-1.59,-0.05
5.52,0.76,1.048,2.32,3.323,0.497,0.0,0.0466,0.0054,1.004,34.12,0.17,0.4,0.043,-0.0213,0.9947,-32.48,0.52,-0.42
5.53,1.139,1.181,2.473,2.973,0.356,0.0,0.0374,-0.0005,1.0144,33.0,1.16,-0.75,0.0277,-0.0233,0.9851,-32.38,0.61,0.09
5.54,1.514,1.311,2.619,2.617,0.214,0.0,0.0383,0.0288,0.9896,34.35,-0.54,-0.28,0.0354,-0.0265,0.9999,-32.63,-0.43,-0.04
5.55,1.886,1.438,2.76,2.254,0.071,0.0,0.0308,0.0432,1.0164,32.65,0.89,-1.4,0.0362,-0.019,1.0095,-31.44,-1.5,-0.84
5.56,2.254,1.561,2.895,1.886,0.0,0.0,0.03,0.0338,1.0081,32.79,-1.63,-0.11,0.0253,-0.0468,0.9878,-32.21,0.01,1.68
5.57,2.617,1.682,3.023,1.514,0.0,0.0,0.0306,0.0503,0.9962,31.07,-0.9,1.11,0.0581,-0.0443,0.9923,-30.92,-0.01,-1.49
5.58,2.973,1.798,3.144,1.139,0.0,0.0,0.0388,0.0623,1.0097,30.09,-1.81,0.69,0.0208,-0.0367,1.0033,-31.42,-1.12,0.72
5.59,3.323,1.91,3.258,0.76,0.0,0.0,0.0307,0.0646,0.987,29.91,-0.27,1.4,0.0219,-0.0545,1.0102,-29.53,-1.45,-0.1
5.6,3.666,2.018,3.365,0.381,0.0,0.0,0.0378,0.073,0.9895,28.83,-0.05,-0.3,0.048,-0.052,0.9829,-27.49,-0.09,1.9
5.61,4.0,2.121,3.464,0.0,0.0,0.0,0.0557,0.0689,0.9914,28.19,0.11,1.35,0.042,-0.0629,0.9958,104.63,-0.23,25.18
5.62,4.325,2.22,3.555,0.0,0.0,0.0,0.0436,0.067,0.9919,26.25,0.06,-0.19,0.0333,-0.0173,1.0017,114.62,-0.42,148.69
5.63,4.64,2.313,3.639,0.0,0.0,0.0,0.0316,0.0547,0.9863,23.4,-0.93,1.47,0.0929,-0.0235,0.995,-7.47,-0.08,246.9
5.64,4.945,2.402,3.713,0.0,0.0,0.0,0.0469,0.0726,1.0088,23.44,-0.19,-0.02,0.1442,-0.0159,0.9666,-7.39,-1.1,244.02
5.65,5.239,2.484,3.78,0.0,0.0,0.0,0.0308,0.0706,0.9937,23.22,-1.5,0.71,0.1709,-0.0392,0.99,-6.08,-0.43,238.43
5.66,5.521,2.562,3.838,0.0,0.0,0.0,0.0145,0.1045,0.9995,20.62,1.36,1.48,0.2378,-0.0285,0.9922,-6.73,0.53,233.18
5.67,5.79,2.633,3.887,0.0,0.0,0.0,0.0248,0.0846,0.99,19.09,-0.3,-0.19,0.2338,-0.023,0.9688,-4.08,-0.35,225.34
5.68,6.046,2.698,3.928,0.0,0.0,0.0,0.0162,0.0908,0.9772,18.67,-0.49,0.22,0.2955,-0.0216,0.9468,-6.6,-1.67,218.22
5.69,6.288,2.758,3.959,0.0,0.0,0.0,0.0314,0.098,0.9978,15.27,1.59,1.29,0.336,-0.0129,0.9405,-3.54,-0.47,210.14
5.7,6.517,2.811,3.982,0.0,0.0,0.0,0.0351,0.0955,0.9757,12.69,-1.24,-0.13,0.3669,-0.0325,0.9511,-5.03,-1.07,200.19
5.71,6.73,2.858,3.995,0.0,0.0,0.0,0.0517,0.1144,0.9939,12.27,-1.13,-1.32,0.3874,-0.0145,0.9298,-5.52,0.27,186.72
5.72,6.928,2.898,4.0,0.0,0.0,0.0,0.0382,0.0932,0.9808,10.1,-1.1,2.14,0.4157,-0.0365,0.9141,-2.94,0.32,176.42
5.73,7.111,2.931,3.995,0.0,0.0,0.0,0.0327,0.1031,1.0141,7.74,-0.07,-0.47,0.4499,-0.0171,0.8985,-2.87,-1.66,164.07
5.74,7.277,2.958,3.982,0.0,0.0,0.0,0.0432,0.095,1.0032,6.63,0.43,0.16,0.4779,-0.0226,0.8758,-3.15,0.76,149.47
5.75,7.427,2.979,3.959,0.0,0.0,0.0,0.0128,0.0903,0.9951,5.37,0.74,1.16,0.4976,-0.0402,0.8684,-3.14,-1.11,134.36
5.76,7.56,2.992,3.928,0.0,0.0,0.0,0.0373,0.098,1.0066,2.92,2.57,-0.61,0.5212,-0.0282,0.8585,-0.89,1.56,119.25
5.77,7.676,2.999,3.887,0.0,0.0,0.0,0.0426,0.1041,0.9855,1.29,-2.25,-1.01,0.5173,-0.0319,0.8546,0.68,-0.05,103.18
5.78,7.774,2.999,3.838,0.0,0.0,0.0,0.0201,0.1002,0.9994,0.84,0.61,0.25,0.5393,-0.0251,0.8553,0.88,-1.25,86.62
5.79,7.855,2.992,3.78,0.0,0.0,0.0,0.0463,0.0972,0.996,-3.27,-0.56,-1.79,0.5437,-0.0335,0.8439,0.94,-1.14,70.52
5.8,7.919,2.979,3.713,0.0,0.0,0.0,0.0383,0.0894,0.9967,-4.6,-0.59,-0.29,0.5582,-0.0342,0.8125,1.94,0.35,55.38
5.81,7.964,2.958,3.639,0.0,0.0,0.0,0.0307,0.1016,1.0069,-7.31,-0.62,0.25,0.5786,-0.0171,0.8246,2.01,-0.39,34.79
5.82,7.991,2.931,3.555,0.0,0.0,0.0,0.0412,0.0861,1.0016,-9.55,-0.91,-0.27,0.5734,-0.0314,0.827,1.18,-0.1,17.49
5.83,8.0,2.898,3.464,0.0,0.0,0.0,0.0576,0.107,0.9973,-11.17,1.68,-1.54,0.5996,-0.0216,0.825,1.75,1.61,-0.05
5.84,7.991,2.858,3.365,0.0,0.0,0.0,0.0367,0.0983,0.9781,-12.91,0.84,1.59,0.5742,-0.0315,0.8134,3.53,-0.7,-18.5
5.85,7.964,2.811,3.258,0.0,0.0,0.0,0.0374,0.0805,0.9853,-13.87,0.02,0.1,0.5691,-0.0119,0.8515,4.11,0.06,-34.44
5.86,7.919,2.758,3.144,0.0,0.0,0.0,0.0303,0.0894,0.9939,-13.64,1.35,1.43,0.5631,-0.0346,0.814,5.65,1.42,-55.45
5.87,7.855,2.698,3.023,0.0,0.0,0.0,0.0264,0.082,0.9963,-18.4,-1.51,-0.26,0.5468,-0.033,0.822,6.06,0.27,-70.88
5.88,7.774,2.633,2.895,0.0,0.0,0.0,0.0432,0.0895,0.9844,-19.75,-1.33,-0.88,0.541,-0.0107,0.8427,6.41,-1.61,-86.44
5.89,7.676,2.562,2.76,0.0,0.0,0.0,0.0263,0.0962,1.0201,-20.98,-2.18,0.27,0.5388,-0.0293,0.8705,5.99,0.51,-104.02
5.9,7.56,2.484,2.619,0.0,0.0,0.0,0.0356,0.0603,1.0114,-22.04,-0.7,-0.22,0.512,-0.0077,0.8511,5.35,-1.16,-120.48
5.91,7.427,2.402,2.473,0.0,0.0,0.0,0.0301,0.0762,1.0026,-23.61,0.16,-1.18,0.4836,-0.0136,0.868,7.57,1.41,-134.55
5.92,7.277,2.313,2.32,0.0,0.0,0.0,0.0397,0.0691,0.9976,-23.95,0.1,1.47,0.4605,-0.0228,0.8934,8.1,-0.82,-148.73
5.93,7.111,2.22,2.163,0.0,0.0,0.0,0.0382,0.073,0.9951,-28.94,0.15,-0.62,0.4409,-0.038,0.895,5.57,2.97,-163.3
5.94,6.928,2.121,2.0,0.0,0.0,0.0,0.0453,0.0636,0.988,-30.1,-1.41,-1.84,0.4194,-0.0187,0.9047,7.48,1.47,-177.36
5.95,6.73,2.018,1.833,0.0,0.0,0.19,0.0298,0.0491,0.9986,-29.31,0.8,1.33,0.4014,-0.016,0.9266,7.95,-0.8,-188.24
5.96,6.517,1.91,1.662,0.0,0.0,0.38,0.0322,0.0483,1.0006,-28.73,0.24,-0.5,0.3446,-0.0038,0.9364,9.07,0.02,-200.29
5.97,6.288,1.798,1.487,0.0,0.0,0.569,0.0251,0.0382,0.9859,-32.3,0.73,-0.61,0.3211,0.002,0.9562,8.42,0.75,-209.31
5.98,6.046,1.682,1.308,0.0,0.0,0.757,0.0305,0.0515,1.0019,-34.56,-1.89,-1.77,0.29,-0.0191,0.9703,9.43,0.78,-217.66
5.99,5.79,1.561,1.127,0.0,0.0,0.943,0.0387,0.0354,0.9972,-31.69,0.31,1.74,0.2327,-0.0025,0.971,9.47,0.44,-229.73
6.0,5.521,1.438,0.943,0.0,0.071,1.127,0.0425,0.0485,0.9799,-32.62,-1.19,-1.29,0.2035,-0.0012,0.9802,9.7,1.25,-233.83
6.01,5.239,1.311,0.757,0.0,0.214,1.308,0.0257,0.0231,0.9905,-34.45,-0.4,0.06,0.1645,0.0036,0.9873,9.29,-0.12,-241.31
6.02,4.945,1.181,0.569,0.0,0.356,1.487,0.0436,0.0108,0.9951,-34.74,0.53,0.91,0.1215,-0.0004,0.9965,9.49,-0.37,-241.54
6.03,4.64,1.048,0.38,0.0,0.497,1.662,0.0485,-0.0032,1.0182,-35.0,0.09,0.42,0.0887,-0.023,0.9968,9.13,-0.35,-247.61
6.04,4.325,0.913,0.19,0.0,0.638,1.833,0.039,-0.0121,1.0049,-34.09,-0.85,-0.06,0.042,-0.0033,0.999,10.64,0.86,-248.3
6.05,4.0,0.776,0.0,0.0,0.776,2.0,0.0537,-0.0158,0.986,-34.88,0.01,-1.7,-0.0056,-0.0116,1.012,22.84,0.37,-24.88
6.06,3.666,0.638,0.0,0.381,0.913,2.163,0.0272,-0.0033,1.0042,-33.7,-1.53,-0.81,0.0392,0.004,1.0145,33.43,0.29,99.2
6.07,3.323,0.497,0.0,0.76,1.048,2.32,0.0225,-0.0068,0.9838,-36.88,1.15,0.19,0.0521,0.0217,0.9842,35.55,0.8,-0.92
6.08,2.973,0.356,0.0,1.139,1.181,2.473,0.0171,-0.0337,1.0101,-34.61,-0.21,-0.79,0.0513,0.0209,0.9993,33.44,-2.05,1.59
6.09,2.617,0.214,0.0,1.514,1.311,2.619,0.0499,-0.0148,0.9944,-34.49,1.12,0.2,0.0157,0.0352,0.9922,34.89,0.31,0.96
6.1,2.254,0.071,0.0,1.886,1.438,2.76,0.0414,-0.0343,0.998,-33.12,-0.53,0.68,0.0407,0.0329,0.9958,32.22,0.22,1.94
6.11,1.886,0.0,0.0,2.254,1.561,2.895,0.0343,-0.0337,1.012,-32.8,-0.52,0.96,0.0331,0.0222,1.0028,30.23,1.67,0.06
6.12,1.514,0.0,0.0,2.617,1.682,3.023,0.0377,-0.0246,0.9857,-30.75,-0.76,-1.23,0.0365,0.0155,1.0053,31.95,-1.53,0.29
6.13,1.139,0.0,0.0,2.973,1.798,3.144,0.0236,-0.0372,0.9844,-32.6,0.88,2.2,0.0309,0.0477,0.9972,30.99,1.56,-0.27
6.14,0.76,0.0,0.0,3.323,1.91,3.258,0.0594,-0.0542,0.9922,-29.78,-0.71,0.77,0.0361,0.0493,0.9789,29.86,0.08,-0.29
6.15,0.381,0.0,0.0,3.666,2.018,3.365,0.0362,-0.0655,1.0082,-28.26,0.64,-0.0,0.0364,0.0468,0.9881,28.17,0.49,-1.04
6.16,0.0,0.0,0.0,4.0,2.121,3.464,0.036,-0.083,0.9823,107.08,-0.38,25.93,0.0291,0.0445,1.0065,27.68,1.68,0.08
6.17,0.0,0.0,0.0,4.325,2.22,3.555,0.0508,-0.0271,0.9705,115.0,-1.98,151.42,0.0259,0.0589,0.9698,26.01,0.56,-0.79
6.18,0.0,0.0,0.0,4.64,2.313,3.639,0.0916,-0.0234,0.9915,-7.25,-0.57,245.71,0.0304,0.0688,1.0088,24.93,0.4,0.44
6.19,0.0,0.0,0.0,4.945,2.402,3.713,0.1317,-0.0324,0.9968,-8.97,-1.18,243.76,0.0372,0.0817,1.0018,24.71,0.24,0.17
6.2,0.0,0.0,0.0,5.239,2.484,3.78,0.1633,-0.0251,0.997,-9.12,0.03,237.19,0.0409,0.0809,1.0094,22.62,-0.48,0.29
6.21,0.0,0.0,0.0,5.521,2.562,3.838,0.2166,-0.0241,0.9724,-5.43,-1.19,234.14,0.0434,0.0989,0.994,21.53,-0.03,1.68
6.22,0.0,0.0,0.0,5.79,2.633,3.887,0.2699,-0.0282,0.9635,-5.81,0.93,227.49,0.03,0.076,0.975,19.1,-0.72,-0.04
6.23,0.0,0.0,0.0,6.046,2.698,3.928,0.302,-0.0334,0.9686,-4.13,-0.09,219.11,0.0377,0.0984,0.9997,17.35,-0.04,0.76
6.24,0.0,0.0,0.0,6.288,2.758,3.959,0.3402,-0.0261,0.9269,-6.17,-0.18,209.4,0.0445,0.093,1.0079,14.83,-2.34,2.05
6.25,0.0,0.0,0.0,6.517,2.811,3.982,0.3528,-0.0242,0.9295,-3.75,0.66,197.84,0.0466,0.1021,1.0041,13.86,0.43,1.31
6.26,0.0,0.0,0.0,6.73,2.858,3.995,0.3796,-0.0402,0.9226,-1.86,0.96,189.07,0.0343,0.0931,0.988,9.11,-0.12,1.15
6.27,0.0,0.0,0.0,6.928,2.898,4.0,0.4174,-0.0158,0.9122,-2.76,-0.02,178.01,0.0327,0.1101,0.9953,9.99,-0.34,-0.31
6.28,0.0,0.0,0.0,7.111,2.931,3.995,0.446,-0.0314,0.8898,-2.34,-0.77,162.92,0.0368,0.1041,0.9889,8.63,0.22,0.23
6.29,0.0,0.0,0.0,7.277,2.958,3.982,0.4807,-0.0306,0.8827,-2.03,-1.77,150.07,0.0234,0.0957,0.9859,7.37,-1.43,-1.32
6.3,0.0,0.0,0.0,7.427,2.979,3.959,0.4746,-0.024,0.8455,-3.03,-0.69,133.42,0.033,0.1033,1.0036,4.61,1.93,0.5
6.31,0.0,0.0,0.0,7.56,2.992,3.928,0.5261,-0.029,0.8527,0.48,-0.62,120.12,0.0423,0.1018,0.982,3.28,-0.1,0.27
6.32,0.0,0.0,0.0,7.676,2.999,3.887,0.5259,-0.0219,0.8537,-0.9,0.11,103.33,0.0413,0.1094,0.985,-1.2,-0.15,0.02
6.33,0.0,0.0,0.0,7.774,2.999,3.838,0.5373,-0.0285,0.8304,0.8,-0.35,86.49,0.0322,0.0927,0.9829,-1.03,-0.97,1.03
6.34,0.0,0.0,0.0,7.855,2.992,3.78,0.543,-0.0374,0.8333,-0.68,0.69,69.58,0.0371,0.1039,0.9791,-4.61,0.02,-1.21
6.35,0.0,0.0,0.0,7.919,2.979,3.713,0.5455,-0.0275,0.8311,0.28,-0.61,52.68,0.0267,0.1074,0.9955,-6.08,1.39,1.63
6.36,0.0,0.0,0.0,7.964,2.958,3.639,0.5767,-0.0422,0.8189,3.48,-0.06,35.92,0.0419,0.1028,1.0057,-6.99,1.04,0.9
6.37,0.0,0.0,0.0,7.991,2.931,3.555,0.573,-0.0293,0.8214,2.27,1.18,16.5,0.0341,0.1146,0.9924,-7.43,0.85,-0.07
6.38,0.0,0.0,0.0,8.0,2.898,3.464,0.5607,-0.0302,0.8092,4.63,0.34,-0.4,0.0321,0.1072,0.9794,-10.21,0.55,-0.15
6.39,0.0,0.0,0.0,7.991,2.858,3.365,0.5594,-0.0314,0.8176,3.65,-0.06,-17.85,0.0313,0.0974,1.003,-12.41,-0.36,0.48
6.4,0.0,0.0,0.0,7.964,2.811,3.258,0.5651,-0.0299,0.8285,2.43,-0.6,-36.63,0.0343,0.0973,1.0117,-14.25,-1.45,1.52
6.41,0.0,0.0,0.0,7.919,2.758,3.144,0.5788,-0.0466,0.8283,5.69,-0.63,-51.28,0.0304,0.0954,0.9886,-16.7,-0.2,0.1
6.42,0.0,0.0,0.0,7.855,2.698,3.023,0.5505,-0.0324,0.8269,4.72,-0.85,-71.2,0.0415,0.0936,0.9906,-18.23,-0.24,0.14
6.43,0.0,0.0,0.0,7.774,2.633,2.895,0.5266,-0.025,0.8426,6.5,-0.54,-87.93,0.0309,0.0681,1.0008,-18.91,1.05,0.02
6.44,0.0,0.0,0.0,7.676,2.562,2.76,0.525,-0.0233,0.8564,6.3,0.76,-104.7,0.0508,0.0798,1.0122,-22.3,0.31,1.78
6.45,0.0,0.0,0.0,7.56,2.484,2.619,0.5081,-0.034,0.8389,5.19,-0.22,-117.86,0.0496,0.0642,0.9911,-21.84,1.61,-0.37
6.46,0.0,0.0,0.0,7.427,2.402,2.473,0.4646,-0.0099,0.8822,7.33,-1.35,-134.44,0.026,0.0878,0.9832,-24.26,1.2,-0.03
6.47,0.0,0.0,0.0,7.277,2.313,2.32,0.4692,-0.0299,0.8792,9.77,1.77,-150.57,0.0356,0.0701,1.0032,-24.41,-0.46,1.46
6.48,0.0,0.0,0.0,7.111,2.22,2.163,0.4431,-0.0102,0.8994,8.45,0.32,-162.4,0.0284,0.0643,1.0052,-25.56,-1.8,0.15
6.49,0.0,0.0,0.0,6.928,2.121,2.0,0.4256,-0.0142,0.92,8.26,-1.41,-176.35,0.0316,0.0705,0.9976,-29.38,1.39,1.14
6.5,0.0,0.0,0.19,6.73,2.018,1.833,0.4079,-0.0234,0.9072,9.72,-0.44,-188.44,0.0549,0.0608,0.9922,-29.4,1.36,-0.91
6.51,0.0,0.0,0.38,6.517,1.91,1.662,0.3692,0.0023,0.9265,9.16,0.11,-200.23,0.0318,0.0402,1.008,-30.68,-1.37,-0.21
6.52,0.0,0.0,0.569,6.288,1.798,1.487,0.3216,-0.0258,0.943,9.43,1.7,-210.8,0.0385,0.0455,1.0036,-32.55,1.51,1.48
6.53,0.0,0.0,0.757,6.046,1.682,1.308,0.2775,-0.003,0.9495,8.37,-1.11,-218.81,0.0403,0.0374,0.9909,-32.58,0.38,-0.68
6.54,0.0,0.0,0.943,5.79,1.561,1.127,0.2768,-0.0006,0.9853,9.91,0.98,-227.67,0.0249,0.0177,0.9993,-29.82,0.16,-0.15
6.55,0.0,0.071,1.127,5.521,1.438,0.943,0.2124,-0.0156,0.9687,10.9,1.4,-232.13,0.0263,0.0226,0.9854,-32.26,1.61,0.26
6.56,0.0,0.214,1.308,5.239,1.311,0.757,0.1714,0.0068,0.9796,9.17,-0.63,-240.84,0.0228,0.0219,1.006,-31.45,1.34,-0.99
6.57,0.0,0.356,1.487,4.945,1.181,0.569,0.1292,-0.0079,0.9936,11.55,-0.28,-242.44,0.026,0.0167,0.9966,-32.92,0.65,-0.41
6.58,0.0,0.497,1.662,4.64,1.048,0.38,0.0888,-0.0007,0.9842,10.12,-1.04,-247.26,0.0064,-0.0029,0.995,-34.77,0.47,0.11
6.59,0.0,0.638,1.833,4.325,0.913,0.19,0.0421,0.0008,0.9951,9.37,-0.2,-248.75,0.0403,0.0175,0.999,-34.58,0.62,0.05
6.6,0.0,0.776,2.0,4.0,0.776,0.0,-0.0057,-0.0013,1.0032,23.26,-0.04,-24.01,0.0554,-0.001,0.9998,-33.66,-0.4,1.28
6.61,0.381,0.913,2.163,3.666,0.638,0.0,0.0294,0.0141,0.996,33.91,0.66,99.37,0.0364,-0.0056,1.0083,-33.76,-0.06,1.54
6.62,0.76,1.048,2.32,3.323,0.497,0.0,0.0346,0.0199,0.9984,34.79,1.09,0.86,0.0207,-0.0079,1.0052,-34.61,-0.9,-0.86
6.63,1.139,1.181,2.473,2.973,0.356,0.0,0.0295,0.0004,0.9939,33.46,-0.75,-2.71,0.0285,-0.0257,0.9977,-35.26,-0.33,0.11
6.64,1.514,1.311,2.619,2.617,0.214,0.0,0.0278,0.0368,0.984,33.3,-1.97,-0.72,0.0303,-0.0192,1.0067,-30.08,-0.37,0.67
6.65,1.886,1.438,2.76,2.254,0.071,0.0,0.036,0.0129,1.0022,33.36,-0.02,-0.92,0.0247,-0.0332,1.003,-33.01,-0.64,1.52
6.66,2.254,1.561,2.895,1.886,0.0,0.0,0.0323,0.0455,1.0163,32.55,0.29,-1.25,0.0435,-0.0441,0.9945,-32.59,0.14,0.72
6.67,2.617,1.682,3.023,1.514,0.0,0.0,0.0499,0.052,0.9987,29.56,0.25,-0.21,0.043,-0.035,0.9973,-31.44,-0.32,0.29
6.68,2.973,1.798,3.144,1.139,0.0,0.0,0.0084,0.0353,1.0006,29.62,-0.33,0.39,0.0233,-0.0313,0.9968,-30.98,0.5,0.67
6.69,3.323,1.91,3.258,0.76,0.0,0.0,0.0458,0.0474,1.005,30.76,0.12,0.7,0.0422,-0.0442,1.0031,-29.7,-1.62,0.67
6.7,3.666,2.018,3.365,0.381,0.0,0.0,0.0474,0.0455,0.9851,28.68,1.52,0.24,0.0502,-0.0474,0.9941,-27.53,-0.11,-0.93
6.71,4.0,2.121,3.464,0.0,0.0,0.0,0.0142,0.0594,1.0145,27.19,0.38,-0.67,0.0539,-0.0667,0.9936,105.1,0.13,25.04
6.72,4.325,2.22,3.555,0.0,0.0,0.0,0.0315,0.0632,0.9992,25.16,-0.37,0.37,0.0722,-0.0359,1.0185,114.32,-0.31,150.51
6.73,4.64,2.313,3.639,0.0,0.0,0.0,0.0312,0.0785,1.0132,24.16,-0.5,0.12,0.0778,-0.0063,1.0054,-7.73,-0.17,246.94
6.74,4.945,2.402,3.713,0.0,0.0,0.0,0.0208,0.0881,0.9892,21.85,-0.17,0.94,0.1577,-0.002,0.9837,-7.63,-1.59,244.11
6.75,5.239,2.484,3.78,0.0,0.0,0.0,0.0271,0.093,1.0144,22.33,1.64,0.78,0.1677,-0.0083,0.9907,-5.31,0.36,239.33
6.76,5.521,2.562,3.838,0.0,0.0,0.0,0.0238,0.0772,1.0037,20.32,-0.18,0.03,0.2059,-0.0282,0.9782,-5.1,0.65,231.63
6.77,5.79,2.633,3.887,0.0,0.0,0.0,0.0524,0.0842,1.0012,18.37,-0.02,-0.9,0.2543,-0.0375,0.9716,-5.69,0.49,227.14
6.78,6.046,2.698,3.928,0.0,0.0,0.0,0.0443,0.0727,0.9977,17.62,-0.48,-0.65,0.2828,-0.0376,0.9585,-6.59,1.04,219.45
6.79,6.288,2.758,3.959,0.0,0.0,0.0,0.0476,0.0844,0.9926,16.35,1.1,-0.55,0.3283,-0.0446,0.9575,-6.02,0.2,209.54
6.8,6.517,2.811,3.982,0.0,0.0,0.0,0.0421,0.1048,1.0069,16.32,1.96,-0.32,0.3448,-0.0296,0.9368,-4.25,0.48,198.73
6.81,6.73,2.858,3.995,0.0,0.0,0.0,0.0236,0.1136,0.996,10.92,0.45,0.27,0.3871,-0.0132,0.92,-3.39,0.16,187.82
6.82,6.928,2.898,4.0,0.0,0.0,0.0,0.0297,0.0871,0.9748,11.74,0.08,0.72,0.4315,-0.0313,0.9182,-3.55,0.69,177.32
6.83,7.111,2.931,3.995,0.0,0.0,0.0,0.0398,0.0952,0.9831,9.68,0.04,-0.05,0.4449,-0.0274,0.8972,-3.09,-1.58,165.48
6.84,7.277,2.958,3.982,0.0,0.0,0.0,0.0227,0.1022,0.9923,6.02,-2.38,0.02,0.4712,-0.017,0.8836,-2.63,-0.89,151.01
6.85,7.427,2.979,3.959,0.0,0.0,0.0,0.042,0.1063,0.9971,5.08,0.75,0.14,0.4963,-0.0351,0.8736,-1.49,1.59,133.65
6.86,7.56,2.992,3.928,0.0,0.0,0.0,0.0325,0.0961,0.9934,2.47,0.13,-0.52,0.5225,-0.0109,0.8583,-3.26,-2.46,120.52
6.87,7.676,2.999,3.887,0.0,0.0,0.0,0.0312,0.1087,1.0061,1.16,0.43,-0.93,0.511,-0.0115,0.8492,-1.39,-0.14,103.06
6.88,7.774,2.999,3.838,0.0,0.0,0.0,0.042,0.0997,0.9744,0.53,-0.71,-1.76,0.5475,-0.0327,0.8343,-0.33,1.17,86.67
6.89,7.855,2.992,3.78,0.0,0.0,0.0,0.0393,0.104,0.9954,-2.33,-0.38,-0.7,0.5505,-0.0371,0.8252,2.09,-0.09,69.88
6.9,7.919,2.979,3.713,0.0,0.0,0.0,0.0313,0.1089,0.9758,-4.37,-0.41,0.47,0.5638,-0.0241,0.8167,0.65,-0.41,53.78
6.91,7.964,2.958,3.639,0.0,0.0,0.0,0.0465,0.1025,1.0017,-7.23,1.02,-0.7,0.5791,-0.0343,0.8084,2.22,0.13,36.49
6.92,7.991,2.931,3.555,0.0,0.0,0.0,0.0241,0.0967,0.9933,-10.19,-0.38,-0.24,0.5604,-0.0419,0.8109,2.84,-0.35,17.71
6.93,8.0,2.898,3.464,0.0,0.0,0.0,0.0411,0.0983,0.9986,-10.79,2.08,0.47,0.5634,-0.0171,0.817,4.47,0.03,-0.08
6.94,7.991,2.858,3.365,0.0,0.0,0.0,0.0408,0.0965,0.986,-11.22,0.43,0.52,0.5529,-0.0171,0.8207,4.99,-0.68,-17.35
6.95,7.964,2.811,3.258,0.0,0.0,0.0,0.0318,0.0914,1.0077,-15.76,-1.28,-1.08,0.563,-0.027,0.8197,4.21,1.11,-34.97
6.96,7.919,2.758,3.144,0.0,0.0,0.0,0.0382,0.0899,1.0055,-17.04,-0.13,1.0,0.5754,-0.0404,0.8032,4.32,1.42,-51.9
6.97,7.855,2.698,3.023,0.0,0.0,0.0,0.0224,0.1055,1.0012,-17.56,-0.65,1.13,0.5519,-0.0392,0.8485,4.64,-0.13,-71.63
6.98,7.774,2.633,2.895,0.0,0.0,0.0,0.0441,0.0919,0.9944,-20.32,-2.19,-1.13,0.5282,-0.0249,0.8512,5.56,-1.39,-87.24
6.99,7.676,2.562,2.76,0.0,0.0,0.0,0.0331,0.0799,1.0018,-21.71,1.6,-0.82,0.5226,-0.0299,0.8537,5.84,-0.52,-104.79
7.0,7.56,2.484,2.619,0.0,0.0,0.0,0.0297,0.086,0.9892,-22.85,0.7,1.19,0.4959,-0.0272,0.8785,7.28,-0.18,-119.71
7.01,7.427,2.402,2.473,0.0,0.0,0.0,0.0454,0.0717,1.0051,-25.24,0.53,-0.15,0.4803,-0.0123,0.8608,7.58,0.51,-135.22
7.02,7.277,2.313,2.32,0.0,0.0,0.0,0.0279,0.0825,1.0134,-26.21,0.17,-2.22,0.4737,-0.0139,0.9015,8.16,-1.01,-149.68
7.03,7.111,2.22,2.163,0.0,0.0,0.0,0.0208,0.0699,1.0079,-25.81,-1.38,-1.4,0.4337,-0.0061,0.8855,9.21,-0.77,-164.31
7.04,6.928,2.121,2.0,0.0,0.0,0.0,0.0193,0.0604,0.9902,-29.02,-0.48,-0.25,0.4298,-0.0284,0.9104,10.18,0.51,-178.04
7.05,6.73,2.018,1.833,0.0,0.0,0.19,0.041,0.0611,1.0014,-30.41,0.84,-1.16,0.3887,-0.0204,0.9082,8.77,0.94,-190.8
7.06,6.517,1.91,1.662,0.0,0.0,0.38,0.0221,0.0358,0.9851,-30.46,-1.05,-0.41,0.3588,-0.0079,0.9338,10.05,-0.62,-200.02
7.07,6.288,1.798,1.487,0.0,0.0,0.569,0.0524,0.0349,1.004,-30.01,-2.53,0.03,0.3215,-0.0094,0.9497,8.87,-1.33,-210.48
7.08,6.046,1.682,1.308,0.0,0.0,0.757,0.0141,0.0288,1.0031,-31.75,-0.23,1.46,0.2963,0.0031,0.9558,10.65,3.28,-219.82
7.09,5.79,1.561,1.127,0.0,0.0,0.943,0.0519,0.0366,0.9801,-32.73,-0.14,-0.29,0.2589,-0.0064,0.9751,10.74,0.78,-225.8
7.1,5.521,1.438,0.943,0.0,0.071,1.127,0.037,0.0468,0.9873,-32.82,0.14,1.07,0.2152,0.0096,0.9783,10.87,-0.27,-234.8
7.11,5.239,1.311,0.757,0.0,0.214,1.308,0.0339,0.046,0.9963,-35.11,0.73,1.43,0.1769,-0.0017,0.98,10.1,0.87,-238.16
7.12,4.945,1.181,0.569,0.0,0.356,1.487,0.0295,0.0242,0.9962,-33.26,0.64,1.43,0.1274,0.0053,0.9859,9.46,-0.12,-242.36
7.13,4.64,1.048,0.38,0.0,0.497,1.662,0.0389,0.0169,0.9872,-33.65,0.26,0.28,0.0922,-0.0068,1.0043,8.81,0.87,-249.1
7.14,4.325,0.913,0.19,0.0,0.638,1.833,0.0345,-0.012,1.0033,-34.61,1.2,-1.96,0.0402,-0.0017,0.9925,10.22,0.16,-248.96
7.15,4.0,0.776,0.0,0.0,0.776,2.0,0.0459,-0.0054,1.0019,-33.25,-1.52,0.46,0.0,0.0091,1.0092,23.8,0.09,-25.24
7.16,3.666,0.638,0.0,0.381,0.913,2.163,0.036,-0.0139,0.9974,-35.32,0.5,1.05,0.0322,0.0221,1.0116,33.89,-0.11,97.09
7.17,3.323,0.497,0.0,0.76,1.048,2.32,0.0364,-0.0181,0.9918,-32.9,0.63,-0.08,0.0303,0.0192,0.9826,34.82,-1.45,-1.44
7.18,2.973,0.356,0.0,1.139,1.181,2.473,0.0313,-0.0195,1.0097,-33.6,-1.24,1.74,0.028,0.017,1.0106,34.6,1.94,0.77
7.19,2.617,0.214,0.0,1.514,1.311,2.619,0.0343,-0.0284,1.0157,-33.7,-1.5,0.86,0.0396,0.0375,1.0197,33.08,-0.94,2.02
7.2,2.254,0.071,0.0,1.886,1.438,2.76,0.038,-0.0493,0.9941,-32.89,-0.75,0.57,0.048,0.0076,1.0015,34.18,-1.36,0.9
7.21,1.886,0.0,0.0,2.254,1.561,2.895,0.0178,-0.0277,0.9927,-32.37,-0.66,1.09,0.0466,0.021,1.0048,29.35,-0.21,0.32
7.22,1.514,0.0,0.0,2.617,1.682,3.023,0.0214,-0.0515,1.0035,-30.33,0.75,0.33,0.0223,0.0476,1.0089,30.33,-0.96,-0.02
7.23,1.139,0.0,0.0,2.973,1.798,3.144,0.0423,-0.0438,0.9947,-31.82,-0.61,-2.49,0.0478,0.0463,0.9956,29.82,-0.05,1.68
7.24,0.76,0.0,0.0,3.323,1.91,3.258,0.0366,-0.0307,0.9967,-30.59,-0.86,-0.5,0.0317,0.0575,0.9999,29.01,0.69,2.15
7.25,0.381,0.0,0.0,3.666,2.018,3.365,0.0331,-0.0658,1.0052,-27.78,-0.61,1.2,0.0409,0.0572,0.9846,29.15,1.0,-0.59
7.26,0.0,0.0,0.0,4.0,2.121,3.464,0.0351,-0.0868,0.9784,104.63,1.12,24.04,0.0258,0.0672,0.9989,28.0,0.81,-2.0
7.27,0.0,0.0,0.0,4.325,2.22,3.555,0.047,-0.0227,1.012,116.38,0.01,148.83,0.0363,0.0581,1.0022,26.91,-0.31,-2.1
7.28,0.0,0.0,0.0,4.64,2.313,3.639,0.0814,-0.0102,0.9967,-5.87,-0.18,246.1,0.038,0.0765,1.002,25.83,0.05,1.32
7.29,0.0,0.0,0.0,4.945,2.402,3.713,0.1217,-0.0029,0.9872,-7.56,-0.11,245.76,0.0201,0.085,1.0072,22.92,0.41,-0.05
7.3,0.0,0.0,0.0,5.239,2.484,3.78,0.1732,-0.036,0.9841,-6.05,1.29,241.25,0.041,0.0913,0.9885,21.21,-1.76,0.18
7.31,0.0,0.0,0.0,5.521,2.562,3.838,0.2021,-0.0199,0.9766,-7.43,-0.75,233.06,0.0484,0.103,0.9906,21.31,0.57,-1.79
7.32,0.0,0.0,0.0,5.79,2.633,3.887,0.2551,-0.0306,0.9503,-5.05,1.32,227.27,0.0332,0.0888,1.0146,18.7,-1.46,-0.75
7.33,0.0,0.0,0.0,6.046,2.698,3.928,0.2716,-0.028,0.9721,-5.11,0.21,218.46,0.0485,0.0923,0.9939,16.12,2.04,-0.3
7.34,0.0,0.0,0.0,6.288,2.758,3.959,0.3346,-0.0013,0.946,-4.32,-0.16,210.67,0.033,0.0773,0.9971,16.96,-0.4,0.21
7.35,0.0,0.0,0.0,6.517,2.811,3.982,0.3627,-0.0436,0.9378,-4.91,2.5,200.39,0.0434,0.0898,0.9942,15.62,-0.18,-0.4
7.36,0.0,0.0,0.0,6.73,2.858,3.995,0.392,-0.0267,0.9302,-5.39,-1.06,189.51,0.0127,0.0955,0.9864,13.98,-0.77,-1.04
7.37,0.0,0.0,0.0,6.928,2.898,4.0,0.4285,-0.0252,0.8975,-2.67,-0.35,176.89,0.0591,0.1099,1.0107,10.77,-0.63,-0.78
7.38,0.0,0.0,0.0,7.111,2.931,3.995,0.4621,-0.0195,0.8996,-4.68,-1.23,166.45,0.0499,0.095,0.989,9.33,2.27,1.21
7.39,0.0,0.0,0.0,7.277,2.958,3.982,0.4799,-0.0298,0.8797,-2.36,0.95,148.6,0.0321,0.1104,0.9829,8.17,0.94,0.24
7.4,0.0,0.0,0.0,7.427,2.979,3.959,0.4732,-0.028,0.8789,-0.52,1.69,133.28,0.0152,0.1035,0.9895,4.23,-1.55,0.61
7.41,0.0,0.0,0.0,7.56,2.992,3.928,0.498,-0.0352,0.838,-0.69,1.67,119.27,0.0378,0.1024,0.9739,4.04,1.5,-0.9
7.42,0.0,0.0,0.0,7.676,2.999,3.887,0.5213,-0.0287,0.8481,1.65,1.22,102.16,0.0205,0.107,0.9874,1.25,1.19,-2.95
7.43,0.0,0.0,0.0,7.774,2.999,3.838,0.5419,-0.0348,0.8342,1.32,-0.2,85.76,0.0393,0.1006,0.9842,-0.06,-0.28,-0.52
7.44,0.0,0.0,0.0,7.855,2.992,3.78,0.5583,-0.0251,0.837,0.23,-0.37,69.34,0.039,0.0999,1.0001,-2.75,0.31,-0.87
7.45,0.0,0.0,0.0,7.919,2.979,3.713,0.5548,-0.0348,0.8314,1.49,-1.67,52.15,0.0255,0.0864,0.9873,-3.58,-0.01,0.35
7.46,0.0,0.0,0.0,7.964,2.958,3.639,0.5703,-0.027,0.8152,1.99,2.04,34.58,0.0461,0.1,1.003,-6.58,1.97,3.29
7.47,0.0,0.0,0.0,7.991,2.931,3.555,0.5647,-0.0307,0.8125,1.03,0.47,18.33,0.043,0.0963,1.0083,-10.19,-0.8,0.7
7.48,0.0,0.0,0.0,8.0,2.898,3.464,0.5675,-0.0186,0.8177,2.24,-0.49,-0.51,0.0447,0.0943,1.0023,-9.13,0.15,2.74
7.49,0.0,0.0,0.0,7.991,2.858,3.365,0.5582,-0.0298,0.8107,3.17,1.33,-17.99,0.035,0.1016,0.9925,-13.37,-0.43,0.57
7.5,0.0,0.0,0.0,7.964,2.811,3.258,0.5592,-0.0463,0.8308,2.23,-0.97,-34.64,0.0207,0.1017,0.9963,-12.98,-1.43,-0.63
7.51,0.0,0.0,0.0,7.919,2.758,3.144,0.5486,-0.0152,0.8231,4.84,0.41,-53.84,0.0447,0.0948,0.9799,-16.08,2.19,0.35
7.52,0.0,0.0,0.0,7.855,2.698,3.023,0.5434,-0.036,0.8037,5.06,-0.17,-70.61,0.0322,0.0995,0.994,-16.51,-1.18,1.78
7.53,0.0,0.0,0.0,7.774,2.633,2.895,0.5521,-0.0325,0.8366,4.13,0.64,-86.89,0.021,0.0921,0.9871,-18.2,0.22,1.83
7.54,0.0,0.0,0.0,7.676,2.562,2.76,0.518,-0.0308,0.8389,6.68,-0.06,-105.67,0.0484,0.0799,1.0029,-20.49,-1.74,-0.58
7.55,0.0,0.0,0.0,7.56,2.484,2.619,0.5371,-0.01,0.8431,7.45,-1.45,-122.05,0.0559,0.0744,1.022,-21.92,-0.4,0.25
7.56,0.0,0.0,0.0,7.427,2.402,2.473,0.4965,-0.0439,0.8582,7.39,0.08,-134.64,0.0345,0.0782,1.0016,-23.45,0.42,-1.43
7.57,0.0,0.0,0.0,7.277,2.313,2.32,0.4716,0.0101,0.8837,7.25,1.05,-149.14,0.0565,0.0765,0.977,-27.25,-0.82,0.82
7.58,0.0,0.0,0.0,7.111,2.22,2.163,0.4369,-0.0093,0.9084,8.55,-0.03,-161.45,0.0358,0.0802,0.9936,-26.4,0.59,1.55
7.59,0.0,0.0,0.0,6.928,2.121,2.0,0.4256,-0.0162,0.9111,8.99,0.78,-176.4,0.0311,0.0734,0.9987,-28.83,-0.27,0.04
7.6,0.0,0.0,0.19,6.73,2.018,1.833,0.3837,-0.0175,0.9149,8.95,-1.05,-187.88,0.0286,0.0512,0.9987,-28.64,1.16,-0.67
7.61,0.0,0.0,0.38,6.517,1.91,1.662,0.3592,-0.0126,0.9382,8.12,-0.03,-200.08,0.0513,0.0505,0.9908,-30.97,1.36,0.36
7.62,0.0,0.0,0.569,6.288,1.798,1.487,0.3499,-0.0086,0.9413,9.5,-0.62,-209.75,0.0271,0.0529,1.0008,-31.92,-0.59,0.42
7.63,0.0,0.0,0.757,6.046,1.682,1.308,0.2876,-0.0058,0.9504,10.66,0.75,-217.48,0.0423,0.0514,0.9861,-29.95,0.08,0.08
7.64,0.0,0.0,0.943,5.79,1.561,1.127,0.2625,-0.005,0.9564,9.08,0.03,-229.25,0.0293,0.0446,0.9893,-31.19,0.18,0.18
7.65,0.0,0.071,1.127,5.521,1.438,0.943,0.2048,-0.008,0.9597,11.96,0.69,-233.53,0.0303,0.0289,1.0054,-32.87,0.62,-0.17
7.66,0.0,0.214,1.308,5.239,1.311,0.757,0.1709,-0.0091,0.9813,9.48,1.09,-237.44,0.0452,0.0112,0.989,-33.18,0.01,1.0
7.67,0.0,0.356,1.487,4.945,1.181,0.569,0.1472,-0.0069,0.9931,10.16,0.69,-243.7,0.0311,0.0079,1.0046,-34.0,0.19,0.74
7.68,0.0,0.497,1.662,4.64,1.048,0.38,0.0806,-0.0055,0.9953,9.54,0.27,-245.5,0.0309,0.0147,0.9856,-33.46,-0.24,-0.98
7.69,0.0,0.638,1.833,4.325,0.913,0.19,0.0617,0.0095,0.9949,10.48,-1.0,-249.68,0.0462,0.0094,1.017,-34.87,0.12,-1.01
7.7,0.0,0.776,2.0,4.0,0.776,0.0,0.0071,0.0059,0.9905,20.52,-0.0,-24.88,0.0509,-0.011,0.9916,-33.26,1.3,-0.25
7.71,0.381,0.913,2.163,3.666,0.638,0.0,0.0293,-0.0234,1.0055,33.65,-0.53,100.03,0.0413,-0.0055,0.9971,-34.45,0.65,0.74
7.72,0.76,1.048,2.32,3.323,0.497,0.0,0.0412,0.0185,0.9861,32.94,-0.34,-2.22,0.0284,-0.0056,1.0026,-34.45,0.7,0.15
7.73,1.139,1.181,2.473,2.973,0.356,0.0,0.0446,0.0198,1.007,33.89,-0.37,-1.17,0.0298,-0.0294,0.9936,-33.73,0.72,-0.64
7.74,1.514,1.311,2.619,2.617,0.214,0.0,0.0411,0.0235,0.9891,34.36,-0.98,-1.1,0.0357,-0.0127,1.0005,-33.95,-0.15,0.26
7.75,1.886,1.438,2.76,2.254,0.071,0.0,0.0192,0.0256,0.9914,33.51,-1.96,0.82,0.0381,-0.0333,1.0047,-32.54,0.32,-0.33
7.76,2.254,1.561,2.895,1.886,0.0,0.0,0.0276,0.0464,0.9841,29.89,-0.67,0.87,0.025,-0.0226,1.0084,-32.8,-1.09,0.88
7.77,2.617,1.682,3.023,1.514,0.0,0.0,0.0324,0.0502,0.9935,33.59,0.19,0.32,0.0421,-0.0461,1.0065,-31.08,1.27,0.33
7.78,2.973,1.798,3.144,1.139,0.0,0.0,0.0342,0.0385,1.0081,31.03,-1.35,0.82,0.0358,-0.0565,0.9966,-29.52,-2.78,-0.32
7.79,3.323,1.91,3.258,0.76,0.0,0.0,0.0411,0.0555,1.0032,29.05,0.02,-0.16,0.0177,-0.0561,0.9966,-30.55,-0.09,0.23
7.8,3.666,2.018,3.365,0.381,0.0,0.0,0.0367,0.0469,1.0076,28.97,1.9,1.2,0.0256,-0.0575,1.0213,-28.95,1.14,1.32
7.81,4.0,2.121,3.464,0.0,0.0,0.0,0.0215,0.0477,1.0027,27.89,1.02,0.01,0.0299,-0.0654,1.007,105.68,-1.36,24.27
7.82,4.325,2.22,3.555,0.0,0.0,0.0,0.0387,0.06,0.9862,25.85,1.64,0.06,0.0428,-0.022,0.9896,115.04,0.4,149.45
7.83,4.64,2.313,3.639,0.0,0.0,0.0,0.041,0.0794,0.9936,25.43,0.39,-0.27,0.1057,-0.0179,0.997,-7.11,-0.68,247.08
7.84,4.945,2.402,3.713,0.0,0.0,0.0,0.0405,0.0846,0.9888,23.26,1.17,0.68,0.1319,-0.0242,0.988,-6.61,-0.37,244.41
7.85,5.239,2.484,3.78,0.0,0.0,0.0,0.0457,0.0842,1.0096,22.03,-0.72,-0.42,0.1628,-0.0244,0.9836,-5.65,0.95,238.92
7.86,5.521,2.562,3.838,0.0,0.0,0.0,0.0432,0.0901,0.984,20.23,-0.64,0.98,0.2141,-0.042,0.9647,-6.88,0.2,234.05
7.87,5.79,2.633,3.887,0.0,0.0,0.0,0.0395,0.0915,1.0046,17.9,-2.74,-1.13,0.2475,-0.022,0.9635,-6.74,-2.03,228.23
7.88,6.046,2.698,3.928,0.0,0.0,0.0,0.0342,0.0831,1.0043,17.83,1.19,-1.1,0.2918,-0.0278,0.9752,-5.61,-0.98,218.21
7.89,6.288,2.758,3.959,0.0,0.0,0.0,0.0183,0.0968,1.0134,16.57,1.54,0.69,0.3301,-0.0117,0.9514,-5.76,0.98,208.72
7.9,6.517,2.811,3.982,0.0,0.0,0.0,0.0392,0.1031,0.9908,14.74,-0.55,-0.09,0.37,-0.038,0.9084,-3.7,0.45,198.59
7.91,6.73,2.858,3.995,0.0,0.0,0.0,0.037,0.105,1.0018,13.25,-0.25,-0.45,0.3892,-0.0474,0.9328,-4.89,1.75,187.53
7.92,6.928,2.898,4.0,0.0,0.0,0.0,0.0376,0.1113,1.0173,10.91,-0.75,0.89,0.435,-0.0237,0.9186,-0.84,1.68,177.15
7.93,7.111,2.931,3.995,0.0,0.0,0.0,0.0221,0.1082,0.9881,8.18,0.38,-0.61,0.4545,-0.0269,0.8913,-1.32,-0.34,162.1
7.94,7.277,2.958,3.982,0.0,0.0,0.0,0.0241,0.106,0.9788,7.64,1.12,-0.2,0.4627,-0.0409,0.8895,-2.03,2.5,149.33
7.95,7.427,2.979,3.959,0.0,0.0,0.0,0.0454,0.1142,0.9752,3.52,-1.74,1.4,0.5137,-0.0464,0.8618,-0.6,0.02,135.61
7.96,7.56,2.992,3.928,0.0,0.0,0.0,0.0345,0.1039,1.0011,2.03,0.41,1.54,0.5141,-0.0159,0.8546,-2.52,-0.96,120.08
7.97,7.676,2.999,3.887,0.0,0.0,0.0,0.0417,0.0957,0.9751,0.01,-0.28,1.57,0.5192,-0.0173,0.8641,2.23,-0.63,103.34
7.98,7.774,2.999,3.838,0.0,0.0,0.0,0.0352,0.1029,0.9902,0.1,0.11,-0.28,0.5581,-0.0563,0.8375,-0.3,-2.26,87.45
7.99,7.855,2.992,3.78,0.0,0.0,0.0,0.0352,0.0967,0.9983,-1.99,0.46,1.23,0.5739,-0.0359,0.814,0.76,1.61,70.45
8.0,7.919,2.979,3.713,0.0,0.0,0.0,0.0443,0.0967,0.9959,-4.39,-0.19,-0.95,0.5618,-0.0144,0.826,-0.39,1.59,52.85
8.01,7.964,2.958,3.639,0.0,0.0,0.0,0.0297,0.101,0.9984,-5.73,-0.1,-0.91,0.5634,-0.0355,0.8215,2.53,-1.02,35.32
8.02,7.991,2.931,3.555,0.0,0.0,0.0,0.0359,0.0932,0.9965,-9.59,-0.21,-2.35,0.5706,-0.0353,0.8316,1.51,-0.23,20.05
8.03,8.0,2.898,3.464,0.0,0.0,0.0,0.0303,0.0964,1.0072,-10.24,0.97,1.67,0.5807,-0.0327,0.8189,3.28,0.1,0.81
8.04,7.991,2.858,3.365,0.0,0.0,0.0,0.0306,0.0785,0.9851,-12.55,0.42,-0.86,0.5851,-0.0405,0.8155,3.18,-0.96,-15.33
8.05,7.964,2.811,3.258,0.0,0.0,0.0,0.0318,0.0972,0.9881,-13.38,0.22,-0.13,0.5742,-0.0456,0.8328,3.19,-1.76,-36.03
8.06,7.919,2.758,3.144,0.0,0.0,0.0,0.0371,0.0925,0.9874,-16.1,-1.27,-0.91,0.5631,-0.0173,0.828,3.99,-0.21,-53.16
8.07,7.855,2.698,3.023,0.0,0.0,0.0,0.0301,0.0814,1.0037,-18.07,-0.38,0.7,0.5681,-0.0453,0.8253,5.53,-0.32,-71.68
8.08,7.774,2.633,2.895,0.0,0.0,0.0,0.0475,0.0929,1.0047,-18.79,0.9,-0.38,0.5385,-0.0235,0.8519,4.52,-0.39,-88.07
8.09,7.676,2.562,2.76,0.0,0.0,0.0,0.026,0.0922,1.0005,-20.04,0.04,-1.3,0.5378,-0.016,0.8512,5.53,0.22,-101.82
8.1,7.56,2.484,2.619,0.0,0.0,0.0,0.033,0.063,1.0081,-23.1,0.66,0.44,0.5079,-0.0383,0.8595,7.39,1.43,-120.18
8.11,7.427,2.402,2.473,0.0,0.0,0.0,0.0305,0.0674,0.9848,-23.93,1.77,-1.43,0.4959,-0.0318,0.8724,9.76,-0.3,-133.07
8.12,7.277,2.313,2.32,0.0,0.0,0.0,0.0494,0.0631,1.0136,-26.29,1.04,-0.84,0.4686,-0.0091,0.8719,8.05,0.17,-150.88
8.13,7.111,2.22,2.163,0.0,0.0,0.0,0.0369,0.0568,1.0124,-29.01,0.09,-2.11,0.4449,-0.0146,0.8899,7.04,0.73,-164.56
8.14,6.928,2.121,2.0,0.0,0.0,0.0,0.0452,0.0698,1.0049,-27.51,-0.51,-1.42,0.4149,-0.0246,0.908,7.95,0.55,-176.9
8.15,6.73,2.018,1.833,0.0,0.0,0.19,0.02,0.0546,1.0156,-28.21,-2.55,0.18,0.4029,-0.005,0.919,8.68,-0.61,-188.76
8.16,6.517,1.91,1.662,0.0,0.0,0.38,0.0376,0.0488,0.9815,-29.56,-0.17,-1.96,0.3506,-0.0034,0.9464,8.6,0.1,-198.96
8.17,6.288,1.798,1.487,0.0,0.0,0.569,0.0438,0.0261,0.9931,-32.69,-0.33,-1.48,0.3169,-0.0112,0.948,10.12,0.55,-209.6
8.18,6.046,1.682,1.308,0.0,0.0,0.757,0.0357,0.0471,0.9912,-31.9,0.39,-0.0,0.3098,-0.0212,0.9659,9.68,-1.13,-219.56
8.19,5.79,1.561,1.127,0.0,0.0,0.943,0.0456,0.0228,1.006,-34.48,-0.15,-0.54,0.2608,-0.0147,0.968,10.59,1.26,-227.26
8.2,5.521,1.438,0.943,0.0,0.071,1.127,0.0297,0.0301,0.9885,-31.5,-0.32,1.99,0.188,-0.006,0.9878,9.55,1.43,-234.26
8.21,5.239,1.311,0.757,0.0,0.214,1.308,0.049,0.0265,1.0067,-34.45,-1.78,1.83,0.1656,-0.009,0.9892,11.33,-0.72,-240.49
8.22,4.945,1.181,0.569,0.0,0.356,1.487,0.0579,0.0315,1.0129,-32.5,-0.94,-0.87,0.1114,0.004,0.9917,9.96,0.19,-244.87
8.23,4.64,1.048,0.38,0.0,0.497,1.662,0.0313,-0.0012,1.0063,-33.08,0.48,0.56,0.0773,-0.0189,0.9961,9.24,0.64,-246.12
8.24,4.325,0.913,0.19,0.0,0.638,1.833,0.0304,-0.0242,1.0022,-35.1,1.72,0.75,0.0122,-0.0167,0.9895,12.44,-0.55,-250.88
8.25,4.0,0.776,0.0,0.0,0.776,2.0,0.0494,0.0018,0.9895,-35.39,-0.1,-0.6,-0.0014,0.0018,1.0051,20.44,0.48,-23.23
8.26,3.666,0.638,0.0,0.381,0.913,2.163,0.0507,0.012,0.9909,-33.85,0.33,-1.5,0.0235,0.0011,0.999,33.46,0.16,99.66
8.27,3.323,0.497,0.0,0.76,1.048,2.32,0.0297,0.0005,1.0118,-34.87,0.95,-0.01,0.0355,0.0057,0.9943,33.4,-1.47,-0.77
8.28,2.973,0.356,0.0,1.139,1.181,2.473,0.0307,-0.0158,1.007,-33.65,-0.81,-0.17,0.0186,0.0002,1.0103,36.26,0.46,0.74
8.29,2.617,0.214,0.0,1.514,1.311,2.619,0.0321,-0.0286,0.9987,-33.85,0.37,-0.44,0.0357,0.0239,0.9866,35.17,-1.1,1.49
8.3,2.254,0.071,0.0,1.886,1.438,2.76,0.0215,-0.0214,0.9948,-34.65,-0.74,0.44,0.0308,0.029,0.9947,34.36,0.94,1.12
8.31,1.886,0.0,0.0,2.254,1.561,2.895,0.0257,-0.0449,0.9785,-34.49,0.86,-0.75,0.0499,0.0417,1.009,31.93,-0.67,0.5
8.32,1.514,0.0,0.0,2.617,1.682,3.023,0.0249,-0.036,0.9879,-31.32,0.15,-1.15,0.049,0.0414,1.0017,33.98,-0.16,1.09
8.33,1.139,0.0,0.0,2.973,1.798,3.144,0.0272,-0.0411,1.0174,-31.3,0.3,0.11,0.0428,0.0449,0.9978,31.11,1.37,-1.72
8.34,0.76,0.0,0.0,3.323,1.91,3.258,0.0346,-0.0409,0.9853,-30.38,-0.78,0.39,0.0316,0.0632,1.0006,30.8,0.5,-0.52
8.35,0.381,0.0,0.0,3.666,2.018,3.365,0.0372,-0.029,0.9997,-28.12,0.71,-1.18,0.0548,0.0435,0.9996,29.0,-1.08,-0.91
8.36,0.0,0.0,0.0,4.0,2.121,3.464,0.0504,-0.0576,1.0076,106.39,2.08,25.77,0.0194,0.0669,0.9823,27.66,-1.01,1.22
8.37,0.0,0.0,0.0,4.325,2.22,3.555,0.0336,-0.025,0.9863,115.21,-1.01,147.28,0.0209,0.0495,0.9937,26.27,-0.6,-0.38
8.38,0.0,0.0,0.0,4.64,2.313,3.639,0.0967,-0.0215,0.9978,-7.91,-0.34,246.57,0.0341,0.0624,1.0131,25.03,0.39,0.85
8.39,0.0,0.0,0.0,4.945,2.402,3.713,0.1273,-0.0402,1.0007,-6.66,0.23,243.72,0.0574,0.0629,0.99,24.48,0.36,0.54
8.4,0.0,0.0,0.0,5.239,2.484,3.78,0.1708,-0.0307,0.9851,-8.09,0.79,238.94,0.0329,0.0869,0.9931,22.8,-0.84,-0.86
8.41,0.0,0.0,0.0,5.521,2.562,3.838,0.2186,-0.029,1.0057,-6.05,-0.56,233.38,0.0331,0.0822,0.9905,20.89,-1.17,-0.59
8.42,0.0,0.0,0.0,5.79,2.633,3.887,0.2398,-0.0312,0.951,-5.25,-2.83,228.99,0.0205,0.0862,0.9948,20.84,0.28,1.29
8.43,0.0,0.0,0.0,6.046,2.698,3.928,0.2924,-0.0254,0.9677,-4.63,1.36,218.29,0.0444,0.0785,0.9895,14.72,-0.18,-0.78
8.44,0.0,0.0,0.0,6.288,2.758,3.959,0.326,-0.036,0.9439,-6.73,0.76,212.49,0.0444,0.0895,1.0,16.49,2.16,0.12
8.45,0.0,0.0,0.0,6.517,2.811,3.982,0.3629,-0.0174,0.9411,-5.03,-1.74,200.32,0.0428,0.0875,0.9968,14.95,0.04,-0.78
8.46,0.0,0.0,0.0,6.73,2.858,3.995,0.3923,-0.0293,0.9251,-4.61,-0.61,188.79,0.0286,0.1013,1.0024,13.57,1.81,-0.31
8.47,0.0,0.0,0.0,6.928,2.898,4.0,0.4432,-0.03,0.9004,-3.08,1.57,177.03,0.0278,0.0895,0.9839,10.52,-1.17,-0.05
8.48,0.0,0.0,0.0,7.111,2.931,3.995,0.4391,-0.0337,0.8972,-2.13,1.45,166.04,0.022,0.1144,0.9909,8.92,-1.57,-0.78
8.49,0.0,0.0,0.0,7.277,2.958,3.982,0.4645,-0.0292,0.8638,-0.54,0.94,148.64,0.0357,0.0857,0.9919,7.79,-1.12,-0.96
8.5,0.0,0.0,0.0,7.427,2.979,3.959,0.4853,-0.0228,0.8764,-1.96,-0.18,133.87,0.0241,0.0954,0.9986,6.37,1.19,0.29
8.51,0.0,0.0,0.0,7.56,2.992,3.928,0.5053,-0.04,0.8622,-1.38,0.08,118.91,0.0231,0.1209,0.986,2.63,1.76,-0.84
8.52,0.0,0.0,0.0,7.676,2.999,3.887,0.5211,-0.038,0.8555,0.86,-0.13,103.76,0.0307,0.1001,1.0031,1.25,-0.78,-0.81
8.53,0.0,0.0,0.0,7.774,2.999,3.838,0.5535,-0.0344,0.8508,0.59,1.13,85.53,0.03,0.0913,1.0058,0.7,-0.46,-0.94
8.54,0.0,0.0,0.0,7.855,2.992,3.78,0.5673,-0.0448,0.8364,2.15,-0.88,70.37,0.0295,0.1063,0.9841,-5.06,-1.17,-0.08
8.55,0.0,0.0,0.0,7.919,2.979,3.713,0.5564,-0.0393,0.8282,1.75,-0.81,54.77,0.0396,0.0987,0.9891,-5.56,-1.81,0.94
8.56,0.0,0.0,0.0,7.964,2.958,3.639,0.5601,-0.0355,0.8135,0.88,1.01,35.69,0.0357,0.0941,0.9888,-5.34,0.72,1.51
8.57,0.0,0.0,0.0,7.991,2.931,3.555,0.577,-0.0216,0.8125,1.28,-0.04,17.52,0.032,0.0901,1.0206,-7.62,0.22,-0.73
8.58,0.0,0.0,0.0,8.0,2.898,3.464,0.5681,-0.0272,0.8307,1.62,1.38,-0.62,0.0367,0.1271,0.9901,-10.06,0.01,2.15
8.59,0.0,0.0,0.0,7.991,2.858,3.365,0.5786,-0.0273,0.8341,4.39,-0.67,-16.91,0.025,0.0949,1.0114,-12.88,-1.4,-1.0
8.6,0.0,0.0,0.0,7.964,2.811,3.258,0.5705,-0.0201,0.82,5.46,-0.05,-36.36,0.036,0.0759,0.9822,-15.11,1.64,1.08
8.61,0.0,0.0,0.0,7.919,2.758,3.144,0.5469,-0.0292,0.8272,6.64,-0.92,-51.23,0.0364,0.1074,0.9852,-16.58,-0.5,-0.72
8.62,0.0,0.0,0.0,7.855,2.698,3.023,0.5686,-0.023,0.8237,6.15,0.01,-68.41,0.0199,0.0957,0.9885,-16.14,0.53,-0.87
8.63,0.0,0.0,0.0,7.774,2.633,2.895,0.5596,-0.027,0.8521,6.96,-1.48,-87.0,0.0449,0.0787,0.9872,-19.96,-1.45,-0.74
8.64,0.0,0.0,0.0,7.676,2.562,2.76,0.5214,-0.0222,0.8559,5.69,-0.49,-103.74,0.0261,0.0735,0.9933,-20.82,-0.19,-0.05
8.65,0.0,0.0,0.0,7.56,2.484,2.619,0.5069,-0.0296,0.8789,5.57,-1.44,-118.63,0.0358,0.0858,0.9892,-23.18,0.29,0.58
8.66,0.0,0.0,0.0,7.427,2.402,2.473,0.4944,-0.0469,0.8618,8.01,0.69,-133.9,0.0465,0.0726,0.9884,-23.03,0.33,0.67
8.67,0.0,0.0,0.0,7.277,2.313,2.32,0.4731,-0.0226,0.8788,7.99,0.72,-150.44,0.0442,0.0515,1.0085,-25.77,0.15,-0.94
8.68,0.0,0.0,0.0,7.111,2.22,2.163,0.452,-0.0057,0.8975,8.06,-1.73,-164.04,0.0352,0.0841,1.0094,-26.61,0.49,-0.99
8.69,0.0,0.0,0.0,6.928,2.121,2.0,0.4387,-0.0092,0.9145,8.7,1.33,-177.88,0.0313,0.0572,1.007,-29.39,-1.13,-0.92
8.7,0.0,0.0,0.19,6.73,2.018,1.833,0.3877,-0.0073,0.9188,8.97,2.5,-188.29,0.0444,0.0715,1.003,-30.43,0.2,-0.11
8.71,0.0,0.0,0.38,6.517,1.91,1.662,0.35,-0.0031,0.9249,10.23,0.05,-199.22,0.0416,0.0643,0.999,-29.82,0.11,-0.21
8.72,0.0,0.0,0.569,6.288,1.798,1.487,0.3105,-0.013,0.9547,10.52,-0.64,-211.4,0.0287,0.0362,0.9934,-32.06,0.23,-0.95
8.73,0.0,0.0,0.757,6.046,1.682,1.308,0.2813,-0.0103,0.9646,10.01,2.82,-219.6,0.027,0.0511,0.989,-29.45,0.07,0.27
8.74,0.0,0.0,0.943,5.79,1.561,1.127,0.2507,-0.0167,0.9588,10.52,-1.32,-228.47,0.0142,0.0287,1.0024,-34.32,-1.27,2.26
8.75,0.0,0.071,1.127,5.521,1.438,0.943,0.2298,-0.012,0.9908,10.37,0.02,-234.84,0.0364,0.0108,0.9872,-33.67,-1.32,-0.5
8.76,0.0,0.214,1.308,5.239,1.311,0.757,0.1661,-0.001,0.9969,9.55,0.18,-239.02,0.0341,0.0195,0.9892,-33.35,-2.21,-0.43
8.77,0.0,0.356,1.487,4.945,1.181,0.569,0.1317,0.0067,0.9929,10.88,1.35,-244.71,0.0463,0.0218,1.0108,-34.12,0.82,0.56
8.78,0.0,0.497,1.662,4.64,1.048,0.38,0.0867,-0.005,0.997,8.81,0.36,-247.45,0.0385,0.0073,1.0183,-35.13,0.83,-0.56
8.79,0.0,0.638,1.833,4.325,0.913,0.19,0.0554,-0.0063,1.0046,11.31,-0.5,-150.68,0.0482,0.0029,1.0033,-35.16,0.84,0.67
8.8,0.0,0.776,2.0,4.0,0.776,0.0,0.0602,0.0,0.9908,21.07,-0.95,-24.66,0.0279,0.0114,1.0105,-35.24,0.31,-0.72
8.81,0.381,0.913,2.163,3.666,0.638,0.0,0.0296,0.012,0.9997,34.48,-0.34,-0.04,0.0463,-0.0049,0.9969,-34.48,-2.13,1.83
8.82,0.76,1.048,2.32,3.323,0.497,0.0,0.03,-0.0025,0.9778,33.18,-1.01,-0.73,0.0296,-0.0204,0.9859,-32.08,-1.03,0.34
8.83,1.139,1.181,2.473,2.973,0.356,0.0,0.0453,-0.0051,1.008,34.3,0.05,-0.19,0.0427,-0.0108,1.0054,-33.67,0.17,-0.62
8.84,1.514,1.311,2.619,2.617,0.214,0.0,0.0417,0.0182,0.9835,33.33,-0.56,0.18,0.0203,-0.0217,1.0048,-32.18,0.14,-0.59
8.85,1.886,1.438,2.76,2.254,0.071,0.0,0.0534,0.0173,1.014,31.27,-1.49,-0.81,0.0373,-0.0547,0.9997,-32.36,-0.22,-0.51
8.86,2.254,1.561,2.895,1.886,0.0,0.0,0.0407,0.0301,0.9955,32.68,1.26,-1.48,0.0151,-0.0309,0.9963,-31.15,0.37,1.37
8.87,2.617,1.682,3.023,1.514,0.0,0.0,0.0313,0.0393,0.9964,30.97,-0.5,1.81,0.0322,-0.0368,1.0082,-34.35,0.01,-1.27
8.88,2.973,1.798,3.144,1.139,0.0,0.0,0.0408,0.0417,0.992,31.62,-1.27,-0.63,0.0393,-0.046,0.9885,-31.04,0.12,-0.67
8.89,3.323,1.91,3.258,0.76,0.0,0.0,0.046,0.066,0.9952,29.83,-0.17,-0.1,0.0297,-0.0426,0.9903,-28.52,-0.64,-0.56
8.9,3.666,2.018,3.365,0.381,0.0,0.0,0.0431,0.0599,1.012,29.21,0.07,1.01,0.0244,-0.0633,0.9877,-29.39,0.98,-0.02
8.91,4.0,2.121,3.464,0.0,0.0,0.0,0.04,0.0645,0.9726,26.75,-1.75,3.53,0.0434,-0.0581,0.9983,106.98,-0.43,24.57
8.92,4.325,2.22,3.555,0.0,0.0,0.0,0.0456,0.0725,1.01,25.93,0.33,-1.24,0.0425,-0.0356,0.988,116.96,-1.33,147.56
8.93,4.64,2.313,3.639,0.0,0.0,0.0,0.0466,0.0594,1.0003,24.78,-1.05,0.45,0.0819,-0.0172,0.9892,-8.04,-0.77,246.75
8.94,4.945,2.402,3.713,0.0,0.0,0.0,0.0487,0.0854,0.9845,24.73,1.71,-0.71,0.1299,-0.003,0.9843,-7.66,-0.35,243.88
8.95,5.239,2.484,3.78,0.0,0.0,0.0,0.0414,0.0783,0.9855,24.11,0.52,-0.54,0.1976,-0.0337,0.9823,-7.74,0.99,238.94
8.96,5.521,2.562,3.838,0.0,0.0,0.0,0.0332,0.0895,1.0127,20.11,-0.4,-0.72,0.2234,-0.0325,0.9621,-6.9,-0.04,234.63
8.97,5.79,2.633,3.887,0.0,0.0,0.0,0.0364,0.0756,0.9862,20.41,-0.75,-1.13,0.2627,-0.033,0.9685,-7.03,-0.19,228.04
8.98,6.046,2.698,3.928,0.0,0.0,0.0,0.047,0.074,0.9838,15.52,-0.1,-0.04,0.2929,-0.0256,0.9696,-4.88,-1.25,219.07
8.99,6.288,2.758,3.959,0.0,0.0,0.0,0.0267,0.1007,1.0065,14.79,0.61,-1.47,0.326,-0.0384,0.9469,-6.25,0.79,210.28
9.0,6.517,2.811,3.982,0.0,0.0,0.0,0.0386,0.0989,0.9982,13.27,-0.03,0.95,0.334,-0.0244,0.9488,-3.67,-0.65,197.72
9.01,6.73,2.858,3.995,0.0,0.0,0.0,0.031,0.0884,0.9853,11.07,-0.22,0.06,0.3827,-0.0208,0.934,-3.1,-0.1,188.28
9.02,6.928,2.898,4.0,0.0,0.0,0.0,0.0352,0.0907,0.9966,9.0,0.06,0.42,0.4138,-0.0245,0.9155,-4.84,1.48,177.56
9.03,7.111,2.931,3.995,0.0,0.0,0.0,0.0477,0.1124,0.984,9.12,-0.6,-0.47,0.4267,-0.0481,0.8956,-1.06,0.51,163.09
9.04,7.277,2.958,3.982,0.0,0.0,0.0,0.0368,0.0906,1.0051,6.59,-0.34,-0.37,0.4582,-0.0208,0.8826,-1.53,-1.63,148.89
9.05,7.427,2.979,3.959,0.0,0.0,0.0,0.0354,0.1199,1.0046,5.25,-2.09,0.29,0.4718,-0.0217,0.8781,-0.71,-1.77,137.27
9.06,7.56,2.992,3.928,0.0,0.0,0.0,0.0213,0.0951,0.9993,3.62,0.97,-1.16,0.5104,-0.023,0.8553,-1.64,-0.06,121.48
9.07,7.676,2.999,3.887,0.0,0.0,0.0,0.0424,0.1109,0.9975,1.24,0.3,-0.36,0.5357,-0.0277,0.8303,0.33,-1.21,104.19
9.08,7.774,2.999,3.838,0.0,0.0,0.0,0.0414,0.1012,1.0115,-0.32,-0.77,-0.86,0.5527,-0.0292,0.8451,1.42,0.65,88.4
9.09,7.855,2.992,3.78,0.0,0.0,0.0,0.0565,0.1102,0.994,-3.0,1.9,-0.89,0.5573,-0.021,0.8214,0.78,0.04,68.12
9.1,7.919,2.979,3.713,0.0,0.0,0.0,0.0318,0.098,0.9822,-6.06,0.09,-2.11,0.5525,-0.0119,0.8171,3.46,0.17,52.29
9.11,7.964,2.958,3.639,0.0,0.0,0.0,0.0371,0.1008,0.9986,-5.74,-1.04,1.34,0.5492,-0.0403,0.8223,2.08,-0.71,35.06
9.12,7.991,2.931,3.555,0.0,0.0,0.0,0.0374,0.1015,1.0151,-9.3,0.86,-0.69,0.5547,-0.0196,0.8187,3.75,1.74,17.58
9.13,8.0,2.898,3.464,0.0,0.0,0.0,0.0507,0.0894,0.9843,-11.52,0.4,1.16,0.5609,-0.0307,0.8047,3.47,2.84,-0.49
9.14,7.991,2.858,3.365,0.0,0.0,0.0,0.0339,0.1048,0.991,-12.61,0.39,1.07,0.5634,-0.0306,0.8213,4.31,-0.28,-20.36
9.15,7.964,2.811,3.258,0.0,0.0,0.0,0.0377,0.09,0.999,-15.14,-0.43,-1.29,0.5669,-0.0439,0.832,2.6,0.35,-35.15
9.16,7.919,2.758,3.144,0.0,0.0,0.0,0.041,0.0902,0.9946,-16.4,0.45,-1.09,0.5519,-0.0306,0.8155,5.17,0.1,-52.53
9.17,7.855,2.698,3.023,0.0,0.0,0.0,0.0368,0.0796,0.9856,-17.34,-0.26,2.56,0.5565,-0.0369,0.8455,4.57,-0.26,-68.74
9.18,7.774,2.633,2.895,0.0,0.0,0.0,0.0304,0.0607,1.0069,-18.99,0.56,1.75,0.5393,-0.0306,0.8247,4.95,-0.83,-88.05
9.19,7.676,2.562,2.76,0.0,0.0,0.0,0.0368,0.0809,1.0192,-21.81,-1.9,-0.03,0.5276,-0.0359,0.8705,8.02,-1.08,-104.59
9.2,7.56,2.484,2.619,0.0,0.0,0.0,0.0456,0.1032,0.9982,-22.92,-0.43,0.26,0.5222,-0.0282,0.8553,6.52,-1.14,-122.34
9.21,7.427,2.402,2.473,0.0,0.0,0.0,0.0246,0.0829,0.9875,-22.8,1.72,-0.63,0.4798,-0.0266,0.8721,6.16,0.41,-135.28
9.22,7.277,2.313,2.32,0.0,0.0,0.0,0.0362,0.0706,0.9814,-24.74,-0.77,0.43,0.474,-0.0203,0.8637,7.21,-0.52,-148.73
9.23,7.111,2.22,2.163,0.0,0.0,0.0,0.0279,0.0636,0.9998,-24.44,-0.6,-0.72,0.4453,-0.036,0.8945,6.65,-2.58,-164.12
9.24,6.928,2.121,2.0,0.0,0.0,0.0,0.0468,0.0617,1.0085,-26.53,-0.45,-2.03,0.4153,-0.0329,0.9103,9.75,0.44,-174.41
9.25,6.73,2.018,1.833,0.0,0.0,0.19,0.0197,0.0621,1.0025,-27.67,-1.21,-1.32,0.3983,-0.0134,0.9201,7.95,-0.04,-188.96
9.26,6.517,1.91,1.662,0.0,0.0,0.38,0.0293,0.0397,0.998,-31.21,-2.21,0.02,0.3667,-0.0234,0.928,9.48,1.35,-199.74
9.27,6.288,1.798,1.487,0.0,0.0,0.569,0.0387,0.0573,0.9924,-29.97,-0.23,-1.13,0.3148,-0.0031,0.9364,10.58,0.37,-211.41
9.28,6.046,1.682,1.308,0.0,0.0,0.757,0.0506,0.0479,0.9876,-31.6,0.14,-0.07,0.2868,-0.01,0.9687,8.97,-1.48,-218.86
9.29,5.79,1.561,1.127,0.0,0.0,0.943,0.0342,0.0424,1.0071,-32.81,-0.05,-1.07,0.2539,-0.0045,0.9682,10.21,-2.23,-229.1
9.3,5.521,1.438,0.943,0.0,0.071,1.127,0.0293,0.0339,1.0081,-32.7,-0.14,-0.78,0.2091,0.0053,0.9927,8.83,-0.72,-233.25
9.31,5.239,1.311,0.757,0.0,0.214,1.308,0.0537,0.0239,0.9837,-32.42,0.04,0.85,0.1771,-0.0102,0.9799,12.45,-0.63,-238.85
9.32,4.945,1.181,0.569,0.0,0.356,1.487,0.0204,0.0246,1.0151,-33.25,1.02,0.25,0.1323,-0.0111,0.9872,11.06,0.94,-242.62
9.33,4.64,1.048,0.38,0.0,0.497,1.662,0.0129,0.0179,1.0051,-34.91,-0.19,-0.01,0.1052,0.0051,1.0044,10.02,-0.01,-248.17
9.34,4.325,0.913,0.19,0.0,0.638,1.833,0.0393,0.0024,1.0134,-33.45,-0.57,0.88,0.0283,0.0033,0.9828,9.49,1.13,-248.89
9.35,4.0,0.776,0.0,0.0,0.776,2.0,0.0299,-0.0057,0.986,-34.89,-0.28,0.48,-0.0012,-0.0019,0.9879,22.15,-1.32,-24.28
9.36,3.666,0.638,0.0,0.381,0.913,2.163,0.0247,-0.005,0.9857,-33.98,0.58,1.45,0.0258,0.0199,1.0103,33.86,0.97,100.44
9.37,3.323,0.497,0.0,0.76,1.048,2.32,0.042,0.0036,0.9978,-34.33,1.41,-0.46,0.0409,0.0098,0.9876,35.98,0.72,-0.87
9.38,2.973,0.356,0.0,1.139,1.181,2.473,0.0373,-0.0302,1.0043,-33.97,-0.63,-0.43,0.0187,0.0182,0.981,32.53,-2.02,-2.39
9.39,2.617,0.214,0.0,1.514,1.311,2.619,0.0293,-0.0384,1.0171,-32.6,0.1,-1.3,0.0384,0.0239,1.0178,33.5,1.32,0.35
9.4,2.254,0.071,0.0,1.886,1.438,2.76,0.0221,-0.0279,1.006,-33.91,0.34,-0.43,0.0286,0.0202,0.985,32.85,0.09,-0.15
9.41,1.886,0.0,0.0,2.254,1.561,2.895,0.0436,-0.0347,0.9963,-30.32,-0.99,0.96,0.0276,0.036,1.0006,32.14,0.39,-0.57
9.42,1.514,0.0,0.0,2.617,1.682,3.023,0.0414,-0.039,0.9883,-33.37,0.02,1.3,0.0204,0.0547,0.9993,31.44,-0.86,0.76
9.43,1.139,0.0,0.0,2.973,1.798,3.144,0.0339,-0.0437,1.0106,-31.34,-1.47,0.96,0.0302,0.0506,0.9702,30.62,1.28,-0.04
9.44,0.76,0.0,0.0,3.323,1.91,3.258,0.0534,-0.0537,0.9884,-29.46,-1.77,-1.79,0.0457,0.0518,0.9954,30.7,-1.19,-1.32
9.45,0.381,0.0,0.0,3.666,2.018,3.365,0.0242,-0.0417,1.0141,95.2,0.37,-98.92,0.0346,0.055,1.0023,29.42,0.83,-1.93
9.46,0.0,0.0,0.0,4.0,2.121,3.464,-0.0153,-0.0345,0.997,105.12,-0.38,23.01,0.0412,0.0648,1.001,28.13,0.82,-1.13
9.47,0.0,0.0,0.0,4.325,2.22,3.555,0.0366,-0.0282,1.0148,-8.01,0.2,249.95,0.0515,0.0737,1.0062,23.48,-0.97,2.39
9.48,0.0,0.0,0.0,4.64,2.313,3.639,0.0864,-0.0223,1.0028,-7.16,-0.02,246.78,0.0375,0.0768,0.993,25.54,1.98,0.72
9.49,0.0,0.0,0.0,4.945,2.402,3.713,0.1319,-0.039,0.99,-7.39,-0.98,244.68,0.0293,0.0717,1.0037,22.22,0.23,0.19
9.5,0.0,0.0,0.0,5.239,2.484,3.78,0.1688,-0.0255,0.9798,-5.34,-0.05,238.24,0.0396,0.0823,0.9894,23.08,0.65,-0.18
9.51,0.0,0.0,0.0,5.521,2.562,3.838,0.2154,-0.0083,0.9736,-5.44,-1.23,235.12,0.0295,0.0876,0.9819,22.39,-1.53,-0.25
9.52,0.0,0.0,0.0,5.79,2.633,3.887,0.2385,-0.0257,0.9719,-4.93,1.39,225.66,0.0299,0.0763,0.9827,18.41,2.12,1.17
9.53,0.0,0.0,0.0,6.046,2.698,3.928,0.303,-0.0246,0.9579,-6.27,-1.36,218.48,0.0197,0.0912,0.9808,17.43,-1.22,-0.49
9.54,0.0,0.0,0.0,6.288,2.758,3.959,0.3235,-0.0404,0.9397,-4.87,-0.2,209.05,0.0442,0.0709,1.0052,15.39,1.02,0.58
9.55,0.0,0.0,0.0,6.517,2.811,3.982,0.3691,-0.0347,0.9317,-4.57,-1.04,198.13,0.031,0.0999,0.9797,15.46,-0.99,-0.35
9.56,0.0,0.0,0.0,6.73,2.858,3.995,0.3929,-0.033,0.9214,-4.73,0.57,188.8,0.0367,0.104,0.9974,12.52,-0.62,1.94
9.57,0.0,0.0,0.0,6.928,2.898,4.0,0.4232,-0.0331,0.8865,-2.82,-0.33,178.36,0.0245,0.1069,0.9918,12.31,0.79,0.74
9.58,0.0,0.0,0.0,7.111,2.931,3.995,0.4511,-0.0176,0.8995,-3.15,-0.52,166.18,0.0393,0.0972,0.9932,9.12,1.03,1.25
9.59,0.0,0.0,0.0,7.277,2.958,3.982,0.4742,-0.0252,0.8726,-1.39,0.85,149.73,0.0273,0.1055,1.0078,7.04,-1.27,-0.58
9.6,0.0,0.0,0.0,7.427,2.979,3.959,0.498,-0.0422,0.8589,-2.53,0.03,136.11,0.0335,0.1177,0.9896,4.94,1.09,1.06
9.61,0.0,0.0,0.0,7.56,2.992,3.928,0.5241,-0.0288,0.8424,0.84,0.52,119.89,0.0437,0.1183,1.0001,3.75,1.04,-0.31
9.62,0.0,0.0,0.0,7.676,2.999,3.887,0.5295,-0.0264,0.8312,-1.19,-0.98,104.22,0.0428,0.1042,0.9943,-0.76,-0.94,0.11
9.63,0.0,0.0,0.0,7.774,2.999,3.838,0.5487,-0.02,0.8267,0.51,-1.4,86.91,0.0347,0.1059,0.9924,-0.89,1.6,1.64
9.64,0.0,0.0,0.0,7.855,2.992,3.78,0.5522,-0.0155,0.8256,1.67,0.11,70.54,0.0172,0.1153,1.017,-3.0,-1.46,-1.04
9.65,0.0,0.0,0.0,7.919,2.979,3.713,0.5765,-0.0412,0.8462,0.89,-0.32,53.61,0.0648,0.0885,0.9796,-4.15,-0.62,0.2
9.66,0.0,0.0,0.0,7.964,2.958,3.639,0.5617,-0.0389,0.8171,2.89,0.63,34.96,0.0524,0.0992,1.007,-6.99,0.48,0.44
9.67,0.0,0.0,0.0,7.991,2.931,3.555,0.5903,-0.043,0.8214,1.38,-0.08,17.73,0.0421,0.1145,1.0008,-9.75,-0.85,0.52
9.68,0.0,0.0,0.0,8.0,2.898,3.464,0.5732,-0.0322,0.8228,4.63,0.21,-0.06,0.0274,0.1092,0.9896,-10.58,0.26,-0.45
9.69,0.0,0.0,0.0,7.991,2.858,3.365,0.558,-0.0246,0.821,3.74,-1.62,-16.99,0.0338,0.1011,1.0109,-13.51,0.24,2.09
9.7,0.0,0.0,0.0,7.964,2.811,3.258,0.5698,-0.0187,0.8216,3.67,1.89,-36.6,0.0295,0.0801,0.9764,-16.15,-0.19,-1.29
9.71,0.0,0.0,0.0,7.919,2.758,3.144,0.5553,-0.0285,0.8148,4.5,-0.16,-53.13,0.0475,0.092,0.9899,-15.26,0.83,1.46
9.72,0.0,0.0,0.0,7.855,2.698,3.023,0.5615,-0.0301,0.8473,6.12,0.7,-68.43,0.0375,0.0837,0.9833,-17.11,-0.23,1.22
9.73,0.0,0.0,0.0,7.774,2.633,2.895,0.5351,-0.0244,0.8584,5.22,-0.84,-86.09,0.0271,0.0896,0.9998,-18.87,0.23,1.9
9.74,0.0,0.0,0.0,7.676,2.562,2.76,0.523,-0.0332,0.8325,5.53,0.31,-102.37,0.0302,0.0747,0.9848,-19.61,1.15,-1.59
9.75,0.0,0.0,0.0,7.56,2.484,2.619,0.4919,-0.0028,0.8492,6.51,-1.3,-119.64,0.0461,0.0688,1.0006,-23.1,0.79,-0.87
9.76,0.0,0.0,0.0,7.427,2.402,2.473,0.487,-0.0386,0.8678,5.98,0.45,-134.67,0.0509,0.0544,0.9947,-25.3,0.79,1.49
9.77,0.0,0.0,0.0,7.277,2.313,2.32,0.4455,-0.0194,0.8729,9.39,-0.36,-148.63,0.0502,0.083,0.9921,-25.31,-1.15,-1.88
9.78,0.0,0.0,0.0,7.111,2.22,2.163,0.4296,0.0004,0.9002,7.39,0.03,-161.95,0.0425,0.0622,1.0011,-26.86,0.52,-1.61
9.79,0.0,0.0,0.0,6.928,2.121,2.0,0.4262,-0.0184,0.9007,9.15,0.7,-178.51,0.0324,0.0631,0.9948,-28.55,-0.88,-0.49
9.8,0.0,0.0,0.19,6.73,2.018,1.833,0.3973,-0.0189,0.9426,8.85,-1.23,-190.02,0.0025,0.0566,0.9869,-28.9,-1.28,0.19
9.81,0.0,0.0,0.38,6.517,1.91,1.662,0.3622,-0.019,0.9455,7.96,-0.68,-198.58,0.0379,0.0408,1.0261,-30.44,-0.07,1.59
9.82,0.0,0.0,0.569,6.288,1.798,1.487,0.3146,-0.0157,0.948,9.22,0.46,-210.33,0.0349,0.0336,0.9935,-32.57,-0.9,-0.19
9.83,0.0,0.0,0.757,6.046,1.682,1.308,0.2881,0.0015,0.9677,10.25,2.1,-219.82,0.0363,0.0307,0.9764,-31.99,0.79,-0.61
9.84,0.0,0.0,0.943,5.79,1.561,1.127,0.251,-0.0327,0.979,9.49,-0.14,-228.38,0.0354,0.028,0.9904,-33.4,0.81,0.31
9.85,0.0,0.071,1.127,5.521,1.438,0.943,0.2003,0.0065,0.9716,11.05,0.59,-234.5,0.0216,0.0332,0.9863,-32.63,-1.9,0.47
9.86,0.0,0.214,1.308,5.239,1.311,0.757,0.1863,-0.0214,0.977,11.03,-0.11,-240.98,0.0405,0.0158,1.0074,-34.02,-0.83,0.44
9.87,0.0,0.356,1.487,4.945,1.181,0.569,0.1383,-0.008,0.9923,11.04,1.94,-241.89,0.0412,0.0353,1.0024,-32.64,-1.46,-0.18
9.88,0.0,0.497,1.662,4.64,1.048,0.38,0.0846,-0.0079,1.0048,9.75,-1.75,-247.17,0.0417,0.0222,1.0033,-32.43,-0.46,-1.96
9.89,0.0,0.638,1.833,4.325,0.913,0.19,0.0438,0.0041,1.0004,9.18,0.09,-249.11,0.0444,0.0141,0.9957,-33.52,0.46,-0.92
9.9,0.0,0.776,2.0,4.0,0.776,0.0,0.0021,-0.016,0.9842,21.65,-1.63,-24.26,0.0409,-0.0012,0.9966,-35.8,-0.24,1.42
9.91,0.381,0.913,2.163,3.666,0.638,0.0,0.0145,0.0106,0.9913,34.39,-2.51,100.96,0.0308,0.0092,0.9957,-32.69,-0.59,0.19
9.92,0.76,1.048,2.32,3.323,0.497,0.0,0.0324,0.0322,0.9986,34.58,0.3,0.95,0.0342,-0.0141,0.9985,-32.45,1.3,-0.32
9.93,1.139,1.181,2.473,2.973,0.356,0.0,0.0281,0.0042,0.9985,31.58,0.14,1.07,0.0358,-0.0182,1.0076,-33.73,-2.3,1.12
9.94,1.514,1.311,2.619,2.617,0.214,0.0,0.0249,0.0256,1.0188,33.35,-0.28,-0.63,0.036,-0.022,1.0025,-32.04,1.24,-1.13
9.95,1.886,1.438,2.76,2.254,0.071,0.0,0.0321,0.0229,0.9851,33.02,-0.11,-0.3,0.0449,-0.0225,1.004,-33.42,-0.54,-0.23
9.96,2.254,1.561,2.895,1.886,0.0,0.0,0.0529,0.0394,1.0038,31.98,3.1,0.77,0.0413,-0.0288,1.0038,-34.13,-0.08,0.14
9.97,2.617,1.682,3.023,1.514,0.0,0.0,0.0413,0.0409,1.0135,32.84,-0.26,-0.53,0.0557,-0.0455,1.0074,-32.31,-0.53,-0.44
9.98,2.973,1.798,3.144,1.139,0.0,0.0,0.0292,0.0398,1.021,31.16,0.51,-0.01,0.057,-0.0515,1.0012,-29.01,1.54,0.1
9.99,3.323,1.91,3.258,0.76,0.0,0.0,0.0406,0.0564,0.994,31.14,-0.65,0.4,0.0357,-0.0451,1.0017,-31.32,-1.23,-0.19
10.0,3.666,2.018,3.365,0.381,0.0,0.0,0.0489,0.0746,1.0027,28.6,0.3,0.79,-0.0035,-0.0494,1.0097,-28.82,0.01,-1.4
10.01,4.0,2.121,3.464,0.0,0.0,0.0,0.0441,0.0596,1.0032,28.65,-0.24,-1.78,0.0473,-0.0654,0.9908,105.26,0.53,25.03
10.02,4.325,2.22,3.555,0.0,0.0,0.0,0.0355,0.0734,0.9992,28.15,-0.41,0.71,0.0382,-0.0358,0.9903,114.97,-1.61,147.72
10.03,4.64,2.313,3.639,0.0,0.0,0.0,0.0284,0.0578,0.9959,26.55,1.82,-0.23,0.0788,-0.0233,0.9841,-8.01,-0.92,247.31
10.04,4.945,2.402,3.713,0.0,0.0,0.0,0.0419,0.0655,1.0009,22.78,1.18,0.71,0.1255,-0.0163,0.9932,-7.09,-0.15,245.36
10.05,5.239,2.484,3.78,0.0,0.0,0.0,0.0388,0.0838,0.9709,22.18,0.14,0.78,0.1668,-0.0057,0.9664,-7.29,-0.89,239.29
10.06,5.521,2.562,3.838,0.0,0.0,0.0,0.0439,0.0977,1.0028,20.57,-2.3,1.61,0.218,-0.0369,0.9816,-7.7,-0.82,232.77
10.07,5.79,2.633,3.887,0.0,0.0,0.0,0.0413,0.0899,0.9969,19.82,-0.36,1.35,0.2355,-0.0302,0.9666,-5.59,-0.35,227.0
10.08,6.046,2.698,3.928,0.0,0.0,0.0,0.0454,0.0864,0.9932,18.37,2.7,1.35,0.2778,-0.0308,0.9685,-4.23,0.65,218.31
10.09,6.288,2.758,3.959,0.0,0.0,0.0,0.0295,0.0925,1.0156,15.15,-0.23,1.44,0.3277,-0.0142,0.9389,-3.93,-0.34,210.64
10.1,6.517,2.811,3.982,0.0,0.0,0.0,0.0481,0.0826,0.9881,14.3,1.1,0.29,0.3642,-0.0289,0.9313,-5.08,1.08,199.74
10.11,6.73,2.858,3.995,0.0,0.0,0.0,0.0369,0.1035,0.9906,10.41,1.44,0.03,0.3959,-0.0383,0.9319,-4.98,-1.0,190.41
10.12,6.928,2.898,4.0,0.0,0.0,0.0,0.0557,0.1083,1.0144,12.03,0.22,0.87,0.4108,-0.0243,0.9216,-3.46,-1.25,177.72
10.13,7.111,2.931,3.995,0.0,0.0,0.0,0.028,0.0966,0.9859,8.2,-0.84,0.73,0.4357,-0.0344,0.8881,-1.04,1.93,163.36
10.14,7.277,2.958,3.982,0.0,0.0,0.0,0.0523,0.0978,0.9886,6.86,-2.44,-0.31,0.4647,-0.043,0.8842,-1.4,-0.66,150.35
10.15,7.427,2.979,3.959,0.0,0.0,0.0,0.0369,0.1061,0.9926,4.57,0.68,0.4,0.494,-0.04,0.8734,-0.76,-1.31,134.6
10.16,7.56,2.992,3.928,0.0,0.0,0.0,0.0284,0.0998,1.0024,4.08,-0.81,-0.04,0.5257,-0.014,0.863,0.01,-1.74,119.7
10.17,7.676,2.999,3.887,0.0,0.0,0.0,0.0301,0.1038,0.996,-1.86,0.18,-0.85,0.507,-0.0276,0.8465,0.13,1.08,103.36
10.18,7.774,2.999,3.838,0.0,0.0,0.0,0.0317,0.1255,0.981,-0.99,-1.25,1.29,0.5394,-0.0303,0.853,0.41,-0.34,88.02
10.19,7.855,2.992,3.78,0.0,0.0,0.0,0.0391,0.1017,0.9886,-3.04,-0.27,0.06,0.5398,-0.0338,0.8138,1.54,-0.25,71.78
10.2,7.919,2.979,3.713,0.0,0.0,0.0,0.0401,0.0999,0.988,-5.33,0.03,2.05,0.5456,-0.0282,0.8225,0.92,-0.16,53.87
10.21,7.964,2.958,3.639,0.0,0.0,0.0,0.0292,0.096,0.9934,-5.08,0.27,-1.63,0.5781,-0.028,0.8268,0.63,1.01,36.46
10.22,7.991,2.931,3.555,0.0,0.0,0.0,0.0347,0.1085,0.9985,-9.6,-1.11,-0.56,0.5777,-0.0275,0.8242,3.34,-0.18,18.74
10.23,8.0,2.898,3.464,0.0,0.0,0.0,0.0563,0.0976,0.9986,-9.81,1.2,0.03,0.5781,-0.0287,0.8323,4.41,2.34,0.55
10.24,7.991,2.858,3.365,0.0,0.0,0.0,0.0522,0.0909,0.9769,-12.07,-0.6,1.14,0.5815,-0.0206,0.8317,2.61,0.13,-18.95
10.25,7.964,2.811,3.258,0.0,0.0,0.0,0.0393,0.1083,1.0055,-12.97,-1.67,0.4,0.5637,-0.0283,0.8195,5.09,1.06,-33.83
10.26,7.919,2.758,3.144,0.0,0.0,0.0,0.0353,0.1067,0.9976,-16.65,-0.11,0.31,0.5578,-0.0376,0.8398,6.48,0.81,-51.27
10.27,7.855,2.698,3.023,0.0,0.0,0.0,0.0361,0.0836,1.0092,-18.42,0.03,-1.13,0.575,-0.033,0.8257,5.3,-0.04,-70.58
10.28,7.774,2.633,2.895,0.0,0.0,0.0,0.041,0.0677,1.0001,-18.24,0.16,-1.16,0.5391,-0.0457,0.8497,4.98,-0.59,-87.63
10.29,7.676,2.562,2.76,0.0,0.0,0.0,0.0247,0.0929,1.007,-20.49,1.36,0.32,0.5349,-0.0046,0.8674,6.4,0.33,-103.11
10.3,7.56,2.484,2.619,0.0,0.0,0.0,0.0323,0.0722,1.0009,-23.98,-0.24,-1.36,0.5109,-0.0151,0.8716,6.18,0.51,-119.11
10.31,7.427,2.402,2.473,0.0,0.0,0.0,0.0182,0.0829,1.01,-24.41,-0.12,-0.53,0.4731,-0.0308,0.8717,6.54,-0.57,-135.19
10.32,7.277,2.313,2.32,0.0,0.0,0.0,0.0389,0.051,1.0021,-24.85,-1.1,0.5,0.4493,-0.0241,0.8793,8.0,0.17,-150.88
10.33,7.111,2.22,2.163,0.0,0.0,0.0,0.0414,0.0752,0.9962,-25.68,0.82,-0.98,0.4396,-0.0263,0.8799,6.35,1.24,-163.2
10.34,6.928,2.121,2.0,0.0,0.0,0.0,0.0301,0.0494,1.0202,-28.39,0.18,1.61,0.4292,-0.003,0.9111,6.87,2.07,-176.0
10.35,6.73,2.018,1.833,0.0,0.0,0.19,0.0506,0.0639,1.0067,-31.73,-0.42,1.22,0.3973,-0.0312,0.9098,8.66,0.85,-187.98
10.36,6.517,1.91,1.662,0.0,0.0,0.38,0.0226,0.0516,1.0038,-29.3,-1.9,-1.57,0.3671,-0.0143,0.9257,8.93,1.86,-199.54
10.37,6.288,1.798,1.487,0.0,0.0,0.569,0.0203,0.0366,0.9856,-31.96,1.44,-0.93,0.3144,-0.0149,0.934,9.57,-0.63,-210.32
10.38,6.046,1.682,1.308,0.0,0.0,0.757,0.0371,0.0367,0.9857,-33.57,-1.23,-2.29,0.3048,-0.004,0.9528,11.34,0.7,-218.15
10.39,5.79,1.561,1.127,0.0,0.0,0.943,0.0454,0.042,1.0017,-35.09,-0.59,-0.78,0.2414,-0.0116,0.9676,9.78,1.34,-227.06
10.4,5.521,1.438,0.943,0.0,0.071,1.127,0.0517,0.0306,1.0004,-32.05,0.36,0.77,0.214,-0.0264,0.98,10.46,-0.9,-234.41
10.41,5.239,1.311,0.757,0.0,0.214,1.308,0.0303,0.0296,0.993,-33.23,-1.2,-0.41,0.1711,-0.0096,0.9792,9.03,-0.49,-239.75
10.42,4.945,1.181,0.569,0.0,0.356,1.487,0.0457,0.0376,1.0006,-33.98,-1.49,0.46,0.1277,-0.0151,1.0023,10.89,1.74,-245.73
10.43,4.64,1.048,0.38,0.0,0.497,1.662,0.0345,-0.0037,1.0152,-32.64,-2.12,-1.52,0.1002,-0.0028,0.9941,9.68,-0.98,-247.33
10.44,4.325,0.913,0.19,0.0,0.638,1.833,0.0332,0.0222,1.0063,-33.56,0.72,0.8,0.0365,0.0125,0.9912,10.33,-1.34,-248.36
10.45,4.0,0.776,0.0,0.0,0.776,2.0,0.0437,0.001,0.988,-32.64,-0.55,-0.56,-0.0135,-0.0174,1.0023,22.16,1.53,-24.5
10.46,3.666,0.638,0.0,0.381,0.913,2.163,0.0414,-0.015,0.9983,-35.59,2.93,0.01,0.0351,-0.002,1.019,35.23,1.2,101.52
10.47,3.323,0.497,0.0,0.76,1.048,2.32,0.0191,-0.0252,0.9913,-34.06,-0.99,-0.09,0.0309,0.0064,1.0027,32.72,0.43,-0.26
10.48,2.973,0.356,0.0,1.139,1.181,2.473,0.0497,-0.0197,0.9954,-35.37,-0.92,-1.27,0.0687,0.014,0.9956,31.47,-0.05,0.49
10.49,2.617,0.214,0.0,1.514,1.311,2.619,0.0487,-0.0145,0.995,-33.59,-0.57,-1.15,0.0417,0.0311,0.9838,33.15,-0.44,0.79
10.5,2.254,0.071,0.0,1.886,1.438,2.76,0.0286,-0.0308,0.9942,-33.11,0.24,0.97,0.0308,0.0278,0.9968,33.33,0.28,2.34
10.51,1.886,0.0,0.0,2.254,1.561,2.895,0.0389,-0.0201,0.9862,-31.63,-0.47,0.4,0.0243,0.0393,1.0011,32.41,1.58,0.14
10.52,1.514,0.0,0.0,2.617,1.682,3.023,0.0398,-0.0553,0.9973,-31.51,0.61,1.05,0.0161,0.0345,0.9947,32.78,0.24,-1.04
10.53,1.139,0.0,0.0,2.973,1.798,3.144,0.0375,-0.0463,0.9927,-30.12,-0.98,0.32,0.0246,0.0485,0.9817,31.18,2.17,0.85
10.54,0.76,0.0,0.0,3.323,1.91,3.258,0.0294,-0.064,0.9688,-29.12,-1.38,0.14,0.036,0.0592,0.9896,29.26,-0.9,1.87
10.55,0.381,0.0,0.0,3.666,2.018,3.365,0.0282,-0.0529,1.0183,-26.66,-1.8,-1.73,0.0492,0.0493,1.0123,26.49,-0.02,-0.32
10.56,0.0,0.0,0.0,4.0,2.121,3.464,0.0346,-0.0526,1.0084,104.91,-2.22,24.57,0.0461,0.0693,1.0118,27.47,-0.37,0.84
10.57,0.0,0.0,0.0,4.325,2.22,3.555,0.0553,-0.0241,0.9951,114.54,-0.52,149.02,0.0372,0.0668,0.9883,27.54,-1.09,1.23
10.58,0.0,0.0,0.0,4.64,2.313,3.639,0.0923,-0.0473,0.9962,-7.32,-0.3,249.1,0.0317,0.0812,1.0036,24.84,-0.15,1.02
10.59,0.0,0.0,0.0,4.945,2.402,3.713,0.1258,-0.0205,0.9796,-7.96,-0.63,244.67,0.0376,0.073,0.9848,23.9,0.42,0.13
10.6,0.0,0.0,0.0,5.239,2.484,3.78,0.179,-0.0194,1.0019,-5.25,1.24,241.11,0.0297,0.0829,1.0103,22.85,0.52,-0.7
10.61,0.0,0.0,0.0,5.521,2.562,3.838,0.1834,-0.0208,0.996,-6.56,1.23,234.54,0.0521,0.0824,0.9984,19.9,2.17,-0.08
10.62,0.0,0.0,0.0,5.79,2.633,3.887,0.2625,-0.0136,0.9692,-6.37,-0.33,226.41,0.033,0.0854,1.0052,19.96,0.46,0.46
10.63,0.0,0.0,0.0,6.046,2.698,3.928,0.2712,-0.0376,0.9673,-5.78,-1.79,219.26,0.034,0.0921,0.9782,19.33,1.15,0.91
10.64,0.0,0.0,0.0,6.288,2.758,3.959,0.3207,-0.021,0.9473,-4.08,-0.57,210.29,0.0127,0.0979,1.0019,15.81,0.07,0.33
10.65,0.0,0.0,0.0,6.517,2.811,3.982,0.3468,-0.0166,0.92,-4.43,-0.6,198.95,0.0329,0.0826,0.9948,13.1,1.68,-0.38
10.66,0.0,0.0,0.0,6.73,2.858,3.995,0.3765,-0.0471,0.9165,-4.37,-0.66,188.32,0.0433,0.1118,1.0032,12.36,2.4,0.56
10.67,0.0,0.0,0.0,6.928,2.898,4.0,0.4302,-0.0267,0.9091,-1.51,-0.7,176.35,0.0242,0.0808,1.0036,8.36,0.53,0.86
10.68,0.0,0.0,0.0,7.111,2.931,3.995,0.4408,-0.0354,0.8904,-3.47,-0.65,165.12,0.0274,0.0943,0.9949,9.04,-0.99,0.38
10.69,0.0,0.0,0.0,7.277,2.958,3.982,0.4732,-0.0316,0.8802,-2.01,-0.39,147.55,0.0428,0.1015,0.9881,7.25,-0.55,-0.84
10.7,0.0,0.0,0.0,7.427,2.979,3.959,0.4911,-0.0276,0.8695,-0.81,-0.64,136.2,0.0201,0.1076,1.0018,6.55,0.28,-0.18
10.71,0.0,0.0,0.0,7.56,2.992,3.928,0.5156,-0.0362,0.8585,-2.51,0.21,118.73,0.0455,0.1199,0.9934,2.74,0.46,0.95
10.72,0.0,0.0,0.0,7.676,2.999,3.887,0.5283,-0.0382,0.8497,0.19,0.36,102.35,0.0296,0.0859,0.9852,1.39,0.7,-1.38
10.73,0.0,0.0,0.0,7.774,2.999,3.838,0.5288,-0.0311,0.8296,-0.76,-0.91,88.44,0.031,0.0994,0.9847,-1.84,0.46,-2.09
10.74,0.0,0.0,0.0,7.855,2.992,3.78,0.5631,-0.0422,0.8255,1.7,1.27,71.08,0.0237,0.0829,0.9792,-3.29,0.01,1.51
10.75,0.0,0.0,0.0,7.919,2.979,3.713,0.5571,-0.0419,0.8138,0.5,-0.98,54.33,0.0387,0.1038,0.9889,-6.4,-0.64,0.51
10.76,0.0,0.0,0.0,7.964,2.958,3.639,0.5529,-0.024,0.8321,2.73,-1.62,36.33,0.0595,0.1052,1.0052,-7.0,0.4,0.61
10.77,0.0,0.0,0.0,7.991,2.931,3.555,0.568,-0.0419,0.7986,3.72,0.38,19.87,0.0427,0.117,0.996,-9.01,1.85,-1.08
10.78,0.0,0.0,0.0,8.0,2.898,3.464,0.5886,-0.0232,0.8303,4.04,-0.82,0.56,0.0263,0.1006,0.9891,-10.29,1.02,0.74
10.79,0.0,0.0,0.0,7.991,2.858,3.365,0.5808,-0.0246,0.8336,3.98,0.32,-17.97,0.0463,0.1079,1.0027,-13.05,0.53,0.28
10.8,0.0,0.0,0.0,7.964,2.811,3.258,0.565,-0.0458,0.8193,4.04,-2.4,-35.19,0.0317,0.101,0.9865,-14.15,1.03,-1.58
10.81,0.0,0.0,0.0,7.919,2.758,3.144,0.5586,-0.0346,0.8007,4.22,1.39,-51.83,0.0486,0.0881,0.9961,-16.32,-0.37,1.42
10.82,0.0,0.0,0.0,7.855,2.698,3.023,0.5499,-0.015,0.8292,6.78,0.67,-71.12,0.043,0.0755,0.9936,-18.02,-0.51,0.16
10.83,0.0,0.0,0.0,7.774,2.633,2.895,0.5624,-0.0357,0.8397,5.1,-1.5,-87.91,0.0055,0.0891,1.0035,-19.25,-0.75,-0.4
10.84,0.0,0.0,0.0,7.676,2.562,2.76,0.5313,-0.0295,0.8392,5.24,-1.48,-104.03,0.0249,0.0679,0.9802,-20.88,-0.13,-0.38
10.85,0.0,0.0,0.0,7.56,2.484,2.619,0.5151,-0.0191,0.8543,7.39,1.67,-121.77,0.0443,0.092,0.9878,-21.67,-0.42,-2.02
10.86,0.0,0.0,0.0,7.427,2.402,2.473,0.5019,-0.0147,0.8859,6.37,-0.74,-134.85,0.0364,0.0734,0.9802,-23.99,1.21,0.59
10.87,0.0,0.0,0.0,7.277,2.313,2.32,0.4722,-0.0238,0.8892,6.62,-0.83,-151.52,0.0247,0.0827,0.9943,-25.59,-0.48,0.26
10.88,0.0,0.0,0.0,7.111,2.22,2.163,0.4428,-0.0259,0.8859,6.51,-2.27,-163.46,0.0286,0.0614,1.0093,-26.7,-0.8,-0.19
10.89,0.0,0.0,0.0,6.928,2.121,2.0,0.4167,-0.0042,0.892,7.83,-0.35,-175.69,0.0158,0.0642,0.9924,-28.43,1.94,1.28
10.9,0.0,0.0,0.19,6.73,2.018,1.833,0.3887,0.0004,0.9176,8.56,-0.23,-189.18,0.034,0.0587,0.9927,-29.18,-0.45,-1.38
10.91,0.0,0.0,0.38,6.517,1.91,1.662,0.3576,-0.0057,0.9315,9.19,0.72,-198.21,0.057,0.051,1.0068,-27.79,0.15,-0.6
10.92,0.0,0.0,0.569,6.288,1.798,1.487,0.3316,-0.013,0.9508,10.17,-1.4,-211.51,0.0429,0.0419,1.009,-31.65,0.45,-0.85
10.93,0.0,0.0,0.757,6.046,1.682,1.308,0.2891,-0.0203,0.952,9.99,-1.52,-217.95,0.0568,0.0447,0.9977,-31.83,-1.14,-0.28
10.94,0.0,0.0,0.943,5.79,1.561,1.127,0.2584,-0.0189,0.973,9.49,0.45,-226.45,0.0437,0.0259,1.0056,-32.65,1.24,0.07
10.95,0.0,0.071,1.127,5.521,1.438,0.943,0.2111,-0.0036,0.9966,9.66,1.01,-235.66,0.0452,0.0174,0.9882,-33.11,0.64,0.43
10.96,0.0,0.214,1.308,5.239,1.311,0.757,0.172,-0.0029,0.9934,10.52,-1.57,-236.86,0.0546,0.0361,1.0129,-33.69,1.56,-0.35
10.97,0.0,0.356,1.487,4.945,1.181,0.569,0.1095,0.0087,0.9911,11.4,1.08,-244.04,0.0387,0.0251,1.0207,-33.47,-0.68,-0.88
10.98,0.0,0.497,1.662,4.64,1.048,0.38,0.096,0.0029,0.9944,10.34,0.04,-248.02,0.033,0.0126,1.0045,-35.74,0.1,1.69
10.99,0.0,0.638,1.833,4.325,0.913,0.19,0.047,-0.0168,0.9955,9.79,1.09,-250.46,0.0452,0.0226,0.9785,-33.16,0.04,2.41
11.0,0.0,0.776,2.0,4.0,0.776,0.0,0.01,0.0105,1.0118,21.27,-0.07,-25.06,0.0494,-0.0027,0.9938,-33.62,0.26,0.14
11.01,0.381,0.913,2.163,3.666,0.638,0.0,0.0059,-0.004,0.9931,32.75,-2.52,99.87,0.0301,0.0072,1.0055,-35.44,-1.45,-0.76
11.02,0.76,1.048,2.32,3.323,0.497,0.0,0.0558,0.0081,0.9998,34.7,-0.15,0.1,0.0277,-0.0102,0.9951,-36.3,0.11,1.48
11.03,1.139,1.181,2.473,2.973,0.356,0.0,0.0335,0.0204,0.9997,34.33,1.06,-0.3,0.0363,-0.0281,1.012,-34.73,-1.43,-1.45
11.04,1.514,1.311,2.619,2.617,0.214,0.0,0.046,0.0437,0.9941,33.94,-0.89,0.63,0.0432,-0.0052,1.005,-33.61,0.36,-0.33
11.05,1.886,1.438,2.76,2.254,0.071,0.0,0.0245,0.0606,0.9852,32.74,-0.39,-0.39,0.0429,-0.0196,0.9919,-30.29,-2.13,-0.7
11.06,2.254,1.561,2.895,1.886,0.0,0.0,0.041,0.0413,1.002,33.67,-0.18,-1.93,0.0207,-0.0364,0.9991,-31.72,-1.85,-1.16
11.07,2.617,1.682,3.023,1.514,0.0,0.0,0.0244,0.0389,0.998,31.07,-2.9,-0.15,0.054,-0.0335,0.9896,-33.36,0.82,-0.28
11.08,2.973,1.798,3.144,1.139,0.0,0.0,0.0287,0.0515,1.0033,31.69,1.67,-2.37,0.0285,-0.0502,0.9965,-31.43,-0.55,-0.86
11.09,3.323,1.91,3.258,0.76,0.0,0.0,0.054,0.0603,0.9927,29.79,-0.9,0.35,0.0322,-0.0432,0.9925,-29.88,-0.99,0.01
11.1,3.666,2.018,3.365,0.381,0.0,0.0,0.033,0.0534,1.01,28.21,0.51,-0.98,0.0259,-0.0805,1.0095,-28.56,1.27,0.03
11.11,4.0,2.121,3.464,0.0,0.0,0.0,0.0371,0.0795,0.9887,28.3,-0.09,0.16,0.0619,-0.0717,1.0187,103.91,0.33,24.22
11.12,4.325,2.22,3.555,0.0,0.0,0.0,0.0436,0.0685,1.0143,26.93,1.26,1.31,0.046,-0.0101,0.9845,115.34,0.87,148.68
11.13,4.64,2.313,3.639,0.0,0.0,0.0,0.0399,0.0757,0.9794,25.59,0.41,-0.95,0.0783,-0.0237,0.9768,-8.29,-0.17,246.91
11.14,4.945,2.402,3.713,0.0,0.0,0.0,0.0364,0.0817,1.0009,23.95,-0.23,1.06,0.1381,-0.0205,0.9889,-8.27,2.68,244.79
11.15,5.239,2.484,3.78,0.0,0.0,0.0,0.0385,0.0833,1.001,22.39,-0.89,-0.43,0.1789,-0.0372,0.9698,-6.47,-0.6,239.42
11.16,5.521,2.562,3.838,0.0,0.0,0.0,0.0589,0.0912,0.988,23.31,0.8,1.75,0.21,-0.0064,0.9775,-5.5,1.74,234.77
11.17,5.79,2.633,3.887,0.0,0.0,0.0,0.0343,0.0802,0.9999,20.52,-1.87,-0.37,0.2595,-0.014,0.9751,-4.96,-0.06,227.71
11.18,6.046,2.698,3.928,0.0,0.0,0.0,0.0369,0.084,1.0082,18.41,0.65,-0.84,0.2803,-0.0289,0.972,-4.73,-1.65,219.72
11.19,6.288,2.758,3.959,0.0,0.0,0.0,0.0454,0.0815,0.9729,16.1,-1.1,0.69,0.3194,-0.0318,0.9476,-5.29,0.48,211.44
11.2,6.517,2.811,3.982,0.0,0.0,0.0,0.046,0.0995,0.9999,15.24,1.25,-0.44,0.3379,-0.0183,0.9314,-3.55,0.31,198.77
11.21,6.73,2.858,3.995,0.0,0.0,0.0,0.0468,0.1052,0.9697,12.95,0.16,-0.84,0.3762,-0.0094,0.9009,-3.42,-1.05,188.23
11.22,6.928,2.898,4.0,0.0,0.0,0.0,0.0413,0.104,0.9848,10.61,0.64,-0.48,0.4367,-0.0203,0.908,-3.04,-0.92,178.32
11.23,7.111,2.931,3.995,0.0,0.0,0.0,0.0235,0.1179,1.0106,8.4,0.08,-0.04,0.4619,-0.0087,0.8956,-3.22,-0.02,163.25
11.24,7.277,2.958,3.982,0.0,0.0,0.0,0.0512,0.1024,0.9883,6.72,-1.75,1.34,0.4704,-0.04,0.8888,-2.54,0.35,146.82
11.25,7.427,2.979,3.959,0.0,0.0,0.0,0.0234,0.1102,0.9823,1.7,-0.86,-1.93,0.5082,-0.0393,0.8633,-1.39,-2.47,134.79
11.26,7.56,2.992,3.928,0.0,0.0,0.0,0.0379,0.0932,0.992,3.14,0.67,0.02,0.5092,-0.0432,0.8549,1.56,1.05,119.8
11.27,7.676,2.999,3.887,0.0,0.0,0.0,0.0274,0.1006,1.0146,0.49,0.17,0.62,0.5251,-0.027,0.8344,0.01,-0.49,101.11
11.28,7.774,2.999,3.838,0.0,0.0,0.0,0.0343,0.1114,0.9756,0.61,1.18,0.19,0.5422,-0.0296,0.8173,-0.32,-1.33,88.59
11.29,7.855,2.992,3.78,0.0,0.0,0.0,0.0382,0.1126,0.9834,-2.91,0.4,1.31,0.5519,-0.0328,0.8216,0.05,0.94,69.63
11.3,7.919,2.979,3.713,0.0,0.0,0.0,0.0381,0.1005,1.009,-6.06,-0.97,-0.07,0.5599,-0.023,0.811,0.97,-0.02,53.4
11.31,7.964,2.958,3.639,0.0,0.0,0.0,0.0391,0.1017,1.0127,-6.85,-0.8,-0.18,0.5799,-0.0185,0.8257,4.22,1.22,35.31
11.32,7.991,2.931,3.555,0.0,0.0,0.0,0.051,0.0859,0.9932,-9.75,0.1,0.59,0.5738,-0.0456,0.8145,2.21,0.44,16.52
11.33,8.0,2.898,3.464,0.0,0.0,0.0,0.0394,0.0959,0.982,-10.11,-2.31,0.1,0.5807,-0.0358,0.8134,4.08,-0.0,-1.07
11.34,7.991,2.858,3.365,0.0,0.0,0.0,0.0325,0.1063,1.0156,-12.14,1.67,-0.39,0.5826,-0.0211,0.8098,3.35,-0.15,-18.75
11.35,7.964,2.811,3.258,0.0,0.0,0.0,0.0445,0.1009,1.0108,-13.27,0.44,0.52,0.5724,-0.0333,0.79,4.53,0.48,-34.45
11.36,7.919,2.758,3.144,0.0,0.0,0.0,0.0468,0.0975,1.0019,-16.78,1.23,-0.65,0.5524,-0.0358,0.8418,5.59,-0.41,-53.22
11.37,7.855,2.698,3.023,0.0,0.0,0.0,0.0226,0.0901,0.9873,-17.65,-1.58,-0.61,0.5396,-0.0167,0.8228,4.73,-0.85,-70.87
11.38,7.774,2.633,2.895,0.0,0.0,0.0,0.0409,0.0864,0.9952,-20.7,1.24,-0.53,0.5431,-0.0388,0.8362,5.16,0.61,-88.19
11.39,7.676,2.562,2.76,0.0,0.0,0.0,0.0419,0.0762,0.9944,-20.22,2.23,1.35,0.5258,-0.0279,0.8347,7.93,-0.14,-102.53
11.4,7.56,2.484,2.619,0.0,0.0,0.0,0.0319,0.086,0.9996,-21.91,-1.32,-3.22,0.5117,-0.0205,0.8692,7.71,0.03,-118.2
11.41,7.427,2.402,2.473,0.0,0.0,0.0,0.0487,0.0792,1.0111,-23.38,0.77,0.4,0.4914,-0.0283,0.8721,7.95,1.09,-133.81
11.42,7.277,2.313,2.32,0.0,0.0,0.0,0.0334,0.0757,1.0057,-25.23,0.0,0.03,0.4956,-0.0134,0.8743,8.36,-0.11,-149.14
11.43,7.111,2.22,2.163,0.0,0.0,0.0,0.0362,0.061,0.9864,-26.1,-1.54,-1.68,0.4321,-0.0256,0.8912,8.41,0.02,-163.22
11.44,6.928,2.121,2.0,0.0,0.0,0.0,0.0332,0.04,1.0113,-26.11,0.49,0.31,0.3987,-0.0044,0.9248,10.33,-0.6,-177.77
11.45,6.73,2.018,1.833,0.0,0.0,0.19,0.0351,0.0676,1.0009,-29.1,0.83,0.48,0.3928,-0.0182,0.9202,8.69,0.43,-188.95
11.46,6.517,1.91,1.662,0.0,0.0,0.38,0.0239,0.0467,1.0049,-29.69,-0.6,0.59,0.3542,-0.0087,0.9318,9.53,0.35,-200.57
11.47,6.288,1.798,1.487,0.0,0.0,0.569,0.0205,0.0376,1.013,-31.82,1.17,-2.65,0.3274,-0.0064,0.9365,7.77,0.9,-211.88
11.48,6.046,1.682,1.308,0.0,0.0,0.757,0.0508,0.0477,0.9874,-32.42,-1.67,1.37,0.2944,-0.0185,0.9384,8.64,-0.58,-218.09
11.49,5.79,1.561,1.127,0.0,0.0,0.943,0.0264,0.0313,0.9984,-32.16,-1.49,-0.74,0.2639,-0.0311,0.9663,8.48,-0.46,-227.82
11.5,5.521,1.438,0.943,0.0,0.071,1.127,0.025,0.0401,0.9936,-31.76,0.14,0.69,0.1968,-0.0052,0.9805,11.13,0.79,-232.75
11.51,5.239,1.311,0.757,0.0,0.214,1.308,0.0134,0.0299,0.9834,-33.62,0.03,0.74,0.1657,-0.0064,0.9962,7.46,0.25,-238.69
11.52,4.945,1.181,0.569,0.0,0.356,1.487,0.0285,0.0247,1.0027,-33.99,-0.72,-0.88,0.1338,0.0002,0.9691,9.72,-0.91,-243.42
11.53,4.64,1.048,0.38,0.0,0.497,1.662,0.0217,-0.0017,1.0244,-34.44,0.81,0.66,0.0945,-0.0058,0.985,7.22,1.31,-246.53
11.54,4.325,0.913,0.19,0.0,0.638,1.833,0.0513,0.0181,0.981,-34.73,0.53,-0.39,0.0655,-0.0061,0.9932,9.43,-1.7,-249.67
11.55,4.0,0.776,0.0,0.0,0.776,2.0,0.045,0.0026,0.9991,-33.96,0.86,-2.07,0.0096,0.0201,1.0,21.77,0.78,-22.99
11.56,3.666,0.638,0.0,0.381,0.913,2.163,0.028,-0.0097,1.0058,-35.69,-0.12,1.17,0.0343,-0.0087,0.9979,35.58,-1.27,100.04
11.57,3.323,0.497,0.0,0.76,1.048,2.32,0.0574,-0.0105,1.0006,-32.75,0.6,-0.78,0.026,0.0193,0.9981,34.43,1.89,0.3
11.58,2.973,0.356,0.0,1.139,1.181,2.473,0.0447,-0.0356,0.9981,-34.42,-0.45,-0.85,0.0293,0.0121,1.0033,32.92,-1.54,-0.65
11.59,2.617,0.214,0.0,1.514,1.311,2.619,0.0317,-0.0196,0.9861,-32.64,2.05,-0.4,0.029,0.0204,0.9901,34.43,1.15,-0.93
11.6,2.254,0.071,0.0,1.886,1.438,2.76,0.0099,-0.0398,1.0013,-34.14,-0.81,0.27,0.0415,0.0263,1.0083,32.88,-0.08,0.48
11.61,1.886,0.0,0.0,2.254,1.561,2.895,0.0578,-0.0487,0.9912,-31.59,2.11,-0.06,0.0375,0.0271,1.0031,32.3,-0.37,0.22
11.62,1.514,0.0,0.0,2.617,1.682,3.023,0.021,-0.056,0.9767,-30.88,0.03,0.55,0.0217,0.0465,0.9954,30.35,0.19,-0.79
11.63,1.139,0.0,0.0,2.973,1.798,3.144,0.0184,-0.0351,1.0103,-30.35,-1.38,-1.34,0.0305,0.0601,1.0143,29.75,0.63,-1.44
11.64,0.76,0.0,0.0,3.323,1.91,3.258,0.0451,-0.0578,1.0076,-30.82,1.37,-0.74,0.0437,0.0562,1.0136,29.0,-0.9,-1.27
11.65,0.381,0.0,0.0,3.666,2.018,3.365,0.0593,-0.0412,0.9983,-28.57,0.13,-0.12,0.0384,0.0576,1.0071,28.86,-0.82,1.2
11.66,0.0,0.0,0.0,4.0,2.121,3.464,0.0487,-0.0669,0.9998,104.04,0.85,26.74,0.0406,0.0516,0.9673,27.79,0.65,-0.61
11.67,0.0,0.0,0.0,4.325,2.22,3.555,0.0492,-0.037,1.0096,115.23,1.22,148.94,0.0387,0.0714,1.013,28.06,-1.71,-0.34
11.68,0.0,0.0,0.0,4.64,2.313,3.639,0.0928,-0.0324,0.9982,-6.54,0.34,248.23,0.0512,0.0923,1.0048,25.62,-0.58,1.45
11.69,0.0,0.0,0.0,4.945,2.402,3.713,0.138,-0.0102,1.0004,-6.37,-0.59,244.02,0.0373,0.0712,1.0166,21.16,3.04,-1.12
11.7,0.0,0.0,0.0,5.239,2.484,3.78,0.1788,-0.0253,0.982,-6.71,0.98,239.09,0.031,0.0753,1.0086,22.69,-0.97,-0.73
11.71,0.0,0.0,0.0,5.521,2.562,3.838,0.2147,-0.0304,0.9901,-7.25,0.0,233.7,0.0257,0.0772,1.0117,19.47,1.15,-0.77
11.72,0.0,0.0,0.0,5.79,2.633,3.887,0.2521,-0.0243,0.9709,-5.15,0.69,226.95,0.0374,0.0814,1.0044,18.37,-0.59,1.62
11.73,0.0,0.0,0.0,6.046,2.698,3.928,0.288,-0.0219,0.959,-5.29,-2.15,219.75,0.0105,0.0621,1.0089,16.88,0.51,1.99
11.74,0.0,0.0,0.0,6.288,2.758,3.959,0.3167,-0.0166,0.9329,-7.12,0.45,211.42,0.0331,0.0965,1.015,15.32,0.65,0.75
11.75,0.0,0.0,0.0,6.517,2.811,3.982,0.3551,-0.0141,0.9362,-3.49,-0.64,200.24,0.0328,0.0867,0.997,12.85,1.13,0.78
11.76,0.0,0.0,0.0,6.73,2.858,3.995,0.3725,-0.0329,0.9123,-3.75,1.65,189.89,0.0213,0.0813,0.9789,12.63,-0.2,-0.58
11.77,0.0,0.0,0.0,6.928,2.898,4.0,0.4177,-0.0431,0.9014,-1.97,0.62,175.59,0.0256,0.107,0.9914,9.17,1.99,1.95
11.78,0.0,0.0,0.0,7.111,2.931,3.995,0.4356,-0.0345,0.8867,-3.71,0.24,163.1,0.043,0.0903,0.9982,9.06,-0.59,0.27
11.79,0.0,0.0,0.0,7.277,2.958,3.982,0.4587,-0.0282,0.8717,-5.22,0.49,148.91,0.0372,0.0991,0.9949,9.04,0.23,0.85
11.8,0.0,0.0,0.0,7.427,2.979,3.959,0.4934,-0.0407,0.8917,-1.18,-1.0,135.31,0.0359,0.1181,0.9816,3.55,0.25,-0.11
11.81,0.0,0.0,0.0,7.56,2.992,3.928,0.5247,-0.0409,0.8726,-0.59,1.62,119.3,0.038,0.0901,0.9776,2.65,-1.12,-0.27
11.82,0.0,0.0,0.0,7.676,2.999,3.887,0.5367,-0.028,0.8683,-1.98,1.99,104.45,0.0358,0.0892,0.9865,-1.55,-0.29,1.66
11.83,0.0,0.0,0.0,7.774,2.999,3.838,0.5259,-0.0319,0.828,-0.69,0.39,86.33,0.0473,0.1072,1.002,-1.28,0.16,0.54
11.84,0.0,0.0,0.0,7.855,2.992,3.78,0.5432,-0.031,0.8334,3.63,1.59,70.39,0.0361,0.1156,1.0098,-2.29,-0.43,1.45
11.85,0.0,0.0,0.0,7.919,2.979,3.713,0.5715,-0.0387,0.8137,1.16,-0.57,53.76,0.0203,0.0877,1.0032,-4.15,2.44,0.26
11.86,0.0,0.0,0.0,7.964,2.958,3.639,0.5586,-0.0331,0.8154,2.77,-0.8,33.47,0.0512,0.1065,1.0047,-6.73,-0.84,-0.85
11.87,0.0,0.0,0.0,7.991,2.931,3.555,0.5701,-0.0396,0.8105,1.96,0.04,19.93,0.0386,0.1069,0.9935,-7.82,1.18,-0.58
11.88,0.0,0.0,0.0,8.0,2.898,3.464,0.5791,-0.021,0.8312,1.09,0.43,-0.28,0.029,0.0788,0.977,-8.04,0.86,0.1
11.89,0.0,0.0,0.0,7.991,2.858,3.365,0.5626,-0.0189,0.8157,3.56,-0.39,-19.84,0.0224,0.1054,0.9901,-10.72,-0.01,-0.63
11.9,0.0,0.0,0.0,7.964,2.811,3.258,0.5695,-0.047,0.8331,4.0,0.54,-35.38,0.0389,0.1039,0.9923,-14.75,-0.87,-1.11
11.91,0.0,0.0,0.0,7.919,2.758,3.144,0.5487,-0.0371,0.8328,4.4,0.31,-53.04,0.0337,0.0894,0.9901,-17.44,-0.77,1.2
11.92,0.0,0.0,0.0,7.855,2.698,3.023,0.5471,-0.0419,0.8558,5.19,-1.0,-70.43,0.0506,0.1021,0.9959,-18.09,-0.52,-0.54
11.93,0.0,0.0,0.0,7.774,2.633,2.895,0.5448,-0.0324,0.8256,6.06,0.52,-86.27,0.0314,0.0977,1.0001,-20.28,-1.79,0.14
11.94,0.0,0.0,0.0,7.676,2.562,2.76,0.5116,-0.0257,0.8619,6.12,0.86,-102.98,0.0265,0.0839,1.0045,-20.47,-1.0,0.3
11.95,0.0,0.0,0.0,7.56,2.484,2.619,0.5152,-0.0382,0.8709,5.47,0.17,-119.36,0.0439,0.0745,0.9935,-23.61,-1.48,-0.59
11.96,0.0,0.0,0.0,7.427,2.402,2.473,0.4914,-0.0317,0.8609,7.65,1.15,-134.54,0.0442,0.0653,0.9775,-23.95,1.35,1.45
11.97,0.0,0.0,0.0,7.277,2.313,2.32,0.4753,-0.0313,0.8927,5.62,-1.22,-149.74,0.0366,0.0704,0.9921,-24.4,0.62,-1.12
11.98,0.0,0.0,0.0,7.111,2.22,2.163,0.4477,-0.0178,0.8985,5.9,0.47,-161.73,0.0417,0.0719,0.9976,-26.62,0.79,0.26
11.99,0.0,0.0,0.0,6.928,2.121,2.0,0.4323,-0.0178,0.9057,8.88,-1.17,-171.73,0.0345,0.0583,1.0097,-28.08,0.59,0.25
